{
  "k": 2,
  "I_k": 0.169071829309398,
  "I_err": 9.964888470423052e-11,
  "J0": 0.07062579434248809,
  "J0_err": 7.960605342958748e-13,
  "J1": 0.07062579434248809,
  "J1_err": 7.960605342958748e-13,
  "J_sum": 0.14125158868497617,
  "M": 0.8354531281878346,
  "M_err": 4.92450956608237e-10,
  "M_lower_bound": 0.8354531267104817,
  "parameters": {
    "K": 2.5,
    "tau": 1.0,
    "epsilon": 0.1
  },
  "status": "NOT_VERIFIED",
  "M_gradient": 260.560902698383,
  "timestamp": "2025-12-06T17:37:48.789263"
}