{
  "k": 7,
  "alpha": 0.5,
  "I_k": 2.4931693946155268e-05,
  "I_k_err": 2.0761599835371137e-07,
  "J": 5.1877404737497604e-05,
  "J_err": 1.804182851059976e-06,
  "M": 2.0807813881213493,
  "M_lower": 2.0063707729678724,
  "M_upper": 2.155192003274826,
  "status": "VERIFIED",
  "precision_digits": 50,
  "timestamp": "2025-12-06T17:58:36.966081"
}