{
  "scan_results": [
    {
      "k": 2,
      "M": 148.20599485778547,
      "err": 14.820599485778548
    }
  ],
  "target_k": 2,
  "best_params": {
    "K": 1.0,
    "tau": 2.0,
    "epsilon": 0.2
  },
  "best_M": 2071.900508491974,
  "timestamp": "2025-12-06T17:44:33.901542"
}