m,N,index,t,real_q,imag_q
53,120,0,-1.985145956776061,-2.4608316400343154e-08,-2.94539102174119e-17
53,120,1,-1.984153383797673,-2.733271470975716e-08,-3.164090871834067e-17
53,120,2,-1.9831608108192849,-3.004999760262515e-08,-3.1674528793864355e-17
53,120,3,-1.982168237840897,-3.273397041833004e-08,-3.274471968793956e-17
53,120,4,-1.981175664862509,-3.535879634169896e-08,-3.3154200311421654e-17
53,120,5,-1.9801830918841208,-3.789947299989509e-08,-3.253937412646801e-17
53,120,6,-1.9791905189057328,-4.03323024585947e-08,-2.943958401742307e-17
53,120,7,-1.9781979459273447,-4.263534233585435e-08,-2.7892483509343034e-17
53,120,8,-1.9772053729489567,-4.478883101233168e-08,-2.5802637395186592e-17
53,120,9,-1.9762127999705688,-4.677557385490162e-08,-2.041092442730215e-17
53,120,10,-1.9752202269921806,-4.858128312188807e-08,-1.9437726068899708e-17
53,120,11,-1.9742276540137926,-5.0194859334044726e-08,-1.2932722198228201e-17
53,120,12,-1.9732350810354047,-5.160861184274117e-08,-1.1061355665859045e-17
53,120,13,-1.9722425080570165,-5.281840572654907e-08,-5.961598904057468e-18
53,120,14,-1.9712499350786286,-5.3823734853076e-08,5.073802001727715e-19
53,120,15,-1.9702573621002406,-5.462771578459878e-08,2.2519455928496786e-18
53,120,16,-1.9692647891218524,-5.523700188674844e-08,3.4907500173379075e-18
53,120,17,-1.9682722161434645,-5.5661616102742856e-08,1.0355073677909502e-17
53,120,18,-1.9672796431650765,-5.591470928401096e-08,1.499858524358237e-17
53,120,19,-1.9662870701866884,-5.60122446305422e-08,1.4723766287442533e-17
53,120,20,-1.9652944972083004,-5.597261453706525e-08,2.356058629438196e-17
53,120,21,-1.9643019242299125,-5.581620170681641e-08,2.8347597125439433e-17
53,120,22,-1.9633093512515243,-5.55648916542286e-08,2.5632872998170318e-17
53,120,23,-1.9623167782731363,-5.5241548418272785e-08,2.5956683786261748e-17
53,120,24,-1.9613242052947482,-5.486946688980184e-08,3.109501880164352e-17
53,120,25,-1.9603316323163602,-5.447181265802705e-08,2.376902598681215e-17
53,120,26,-1.9593390593379723,-5.407106823974117e-08,2.204153570715101e-17
53,120,27,-1.958346486359584,-5.3688494497972856e-08,2.7058885521749247e-17
53,120,28,-1.9573539133811961,-5.334362381571453e-08,2.228380488480255e-17
53,120,29,-1.9563613404028082,-5.3053799033762686e-08,2.4390868412515023e-17
53,120,30,-1.95536876742442,-5.283376782076953e-08,2.0251256620783636e-17
53,120,31,-1.954376194446032,-5.269534454727315e-08,9.105545647830808e-18
53,120,32,-1.953383621467644,-5.2647151912551826e-08,9.401946909133484e-18
53,120,33,-1.952391048489256,-5.26944428773364e-08,6.220537516415814e-18
53,120,34,-1.951398475510868,-5.2839015921094844e-08,8.485933509426645e-18
53,120,35,-1.9504059025324798,-5.307921936464216e-08,1.4436859677626776e-17
53,120,36,-1.9494133295540919,-5.341004988332641e-08,-7.276014072768234e-18
53,120,37,-1.948420756575704,-5.3823339363589724e-08,-2.4585649736600013e-18
53,120,38,-1.9474281835973157,-5.430802813464127e-08,-6.020978706482917e-18
53,120,39,-1.9464356106189278,-5.485051657999201e-08,-2.31329869286065e-18
53,120,40,-1.9454430376405398,-5.543508108792456e-08,-2.239226297097151e-17
53,120,41,-1.9444504646621517,-5.604435336068108e-08,-1.6090526503524467e-17
53,120,42,-1.9434578916837637,-5.66598362697144e-08,-2.5161179301464616e-17
53,120,43,-1.9424653187053758,-5.7262453027251587e-08,-7.523284893825063e-18
53,120,44,-1.9414727457269876,-5.783311111690568e-08,-3.124788682990968e-17
53,120,45,-1.9404801727485996,-5.8353258151027804e-08,-3.1863086338975634e-17
53,120,46,-1.9394875997702117,-5.880542734353133e-08,-2.679293566983844e-18
53,120,47,-1.9384950267918235,-5.917374298439283e-08,-7.85388896191541e-18
53,120,48,-1.9375024538134356,-5.944438150896649e-08,-3.181936125796655e-17
53,120,49,-1.9365098808350476,-5.960597091853167e-08,-1.3805789260267427e-17
53,120,50,-1.9355173078566594,-5.964991575330134e-08,-2.620968294175946e-18
53,120,51,-1.9345247348782715,-5.957064301216007e-08,-1.0353828025386829e-17
53,120,52,-1.9335321618998833,-5.936575670367629e-08,-1.087576539952776e-17
53,120,53,-1.9325395889214954,-5.903610140352584e-08,-4.336145317806327e-18
53,120,54,-1.9315470159431074,-5.8585728824032375e-08,8.96815780431742e-18
53,120,55,-1.9305544429647192,-5.802177520068509e-08,8.354532739196393e-18
53,120,56,-1.9295618699863313,-5.735424392466309e-08,-2.637442915411797e-18
53,120,57,-1.9285692970079433,-5.659571073849409e-08,6.901841145035294e-18
53,120,58,-1.9275767240295552,-5.5760953011533916e-08,3.195061841708665e-17
53,120,59,-1.9265841510511672,-5.486651849026548e-08,2.7081670569107413e-17
53,120,60,-1.9255915780727793,-5.3930245850321264e-08,2.2006729404980954e-17
53,120,61,-1.924599005094391,-5.297075049927172e-08,3.204376625986099e-17
53,120,62,-1.9236064321160031,-5.2006894138316883e-08,3.331894858650482e-17
53,120,63,-1.922613859137615,-5.105725229908998e-08,6.160293801438149e-18
53,120,64,-1.921621286159227,-5.013959656084514e-08,1.5132599986723094e-17
53,120,65,-1.920628713180839,-4.927040848009358e-08,2.194773013818427e-17
53,120,66,-1.9196361402024509,-4.846443772172649e-08,3.692192044435915e-17
53,120,67,-1.918643567224063,-4.7734320354197645e-08,5.690986726823683e-17
53,120,68,-1.917650994245675,-4.7090267104444346e-08,2.777582216136422e-17
53,120,69,-1.9166584212672868,-4.653982798025892e-08,1.557918230785179e-17
53,120,70,-1.9156658482888989,-4.608775035033855e-08,-3.822708441963863e-19
53,120,71,-1.914673275310511,-4.573592019465215e-08,-9.743084104009989e-18
53,120,72,-1.9136807023321227,-4.548339360401606e-08,-8.829175383827067e-18
53,120,73,-1.9126881293537348,-4.5326524858132275e-08,-1.5022426567822043e-17
53,120,74,-1.9116955563753468,-4.5259170385940944e-08,-1.7764555391820285e-17
53,120,75,-1.9107029833969587,-4.527297190834923e-08,-3.113443749776626e-17
53,120,76,-1.9097104104185707,-4.535770832392039e-08,-4.0965168792698006e-17
53,120,77,-1.9087178374401828,-4.550169726049402e-08,-1.589941266308512e-17
53,120,78,-1.9077252644617946,-4.5692241879887334e-08,-4.302350335085295e-17
53,120,79,-1.9067326914834066,-4.591609790100388e-08,-5.946275527585808e-17
53,120,80,-1.9057401185050185,-4.615995257853828e-08,-2.3372834977218414e-17
53,120,81,-1.9047475455266305,-4.641089770723585e-08,-7.740187664376699e-18
53,120,82,-1.9037549725482426,-4.665687495304445e-08,-4.427128521235023e-17
53,120,83,-1.9027623995698544,-4.688708834234861e-08,-4.538801454458185e-17
53,120,84,-1.9017698265914664,-4.7092361106683e-08,9.567936765050673e-18
53,120,85,-1.9007772536130785,-4.726542996446535e-08,-2.5597389373052923e-17
53,120,86,-1.8997846806346903,-4.7401165438231916e-08,-8.206754087971879e-18
53,120,87,-1.8987921076563024,-4.749671121543786e-08,-2.1698898198672165e-17
53,120,88,-1.8977995346779144,-4.7551537908726436e-08,-3.419332474516227e-18
53,120,89,-1.8968069616995262,-4.756740984859105e-08,-2.1535987086128295e-18
53,120,90,-1.8958143887211383,-4.7548265851402246e-08,9.881138565608968e-18
53,120,91,-1.89482181574275,-4.750002049808308e-08,1.2451895218917755e-18
53,120,92,-1.8938292427643622,-4.743029055439674e-08,-1.7433992677425257e-17
53,120,93,-1.8928366697859742,-4.7348056294971805e-08,5.68251328858094e-18
53,120,94,-1.891844096807586,-4.726327303257931e-08,3.2557773227052205e-17
53,120,95,-1.890851523829198,-4.718644603727904e-08,3.502602721630668e-17
53,120,96,-1.8898589508508101,-4.712817958024131e-08,3.056677318986781e-17
53,120,97,-1.888866377872422,-4.709872363081047e-08,-1.7561635229721065e-18
53,120,98,-1.887873804894034,-4.7107528297626085e-08,3.2034501600352187e-17
53,120,99,-1.886881231915646,-4.716282812286613e-08,2.368413302788062e-17
53,120,100,-1.8858886589372579,-4.727126631401131e-08,2.5666615606888002e-17
53,120,101,-1.88489608595887,-4.7437576699250806e-08,1.3693409407565438e-17
53,120,102,-1.883903512980482,-4.766433549138095e-08,1.5012712204776058e-17
53,120,103,-1.8829109400020938,-4.795178905949217e-08,2.224378591329319e-18
53,120,104,-1.8819183670237059,-4.829777082184466e-08,2.4335804713513294e-17
53,120,105,-1.880925794045318,-4.8697707368300235e-08,7.209595962031817e-18
53,120,106,-1.8799332210669297,-4.914471423339516e-08,5.796160470791171e-19
53,120,107,-1.8789406480885418,-4.96297835720924e-08,-2.054804723440249e-17
53,120,108,-1.8779480751101536,-5.014205473784638e-08,2.0856758224122875e-17
53,120,109,-1.8769555021317657,-5.066916003790049e-08,2.3216356443430658e-17
53,120,110,-1.8759629291533777,-5.119763733354731e-08,-1.957400649630806e-17
53,120,111,-1.8749703561749895,-5.1713391148085735e-08,-1.3572805491673188e-17
53,120,112,-1.8739777831966016,-5.220218855113469e-08,-1.8802836425714162e-17
53,120,113,-1.8729852102182136,-5.2650178294063054e-08,1.0978391728538812e-17
53,120,114,-1.8719926372398255,-5.30444053500833e-08,3.0374131717344696e-17
53,120,115,-1.8710000642614375,-5.3373309227219884e-08,-3.0312186076525623e-17
53,120,116,-1.8700074912830495,-5.362718747661004e-08,-1.1213640038783923e-17
53,120,117,-1.8690149183046614,-5.379860381652064e-08,-4.063913053273878e-17
53,120,118,-1.8680223453262734,-5.388272849632446e-08,-1.45718126938308e-17
53,120,119,-1.8670297723478853,-5.387759891179284e-08,-6.455622681798881e-17
53,120,120,-1.8660371993694973,-5.378428053436308e-08,-2.7289393947887197e-17
53,120,121,-1.8650446263911094,-5.360693454969327e-08,-2.4969744514143692e-17
53,120,122,-1.8640520534127212,-5.335277302320021e-08,-7.124605251728633e-17
53,120,123,-1.8630594804343332,-5.303191052726714e-08,-2.6277632537487385e-17
53,120,124,-1.8620669074559453,-5.2657110127049544e-08,-1.999135322507103e-17
53,120,125,-1.861074334477557,-5.224343248966603e-08,1.4669334452181488e-17
53,120,126,-1.8600817614991692,-5.180779144065295e-08,-4.121127108223784e-17
53,120,127,-1.8590891885207812,-5.136843712562607e-08,2.158982106372438e-17
53,120,128,-1.858096615542393,-5.094437938121003e-08,2.866625265617208e-17
53,120,129,-1.857104042564005,-5.0554763573817334e-08,-1.2870964959340653e-17
53,120,130,-1.856111469585617,-5.021822533045057e-08,-2.6242545134442513e-17
53,120,131,-1.855118896607229,-4.995224478837457e-08,-2.5572091851778555e-17
53,120,132,-1.854126323628841,-4.9772517595949406e-08,9.566873583738774e-18
53,120,133,-1.853133750650453,-4.96923654511515e-08,3.0724847017932844e-17
53,120,134,-1.8521411776720649,-4.9722206501905435e-08,3.136089213898967e-17
53,120,135,-1.851148604693677,-4.986911002348018e-08,3.546479170951865e-18
53,120,136,-1.8501560317152888,-5.013643886463524e-08,-9.870420213383684e-18
53,120,137,-1.8491634587369008,-5.0523605711837025e-08,1.8021733359362224e-17
53,120,138,-1.8481708857585128,-5.102594873863856e-08,1.833527873686355e-17
53,120,139,-1.8471783127801247,-5.163473248200763e-08,4.605952179434495e-17
53,120,140,-1.8461857398017367,-5.233727879755242e-08,-2.7533404330116942e-18
53,120,141,-1.8451931668233488,-5.3117224057550665e-08,-2.3765904714478436e-17
53,120,142,-1.8442005938449606,-5.3954902666693026e-08,-1.0269502388910696e-17
53,120,143,-1.8432080208665726,-5.482783882492934e-08,4.5410108147623865e-17
53,120,144,-1.8422154478881847,-5.5711343635940586e-08,-3.142080528291301e-17
53,120,145,-1.8412228749097965,-5.657918956855023e-08,1.6903367468824758e-17
53,120,146,-1.8402303019314086,-5.7404356811232355e-08,1.6789321101846113e-17
53,120,147,-1.8392377289530204,-5.815981297556248e-08,-1.81584783800197e-17
53,120,148,-1.8382451559746324,-5.881932108910162e-08,3.766608541617632e-17
53,120,149,-1.8372525829962445,-5.9358233291015016e-08,-2.5011070773580663e-17
53,120,150,-1.8362600100178563,-5.975426100232376e-08,3.2048621302400097e-18
53,120,151,-1.8352674370394684,-5.998818691016704e-08,1.7660192513036095e-17
53,120,152,-1.8342748640610804,-6.004450232747604e-08,-1.6792364436457494e-17
53,120,153,-1.8332822910826923,-5.991194608946646e-08,1.1869459102893718e-17
53,120,154,-1.8322897181043043,-5.95839302910347e-08,-4.954161539701926e-17
53,120,155,-1.8312971451259163,-5.905883281160483e-08,-2.0612144989884914e-17
53,120,156,-1.8303045721475282,-5.83401516524775e-08,2.2534975439460187e-17
53,120,157,-1.8293119991691402,-5.743651447288862e-08,-4.5441498273728347e-17
53,120,158,-1.828319426190752,-5.636153681978068e-08,-2.223371824820879e-18
53,120,159,-1.827326853212364,-5.5133532293509455e-08,2.7157050785729813e-17
53,120,160,-1.8263342802339761,-5.37750892453168e-08,4.273557820903539e-17
53,120,161,-1.8253417072555882,-5.231251426473465e-08,5.818640621850523e-17
53,120,162,-1.8243491342772,-5.07751646617772e-08,3.1938606655895756e-17
53,120,163,-1.823356561298812,-4.9194689675305066e-08,-1.6188332347524575e-18
53,120,164,-1.822363988320424,-4.760419702050773e-08,2.0176012617429953e-17
53,120,165,-1.821371415342036,-4.6037370934405484e-08,-4.86377920136971e-17
53,120,166,-1.820378842363648,-4.4527572091714666e-08,5.752260575275028e-19
53,120,167,-1.8193862693852598,-4.3106939567912364e-08,9.82278428663876e-17
53,120,168,-1.8183936964068719,-4.1805524920801706e-08,1.4571442402518934e-17
53,120,169,-1.817401123428484,-4.0650483409909354e-08,3.4818775290415065e-17
53,120,170,-1.8164085504500957,-3.966534504706234e-08,-2.8891679382709186e-17
53,120,171,-1.8154159774717078,-3.886938852250473e-08,2.5420546291166428e-17
53,120,172,-1.8144234044933198,-3.827714068193951e-08,3.071470614038156e-17
53,120,173,-1.8134308315149317,-3.7898005807619907e-08,-2.6970074850953295e-17
53,120,174,-1.8124382585365437,-3.773604556769266e-08,4.030743609727571e-17
53,120,175,-1.8114456855581555,-3.778991375338324e-08,5.163385203664206e-17
53,120,176,-1.8104531125797676,-3.8052943083718985e-08,2.095542436723544e-17
53,120,177,-1.8094605396013796,-3.851338566010805e-08,-3.069715532156369e-17
53,120,178,-1.8084679666229915,-3.915480103174902e-08,-5.681069499130348e-18
53,120,179,-1.8074753936446035,-3.995657084651699e-08,-3.6516545151494875e-17
53,120,180,-1.8064828206662156,-4.0894536584809686e-08,-4.619456193495778e-17
53,120,181,-1.8054902476878274,-4.194172619580551e-08,4.163412792637473e-17
53,120,182,-1.8044976747094394,-4.306916663833775e-08,-4.424999224581275e-17
53,120,183,-1.8035051017310515,-4.424673626278059e-08,-1.1351194462205316e-17
53,120,184,-1.8025125287526633,-4.5444045828628534e-08,-3.3902071384909627e-17
53,120,185,-1.8015199557742754,-4.663131317099573e-08,-3.486840404871454e-17
53,120,186,-1.8005273827958872,-4.7780216128944875e-08,6.2344788629546135e-18
53,120,187,-1.7995348098174992,-4.8864681456130884e-08,-3.554892260133963e-17
53,120,188,-1.7985422368391113,-4.986160008453169e-08,-7.251263869842593e-18
53,120,189,-1.7975496638607233,-5.075144305042496e-08,-3.42072087843389e-17
53,120,190,-1.7965570908823352,-5.151875911660471e-08,-2.5626281966060662e-17
53,120,191,-1.7955645179039472,-5.2152540193942927e-08,-3.058215100467865e-17
53,120,192,-1.794571944925559,-5.264644605480641e-08,-2.815071685004351e-17
53,120,193,-1.793579371947171,-5.299888540780853e-08,-1.1295451922467761e-17
53,120,194,-1.7925867989687831,-5.321294211458223e-08,-1.1023937575544683e-18
53,120,195,-1.791594225990395,-5.329616443258613e-08,-1.8736245353647162e-17
53,120,196,-1.790601653012007,-5.326021385719001e-08,4.0677067033039186e-17
53,120,197,-1.789609080033619,-5.3120393481805315e-08,1.654607232090016e-17
53,120,198,-1.788616507055231,-5.289506971380822e-08,7.575261126384094e-17
53,120,199,-1.787623934076843,-5.2605001365999546e-08,-3.925094563839085e-17
53,120,200,-1.786631361098455,-5.227260966207062e-08,1.976180439798746e-17
53,120,201,-1.7856387881200668,-5.1921202751466704e-08,8.548190363413613e-17
53,120,202,-1.7846462151416789,-5.157418318433047e-08,4.452881366673715e-18
53,120,203,-1.7836536421632907,-5.125426556897191e-08,7.610285117938844e-17
53,120,204,-1.7826610691849027,-5.0982726736812215e-08,7.763191909194178e-17
53,120,205,-1.7816684962065148,-5.0778712914191405e-08,6.477431851188332e-17
53,120,206,-1.7806759232281266,-5.065862576344331e-08,5.810555699682001e-17
53,120,207,-1.7796833502497387,-5.063560475220338e-08,9.106403154875784e-18
53,120,208,-1.7786907772713507,-5.071912263133454e-08,8.488813347099622e-17
53,120,209,-1.7776982042929625,-5.0914708858195123e-08,1.0446144061156256e-16
53,120,210,-1.7767056313145746,-5.1223796564227927e-08,-8.897984120826967e-18
53,120,211,-1.7757130583361866,-5.164371700094965e-08,5.132889813455196e-17
53,120,212,-1.7747204853577985,-5.21678192862587e-08,-1.4802906028588723e-19
53,120,213,-1.7737279123794105,-5.278572459808156e-08,2.4510275531519153e-17
53,120,214,-1.7727353394010223,-5.348369720661687e-08,-6.7045474535237066e-18
53,120,215,-1.7717427664226344,-5.42451273899195e-08,3.642725480740287e-18
53,120,216,-1.7707501934442464,-5.5051097651993244e-08,1.2272072819611888e-19
53,120,217,-1.7697576204658585,-5.588102574822891e-08,-3.4229741231106395e-18
53,120,218,-1.7687650474874703,-5.6713354801073244e-08,4.8907794828780507e-17
53,120,219,-1.7677724745090824,-5.752627117929518e-08,-9.354325347573454e-17
53,120,220,-1.7667799015306942,-5.82984237450549e-08,-4.061441909975394e-17
53,120,221,-1.7657873285523062,-5.900962643991652e-08,-7.088066744735195e-17
53,120,222,-1.7647947555739183,-5.964151451457073e-08,-3.2410477498064372e-18
53,120,223,-1.7638021825955301,-6.017813983646629e-08,-4.66858207872687e-18
53,120,224,-1.7628096096171422,-6.060648157002949e-08,-1.169814497937281e-16
53,120,225,-1.7618170366387542,-6.091686262102957e-08,-1.9803239646147355e-17
53,120,226,-1.760824463660366,-6.11032496842447e-08,8.236623519342641e-18
53,120,227,-1.759831890681978,-6.116343914999074e-08,-4.6655749505818805e-17
53,120,228,-1.7588393177035901,-6.109911182302274e-08,1.033025165752456e-17
53,120,229,-1.757846744725202,-6.091576954664261e-08,-5.763492308572857e-17
53,120,230,-1.756854171746814,-6.062254511322296e-08,-4.1553733002914566e-17
53,120,231,-1.7558615987684258,-6.023189600405987e-08,-3.905562647724898e-17
53,120,232,-1.754869025790038,-5.975919649681042e-08,-8.487341738571825e-18
53,120,233,-1.75387645281165,-5.922223854501617e-08,-4.736621530531595e-17
53,120,234,-1.7528838798332618,-5.864065831232868e-08,2.521509104126696e-17
53,120,235,-1.7518913068548738,-5.8035307757253475e-08,8.390104081332177e-17
53,120,236,-1.7508987338764859,-5.742759636698474e-08,4.4977485242363963e-17
53,120,237,-1.7499061608980977,-5.68388162707148e-08,8.937242231971614e-17
53,120,238,-1.7489135879197097,-5.6289477114235216e-08,-4.754448097391914e-17
53,120,239,-1.7479210149413218,-5.5798676377162633e-08,1.0263880413677157e-17
53,120,240,-1.7469284419629336,-5.538351522057381e-08,5.3692310787853216e-17
53,120,241,-1.7459358689845457,-5.505858918152932e-08,6.884691796165955e-17
53,120,242,-1.7449432960061575,-5.4835555019537353e-08,2.78270189830617e-17
53,120,243,-1.7439507230277695,-5.472280502773223e-08,2.813382446602581e-17
53,120,244,-1.7429581500493816,-5.47252443451664e-08,2.7964987722318165e-17
53,120,245,-1.7419655770709934,-5.4844180192582776e-08,2.7335747999477472e-17
53,120,246,-1.7409730040926055,-5.507732863870846e-08,8.20368584911932e-17
53,120,247,-1.7399804311142175,-5.541893779651766e-08,-2.959199271188546e-18
53,120,248,-1.7389878581358293,-5.586001501273543e-08,2.317988236441995e-17
53,120,249,-1.7379952851574414,-5.6388660170158384e-08,6.29961746393651e-17
53,120,250,-1.7370027121790534,-5.6990482132187324e-08,6.084293466002153e-17
53,120,251,-1.7360101392006653,-5.764909418518342e-08,-2.499122765097957e-17
53,120,252,-1.7350175662222773,-5.834666526760262e-08,-1.3340444089960396e-17
53,120,253,-1.7340249932438891,-5.9064506475988445e-08,1.2287676237006782e-17
53,120,254,-1.7330324202655012,-5.978368397950792e-08,5.197902927076392e-17
53,120,255,-1.7320398472871132,-6.048562602934768e-08,-1.1709011310298454e-16
53,120,256,-1.7310472743087253,-6.115271177292969e-08,2.0576266038672854e-17
53,120,257,-1.7300547013303371,-6.176882113926302e-08,4.7100552692561246e-17
53,120,258,-1.7290621283519492,-6.231982609473609e-08,-9.597033043509152e-18
53,120,259,-1.728069555373561,-6.27940174246709e-08,4.5508956649119746e-17
53,120,260,-1.727076982395173,-6.318243790230922e-08,-5.224581530577958e-17
53,120,261,-1.726084409416785,-6.347912738507719e-08,-3.81361007704524e-17
53,120,262,-1.725091836438397,-6.368126721686442e-08,-9.71687954198914e-18
53,120,263,-1.724099263460009,-6.378921649713432e-08,-3.667697605565997e-17
53,120,264,-1.723106690481621,-6.380644666590961e-08,-2.1519638517456476e-17
53,120,265,-1.7221141175032328,-6.373937538390264e-08,-8.969507349359449e-17
53,120,266,-1.721121544524845,-6.359710680099877e-08,9.507668525387809e-18
53,120,267,-1.720128971546457,-6.339108507988147e-08,-2.5811596695028377e-18
53,120,268,-1.7191363985680688,-6.313467631154901e-08,1.3251685641747763e-17
53,120,269,-1.7181438255896808,-6.284269669801384e-08,1.5218497137078076e-17
53,120,270,-1.7171512526112926,-6.253089384831499e-08,-5.2535777345389063e-17
53,120,271,-1.7161586796329047,-6.2215401800556e-08,4.668605290678193e-17
53,120,272,-1.7151661066545167,-6.191219997339453e-08,3.4299995429029354e-17
53,120,273,-1.7141735336761288,-6.163657193532998e-08,7.793735105869816e-18
53,120,274,-1.7131809606977406,-6.140259687756763e-08,-1.901422602427007e-17
53,120,275,-1.7121883877193527,-6.122268754585479e-08,-4.3492123487257e-18
53,120,276,-1.7111958147409645,-6.110718532281598e-08,-1.154533057612479e-16
53,120,277,-1.7102032417625765,-6.106402337453245e-08,-4.5754784605205715e-17
53,120,278,-1.7092106687841886,-6.10984782208018e-08,-1.1571059017641805e-16
53,120,279,-1.7082180958058004,-6.12130003111297e-08,-4.6732557925221985e-17
53,120,280,-1.7072255228274125,-6.140714628784747e-08,7.97894609023179e-18
53,120,281,-1.7062329498490243,-6.167759756681712e-08,-7.171474328091526e-18
53,120,282,-1.7052403768706363,-6.201827268488776e-08,5.2582189654197e-18
53,120,283,-1.7042478038922484,-6.242052879878887e-08,7.320727880559726e-17
53,120,284,-1.7032552309138604,-6.287343997212582e-08,-3.991358974716263e-17
53,120,285,-1.7022626579354723,-6.33641467408196e-08,2.787774477653744e-20
53,120,286,-1.7012700849570843,-6.387825962058598e-08,-4.360607810346066e-17
53,120,287,-1.7002775119786961,-6.440031065589138e-08,-7.324536450008464e-17
53,120,288,-1.6992849390003082,-6.491423544358528e-08,-3.314488335858399e-17
53,120,289,-1.6982923660219202,-6.540386048613721e-08,-6.690671833393692e-18
53,120,290,-1.697299793043532,-6.58533972776288e-08,-8.05378516701054e-18
53,120,291,-1.6963072200651441,-6.624791723393928e-08,3.2776802697639414e-17
53,120,292,-1.6953146470867562,-6.657379084189382e-08,-6.522072187480437e-17
53,120,293,-1.694322074108368,-6.681908625806582e-08,-9.837407051880028e-18
53,120,294,-1.69332950112998,-6.697390998860033e-08,-2.3822799975317842e-17
53,120,295,-1.692336928151592,-6.703068251207774e-08,4.254801693439896e-18
53,120,296,-1.691344355173204,-6.698433842345743e-08,4.969147542843727e-18
53,120,297,-1.690351782194816,-6.683245133397893e-08,-4.986011297023471e-17
53,120,298,-1.6893592092164278,-6.657527775734466e-08,-1.0449087582993846e-16
53,120,299,-1.6883666362380398,-6.621572318157597e-08,6.402234527829373e-17
53,120,300,-1.687374063259652,-6.575922569422948e-08,7.957393965038816e-17
53,120,301,-1.686381490281264,-6.521357384580686e-08,-1.137758536829744e-16
53,120,302,-1.6853889173028758,-6.458865912894474e-08,1.3175524449017961e-17
53,120,303,-1.6843963443244878,-6.389617144986836e-08,-8.279259315513373e-17
53,120,304,-1.6834037713460996,-6.314924904210717e-08,2.431350112950409e-18
53,120,305,-1.6824111983677117,-6.236210357720571e-08,1.0149866392365037e-16
53,120,306,-1.6814186253893237,-6.154961252747395e-08,-8.832372339009386e-18
53,120,307,-1.6804260524109356,-6.072691706905403e-08,-7.55896378547186e-18
53,120,308,-1.6794334794325476,-5.990901669756957e-08,6.27274775661948e-17
53,120,309,-1.6784409064541594,-5.911038363522505e-08,9.113046810913366e-17
53,120,310,-1.6774483334757715,-5.834460775932404e-08,3.565421847068535e-17
53,120,311,-1.6764557604973835,-5.7624076789770494e-08,-8.959420371147714e-17
53,120,312,-1.6754631875189956,-5.695970604420845e-08,3.5362432255359605e-17
53,120,313,-1.6744706145406074,-5.636071859978142e-08,-6.865424345358329e-18
53,120,314,-1.6734780415622195,-5.583448777872487e-08,4.7913777116252606e-17
53,120,315,-1.6724854685838313,-5.538643400881936e-08,6.089869799960014e-17
53,120,316,-1.6714928956054433,-5.501998956899269e-08,8.757812440445035e-17
53,120,317,-1.6705003226270554,-5.473661692135345e-08,-2.520734111660436e-17
53,120,318,-1.6695077496486672,-5.45358894430931e-08,-2.6510099688544377e-17
53,120,319,-1.6685151766702793,-5.441561662273908e-08,1.8992090629157177e-20
53,120,320,-1.667522603691891,-5.437202299724204e-08,-1.5327937550759673e-17
53,120,321,-1.6665300307135031,-5.439995563398751e-08,-4.4308974187832124e-17
53,120,322,-1.6655374577351152,-5.449312437334098e-08,-7.318270297968633e-17
53,120,323,-1.6645448847567272,-5.4644363958737524e-08,-3.226725016438598e-17
53,120,324,-1.663552311778339,-5.484590135905922e-08,2.280852119168515e-17
53,120,325,-1.6625597387999511,-5.508962696407391e-08,9.200643168838792e-17
53,120,326,-1.661567165821563,-5.5367356283925275e-08,2.2200056806689324e-17
53,120,327,-1.660574592843175,-5.5671078033534095e-08,3.625647639066213e-17
53,120,328,-1.659582019864787,-5.599317288958142e-08,-3.2913587480573674e-17
53,120,329,-1.658589446886399,-5.6326609196485885e-08,1.2099222027350228e-16
53,120,330,-1.657596873908011,-5.666509828680212e-08,3.8269392024071436e-17
53,120,331,-1.656604300929623,-5.700321681105973e-08,1.1309447827544671e-17
53,120,332,-1.6556117279512348,-5.73364847201953e-08,1.263323914556228e-17
53,120,333,-1.6546191549728468,-5.7661405770957917e-08,9.73773315343682e-17
53,120,334,-1.6536265819944589,-5.7975469727262305e-08,4.2898372106445154e-17
53,120,335,-1.6526340090160707,-5.827711278764651e-08,-1.1551421127376089e-17
53,120,336,-1.6516414360376828,-5.856565384180116e-08,1.151014587668669e-16
53,120,337,-1.6506488630592946,-5.8841192045346834e-08,-2.3083508459425086e-17
53,120,338,-1.6496562900809066,-5.910448935536459e-08,6.139113903305144e-17
53,120,339,-1.6486637171025187,-5.93568331621578e-08,8.989750822021718e-17
53,120,340,-1.6476711441241307,-5.9599887682780287e-08,-7.184663737243368e-18
53,120,341,-1.6466785711457426,-5.983554233220635e-08,4.874712549792258e-17
53,120,342,-1.6456859981673546,-6.006576344820525e-08,3.461070859972843e-17
53,120,343,-1.6446934251889664,-6.029245007864414e-08,-7.53831606985844e-18
53,120,344,-1.6437008522105785,-6.051730658398141e-08,-3.6136368322667134e-17
53,120,345,-1.6427082792321905,-6.074173352050183e-08,4.708305380111683e-18
53,120,346,-1.6417157062538024,-6.096673539608187e-08,-1.0400500251119484e-17
53,120,347,-1.6407231332754144,-6.119285553690304e-08,-1.1844279716147867e-17
53,120,348,-1.6397305602970262,-6.142013705543002e-08,-1.1100809724396128e-16
53,120,349,-1.6387379873186383,-6.164810685680422e-08,2.6718263995468e-17
53,120,350,-1.6377454143402503,-6.187578614337951e-08,-3.071101999480365e-17
53,120,351,-1.6367528413618624,-6.210172382087638e-08,-3.263151263621859e-17
53,120,352,-1.6357602683834742,-6.232405057881697e-08,-4.812306691552886e-17
53,120,353,-1.6347676954050863,-6.254055352262833e-08,-9.132480984714837e-17
53,120,354,-1.633775122426698,-6.274875850674668e-08,-9.3071377790817e-18
53,120,355,-1.6327825494483101,-6.294602941468742e-08,-6.623379642508656e-17
53,120,356,-1.6317899764699222,-6.312966758187748e-08,3.0216887781094094e-18
53,120,357,-1.6307974034915342,-6.329701310668836e-08,2.360983373372372e-18
53,120,358,-1.629804830513146,-6.34455447592278e-08,4.3997309342421e-17
53,120,359,-1.6288122575347581,-6.357296997530835e-08,3.074616496403233e-17
53,120,360,-1.62781968455637,-6.367730447953579e-08,-2.4626266400464176e-17
53,120,361,-1.626827111577982,-6.37569406787275e-08,-2.328817699952576e-17
53,120,362,-1.625834538599594,-6.381069340829201e-08,6.02682226817286e-18
53,120,363,-1.6248419656212059,-6.383783902514091e-08,-8.96345117622122e-17
53,120,364,-1.623849392642818,-6.383812410124286e-08,-5.990873215099459e-17
53,120,365,-1.6228568196644297,-6.381176803485113e-08,-4.3891254028566414e-17
53,120,366,-1.6218642466860418,-6.37594384586965e-08,4.216866995714431e-17
53,120,367,-1.6208716737076538,-6.36822198659644e-08,4.4677794539395496e-17
53,120,368,-1.6198791007292659,-6.358156410261046e-08,6.108757519999272e-17
53,120,369,-1.6188865277508777,-6.345923330658855e-08,-7.604823638634625e-17
53,120,370,-1.6178939547724898,-6.331723091738704e-08,-2.5366276806854952e-17
53,120,371,-1.6169013817941016,-6.31577378302158e-08,-5.813308823147995e-17
53,120,372,-1.6159088088157136,-6.29830388028538e-08,3.4165162441979014e-17
53,120,373,-1.6149162358373257,-6.279545332529487e-08,2.327431793511793e-19
53,120,374,-1.6139236628589375,-6.259727813443391e-08,1.522042769697636e-17
53,120,375,-1.6129310898805496,-6.239073051871437e-08,-9.592477542078438e-17
53,120,376,-1.6119385169021614,-6.217790141184322e-08,8.552026112179922e-18
53,120,377,-1.6109459439237734,-6.196072979963778e-08,4.9754090669822736e-17
53,120,378,-1.6099533709453855,-6.174097603300586e-08,-2.796747745002334e-17
53,120,379,-1.6089607979669975,-6.15202201853404e-08,5.478511122528942e-18
53,120,380,-1.6079682249886094,-6.129986466836106e-08,4.546174218959107e-17
53,120,381,-1.6069756520102214,-6.108115136006434e-08,5.000528144313589e-17
53,120,382,-1.6059830790318332,-6.086519081489347e-08,-7.7696239736433e-17
53,120,383,-1.6049905060534453,-6.065299246628432e-08,-7.350640848759256e-17
53,120,384,-1.6039979330750573,-6.044550998039726e-08,-6.577906536550172e-18
53,120,385,-1.6030053600966694,-6.024368093077212e-08,3.940812904485918e-17
53,120,386,-1.6020127871182812,-6.004846847770498e-08,-1.2278452386512982e-17
53,120,387,-1.6010202141398933,-5.986090500963472e-08,-3.572138386083747e-17
53,120,388,-1.600027641161505,-5.968212223337278e-08,-6.615315204486422e-17
53,120,389,-1.5990350681831171,-5.95133794414147e-08,2.91570414007636e-17
53,120,390,-1.5980424952047292,-5.935608063237015e-08,-9.11047265377945e-17
53,120,391,-1.597049922226341,-5.921177524372593e-08,-7.166278122725612e-17
53,120,392,-1.596057349247953,-5.908215636429288e-08,1.0859433021231864e-16
53,120,393,-1.5950647762695649,-5.8969034207452955e-08,-9.369778924266574e-17
53,120,394,-1.594072203291177,-5.887430846637879e-08,-5.19993500780822e-17
53,120,395,-1.593079630312789,-5.879991900096112e-08,4.4067131570898245e-18
53,120,396,-1.592087057334401,-5.8747794069169225e-08,6.115530593277189e-17
53,120,397,-1.5910944843560129,-5.871978874398543e-08,7.263023986553377e-18
53,120,398,-1.590101911377625,-5.871761364112465e-08,5.094805827073122e-17
53,120,399,-1.5891093383992367,-5.874276820289623e-08,-3.036829859090286e-17
53,120,400,-1.5881167654208488,-5.8796469439387006e-08,-1.3845858287069625e-17
53,120,401,-1.5871241924424608,-5.88795881314166e-08,2.890314699726134e-18
53,120,402,-1.5861316194640727,-5.89925866486069e-08,3.405297910730297e-17
53,120,403,-1.5851390464856847,-5.913547569594717e-08,2.237773140370244e-18
53,120,404,-1.5841464735072965,-5.930777598043358e-08,4.930907509009637e-18
53,120,405,-1.5831539005289086,-5.950849600989667e-08,4.2481314162523224e-17
53,120,406,-1.5821613275505206,-5.973613308119874e-08,5.212219079311191e-17
53,120,407,-1.5811687545721327,-5.99886811184674e-08,1.256796736213636e-17
53,120,408,-1.5801761815937445,-6.026366741108928e-08,4.911328925527611e-17
53,120,409,-1.5791836086153566,-6.055819744941373e-08,2.965092534124584e-17
53,120,410,-1.5781910356369684,-6.086902158614479e-08,-1.8289785502350842e-17
53,120,411,-1.5771984626585804,-6.119261564281782e-08,-3.884058133728412e-17
53,120,412,-1.5762058896801925,-6.152526825473555e-08,-4.373327979391528e-18
53,120,413,-1.5752133167018045,-6.186318339124369e-08,4.370256707998673e-17
53,120,414,-1.5742207437234164,-6.220258394911449e-08,1.262493007970366e-16
53,120,415,-1.5732281707450284,-6.253981549885874e-08,-8.57780133174875e-19
53,120,416,-1.5722355977666402,-6.287145084658501e-08,1.7982438925004783e-17
53,120,417,-1.5712430247882523,-6.319438324887008e-08,1.708705132610564e-18
53,120,418,-1.5702504518098643,-6.350591139763117e-08,-1.09194431000357e-18
53,120,419,-1.5692578788314762,-6.380380999003967e-08,-3.868462989313099e-17
53,120,420,-1.5682653058530882,-6.408637963004616e-08,-4.16832338707034e-17
53,120,421,-1.5672727328747,-6.435248097289286e-08,-2.7987597339274514e-18
53,120,422,-1.566280159896312,-6.460154467483095e-08,3.63685217331075e-17
53,120,423,-1.5652875869179241,-6.483355884872564e-08,2.6720310121842675e-17
53,120,424,-1.5642950139395362,-6.504903417202296e-08,-2.434548763131113e-17
53,120,425,-1.563302440961148,-6.524894935613124e-08,-6.80899736487692e-17
53,120,426,-1.56230986798276,-6.543467396227608e-08,1.3994088820803586e-17
53,120,427,-1.5613172950043719,-6.560787583522071e-08,-1.4949264505466875e-17
53,120,428,-1.560324722025984,-6.5770414726617e-08,-6.42818656033882e-17
53,120,429,-1.559332149047596,-6.592422643739274e-08,3.996718864054422e-17
53,120,430,-1.5583395760692078,-6.607120337768374e-08,-7.78712229803899e-17
53,120,431,-1.5573470030908199,-6.621306825752673e-08,-9.78083748263643e-17
53,120,432,-1.5563544301124317,-6.635126672747366e-08,1.123895617207622e-16
53,120,433,-1.5553618571340437,-6.64868553519957e-08,5.1583954757366084e-17
53,120,434,-1.5543692841556558,-6.662041049226986e-08,8.16708505845116e-17
53,120,435,-1.5533767111772678,-6.67519615230587e-08,2.840253413548867e-17
53,120,436,-1.5523841381988797,-6.68809361333308e-08,-4.5714779292133074e-17
53,120,437,-1.5513915652204917,-6.700614058618295e-08,6.846214714652387e-17
53,120,438,-1.5503989922421035,-6.712576198247464e-08,5.738728277686511e-17
53,120,439,-1.5494064192637156,-6.723740171633019e-08,3.211094268871775e-17
53,120,440,-1.5484138462853276,-6.733813601370605e-08,-2.7961066197975555e-17
53,120,441,-1.5474212733069397,-6.742460391042356e-08,5.694884244756567e-18
53,120,442,-1.5464287003285515,-6.749312111283851e-08,1.1140012438705713e-17
53,120,443,-1.5454361273501636,-6.753981372926414e-08,3.7071450877866185e-17
53,120,444,-1.5444435543717754,-6.756076643855469e-08,3.475603650271867e-17
53,120,445,-1.5434509813933874,-6.755218995649838e-08,4.2579264390415516e-17
53,120,446,-1.5424584084149995,-6.751058388203781e-08,1.4802812358669687e-17
53,120,447,-1.5414658354366113,-6.743290779002957e-08,-6.915329690011581e-17
53,120,448,-1.5404732624582234,-6.731674199283461e-08,3.463055833277192e-17
53,120,449,-1.5394806894798352,-6.716043330810793e-08,6.825837308288812e-17
53,120,450,-1.5384881165014472,-6.69632241397545e-08,9.787916135862502e-17
53,120,451,-1.5374955435230593,-6.672535600266191e-08,3.3072653770391337e-17
53,120,452,-1.5365029705446713,-6.64481410237286e-08,-7.373796500616778e-17
53,120,453,-1.5355103975662832,-6.613400046429325e-08,6.308807457031864e-17
53,120,454,-1.5345178245878952,-6.578646940060113e-08,-3.0101360207081775e-17
53,120,455,-1.533525251609507,-6.541015506553836e-08,7.506083627773559e-17
53,120,456,-1.532532678631119,-6.501066558777853e-08,-9.464516271056797e-17
53,120,457,-1.5315401056527311,-6.459449480235054e-08,-9.015274238749963e-17
53,120,458,-1.530547532674343,-6.416887391424295e-08,-3.669337802402914e-17
53,120,459,-1.529554959695955,-6.374159202367088e-08,1.002706243483795e-17
53,120,460,-1.5285623867175668,-6.332078786582744e-08,-6.809892504609986e-17
53,120,461,-1.5275698137391789,-6.29147268681897e-08,1.0666095046257726e-17
53,120,462,-1.526577240760791,-6.253155914763401e-08,-1.4363806183284326e-17
53,120,463,-1.525584667782403,-6.217907325756221e-08,-1.8515479210508544e-16
53,120,464,-1.5245920948040148,-6.186445662027919e-08,-1.570011120430704e-16
53,120,465,-1.5235995218256269,-6.159406292153847e-08,-6.57396160492377e-17
53,120,466,-1.5226069488472387,-6.137319772253005e-08,1.9056704314614704e-17
53,120,467,-1.5216143758688507,-6.120593385365331e-08,1.3776940296726438e-17
53,120,468,-1.5206218028904628,-6.109496034624237e-08,-1.2343622023090605e-16
53,120,469,-1.5196292299120746,-6.104146632225822e-08,1.473579995710958e-17
53,120,470,-1.5186366569336867,-6.104507346361316e-08,2.0763178222694807e-17
53,120,471,-1.5176440839552987,-6.11038150900305e-08,-6.179951559755231e-17
53,120,472,-1.5166515109769105,-6.121416454492664e-08,-2.943396852276828e-17
53,120,473,-1.5156589379985226,-6.137111028146116e-08,-5.2846323739028375e-17
53,120,474,-1.5146663650201346,-6.156828343375377e-08,3.695046211244948e-18
53,120,475,-1.5136737920417465,-6.179812929179132e-08,3.5699571428732113e-17
53,120,476,-1.5126812190633585,-6.205211478129834e-08,9.521586118481632e-17
53,120,477,-1.5116886460849703,-6.232097699376587e-08,-4.4144007460430707e-17
53,120,478,-1.5106960731065824,-6.259499308462126e-08,7.19939890010496e-17
53,120,479,-1.5097035001281944,-6.28642696502507e-08,-3.516295557377161e-17
53,120,480,-1.5087109271498065,-6.311904554591758e-08,-8.780389813828996e-18
53,120,481,-1.5077183541714183,-6.334998743634245e-08,7.456600488171362e-17
53,120,482,-1.5067257811930304,-6.354848287296361e-08,-8.072981892264514e-18
53,120,483,-1.5057332082146422,-6.370690984670098e-08,1.3317215660329141e-17
53,120,484,-1.5047406352362542,-6.381888000965375e-08,1.0039667931579746e-16
53,120,485,-1.5037480622578663,-6.387944242319775e-08,1.6429706301436893e-17
53,120,486,-1.502755489279478,-6.388525051307811e-08,-4.34932253630036e-17
53,120,487,-1.5017629163010902,-6.383467590399476e-08,3.820966130185536e-17
53,120,488,-1.500770343322702,-6.372787069622453e-08,-4.825016550414887e-17
53,120,489,-1.499777770344314,-6.356677475469733e-08,3.2345181120755744e-17
53,120,490,-1.498785197365926,-6.335506801309229e-08,6.173598079812882e-19
53,120,491,-1.4977926243875381,-6.309807121950334e-08,8.128415084461712e-17
53,120,492,-1.49680005140915,-6.280258930940801e-08,-6.156674500467559e-17
53,120,493,-1.495807478430762,-6.247671728642127e-08,-8.257220019786211e-18
53,120,494,-1.4948149054523738,-6.212960149863399e-08,4.5883163667147286e-17
53,120,495,-1.4938223324739859,-6.177116891312705e-08,-1.2760906286034553e-17
53,120,496,-1.492829759495598,-6.141183561072966e-08,-1.3886429915337057e-17
53,120,497,-1.4918371865172098,-6.106220219063824e-08,6.801595757905896e-17
53,120,498,-1.4908446135388218,-6.073274127170476e-08,-4.369288168462671e-17
53,120,499,-1.4898520405604339,-6.043349801191146e-08,-7.245797637409242e-17
53,120,500,-1.4888594675820457,-6.01738000876757e-08,3.926677010173686e-17
53,120,501,-1.4878668946036577,-5.996199912466071e-08,1.221426485094668e-17
53,120,502,-1.4868743216252698,-5.980524014664578e-08,1.3058315645651987e-17
53,120,503,-1.4858817486468816,-5.970927741412675e-08,9.865889993044166e-17
53,120,504,-1.4848891756684937,-5.967833214861631e-08,-6.679012240325622e-17
53,120,505,-1.4838966026901055,-5.971500140039579e-08,-6.373927101432563e-17
53,120,506,-1.4829040297117175,-5.982022159806865e-08,4.9607257668361284e-17
53,120,507,-1.4819114567333296,-5.999328141036338e-08,-3.023507994489551e-17
53,120,508,-1.4809188837549416,-6.023188738274894e-08,-2.780690285651483e-17
53,120,509,-1.4799263107765535,-6.053227881565353e-08,1.4250435203742577e-16
53,120,510,-1.4789337377981653,-6.088938241489084e-08,3.313935684261151e-17
53,120,511,-1.4779411648197773,-6.129700399907594e-08,3.576661420482672e-17
53,120,512,-1.4769485918413894,-6.174805274443737e-08,1.0177666762389922e-17
53,120,513,-1.4759560188630014,-6.223477979186771e-08,4.071526188281814e-17
53,120,514,-1.4749634458846135,-6.27490309764116e-08,5.590469858372057e-17
53,120,515,-1.4739708729062253,-6.328250024438878e-08,-1.2974777906908823e-17
53,120,516,-1.4729782999278371,-6.382697555787763e-08,4.471369179121681e-17
53,120,517,-1.4719857269494492,-6.437456936998562e-08,6.173751271216207e-17
53,120,518,-1.4709931539710612,-6.491791869473804e-08,4.16936185448079e-17
53,120,519,-1.4700005809926733,-6.545035895628667e-08,2.9812948223941046e-17
53,120,520,-1.469008008014285,-6.596605959898555e-08,-4.179887330317352e-17
53,120,521,-1.4680154350358972,-6.646011170805253e-08,3.760083590787754e-17
53,120,522,-1.467022862057509,-6.692858203351677e-08,1.4810566824567695e-16
53,120,523,-1.466030289079121,-6.736851320934514e-08,-2.0351414530490495e-17
53,120,524,-1.465037716100733,-6.77778832646631e-08,-8.103087893231265e-17
53,120,525,-1.4640451431223451,-6.815552884217685e-08,3.2311988111383035e-17
53,120,526,-1.463052570143957,-6.850102919382611e-08,-1.2759534136510134e-17
53,120,527,-1.4620599971655688,-6.881456010348304e-08,-1.152698256492395e-16
53,120,528,-1.4610674241871808,-6.909673016198699e-08,-3.433202125323935e-18
53,120,529,-1.4600748512087929,-6.934840289723226e-08,-3.579163364148997e-17
53,120,530,-1.459082278230405,-6.957051217006718e-08,-1.0481261246616263e-17
53,120,531,-1.4580897052520168,-6.976388403978232e-08,4.869866970376071e-18
53,120,532,-1.4570971322736288,-6.992907835609402e-08,-4.202499409750099e-17
53,120,533,-1.4561045592952406,-7.006624155170181e-08,-4.318925226509121e-17
53,120,534,-1.4551119863168527,-7.017500391091623e-08,4.933628520912217e-18
53,120,535,-1.4541194133384647,-7.025440177017181e-08,-9.195181014280623e-18
53,120,536,-1.4531268403600768,-7.030284975727334e-08,-1.57381008788221e-17
53,120,537,-1.4521342673816886,-7.031815439852537e-08,-9.844731064781988e-17
53,120,538,-1.4511416944033004,-7.029757463136061e-08,-3.1126077074335154e-18
53,120,539,-1.4501491214249125,-7.023792768526577e-08,-2.5707610006145536e-17
53,120,540,-1.4491565484465245,-7.013573725734297e-08,-9.864590001283733e-18
53,120,541,-1.4481639754681366,-6.998742098985034e-08,-1.4468638288067828e-17
53,120,542,-1.4471714024897486,-6.978950528139412e-08,-8.36428111470785e-18
53,120,543,-1.4461788295113605,-6.953886425729335e-08,-6.135900759803306e-17
53,120,544,-1.4451862565329723,-6.923297375440323e-08,5.983071752620417e-17
53,120,545,-1.4441936835545843,-6.887016234397655e-08,4.525611085275765e-17
53,120,546,-1.4432011105761964,-6.84498553573555e-08,2.3435126746356053e-17
53,120,547,-1.4422085375978084,-6.797280012762728e-08,-8.201822244290678e-17
53,120,548,-1.4412159646194203,-6.744125154811286e-08,-6.576235407414443e-17
53,120,549,-1.4402233916410323,-6.685912572473505e-08,6.50540957493171e-17
53,120,550,-1.4392308186626441,-6.623208948452319e-08,2.1354209424245278e-17
53,120,551,-1.4382382456842562,-6.556759903739593e-08,-1.760724341071664e-18
53,120,552,-1.4372456727058682,-6.487487013878845e-08,2.0119537400627636e-17
53,120,553,-1.4362530997274803,-6.41647749944534e-08,5.910550743196944e-17
53,120,554,-1.435260526749092,-6.344967664699355e-08,1.3965240373187377e-17
53,120,555,-1.434267953770704,-6.274318846917233e-08,-1.4147716394265416e-17
53,120,556,-1.433275380792316,-6.205987041492152e-08,9.648893453401646e-18
53,120,557,-1.432282807813928,-6.141487331535608e-08,6.822662185248317e-17
53,120,558,-1.43129023483554,-6.08235275146224e-08,9.150464280989512e-17
53,120,559,-1.430297661857152,-6.030089994855646e-08,-5.951938624621563e-17
53,120,560,-1.429305088878764,-5.986132814688782e-08,-9.570042479246957e-17
53,120,561,-1.4283125159003758,-5.9517947142623636e-08,-6.745831739134284e-18
53,120,562,-1.4273199429219878,-5.928222120145624e-08,-2.235568544794297e-17
53,120,563,-1.4263273699435999,-5.916350839897459e-08,-3.009144945537951e-18
53,120,564,-1.425334796965212,-5.9168656814255176e-08,9.570768978237261e-18
53,120,565,-1.4243422239868238,-5.9301668667036855e-08,-3.355303443103343e-17
53,120,566,-1.4233496510084356,-5.956342580877254e-08,-2.0989597565754538e-17
53,120,567,-1.4223570780300476,-5.995151079454686e-08,5.8558795719825374e-18
53,120,568,-1.4213645050516597,-6.046011297829276e-08,-2.035875056324572e-18
53,120,569,-1.4203719320732717,-6.108004206472342e-08,-9.327964166053299e-17
53,120,570,-1.4193793590948838,-6.179885038499203e-08,3.161739500301244e-17
53,120,571,-1.4183867861164956,-6.260105754926876e-08,-2.434662806369665e-17
53,120,572,-1.4173942131381074,-6.346848249414263e-08,-4.537171946580465e-17
53,120,573,-1.4164016401597195,-6.438067837201024e-08,-7.315163310213609e-17
53,120,574,-1.4154090671813315,-6.53154500001372e-08,-2.4319178429739282e-17
53,120,575,-1.4144164942029436,-6.624945081601394e-08,-3.0797556754582816e-17
53,120,576,-1.4134239212245554,-6.715884090300802e-08,6.01231535304813e-17
53,120,577,-1.4124313482461675,-6.801998231928646e-08,8.818249876687051e-17
53,120,578,-1.4114387752677793,-6.881015801131577e-08,6.780392464360196e-17
53,120,579,-1.4104462022893913,-6.950828786648264e-08,-2.941271797813159e-17
53,120,580,-1.4094536293110034,-7.009561957113873e-08,-1.51736117688938e-17
53,120,581,-1.4084610563326154,-7.055637412091338e-08,-4.298962813131744e-17
53,120,582,-1.4074684833542273,-7.087831779493883e-08,6.848022227180272e-17
53,120,583,-1.406475910375839,-7.105324866919569e-08,8.928823327121664e-17
53,120,584,-1.4054833373974511,-7.107737301704519e-08,3.3332868077535625e-17
53,120,585,-1.4044907644190632,-7.095155483467193e-08,-1.5835223177148768e-17
53,120,586,-1.4034981914406752,-7.068143480257973e-08,1.0889405007267735e-16
53,120,587,-1.402505618462287,-7.027740295376827e-08,3.150268931952118e-17
53,120,588,-1.401513045483899,-6.97544219934446e-08,3.067261353984948e-17
53,120,589,-1.400520472505511,-6.913170912421094e-08,7.853217975627873e-17
53,120,590,-1.399527899527123,-6.843227348280011e-08,4.276442609958901e-17
53,120,591,-1.398535326548735,-6.768232191071094e-08,-2.7897927192839933e-17
53,120,592,-1.397542753570347,-6.691055596289146e-08,-2.873306844639341e-17
53,120,593,-1.396550180591959,-6.61473618854334e-08,-6.445099190875073e-17
53,120,594,-1.3955576076135707,-6.542393392901024e-08,-1.6337363761213212e-17
53,120,595,-1.3945650346351828,-6.477134503981788e-08,1.0149922061216954e-16
53,120,596,-1.3935724616567948,-6.42195929952324e-08,-4.486467291902874e-17
53,120,597,-1.3925798886784069,-6.379665817066594e-08,3.633083729030026e-18
53,120,598,-1.391587315700019,-6.352759152790858e-08,3.91062175969444e-18
53,120,599,-1.3905947427216307,-6.343367336218981e-08,4.3784549872054394e-18
53,120,600,-1.3896021697432426,-6.353165822535868e-08,-5.723069246074366e-17
53,120,601,-1.3886095967648546,-6.383314058267557e-08,-4.215179135133132e-17
53,120,602,-1.3876170237864667,-6.434406142405854e-08,1.5141525492767068e-17
53,120,603,-1.3866244508080787,-6.506437007125785e-08,1.6905853810395577e-17
53,120,604,-1.3856318778296906,-6.598785828338088e-08,-8.888733539995153e-18
53,120,605,-1.3846393048513026,-6.71021789159306e-08,1.467551388331813e-16
53,120,606,-1.3836467318729144,-6.838904432065403e-08,4.4457160326398e-17
53,120,607,-1.3826541588945265,-6.982460892995988e-08,-1.6146291554208738e-18
53,120,608,-1.3816615859161385,-7.138002907387098e-08,9.684211673479513e-19
53,120,609,-1.3806690129377506,-7.3022177604415e-08,-9.389283472808409e-17
53,120,610,-1.3796764399593624,-7.471450909994603e-08,-1.265576549678837e-16
53,120,611,-1.3786838669809742,-7.64180382123914e-08,8.466486577657707e-17
53,120,612,-1.3776912940025863,-7.80924162038195e-08,2.424339115813782e-17
53,120,613,-1.3766987210241983,-7.969706394869702e-08,-3.6934497349648197e-17
53,120,614,-1.3757061480458104,-8.119233849945887e-08,1.3335321608278083e-17
53,120,615,-1.3747135750674222,-8.254069298146725e-08,-2.034462650675055e-17
53,120,616,-1.3737210020890342,-8.370779762172605e-08,-6.055933933799508e-18
53,120,617,-1.372728429110646,-8.46635845461211e-08,-5.497269495900296e-17
53,120,618,-1.3717358561322581,-8.538318915031447e-08,-7.646256268594962e-17
53,120,619,-1.3707432831538702,-8.584775681401334e-08,-2.1630240879649036e-17
53,120,620,-1.3697507101754822,-8.604508406963993e-08,-2.069829615663722e-18
53,120,621,-1.368758137197094,-8.597008212317712e-08,-1.2963060448686226e-16
53,120,622,-1.3677655642187059,-8.562504018231765e-08,-6.263822872601034e-17
53,120,623,-1.366772991240318,-8.501967657965046e-08,-3.754472031934751e-17
53,120,624,-1.36578041826193,-8.417098378812636e-08,1.4884270659915063e-17
53,120,625,-1.364787845283542,-8.310285579128586e-08,-5.12477696157653e-17
53,120,626,-1.363795272305154,-8.184551828857841e-08,-4.114578352657973e-17
53,120,627,-1.362802699326766,-8.043476818927803e-08,-5.889736713831858e-17
53,120,628,-1.3618101263483777,-7.891104960025749e-08,-6.288472014793823e-17
53,120,629,-1.3608175533699898,-7.731838402021827e-08,3.079460143636103e-18
53,120,630,-1.3598249803916018,-7.570319272292884e-08,8.293001689211114e-17
53,120,631,-1.3588324074132139,-7.411304039884959e-08,-5.977302290534838e-17
53,120,632,-1.3578398344348257,-7.259533612571272e-08,3.479712711514988e-17
53,120,633,-1.3568472614564377,-7.119603054047424e-08,-3.7406408343066934e-17
53,120,634,-1.3558546884780496,-6.995834786161251e-08,-1.1967826791111225e-17
53,120,635,-1.3548621154996616,-6.892158676786576e-08,-8.308174914163477e-17
53,120,636,-1.3538695425212737,-6.812002808782399e-08,-2.8324426109092446e-17
53,120,637,-1.3528769695428857,-6.758198077860953e-08,-1.122878391697133e-16
53,120,638,-1.3518843965644975,-6.732899257093085e-08,-1.4418600490410636e-17
53,120,639,-1.3508918235861094,-6.737524961271466e-08,-8.327648603831481e-17
53,120,640,-1.3498992506077214,-6.772718363322452e-08,-1.1946133469965578e-17
53,120,641,-1.3489066776293335,-6.83832968083385e-08,3.1946677256935704e-17
53,120,642,-1.3479141046509455,-6.933420799290617e-08,1.0419741439629838e-16
53,120,643,-1.3469215316725573,-7.056292119704321e-08,-4.153379875582261e-18
53,120,644,-1.3459289586941694,-7.204530630117158e-08,1.3905359223919946e-16
53,120,645,-1.3449363857157812,-7.375077891481823e-08,3.544006876776652e-18
53,120,646,-1.3439438127373933,-7.564315430951055e-08,7.845721676597971e-18
53,120,647,-1.3429512397590053,-7.768165622384274e-08,6.769426668272887e-17
53,120,648,-1.3419586667806174,-7.982204584340768e-08,-3.920694882932057e-17
53,120,649,-1.3409660938022292,-8.201783615866804e-08,2.0993963012576032e-17
53,120,650,-1.339973520823841,-8.422155991136301e-08,3.8977935435138057e-17
53,120,651,-1.338980947845453,-8.638605099737464e-08,4.300960741275394e-17
53,120,652,-1.3379883748670651,-8.846569778191332e-08,-5.091452222903425e-17
53,120,653,-1.3369958018886772,-9.041764110757356e-08,6.372631058955234e-17
53,120,654,-1.336003228910289,-9.220287002246105e-08,1.360523370094165e-16
53,120,655,-1.335010655931901,-9.378719654857156e-08,5.4886911925786845e-17
53,120,656,-1.3340180829535129,-9.5142069673896e-08,5.625137163028635e-17
53,120,657,-1.333025509975125,-9.62452162784862e-08,4.34133955037286e-17
53,120,658,-1.332032936996737,-9.708108628063885e-08,4.3521516891028e-17
53,120,659,-1.331040364018349,-9.764109357946996e-08,1.4365920713726497e-18
53,120,660,-1.3300477910399608,-9.792364933069901e-08,1.41093401487478e-17
53,120,661,-1.3290552180615727,-9.793398544450119e-08,-1.5381243538420136e-18
53,120,662,-1.3280626450831847,-9.76837846088477e-08,-1.7777725417972964e-17
53,120,663,-1.3270700721047968,-9.719062275228497e-08,-4.825992809093781e-17
53,120,664,-1.3260774991264088,-9.647725316743434e-08,3.187074346018028e-17
53,120,665,-1.3250849261480209,-9.55707486661727e-08,-6.92099133475724e-17
53,120,666,-1.3240923531696327,-9.450153798742365e-08,6.61291555028205e-17
53,120,667,-1.3230997801912445,-9.33023654754363e-08,-2.1572408696897193e-17
53,120,668,-1.3221072072128566,-9.200720747100905e-08,1.6140575749414797e-17
53,120,669,-1.3211146342344686,-9.065018334751703e-08,-9.955198957683264e-17
53,120,670,-1.3201220612560807,-8.92644948002858e-08,-6.044778835704604e-18
53,120,671,-1.3191294882776925,-8.788142481457071e-08,3.1880346470649423e-17
53,120,672,-1.3181369152993045,-8.652943232296241e-08,-6.940940423705001e-17
53,120,673,-1.3171443423209164,-8.523336503979271e-08,-8.645985398695138e-17
53,120,674,-1.3161517693425284,-8.401381920891469e-08,-1.1712220345119686e-16
53,120,675,-1.3151591963641405,-8.288665896498923e-08,-6.356607215668466e-17
53,120,676,-1.3141666233857525,-8.186271352837222e-08,-1.0726782822874274e-16
53,120,677,-1.3131740504073643,-8.094765653637972e-08,3.087715485898921e-17
53,120,678,-1.3121814774289762,-8.0142068297184e-08,-5.3152534050455097e-17
53,120,679,-1.3111889044505882,-7.944167700957971e-08,-3.923921232958606e-17
53,120,680,-1.3101963314722003,-7.883776810639679e-08,7.293815996734617e-17
53,120,681,-1.3092037584938123,-7.831774200363213e-08,-3.730898001530589e-17
53,120,682,-1.3082111855154241,-7.786580352165811e-08,-6.35180451264801e-17
53,120,683,-1.3072186125370362,-7.746375391015267e-08,-1.9454124009274628e-17
53,120,684,-1.306226039558648,-7.709185883604415e-08,-1.6762637995687504e-17
53,120,685,-1.30523346658026,-7.672975993390463e-08,-2.7709786951899495e-17
53,120,686,-1.3042408936018721,-7.635739756865757e-08,-2.4469982002085843e-17
53,120,687,-1.3032483206234842,-7.595591287099798e-08,-3.49780550110657e-17
53,120,688,-1.302255747645096,-7.550849843623593e-08,-7.327676723109944e-17
53,120,689,-1.3012631746667078,-7.500116643365964e-08,-8.367456676235833e-17
53,120,690,-1.3002706016883199,-7.442340670651474e-08,1.2859786438157478e-16
53,120,691,-1.299278028709932,-7.376871574272578e-08,2.0320602046601843e-17
53,120,692,-1.298285455731544,-7.303497375613882e-08,5.1206303416392465e-17
53,120,693,-1.297292882753156,-7.222465948685502e-08,6.781577199582637e-17
53,120,694,-1.2963003097747678,-7.134489396144594e-08,1.1184914065401355e-16
53,120,695,-1.2953077367963797,-7.040731256933236e-08,9.977993940868645e-17
53,120,696,-1.2943151638179917,-6.942776690341318e-08,4.529244617232579e-17
53,120,697,-1.2933225908396038,-6.842586914047739e-08,1.297801133356558e-16
53,120,698,-1.2923300178612158,-6.742439030821153e-08,6.035226372486701e-17
53,120,699,-1.2913374448828276,-6.644853842230097e-08,1.2997672350783794e-16
53,120,700,-1.2903448719044397,-6.552513023454707e-08,4.5554278474599767e-17
53,120,701,-1.2893522989260515,-6.468169530226842e-08,5.843437855318224e-17
53,120,702,-1.2883597259476636,-6.394553574743806e-08,5.688518409389286e-17
53,120,703,-1.2873671529692756,-6.334277128521688e-08,-1.4752921120974478e-17
53,120,704,-1.2863745799908877,-6.289740725777132e-08,2.4756181428139196e-17
53,120,705,-1.2853820070124995,-6.263045164971523e-08,-1.9426257236032363e-17
53,120,706,-1.2843894340341113,-6.255911419529126e-08,5.683772672252686e-18
53,120,707,-1.2833968610557234,-6.269610963017059e-08,7.255406634546114e-17
53,120,708,-1.2824042880773354,-6.304909420004971e-08,-1.1130823398188285e-16
53,120,709,-1.2814117150989475,-6.362025106817715e-08,3.9271658316328776e-17
53,120,710,-1.2804191421205593,-6.440604061417513e-08,8.884129931262414e-18
53,120,711,-1.2794265691421713,-6.539712221716014e-08,6.497073363323052e-18
53,120,712,-1.2784339961637832,-6.657845504424128e-08,-9.39458007536596e-18
53,120,713,-1.2774414231853952,-6.792957360681025e-08,-8.0777356341052e-17
53,120,714,-1.2764488502070073,-6.942503051592188e-08,-2.6323137043183414e-17
53,120,715,-1.2754562772286193,-7.103499291600717e-08,-5.514367838465719e-17
53,120,716,-1.2744637042502311,-7.272597613973355e-08,-6.955548397270718e-17
53,120,717,-1.273471131271843,-7.446169487741563e-08,-5.56257555866784e-17
53,120,718,-1.272478558293455,-7.620399816887179e-08,-4.1312673736564145e-17
53,120,719,-1.271485985315067,-7.791386950236119e-08,-2.6540562509186362e-17
53,120,720,-1.2704934123366791,-7.955245741908788e-08,-8.09748566320179e-17
53,120,721,-1.2695008393582912,-8.108210366724412e-08,3.2037745474621675e-17
53,120,722,-1.268508266379903,-8.246734198709986e-08,-6.354084453805326e-17
53,120,723,-1.2675156934015148,-8.36758356100287e-08,-4.7413033067587886e-17
53,120,724,-1.2665231204231269,-8.467922908337943e-08,-7.288067558241131e-17
53,120,725,-1.265530547444739,-8.545388160644482e-08,-8.431847640944532e-17
53,120,726,-1.264537974466351,-8.598147160557003e-08,1.5668472290224125e-17
53,120,727,-1.2635454014879628,-8.624944772192335e-08,-5.144961151478977e-17
53,120,728,-1.2625528285095748,-8.625131786241343e-08,3.4501577885296786e-17
53,120,729,-1.2615602555311867,-8.598676876606478e-08,8.834046494631856e-18
53,120,730,-1.2605676825527987,-8.546161149944564e-08,6.64980145984973e-17
53,120,731,-1.2595751095744108,-8.468756436817832e-08,-1.511552724777924e-18
53,120,732,-1.2585825365960228,-8.368187190614079e-08,2.7542418921809226e-17
53,120,733,-1.2575899636176346,-8.246678011737237e-08,5.62641029041062e-17
53,120,734,-1.2565973906392465,-8.106888508563783e-08,9.575702821901473e-19
53,120,735,-1.2556048176608585,-7.951837320613304e-08,2.8778379380927056e-17
53,120,736,-1.2546122446824706,-7.784817877693222e-08,-4.1400817556512984e-17
53,120,737,-1.2536196717040826,-7.60930882853365e-08,-1.4468716806149133e-17
53,120,738,-1.2526270987256944,-7.428881333415157e-08,-5.766406002669819e-17
53,120,739,-1.2516345257473065,-7.247106462919559e-08,7.986403235996429e-17
53,120,740,-1.2506419527689183,-7.067465244271523e-08,-4.757974239012499e-17
53,120,741,-1.2496493797905304,-6.893263953801749e-08,6.14414169870883e-17
53,120,742,-1.2486568068121424,-6.727557096683009e-08,5.879918613987815e-17
53,120,743,-1.2476642338337545,-6.573080166378714e-08,8.389036225327267e-17
53,120,744,-1.2466716608553663,-6.43219377071754e-08,-1.6451759611571434e-17
53,120,745,-1.2456790878769781,-6.30684044194128e-08,-7.502405597424032e-17
53,120,746,-1.2446865148985902,-6.198515383391191e-08,5.7992749070592596e-18
53,120,747,-1.2436939419202022,-6.108251190409063e-08,5.892766563298564e-17
53,120,748,-1.2427013689418143,-6.036616525669171e-08,5.65756641173179e-17
53,120,749,-1.2417087959634263,-5.983728571907197e-08,1.2740879644375501e-17
53,120,750,-1.2407162229850381,-5.949278204056338e-08,5.2853057929560046e-17
53,120,751,-1.23972365000665,-5.9325664471450124e-08,2.3734635184586734e-17
53,120,752,-1.238731077028262,-5.932550862886781e-08,9.00544070950128e-18
53,120,753,-1.237738504049874,-5.947899984822648e-08,-3.3100938364004413e-17
53,120,754,-1.2367459310714861,-5.977053317997516e-08,-5.0612819426810104e-18
53,120,755,-1.235753358093098,-6.018285432732552e-08,5.1328503176954896e-17
53,120,756,-1.23476078511471,-6.06977106862766e-08,-5.893120158170029e-17
53,120,757,-1.2337682121363218,-6.129649556012542e-08,1.2323589994282703e-17
53,120,758,-1.2327756391579339,-6.196086481458021e-08,-4.135207618887087e-17
53,120,759,-1.231783066179546,-6.267329962244548e-08,-1.1076996769843813e-17
53,120,760,-1.230790493201158,-6.341760856222628e-08,8.913791187593712e-17
53,120,761,-1.2297979202227698,-6.41793436875577e-08,-4.721447972656482e-17
53,120,762,-1.2288053472443816,-6.49461276743889e-08,-1.6253204775734436e-17
53,120,763,-1.2278127742659937,-6.570788082717543e-08,-5.4857109699974494e-17
53,120,764,-1.2268202012876057,-6.645694486673432e-08,-3.7715192838717696e-17
53,120,765,-1.2258276283092178,-6.718810242900165e-08,7.144760343216118e-18
53,120,766,-1.2248350553308296,-6.78984986195012e-08,-3.1722453938061065e-17
53,120,767,-1.2238424823524416,-6.858746970890184e-08,-8.472681467286576e-17
53,120,768,-1.2228499093740535,-6.925628850527702e-08,-1.2689772234587456e-17
53,120,769,-1.2218573363956655,-6.990784333407451e-08,3.107371265068795e-17
53,120,770,-1.2208647634172776,-7.05462606684484e-08,-2.3025304690283054e-17
53,120,771,-1.2198721904388896,-7.117649179743443e-08,-6.37175414692043e-17
53,120,772,-1.2188796174605014,-7.1803881502976e-08,-7.326439333186755e-18
53,120,773,-1.2178870444821133,-7.24337318088745e-08,-2.1030823464611457e-17
53,120,774,-1.2168944715037253,-7.30708865054804e-08,-2.135321346894813e-17
53,120,775,-1.2159018985253374,-7.371934503438924e-08,-8.267341072239248e-18
53,120,776,-1.2149093255469494,-7.438192517615701e-08,-3.737934007695901e-17
53,120,777,-1.2139167525685615,-7.505998772460519e-08,-2.5195374497928943e-17
53,120,778,-1.2129241795901733,-7.57532309582959e-08,6.524622831305767e-19
53,120,779,-1.2119316066117851,-7.645956415805621e-08,-1.5649092774724594e-17
53,120,780,-1.2109390336333972,-7.717506422179225e-08,-3.2136973108819014e-17
53,120,781,-1.2099464606550092,-7.789401597260023e-08,6.791395712781993e-18
53,120,782,-1.2089538876766213,-7.86090367525571e-08,-2.3849791422844104e-17
53,120,783,-1.207961314698233,-7.931127388610496e-08,-1.5214203349445832e-16
53,120,784,-1.2069687417198451,-7.999067573821456e-08,-1.569589253915376e-17
53,120,785,-1.205976168741457,-8.063631915474084e-08,5.122581209939836e-17
53,120,786,-1.204983595763069,-8.123678273275874e-08,2.076822436359362e-17
53,120,787,-1.203991022784681,-8.178055198129137e-08,-9.301718776493453e-17
53,120,788,-1.2029984498062931,-8.225644181635057e-08,-1.6460752701280325e-16
53,120,789,-1.202005876827905,-8.265401907440303e-08,5.646053550677354e-17
53,120,790,-1.2010133038495168,-8.296400838015135e-08,-1.432635187398447e-17
53,120,791,-1.2000207308711288,-8.317866998332175e-08,1.261596820574039e-17
53,120,792,-1.1990281578927409,-8.329213040042214e-08,-7.154528777315614e-17
53,120,793,-1.198035584914353,-8.330065974491715e-08,-5.77863853437482e-17
53,120,794,-1.1970430119359647,-8.320287717579427e-08,3.992826453666134e-17
53,120,795,-1.1960504389575768,-8.299988512065502e-08,-1.164590885989294e-18
53,120,796,-1.1950578659791886,-8.269532250821719e-08,1.3544199739227157e-17
53,120,797,-1.1940652930008007,-8.229533437122699e-08,-2.707813777776619e-17
53,120,798,-1.1930727200224127,-8.180846122288067e-08,-1.180337156331892e-17
53,120,799,-1.1920801470440248,-8.12454491077958e-08,-9.378403465535106e-17
53,120,800,-1.1910875740656366,-8.061898637766894e-08,7.516073966630994e-17
53,120,801,-1.1900950010872484,-7.994338220400667e-08,6.303982868145062e-17
53,120,802,-1.1891024281088605,-7.923418374211444e-08,9.264462428176855e-17
53,120,803,-1.1881098551304725,-7.85077624412704e-08,1.0897520639445937e-17
53,120,804,-1.1871172821520846,-7.778086668490047e-08,8.209138490602759e-17
53,120,805,-1.1861247091736966,-7.70701668544233e-08,6.983114286959148e-17
53,120,806,-1.1851321361953084,-7.639180286420495e-08,2.9397668541037804e-17
53,120,807,-1.1841395632169203,-7.576094793016654e-08,3.0601944827900923e-17
53,120,808,-1.1831469902385323,-7.519140568992119e-08,3.7665964682612344e-18
53,120,809,-1.1821544172601444,-7.469525107262102e-08,8.795521355048176e-17
53,120,810,-1.1811618442817564,-7.428252442141854e-08,-3.6899553708958765e-17
53,120,811,-1.1801692713033682,-7.396099518499842e-08,-5.037924298972682e-17
53,120,812,-1.1791766983249803,-7.37359890714039e-08,6.110414475987447e-17
53,120,813,-1.1781841253465921,-7.36102963976254e-08,-6.417773498321484e-17
53,120,814,-1.1771915523682042,-7.358415413552496e-08,-8.622536728788304e-18
53,120,815,-1.1761989793898162,-7.365530464791865e-08,-5.0658765658112425e-17
53,120,816,-1.1752064064114283,-7.381912724467409e-08,-2.3180258070847763e-17
53,120,817,-1.17421383343304,-7.406883267973441e-08,3.199905255943334e-17
53,120,818,-1.173221260454652,-7.439572219218763e-08,-1.0201121899333192e-17
53,120,819,-1.172228687476264,-7.478948959958942e-08,4.513125036199612e-17
53,120,820,-1.171236114497876,-7.523856386135956e-08,1.2828255639664317e-16
53,120,821,-1.170243541519488,-7.573047668319529e-08,-5.308158178917002e-17
53,120,822,-1.1692509685410999,-7.625224231249915e-08,-5.3162490583758326e-17
53,120,823,-1.168258395562712,-7.679073855760549e-08,-2.534901591181787e-17
53,120,824,-1.1672658225843238,-7.7333073165939e-08,-1.1255956394019084e-17
53,120,825,-1.1662732496059358,-7.786693144127382e-08,-6.671512189186427e-17
53,120,826,-1.1652806766275479,-7.838088223684843e-08,-2.4609529228974863e-17
53,120,827,-1.16428810364916,-7.886464883732549e-08,-1.0766398450748938e-16
53,120,828,-1.1632955306707717,-7.93093230565011e-08,4.110038587823672e-18
53,120,829,-1.1623029576923836,-7.970752901124072e-08,-6.476393798526581e-17
53,120,830,-1.1613103847139956,-8.005352830175148e-08,-8.475869856481451e-18
53,120,831,-1.1603178117356077,-8.034326203817958e-08,-2.1836395302581266e-17
53,120,832,-1.1593252387572197,-8.057434426450424e-08,-6.314007709292342e-17
53,120,833,-1.1583326657788318,-8.07459928797463e-08,9.070369147328475e-17
53,120,834,-1.1573400928004436,-8.085891861325397e-08,-2.041264182820599e-17
53,120,835,-1.1563475198220554,-8.091517071624716e-08,3.550177015876636e-17
53,120,836,-1.1553549468436675,-8.091794756498298e-08,7.58967538648815e-18
53,120,837,-1.1543623738652795,-8.087138711099468e-08,-5.529472890352493e-17
53,120,838,-1.1533698008868916,-8.07803393054196e-08,8.351652427533107e-17
53,120,839,-1.1523772279085034,-8.065013641089096e-08,4.111796686167048e-17
53,120,840,-1.1513846549301154,-8.048636890585042e-08,8.890087939931733e-17
53,120,841,-1.1503920819517273,-8.029467079511336e-08,-2.903989003737863e-18
53,120,842,-1.1493995089733393,-8.008053398682294e-08,-8.090577997369246e-17
53,120,843,-1.1484069359949514,-7.984914519875874e-08,8.469558662993155e-17
53,120,844,-1.1474143630165634,-7.960526020797557e-08,4.09933749309749e-17
53,120,845,-1.1464217900381752,-7.935311555941467e-08,-7.232392144082643e-17
53,120,846,-1.145429217059787,-7.90963768048312e-08,9.376133106683335e-18
53,120,847,-1.1444366440813991,-7.883813077055482e-08,1.4113546541202798e-17
53,120,848,-1.1434440711030112,-7.85809096624781e-08,-8.887359824380285e-18
53,120,849,-1.1424514981246232,-7.832675550671729e-08,-2.4484605156705468e-17
53,120,850,-1.141458925146235,-7.807730775980952e-08,-3.3433638027061556e-17
53,120,851,-1.140466352167847,-7.783391678231383e-08,7.194272021498957e-18
53,120,852,-1.139473779189459,-7.759777314162193e-08,-1.4021065585619835e-18
53,120,853,-1.138481206211071,-7.737004085605559e-08,-1.2771865029160584e-16
53,120,854,-1.137488633232683,-7.715199791864382e-08,4.5947697928853983e-17
53,120,855,-1.136496060254295,-7.694515819312609e-08,-4.477770077860188e-17
53,120,856,-1.1355034872759069,-7.675138441940258e-08,3.8755358630323e-17
53,120,857,-1.1345109142975187,-7.657297585901285e-08,2.54528407292306e-17
53,120,858,-1.1335183413191308,-7.64127255574315e-08,-1.521862008195778e-18
53,120,859,-1.1325257683407428,-7.627394585500924e-08,6.938316396858144e-17
53,120,860,-1.1315331953623549,-7.616045455816323e-08,7.803509972732466e-17
53,120,861,-1.130540622383967,-7.607652692030151e-08,-1.013495878057924e-17
53,120,862,-1.1295480494055787,-7.602680698942044e-08,-3.579337019819652e-17
53,120,863,-1.1285554764271906,-7.601618216500817e-08,-1.9144720828306193e-17
53,120,864,-1.1275629034488026,-7.604963185394629e-08,4.615784987413494e-17
53,120,865,-1.1265703304704147,-7.613204284765855e-08,1.4011233494910078e-17
53,120,866,-1.1255777574920267,-7.62680097187486e-08,9.362427184661637e-17
53,120,867,-1.1245851845136385,-7.646162516249053e-08,-7.771135252469004e-17
53,120,868,-1.1235926115352506,-7.671625964048426e-08,8.686439815547453e-18
53,120,869,-1.1226000385568624,-7.703435679526896e-08,3.221664440040519e-17
53,120,870,-1.1216074655784745,-7.741723968439258e-08,2.0367528219932483e-17
53,120,871,-1.1206148926000865,-7.786493978004526e-08,1.0627848560116139e-16
53,120,872,-1.1196223196216986,-7.83760636785643e-08,-7.347493144043661e-17
53,120,873,-1.1186297466433104,-7.894769590898267e-08,3.925172223970067e-17
53,120,874,-1.1176371736649222,-7.957534931796723e-08,-5.0503570969399284e-17
53,120,875,-1.1166446006865343,-8.02529667355799e-08,1.9350149431189835e-17
53,120,876,-1.1156520277081463,-8.097297507267448e-08,8.891517640537193e-17
53,120,877,-1.1146594547297584,-8.172639198403203e-08,4.4731576591709995e-18
53,120,878,-1.1136668817513702,-8.250298926296645e-08,6.619535578259033e-17
53,120,879,-1.1126743087729822,-8.329150082487691e-08,7.196045713835698e-17
53,120,880,-1.111681735794594,-8.407987858030879e-08,2.1212412538505106e-17
53,120,881,-1.110689162816206,-8.485558353664769e-08,-8.563138283623008e-17
53,120,882,-1.1096965898378182,-8.560590399312677e-08,2.693041029684126e-18
53,120,883,-1.1087040168594302,-8.631829908969756e-08,-2.086283575650201e-17
53,120,884,-1.107711443881042,-8.698074001364811e-08,-4.4375955233428435e-17
53,120,885,-1.1067188709026539,-8.758205808233953e-08,-1.924083682734568e-17
53,120,886,-1.105726297924266,-8.81122710882381e-08,-1.500969814068798e-17
53,120,887,-1.104733724945878,-8.856288735127075e-08,-6.616878134364452e-17
53,120,888,-1.10374115196749,-8.892717176962583e-08,-3.39846301641917e-17
53,120,889,-1.102748578989102,-8.920036586860844e-08,2.6744598385795276e-17
53,120,890,-1.1017560060107139,-8.937985318896711e-08,-1.7102971663476764e-17
53,120,891,-1.1007634330323257,-8.946526722091811e-08,-3.2615226842024483e-17
53,120,892,-1.0997708600539378,-8.945852839566775e-08,-2.6580704074277984e-17
53,120,893,-1.0987782870755498,-8.93638210644104e-08,-9.703651859880554e-17
53,120,894,-1.0977857140971619,-8.918749758841066e-08,-2.1032974548751e-17
53,120,895,-1.0967931411187737,-8.893791945297417e-08,-6.284944063053749e-17
53,120,896,-1.0958005681403857,-8.862524038728952e-08,-1.3611726764264895e-17
53,120,897,-1.0948079951619976,-8.826113154169431e-08,9.414789023492694e-19
53,120,898,-1.0938154221836096,-8.78584651095378e-08,-5.383121722290915e-17
53,120,899,-1.0928228492052217,-8.743096093329221e-08,-3.8517194415756894e-17
53,120,900,-1.0918302762268337,-8.699280871189216e-08,6.722686164344864e-17
53,120,901,-1.0908377032484455,-8.655828241822482e-08,2.0320084552660428e-17
53,120,902,-1.0898451302700574,-8.614135160621824e-08,-5.4811137270977245e-17
53,120,903,-1.0888525572916694,-8.575530827837522e-08,7.91574044090023e-17
53,120,904,-1.0878599843132815,-8.541242176060737e-08,2.518061409403369e-17
53,120,905,-1.0868674113348935,-8.512362796300327e-08,7.577879552792229e-17
53,120,906,-1.0858748383565053,-8.489826781512398e-08,-6.88813137971818e-17
53,120,907,-1.0848822653781174,-8.474388137314008e-08,9.031026771130835e-18
53,120,908,-1.0838896923997292,-8.466606370649823e-08,-5.951226134342027e-17
53,120,909,-1.0828971194213413,-8.466838732082338e-08,-3.075666690177023e-17
53,120,910,-1.0819045464429533,-8.475239751849266e-08,-7.86607252334182e-17
53,120,911,-1.0809119734645654,-8.491766415501495e-08,2.963408527245678e-17
53,120,912,-1.0799194004861772,-8.516191423153615e-08,5.452581631146799e-18
53,120,913,-1.078926827507789,-8.548121050716667e-08,2.6168535949880966e-17
53,120,914,-1.077934254529401,-8.587019003195067e-08,1.8969875488376518e-17
53,120,915,-1.076941681551013,-8.632234572141352e-08,1.1441784822155879e-17
53,120,916,-1.0759491085726252,-8.683033753167524e-08,5.608722346572198e-17
53,120,917,-1.074956535594237,-8.738632682425475e-08,5.892952235098489e-17
53,120,918,-1.073963962615849,-8.79823186987665e-08,-1.1285779684594115e-18
53,120,919,-1.0729713896374609,-8.861049922861752e-08,4.3252483299330695e-17
53,120,920,-1.071978816659073,-8.926355582659674e-08,-2.0484627547959434e-17
53,120,921,-1.070986243680685,-8.993497064644913e-08,-1.78292660214927e-17
53,120,922,-1.069993670702297,-9.061927203333933e-08,-4.282894414179975e-17
53,120,923,-1.0690010977239088,-9.13122387344328e-08,-1.643861001930444e-18
53,120,924,-1.0680085247455207,-9.201104739736784e-08,5.3580269072043357e-17
53,120,925,-1.0670159517671327,-9.271435924667529e-08,4.640565302451237e-17
53,120,926,-1.0660233787887448,-9.342234668469417e-08,-1.2870942225923606e-17
53,120,927,-1.0650308058103568,-9.413664624315925e-08,-2.3061761773434133e-17
53,120,928,-1.0640382328319689,-9.486026222068147e-08,-2.9599508777435915e-17
53,120,929,-1.0630456598535807,-9.559740272369646e-08,-1.5215272892706975e-17
53,120,930,-1.0620530868751925,-9.635326960396088e-08,-3.9707874150890795e-18
53,120,931,-1.0610605138968046,-9.713381036399736e-08,-1.0301919763770914e-17
53,120,932,-1.0600679409184166,-9.79454297208423e-08,-1.3104512331040827e-16
53,120,933,-1.0590753679400287,-9.879469315691274e-08,1.6135521612608325e-17
53,120,934,-1.0580827949616405,-9.968801633758161e-08,1.010748433910103e-17
53,120,935,-1.0570902219832525,-1.0063136457730186e-07,1.4539397075251523e-17
53,120,936,-1.0560976490048644,-1.0162997212535916e-07,1.903751257823768e-17
53,120,937,-1.0551050760264764,-1.0268809312456451e-07,1.9812241732728244e-17
53,120,938,-1.0541125030480885,-1.0380879321920537e-07,6.219774287386588e-17
53,120,939,-1.0531199300697005,-1.0499380294891073e-07,1.3238564163414463e-16
53,120,940,-1.0521273570913123,-1.0624341918975595e-07,9.071169462823879e-17
53,120,941,-1.0511347841129242,-1.0755648391688996e-07,2.115180810104954e-17
53,120,942,-1.0501422111345362,-1.0893042733824467e-07,1.7349849700350902e-17
53,120,943,-1.0491496381561483,-1.103613778805902e-07,1.317443080294298e-16
53,120,944,-1.0481570651777603,-1.1184434786961823e-07,-9.539642908938349e-17
53,120,945,-1.0471644921993721,-1.1337346978347347e-07,7.07653934952256e-17
53,120,946,-1.0461719192209842,-1.1494229596759174e-07,3.5247053765461224e-18
53,120,947,-1.045179346242596,-1.1654413740825819e-07,9.08254234336481e-18
53,120,948,-1.044186773264208,-1.1817243704560536e-07,1.1249310159084837e-17
53,120,949,-1.04319420028582,-1.1982115905966476e-07,-5.661937274469189e-17
53,120,950,-1.0422016273074322,-1.2148518558447493e-07,4.996645153593696e-17
53,120,951,-1.041209054329044,-1.2316069960041673e-07,5.88075077583069e-17
53,120,952,-1.0402164813506558,-1.2484554249748298e-07,-8.82301777108208e-18
53,120,953,-1.0392239083722679,-1.2653953286850573e-07,-8.334836645619709e-18
53,120,954,-1.03823133539388,-1.2824472239222675e-07,-4.210876587421885e-18
53,120,955,-1.037238762415492,-1.2996560060507388e-07,9.404276157944267e-17
53,120,956,-1.036246189437104,-1.3170920552578449e-07,4.4740545034427087e-17
53,120,957,-1.0352536164587158,-1.3348516703335635e-07,-1.652758063166142e-17
53,120,958,-1.0342610434803277,-1.3530565239394244e-07,-1.853263937200727e-17
53,120,959,-1.0332684705019397,-1.3718522554369239e-07,-1.2432754406642955e-16
53,120,960,-1.0322758975235518,-1.3914062312865604e-07,-1.2910385348812156e-16
53,120,961,-1.0312833245451638,-1.4119044349297122e-07,1.0698524496204228e-16
53,120,962,-1.0302907515667756,-1.4335476308559775e-07,9.932864307545943e-17
53,120,963,-1.0292981785883877,-1.456546981283674e-07,1.0766414768651833e-16
53,120,964,-1.0283056056099995,-1.4811190413129267e-07,-5.085874808036411e-19
53,120,965,-1.0273130326316116,-1.5074805611716577e-07,-4.105024038704269e-18
53,120,966,-1.0263204596532236,-1.5358430802837228e-07,-1.1552734206685936e-16
53,120,967,-1.0253278866748357,-1.56640753168711e-07,6.386924267249471e-17
53,120,968,-1.0243353136964475,-1.5993591654135953e-07,1.2304813994825404e-16
53,120,969,-1.0233427407180593,-1.6348627903123396e-07,7.241226797728573e-17
53,120,970,-1.0223501677396714,-1.6730586901276074e-07,1.6354997986854333e-17
53,120,971,-1.0213575947612834,-1.714059292383803e-07,2.101305646574807e-17
53,120,972,-1.0203650217828955,-1.7579467056305775e-07,2.370058463974077e-17
53,120,973,-1.0193724488045073,-1.804771357910123e-07,2.2661645702445628e-17
53,120,974,-1.0183798758261193,-1.8545516921249277e-07,1.9479791649532277e-17
53,120,975,-1.0173873028477312,-1.9072750532059778e-07,-9.38264938921407e-17
53,120,976,-1.0163947298693432,-1.9628997676046055e-07,-4.023920457460884e-17
53,120,977,-1.0154021568909553,-2.021358368732336e-07,1.2956007777145345e-17
53,120,978,-1.0144095839125673,-2.0825619076166223e-07,-4.727502633280245e-17
53,120,979,-1.0134170109341791,-2.1464052702338317e-07,6.359165154102993e-17
53,120,980,-1.012424437955791,-2.2127733581539542e-07,6.017360557374203e-17
53,120,981,-1.011431864977403,-2.2815479003720455e-07,-1.0963824754625938e-16
53,120,982,-1.010439291999015,-2.3526148627098929e-07,-5.440205693398102e-18
53,120,983,-1.009446719020627,-2.4258719900789356e-07,-4.023634427947895e-18
53,120,984,-1.0084541460422392,-2.50123651999896e-07,-1.1268346600224e-17
53,120,985,-1.007461573063851,-2.578652619053544e-07,9.210351025254294e-17
53,120,986,-1.0064690000854628,-2.6580984471567596e-07,-1.8503598357679757e-17
53,120,987,-1.0054764271070749,-2.7395925064312896e-07,3.303652150146128e-17
53,120,988,-1.004483854128687,-2.823199166115802e-07,-1.384236211222634e-16
53,120,989,-1.003491281150299,-2.909033111702733e-07,-8.229889827354588e-17
53,120,990,-1.0024987081719108,-2.9972625706645405e-07,2.6918569814309502e-17
53,120,991,-1.0015061351935228,-3.0881111874710784e-07,-2.7537914417452367e-17
53,120,992,-1.0005135622151347,-3.181858518158762e-07,-8.243461724972798e-17
53,120,993,-0.9995209892367467,-3.278838981890381e-07,-2.5427365302053674e-17
53,120,994,-0.9985284162583586,-3.3794394182472784e-07,-7.938248893584172e-17
53,120,995,-0.9975358432799707,-3.4840952023779226e-07,-1.9978887654260742e-17
53,120,996,-0.9965432703015826,-3.593285023106248e-07,-1.6535112734479122e-17
53,120,997,-0.9955506973231946,-3.7075245303132313e-07,4.490540218106046e-17
53,120,998,-0.9945581243448066,-3.8273589447901035e-07,-6.228756204354274e-17
53,120,999,-0.9935655513664186,-3.953354866090558e-07,-5.615864766054267e-17
53,120,1000,-0.9925729783880305,-4.086091570183199e-07,5.239269239145839e-18
53,120,1001,-0.9915804054096424,-4.226151970879531e-07,-4.468158020640702e-17
53,120,1002,-0.9905878324312545,-4.374113593423553e-07,-3.918562561219675e-17
53,120,1003,-0.9895952594528664,-4.5305397643937205e-07,7.69626802821971e-17
53,120,1004,-0.9886026864744784,-4.6959713669067205e-07,2.6871368758522776e-17
53,120,1005,-0.9876101134960904,-4.870919350738558e-07,3.050384346316498e-17
53,120,1006,-0.9866175405177023,-5.055858296730699e-07,-2.1578236319619546e-17
53,120,1007,-0.9856249675393143,-5.251221182580499e-07,3.616752468168261e-17
53,120,1008,-0.9846323945609263,-5.457395596829558e-07,3.718573716475956e-17
53,120,1009,-0.9836398215825382,-5.674721464597601e-07,3.6725841142193435e-17
53,120,1010,-0.9826472486041502,-5.903490428746613e-07,1.506009340963637e-16
53,120,1011,-0.9816546756257623,-6.143946915335458e-07,-2.0446375217364768e-17
53,120,1012,-0.9806621026473741,-6.39629081868849e-07,-7.806782054896964e-17
53,120,1013,-0.9796695296689861,-6.660681870152286e-07,8.359465436585319e-17
53,120,1014,-0.9786769566905982,-6.937245441283952e-07,2.4865073952716582e-17
53,120,1015,-0.97768438371221,-7.226079733962011e-07,1.3373138625954229e-16
53,120,1016,-0.976691810733822,-7.527264113287775e-07,1.2408498361585063e-17
53,120,1017,-0.9756992377554341,-7.840868377730785e-07,3.0806899236642455e-18
53,120,1018,-0.9747066647770459,-8.166962688566888e-07,2.279825403654147e-18
53,120,1019,-0.973714091798658,-8.505627922439573e-07,-6.565305775982063e-17
53,120,1020,-0.9727215188202698,-8.856966093521723e-07,4.325443047948965e-17
53,120,1021,-0.9717289458418819,-9.22111064416859e-07,-1.9224299494970444e-17
53,120,1022,-0.9707363728634939,-9.598236219131775e-07,-7.962721039254458e-17
53,120,1023,-0.9697437998851057,-9.988567742374714e-07,-2.81744964070205e-17
53,120,1024,-0.9687512269067178,-1.03923884828395e-06,-8.862879209761607e-17
53,120,1025,-0.9677586539283298,-1.0810046928341822e-06,-1.4668959403424132e-16
53,120,1026,-0.9667660809499417,-1.1241962288345941e-06,-4.041782117734854e-17
53,120,1027,-0.9657735079715537,-1.1688628467184487e-06,-4.6764772306262274e-17
53,120,1028,-0.9647809349931658,-1.2150616419757452e-06,-4.1744425666679897e-17
53,120,1029,-0.9637883620147776,-1.2628574888149445e-06,-4.1238960253316686e-17
53,120,1030,-0.9627957890363896,-1.3123229459686606e-06,-9.580180616629807e-17
53,120,1031,-0.9618032160580015,-1.3635380076560362e-06,-4.157119643736246e-17
53,120,1032,-0.9608106430796135,-1.4165897047730199e-06,7.592085016190167e-17
53,120,1033,-0.9598180701012256,-1.4715715764599648e-06,8.619294937035882e-17
53,120,1034,-0.9588254971228374,-1.5285830252197233e-06,-7.367212104222455e-17
53,120,1035,-0.9578329241444494,-1.5877285866491576e-06,-1.1955498708510205e-17
53,120,1036,-0.9568403511660615,-1.6491171288036842e-06,-3.791803469668468e-18
53,120,1037,-0.9558477781876733,-1.712861016211118e-06,1.05536704637477e-16
53,120,1038,-0.9548552052092854,-1.779075265269258e-06,1.191303574744038e-16
53,120,1039,-0.9538626322308974,-1.8478767141049217e-06,6.134957204037383e-17
53,120,1040,-0.9528700592525092,-1.9193832430686157e-06,-9.395821904629737e-17
53,120,1041,-0.9518774862741213,-1.9937130632883856e-06,-3.538473981767515e-17
53,120,1042,-0.9508849132957333,-2.0709841018409783e-06,3.1592803941059245e-17
53,120,1043,-0.9498923403173452,-2.151313507297436e-06,8.588763471137979e-17
53,120,1044,-0.9488997673389572,-2.234817281748612e-06,2.8229701234773065e-17
53,120,1045,-0.947907194360569,-2.321610065320248e-06,1.4219608926442587e-16
53,120,1046,-0.9469146213821811,-2.4118050717554274e-06,7.988532338555093e-17
53,120,1047,-0.9459220484037931,-2.5055141851402776e-06,-2.1554537709920832e-17
53,120,1048,-0.944929475425405,-2.6028482117083435e-06,3.652585285464687e-17
53,120,1049,-0.943936902447017,-2.70391728400614e-06,2.5909819041820545e-17
53,120,1050,-0.942944329468629,-2.8088314075240015e-06,8.763871495519912e-17
53,120,1051,-0.9419517564902409,-2.9177011308978614e-06,3.7310192767332375e-17
53,120,1052,-0.9409591835118529,-3.0306383301008322e-06,1.2574205377102827e-16
53,120,1053,-0.939966610533465,-3.147757075908373e-06,1.8488574843009892e-17
53,120,1054,-0.9389740375550768,-3.2691745667635234e-06,2.5892589907515598e-17
53,120,1055,-0.9379814645766889,-3.3950121014670403e-06,4.795274017763317e-18
53,120,1056,-0.9369888915983009,-3.5253960663692637e-06,-5.4844755877840725e-17
53,120,1057,-0.9359963186199127,-3.6604589058890736e-06,5.946307492797363e-17
53,120,1058,-0.9350037456415248,-3.8003400598637144e-06,-2.7860717326115875e-19
53,120,1059,-0.9340111726631366,-3.945186834697788e-06,-1.494081400268142e-17
53,120,1060,-0.9330185996847487,-4.0951551959964635e-06,-8.18665555845562e-17
53,120,1061,-0.9320260267063607,-4.250410453390123e-06,-2.307404202446609e-17
53,120,1062,-0.9310334537279725,-4.411127834844221e-06,-1.9839752446870265e-17
53,120,1063,-0.9300408807495846,-4.577492924919992e-06,-1.9763497526272638e-17
53,120,1064,-0.9290483077711966,-4.749701974273737e-06,-2.969999236027177e-17
53,120,1065,-0.9280557347928085,-4.92796206198027e-06,-3.2245924213790093e-17
53,120,1066,-0.9270631618144205,-5.11249112399036e-06,-1.6955083202867594e-17
53,120,1067,-0.9260705888360325,-5.303517846257474e-06,-4.640880510869004e-17
53,120,1068,-0.9250780158576444,-5.501281431624799e-06,-1.1376066274514716e-16
53,120,1069,-0.9240854428792564,-5.7060312608675095e-06,-2.0470725644414472e-17
53,120,1070,-0.9230928699008685,-5.918026447801107e-06,-6.598481441474478e-17
53,120,1071,-0.9221002969224803,-6.137535325195114e-06,-1.3684932885059565e-17
53,120,1072,-0.9211077239440923,-6.364834869265617e-06,4.284839818675467e-18
53,120,1073,-0.9201151509657042,-6.600210090563376e-06,-1.2320797555731309e-17
53,120,1074,-0.9191225779873162,-6.843953411095176e-06,-1.4594292900368262e-17
53,120,1075,-0.9181300050089283,-7.096364050800917e-06,-2.6734182861027662e-18
53,120,1076,-0.9171374320305401,-7.35774744923383e-06,3.72111010453287e-17
53,120,1077,-0.9161448590521521,-7.6284147363913315e-06,-2.7611256893028306e-18
53,120,1078,-0.9151522860737642,-7.908682277720989e-06,2.0168630981738885e-17
53,120,1079,-0.914159713095376,-8.198871307600976e-06,-5.792934486051556e-17
53,120,1080,-0.9131671401169881,-8.499307664724255e-06,6.929358129984432e-17
53,120,1081,-0.9121745671386001,-8.810321640800901e-06,1.1668489519631542e-16
53,120,1082,-0.911181994160212,-9.132247952945158e-06,7.249422661643195e-18
53,120,1083,-0.910189421181824,-9.465425839529863e-06,2.2285737690036106e-18
53,120,1084,-0.909196848203436,-9.810199282593343e-06,-3.0127399662842693e-18
53,120,1085,-0.9082042752250479,-1.0166917356138198e-05,4.77756598358162e-17
53,120,1086,-0.9072117022466599,-1.053593469190958e-05,-1.321100755951366e-17
53,120,1087,-0.9062191292682718,-1.0917612055379107e-05,-4.696572311328976e-18
53,120,1088,-0.9052265562898838,-1.1312317022908164e-05,-2.9121841098210667e-18
53,120,1089,-0.9042339833114958,-1.1720424743857947e-05,-1.532747350945036e-17
53,120,1090,-0.9032414103331077,-1.2142318775046585e-05,-1.3657205959554086e-17
53,120,1091,-0.9022488373547197,-1.2578391974196012e-05,-7.488219919272949e-17
53,120,1092,-0.9012562643763318,-1.302904742809103e-05,-3.163802787246441e-17
53,120,1093,-0.9002636913979436,-1.3494699411941703e-05,-2.2919007640747185e-18
53,120,1094,-0.8992711184195556,-1.3975774347873197e-05,-7.757259582487606e-17
53,120,1095,-0.8982785454411677,-1.4472711762788138e-05,-6.615208385268483e-18
53,120,1096,-0.8972859724627795,-1.4985965217691099e-05,-1.1675258779039415e-16
53,120,1097,-0.8962933994843916,-1.55160032063641e-05,-1.103406094346663e-17
53,120,1098,-0.8953008265060036,-1.6063310004139108e-05,-2.6042289483312367e-18
53,120,1099,-0.8943082535276154,-1.6628386464189956e-05,-8.775816597077367e-18
53,120,1100,-0.8933156805492275,-1.7211750746715623e-05,-8.410966558074704e-19
53,120,1101,-0.8923231075708393,-1.781393898608883e-05,-4.205450570125129e-17
53,120,1102,-0.8913305345924514,-1.843550588057608e-05,-4.1515956091360376e-17
53,120,1103,-0.8903379616140634,-1.907702521578028e-05,-4.140133382077234e-17
53,120,1104,-0.8893453886356752,-1.973909031396777e-05,-4.152516444501619e-17
53,120,1105,-0.8883528156572873,-2.042231441690624e-05,1.4154471493047014e-17
53,120,1106,-0.8873602426788993,-2.1127331003901388e-05,2.7218586707319498e-17
53,120,1107,-0.8863676697005112,-2.1854794051668603e-05,3.995856229290181e-17
53,120,1108,-0.8853750967221232,-2.2605378242370264e-05,2.4376722268770274e-17
53,120,1109,-0.8843825237437353,-2.337977912515462e-05,-1.9190626736885593e-17
53,120,1110,-0.8833899507653471,-2.4178713241625298e-05,2.055214163379023e-17
53,120,1111,-0.8823973777869591,-2.5002918220101765e-05,1.7964420327213124e-17
53,120,1112,-0.8814048048085712,-2.5853152849027026e-05,3.572378045360996e-17
53,120,1113,-0.880412231830183,-2.6730197133152836e-05,1.1486258546745463e-17
53,120,1114,-0.8794196588517951,-2.763485234443507e-05,1.4900134029931153e-17
53,120,1115,-0.8784270858734069,-2.8567941069672448e-05,2.5507908354357495e-17
53,120,1116,-0.877434512895019,-2.953030726384866e-05,-6.486150616774636e-18
53,120,1117,-0.876441939916631,-3.052281631239816e-05,5.942273795049455e-17
53,120,1118,-0.8754493669382428,-3.1546355109653874e-05,-2.0706689734750118e-17
53,120,1119,-0.8744567939598549,-3.2601832153272005e-05,-2.4644069375147778e-17
53,120,1120,-0.8734642209814669,-3.369017766586983e-05,-1.3954240437295124e-16
53,120,1121,-0.8724716480030787,-3.481234373651506e-05,8.716431182829354e-17
53,120,1122,-0.8714790750246908,-3.5969304495653214e-05,3.5450904724048566e-17
53,120,1123,-0.8704865020463028,-3.7162056317250486e-05,-3.640313530144172e-17
53,120,1124,-0.8694939290679147,-3.839161805838164e-05,4.531747172539012e-17
53,120,1125,-0.8685013560895267,-3.965903133174361e-05,3.023204848784125e-17
53,120,1126,-0.8675087831111388,-4.0965360818093114e-05,-7.494757602032746e-17
53,120,1127,-0.8665162101327506,-4.231169461972675e-05,-2.6123053104246775e-17
53,120,1128,-0.8655236371543626,-4.369914465793852e-05,-6.014195991449769e-17
53,120,1129,-0.8645310641759745,-4.5128847115581836e-05,-3.0799754768996257e-18
53,120,1130,-0.8635384911975865,-4.6601962931430146e-05,-2.1808641970884328e-17
53,120,1131,-0.8625459182191986,-4.811967834343211e-05,8.505090864293963e-18
53,120,1132,-0.8615533452408104,-4.968320548800912e-05,-1.6226445887981367e-17
53,120,1133,-0.8605607722624224,-5.12937830564946e-05,-1.0293285120328152e-16
53,120,1134,-0.8595681992840345,-5.295267700874761e-05,5.82558034843793e-18
53,120,1135,-0.8585756263056463,-5.466118134789e-05,-1.0602292714890998e-17
53,120,1136,-0.8575830533272584,-5.642061895469427e-05,-3.360422537037317e-17
53,120,1137,-0.8565904803488704,-5.8232342482665194e-05,-1.1220251956604704e-16
53,120,1138,-0.8555979073704822,-6.009773531209193e-05,4.6039828049110766e-17
53,120,1139,-0.8546053343920943,-6.201821255956756e-05,9.138779765871665e-18
53,120,1140,-0.8536127614137063,-6.399522214057505e-05,7.641045678773243e-17
53,120,1141,-0.8526201884353182,-6.603024588060825e-05,-1.668466211752929e-17
53,120,1142,-0.8516276154569302,-6.8124800665842e-05,1.3367301203153696e-16
53,120,1143,-0.850635042478542,-7.028043962972432e-05,4.5390094663740954e-18
53,120,1144,-0.8496424695001541,-7.249875336244774e-05,8.4221223772249e-17
53,120,1145,-0.8486498965217661,-7.478137113856196e-05,5.881564942085288e-17
53,120,1146,-0.847657323543378,-7.712996214758579e-05,6.715280661480837e-17
53,120,1147,-0.84666475056499,-7.954623671995045e-05,-8.443533326781782e-18
53,120,1148,-0.8456721775866021,-8.203194753454269e-05,1.2946259660039182e-17
53,120,1149,-0.8446796046082139,-8.458889080081668e-05,-8.733059616979084e-18
53,120,1150,-0.843687031629826,-8.721890739630849e-05,-3.766647716983453e-17
53,120,1151,-0.842694458651438,-8.992388396216779e-05,7.901200387498183e-17
53,120,1152,-0.8417018856730498,-9.270575393220711e-05,4.183617727601824e-17
53,120,1153,-0.8407093126946619,-9.556649850348656e-05,4.5912334109547826e-17
53,120,1154,-0.8397167397162739,-9.850814752988428e-05,6.372597943313887e-17
53,120,1155,-0.8387241667378857,-0.00010153278034242657,-6.538566038332619e-17
53,120,1156,-0.8377315937594978,-0.00010464252649110929,-1.3744857222209874e-17
53,120,1157,-0.8367390207811096,-0.0001078395664118027,3.795174692913991e-17
53,120,1158,-0.8357464478027217,-0.00011112613201666952,-5.676328922954371e-17
53,120,1159,-0.8347538748243337,-0.00011450450722066754,-9.564832618108656e-17
53,120,1160,-0.8337613018459455,-0.00011797702840531701,2.5795774917822373e-17
53,120,1161,-0.8327687288675576,-0.00012154608483424627,6.381427824956168e-17
53,120,1162,-0.8317761558891696,-0.00012521411903311093,-2.32422050252396e-17
53,120,1163,-0.8307835829107815,-0.00012898362714477214,-5.361683167530947e-18
53,120,1164,-0.8297910099323935,-0.00013285715927948842,-1.497775786187239e-17
53,120,1165,-0.8287984369540056,-0.00013683731987431327,-3.4363116389329078e-18
53,120,1166,-0.8278058639756174,-0.0001409267680783887,-5.0984432847897025e-18
53,120,1167,-0.8268132909972294,-0.00014512821818340882,7.508021960510587e-18
53,120,1168,-0.8258207180188415,-0.00014944444011335373,-6.301275297890116e-17
53,120,1169,-0.8248281450404533,-0.00015387825999150853,-7.407090942575968e-18
53,120,1170,-0.8238355720620654,-0.0001584325607976422,-7.31963331753498e-18
53,120,1171,-0.8228429990836772,-0.00016311028312538753,7.149087403130581e-18
53,120,1172,-0.8218504261052892,-0.00016791442605436832,4.965527999137308e-17
53,120,1173,-0.8208578531269013,-0.00017284804813805918,-1.8717562692255778e-17
53,120,1174,-0.8198652801485131,-0.00017791426851621164,1.0494151947726757e-17
53,120,1175,-0.8188727071701252,-0.00018311626814942653,-1.2707688541259036e-16
53,120,1176,-0.8178801341917372,-0.00018845729117383014,4.1854917819489536e-17
53,120,1177,-0.816887561213349,-0.00019394064637032294,2.954218823108485e-17
53,120,1178,-0.8158949882349611,-0.00019956970873930458,-5.204590549989555e-17
53,120,1179,-0.8149024152565731,-0.00020534792116727572,-5.038320334512683e-17
53,120,1180,-0.813909842278185,-0.0002112787961730607,4.8639551954593274e-17
53,120,1181,-0.812917269299797,-0.00021736591771457506,5.0186356577271166e-17
53,120,1182,-0.8119246963214091,-0.00022361294303840386,9.76500422909268e-18
53,120,1183,-0.8109321233430209,-0.0002300236045519165,-7.263327289492196e-17
53,120,1184,-0.8099395503646329,-0.0002366017116993236,3.9969691973999454e-17
53,120,1185,-0.8089469773862448,-0.0002433511528184428,1.1043408832656486e-16
53,120,1186,-0.8079544044078568,-0.0002502758969619023,-4.206253552990161e-17
53,120,1187,-0.8069618314294689,-0.00025737999566163784,-5.5407945945961695e-17
53,120,1188,-0.8059692584510807,-0.00026466758462249197,5.64478140449477e-17
53,120,1189,-0.8049766854726927,-0.000272142885331452,2.907458959076602e-17
53,120,1190,-0.8039841124943048,-0.00027981020656881925,1.4848992169822746e-18
53,120,1191,-0.8029915395159166,-0.0002876739458184587,7.137990107404538e-17
53,120,1192,-0.8019989665375287,-0.0002957385905683752,2.1504898043231573e-18
53,120,1193,-0.8010063935591407,-0.00030400871950559853,4.438126223385358e-17
53,120,1194,-0.8000138205807525,-0.0003124890036069944,8.668579203447814e-17
53,120,1195,-0.7990212476023646,-0.00032118420713305086,-1.0149974365585337e-17
53,120,1196,-0.7980286746239766,-0.00033009918853938683,-2.3439121767299982e-17
53,120,1197,-0.7970361016455885,-0.0003392389013141239,3.3236732137355066e-17
53,120,1198,-0.7960435286672005,-0.0003486083947652134,3.412481788312005e-17
53,120,1199,-0.7950509556888123,-0.0003582128147709229,4.9370687169714016e-17
53,120,1200,-0.7940583827104244,-0.0003680574045203236,-7.490409344727306e-17
53,120,1201,-0.7930658097320364,-0.00037814750526126177,-3.168165228039949e-17
53,120,1202,-0.7920732367536483,-0.00038848855708185437,3.9380723646035144e-17
53,120,1203,-0.7910806637752603,-0.00039908609974616136,-7.07328989897451e-17
53,120,1204,-0.7900880907968724,-0.00040994577360530535,6.98962746550288e-17
53,120,1205,-0.7890955178184842,-0.000421073320604718,1.597375175722572e-18
53,120,1206,-0.7881029448400962,-0.0004324745854028012,-2.526477144987109e-17
53,120,1207,-0.7871103718617083,-0.0004441555166175974,1.760941658612991e-17
53,120,1208,-0.7861177988833201,-0.0004561221682091072,-3.7483878080261306e-17
53,120,1209,-0.7851252259049322,-0.0004683807010076038,-9.44368690807126e-18
53,120,1210,-0.7841326529265442,-0.00048093738438783246,6.029403000968193e-17
53,120,1211,-0.783140079948156,-0.0004937985980900376,4.5930180691415987e-17
53,120,1212,-0.7821475069697681,-0.000506970834180674,3.2781169646273577e-18
53,120,1213,-0.7811549339913799,-0.0005204606991445485,-3.9741618060463355e-17
53,120,1214,-0.780162361012992,-0.0005342749160949238,8.403922607397587e-17
53,120,1215,-0.779169788034604,-0.0005484203270832091,9.585473588152454e-17
53,120,1216,-0.7781772150562158,-0.0005629038954925557,-1.8011609827777377e-17
53,120,1217,-0.7771846420778279,-0.0005777327084884544,-6.925239546558945e-18
53,120,1218,-0.7761920690994399,-0.0005929139795076999,-2.3912959341937185e-17
53,120,1219,-0.7751994961210518,-0.0006084550507581513,2.8362960716907365e-17
53,120,1220,-0.7742069231426638,-0.0006243633957064163,-3.0058744823059975e-18
53,120,1221,-0.7732143501642759,-0.0006406466215286302,7.316135788498304e-18
53,120,1222,-0.7722217771858877,-0.0006573124715034965,-2.4210298979822094e-17
53,120,1223,-0.7712292042074997,-0.0006743688273240725,-6.958842555572013e-17
53,120,1224,-0.7702366312291118,-0.0006918237113159005,-3.132402301862262e-17
53,120,1225,-0.7692440582507236,-0.0007096852885406131,7.316121552582786e-18
53,120,1226,-0.7682514852723357,-0.0007279618687797207,-3.732799441681513e-17
53,120,1227,-0.7672589122939475,-0.0007466619083895855,-6.767521610172393e-17
53,120,1228,-0.7662663393155595,-0.0007657940120257143,-1.3925414741952435e-17
53,120,1229,-0.7652737663371716,-0.0007853669342380195,-5.705633634964102e-17
53,120,1230,-0.7642811933587834,-0.000805389580945744,-4.4054803908994965e-17
53,120,1231,-0.7632886203803955,-0.0008258710107983162,-8.604533422878818e-17
53,120,1232,-0.7622960474020075,-0.0008468204364415544,-2.991263656224305e-17
53,120,1233,-0.7613034744236193,-0.0008682472257026548,-7.060037877033209e-17
53,120,1234,-0.7603109014452314,-0.0008901609027169629,1.4631468788112056e-17
53,120,1235,-0.7593183284668434,-0.0009125711490169385,-8.05831288079467e-17
53,120,1236,-0.7583257554884553,-0.0009354878046104875,-8.078185049762648e-18
53,120,1237,-0.7573331825100673,-0.0009589208690697238,-4.6509650526468485e-17
53,120,1238,-0.7563406095316794,-0.0009828805026568252,-1.48796601142389e-17
53,120,1239,-0.7553480365532912,-0.0010073770275097762,-2.4718764054603187e-17
53,120,1240,-0.7543554635749032,-0.0010324209289124258,-3.426708755164232e-17
53,120,1241,-0.7533628905965151,-0.0010580228566632929,-1.8820462815412642e-18
53,120,1242,-0.7523703176181271,-0.0010841936265654295,-3.907592315404963e-17
53,120,1243,-0.7513777446397392,-0.001110944222049469,7.22791303392199e-18
53,120,1244,-0.750385171661351,-0.0011382857959355563,-1.6246747283028315e-17
53,120,1245,-0.749392598682963,-0.0011662296723446038,1.8325935705948353e-18
53,120,1246,-0.7484000257045751,-0.0011947873487576045,4.7416360066537827e-17
53,120,1247,-0.7474074527261869,-0.0012239704982187488,-3.278828597349304e-17
53,120,1248,-0.746414879747799,-0.0012537909716773125,-2.065579907693906e-18
53,120,1249,-0.745422306769411,-0.0012842608004541157,2.810723900675709e-17
53,120,1250,-0.7444297337910228,-0.0013153921988195104,1.969677949541395e-16
53,120,1251,-0.7434371608126349,-0.001347197566664036,5.87393237546018e-17
53,120,1252,-0.7424445878342469,-0.0013796894922395238,7.308134270822145e-17
53,120,1253,-0.7414520148558588,-0.0014128807549505505,3.1988226040356522e-18
53,120,1254,-0.7404594418774708,-0.0014467843281697878,-6.734405871534729e-17
53,120,1255,-0.7394668688990826,-0.0014814133820536066,8.44071796846171e-17
53,120,1256,-0.7384742959206947,-0.001516781286334887,6.839932361210132e-17
53,120,1257,-0.7374817229423067,-0.0015529016130673063,6.583486116755779e-17
53,120,1258,-0.7364891499639186,-0.0015897881393023062,-2.0785063841748704e-17
53,120,1259,-0.7354965769855306,-0.001627454849677142,-6.597172168471868e-17
53,120,1260,-0.7345040040071427,-0.0016659159388998392,-1.391339421818393e-17
53,120,1261,-0.7335114310287545,-0.0017051858141161969,3.791515737362177e-17
53,120,1262,-0.7325188580503665,-0.0017452790971510615,-6.36080724729195e-17
53,120,1263,-0.7315262850719786,-0.0017862106266170932,8.559191531460577e-17
53,120,1264,-0.7305337120935904,-0.0018279954598919733,-2.980874060100725e-17
53,120,1265,-0.7295411391152025,-0.0018706488749637414,-4.752520358069055e-17
53,120,1266,-0.7285485661368145,-0.0019141863721539472,6.03259813086192e-17
53,120,1267,-0.7275559931584263,-0.0019586236757275326,7.094900872427736e-17
53,120,1268,-0.7265634201800384,-0.0020039767354025763,1.2275303822709118e-17
53,120,1269,-0.7255708472016502,-0.002050261727777706,-3.1997718224406964e-17
53,120,1270,-0.7245782742232623,-0.002097495057694861,-6.203512354289179e-17
53,120,1271,-0.7235857012448743,-0.0021456933595579526,-2.1800347965851377e-17
53,120,1272,-0.7225931282664861,-0.0021948734986302816,6.065367886323587e-17
53,120,1273,-0.7216005552880982,-0.002245052572329449,-6.542219555011883e-17
53,120,1274,-0.7206079823097102,-0.002296247911544829,-9.843840745684274e-18
53,120,1275,-0.7196154093313221,-0.0023484770819948786,3.230348157447842e-17
53,120,1276,-0.7186228363529341,-0.0024017578856471884,-2.2644610910460007e-17
53,120,1277,-0.7176302633745462,-0.0024561083622132228,-7.717016959271549e-17
53,120,1278,-0.716637690396158,-0.002511546790736282,9.144680716185331e-17
53,120,1279,-0.71564511741777,-0.0025680916912825206,3.763867732427741e-17
53,120,1280,-0.7146525444393819,-0.002625761826742484,-9.95249315058688e-17
53,120,1281,-0.7136599714609939,-0.0026845762047484688,-2.751513908395712e-17
53,120,1282,-0.712667398482606,-0.0027445540797092103,2.8025501554790577e-18
53,120,1283,-0.7116748255042178,-0.0028057149549596152,6.110327461620207e-17
53,120,1284,-0.7106822525258298,-0.0028680785850176797,-8.950832593517877e-17
53,120,1285,-0.7096896795474419,-0.0029316649779449052,3.8464327281068275e-17
53,120,1286,-0.7086971065690537,-0.0029964943977912805,-2.866050261334681e-17
53,120,1287,-0.7077045335906658,-0.003062587367118439,9.921738601086774e-17
53,120,1288,-0.7067119606122778,-0.003129964669580101,1.7914294085612362e-17
53,120,1289,-0.7057193876338896,-0.0031986473525433623,6.165732074087869e-18
53,120,1290,-0.7047268146555017,-0.0032686567297337582,4.97952640680819e-17
53,120,1291,-0.7037342416771137,-0.0033400143838852106,-4.255651056169973e-18
53,120,1292,-0.7027416686987256,-0.003412742169373442,1.1036665735152122e-17
53,120,1293,-0.7017490957203376,-0.0034868622148200553,1.2145711361193181e-17
53,120,1294,-0.7007565227419494,-0.0035623969256443795,1.2984814523566471e-17
53,120,1295,-0.6997639497635615,-0.003639368986552675,-6.987914477112104e-17
53,120,1296,-0.6987713767851735,-0.003717801363947728,1.389503009388878e-17
53,120,1297,-0.6977788038067854,-0.0037977173082499355,4.424271781271714e-21
53,120,1298,-0.6967862308283974,-0.003879140356117718,6.962990432341414e-17
53,120,1299,-0.6957936578500095,-0.0039620943325644,1.3508434703360151e-17
53,120,1300,-0.6948010848716213,-0.004046603352962674,-1.2655104723665256e-16
53,120,1301,-0.6938085118932333,-0.004132691824939666,2.590201575829916e-17
53,120,1302,-0.6928159389148454,-0.004220384450160838,2.4866578354522015e-17
53,120,1303,-0.6918233659364572,-0.004309706226004483,3.7734475548954006e-17
53,120,1304,-0.6908307929580693,-0.0044006824471338,-3.32739503252875e-17
53,120,1305,-0.6898382199796813,-0.004493338706972557,-7.629301761412625e-17
53,120,1306,-0.6888456470012931,-0.004587700899091986,3.375674904356918e-17
53,120,1307,-0.6878530740229052,-0.004683795218517832,-3.729683466240438e-17
53,120,1308,-0.686860501044517,-0.004781648162967418,5.877269981472988e-17
53,120,1309,-0.6858679280661291,-0.00488128653402903,1.4377140144600468e-18
53,120,1310,-0.6848753550877411,-0.004982737438291292,-6.946140642946321e-17
53,120,1311,-0.6838827821093529,-0.00508602828843402,-1.2699891290548626e-18
53,120,1312,-0.682890209130965,-0.005191186804293523,-2.4189362193347606e-18
53,120,1313,-0.681897636152577,-0.005298241013906371,-5.930938846832458e-17
53,120,1314,-0.6809050631741889,-0.005407219254545336,-1.863479632845635e-17
53,120,1315,-0.6799124901958009,-0.005518150173753533,5.0141921341932573e-17
53,120,1316,-0.678919917217413,-0.005631062730383313,6.325722420843108e-17
53,120,1317,-0.6779273442390248,-0.00574598619564651,4.8614339884136163e-17
53,120,1318,-0.6769347712606368,-0.005862950154181489,-4.9294985538439055e-17
53,120,1319,-0.6759421982822489,-0.005981984505140582,4.801689419633788e-17
53,120,1320,-0.6749496253038607,-0.00610311946330054,-2.184018188626041e-17
53,120,1321,-0.6739570523254728,-0.006226385560199863,-6.335776565049904e-17
53,120,1322,-0.6729644793470846,-0.006351813645302638,7.607265192657794e-17
53,120,1323,-0.6719719063686966,-0.006479434887192523,-3.494818537149569e-17
53,120,1324,-0.6709793333903087,-0.006609280774794512,-2.0312239426766064e-17
53,120,1325,-0.6699867604119205,-0.006741383118626906,-7.53272386381425e-17
53,120,1326,-0.6689941874335326,-0.00687577405208072,5.078417867377698e-17
53,120,1327,-0.6680016144551446,-0.007012486032729124,1.0082608689473454e-17
53,120,1328,-0.6670090414767564,-0.007151551843661473,-1.6754779921575942e-17
53,120,1329,-0.6660164684983685,-0.007293004594845755,-1.5506244931798994e-16
53,120,1330,-0.6650238955199805,-0.007436877724512073,-2.867294438096233e-17
53,120,1331,-0.6640313225415924,-0.007583205000560071,5.614991296685943e-17
53,120,1332,-0.6630387495632044,-0.007732020521983137,-6.825169182747721e-17
53,120,1333,-0.6620461765848165,-0.007883358720310365,-9.51254967356582e-17
53,120,1334,-0.6610536036064283,-0.008037254361058833,-2.4616411286272618e-17
53,120,1335,-0.6600610306280403,-0.008193742545192093,-1.074978873027808e-16
53,120,1336,-0.6590684576496522,-0.008352858710581071,-9.297743991550405e-17
53,120,1337,-0.6580758846712642,-0.008514638633458116,-3.681210920584838e-17
53,120,1338,-0.6570833116928763,-0.008679118429858329,-6.44585671395131e-17
53,120,1339,-0.6560907387144881,-0.008846334557038074,4.701186843524827e-17
53,120,1340,-0.6550981657361001,-0.009016323814860961,-8.780351663556425e-18
53,120,1341,-0.6541055927577122,-0.009189123347142471,-9.268357141317441e-17
53,120,1342,-0.653113019779324,-0.009364770642938112,-9.735150391604645e-18
53,120,1343,-0.6521204468009361,-0.00954330353776559,-6.612580946820128e-17
53,120,1344,-0.6511278738225481,-0.009724760214745793,1.0000168483898961e-16
53,120,1345,-0.6501353008441599,-0.00990917920565287,-1.2442893110463013e-17
53,120,1346,-0.649142727865772,-0.010096599391854357,-1.1106699180266357e-16
53,120,1347,-0.648150154887384,-0.010287060005135214,-4.2651954721529925e-17
53,120,1348,-0.6471575819089959,-0.01048060062838949,6.75989865161634e-17
53,120,1349,-0.6461650089306079,-0.01067726119616862,5.2342702578784307e-17
53,120,1350,-0.6451724359522197,-0.0108770819950796,9.309245538382272e-18
53,120,1351,-0.6441798629738318,-0.011080103664021405,8.369193748291088e-18
53,120,1352,-0.6431872899954438,-0.01128636719425893,7.305027895506932e-18
53,120,1353,-0.6421947170170557,-0.011495913929325963,9.008538737175624e-17
53,120,1354,-0.6412021440386677,-0.01170878556476037,5.870668710507537e-18
53,120,1355,-0.6402095710602798,-0.01192502414767405,1.919471649827506e-17
53,120,1356,-0.6392169980818916,-0.012144672076160719,4.6980496484564454e-17
53,120,1357,-0.6382244251035036,-0.012367772098551439,-7.80505059980574e-17
53,120,1358,-0.6372318521251157,-0.012594367312532134,6.16774903713959e-17
53,120,1359,-0.6362392791467275,-0.012824501164130463,-9.108687151206239e-17
53,120,1360,-0.6352467061683396,-0.013058217446597787,-2.047132200854741e-17
53,120,1361,-0.6342541331899516,-0.01329556029919983,-5.1322295118389184e-18
53,120,1362,-0.6332615602115634,-0.013536574205937213,9.39286771688776e-17
53,120,1363,-0.6322689872331755,-0.013781303994223002,2.6052366964474664e-17
53,120,1364,-0.6312764142547873,-0.014029794833534046,-4.97288637667974e-20
53,120,1365,-0.6302838412763994,-0.01428209223406688,-5.377627793103194e-17
53,120,1366,-0.6292912682980114,-0.014538242045416337,-1.0048510708098839e-17
53,120,1367,-0.6282986953196232,-0.014798290455299509,-4.9634480105050665e-17
53,120,1368,-0.6273061223412353,-0.015062283988348073,8.147587983115621e-18
53,120,1369,-0.6263135493628473,-0.015330269504985306,2.355946512004996e-17
53,120,1370,-0.6253209763844592,-0.015602294200403917,3.919736485922895e-17
53,120,1371,-0.6243284034060712,-0.015878405603654163,1.1762200101958602e-16
53,120,1372,-0.6233358304276833,-0.016158651576853957,-6.256668645413948e-17
53,120,1373,-0.6223432574492951,-0.016443080314521075,-4.0733285666794564e-17
53,120,1374,-0.6213506844709071,-0.016731740343029933,7.121958393493678e-17
53,120,1375,-0.6203581114925192,-0.017024680520184365,1.550739283666582e-17
53,120,1376,-0.619365538514131,-0.017321950034900377,5.0110734184053635e-17
53,120,1377,-0.6183729655357431,-0.017623598406981265,3.522906139194029e-17
53,120,1378,-0.6173803925573549,-0.017929675486970102,6.904137051972944e-17
53,120,1379,-0.6163878195789669,-0.01824023145605456,4.692031706375557e-17
53,120,1380,-0.615395246600579,-0.018555316826002213,-4.560019253507285e-17
53,120,1381,-0.6144026736221908,-0.01887498243909686,4.94853672927515e-17
53,120,1382,-0.6134101006438029,-0.019199279468045994,1.2615685124922678e-17
53,120,1383,-0.6124175276654149,-0.019528259415831164,1.0717881137464721e-16
53,120,1384,-0.6114249546870267,-0.019861974115468323,-1.3681503958787614e-17
53,120,1385,-0.6104323817086388,-0.020200475729649035,1.098208599000541e-17
53,120,1386,-0.6094398087302508,-0.020543816750232854,-2.667092098179286e-17
53,120,1387,-0.6084472357518627,-0.020892049997566248,1.9663430600875423e-17
53,120,1388,-0.6074546627734747,-0.02124522861959972,-2.46961977994364e-17
53,120,1389,-0.6064620897950868,-0.02160340609078937,-1.3357408651516544e-17
53,120,1390,-0.6054695168166986,-0.02196663621076017,-7.80578128470123e-17
53,120,1391,-0.6044769438383106,-0.02233497310272469,-1.7027467526298148e-17
53,120,1392,-0.6034843708599225,-0.022708471211646264,-9.493114776569406e-17
53,120,1393,-0.6024917978815345,-0.02308718530214798,9.947440639944145e-17
53,120,1394,-0.6014992249031466,-0.023471170456169935,-1.2498114225418295e-17
53,120,1395,-0.6005066519247584,-0.023860482070382726,-6.834395185065746e-17
53,120,1396,-0.5995140789463704,-0.024255175853368168,-9.530826392801972e-17
53,120,1397,-0.5985215059679825,-0.024655307822592433,-3.174300576627963e-17
53,120,1398,-0.5975289329895943,-0.025060934301181215,-5.116163904641861e-17
53,120,1399,-0.5965363600112064,-0.025472111914530932,-8.404691886833055e-17
53,120,1400,-0.5955437870328184,-0.025888897586777582,-1.0277261865448244e-16
53,120,1401,-0.5945512140544302,-0.026311348537153854,-7.927662698866356e-17
53,120,1402,-0.5935586410760423,-0.026739522276260575,6.8925979182905655e-18
53,120,1403,-0.5925660680976543,-0.027173476602287937,-3.200339399283703e-17
53,120,1404,-0.5915734951192662,-0.027613269597204865,-4.291312870388499e-17
53,120,1405,-0.5905809221408782,-0.028058959622952743,7.147043131458276e-17
53,120,1406,-0.58958834916249,-0.02851060531766148,3.254078455293265e-17
53,120,1407,-0.5885957761841021,-0.02896826559190943,4.216623086507281e-17
53,120,1408,-0.5876032032057141,-0.02943199962504637,-6.683905269910095e-17
53,120,1409,-0.586610630227326,-0.029901866861589906,-1.5961442738716623e-17
53,120,1410,-0.585618057248938,-0.030377927007704943,2.0786886238305237e-17
53,120,1411,-0.58462548427055,-0.030860240027769804,9.187043923861662e-17
53,120,1412,-0.5836329112921619,-0.031348866141027006,1.345616405440269e-16
53,120,1413,-0.5826403383137739,-0.03184386581831487,-1.8013548746570632e-17
53,120,1414,-0.581647765335386,-0.0323452997788679,-6.673792378144186e-17
53,120,1415,-0.5806551923569978,-0.03285322898717424,8.612490807602867e-17
53,120,1416,-0.5796626193786099,-0.03336771464987156,2.2807420377129288e-17
53,120,1417,-0.5786700464002219,-0.03388881821266191,-1.315430296978923e-16
53,120,1418,-0.5776774734218337,-0.034416601357223756,1.3227596535646576e-17
53,120,1419,-0.5766849004434458,-0.034951125998097465,8.120286941756953e-17
53,120,1420,-0.5756923274650576,-0.03549245427952148,5.1370634404575486e-17
53,120,1421,-0.5746997544866697,-0.036040648572192385,1.4420815818694802e-17
53,120,1422,-0.5737071815082817,-0.03659577146993172,-5.044569508311506e-17
53,120,1423,-0.5727146085298935,-0.03715788578623281,9.937313420699117e-18
53,120,1424,-0.5717220355515056,-0.03772705455067303,8.899354440362262e-19
53,120,1425,-0.5707294625731176,-0.03830334100517554,-8.110182000284541e-18
53,120,1426,-0.5697368895947295,-0.03888680860010549,-3.093101360718932e-17
53,120,1427,-0.5687443166163415,-0.03947752099019681,-1.092429993348748e-16
53,120,1428,-0.5677517436379536,-0.04007554203030286,7.681715227128439e-18
53,120,1429,-0.5667591706595654,-0.04068093577096819,-5.595200898067451e-17
53,120,1430,-0.5657665976811774,-0.04129376645383116,4.079643660754288e-17
53,120,1431,-0.5647740247027895,-0.04191409850685761,-2.9413762502714785e-17
53,120,1432,-0.5637814517244013,-0.042541996539422706,-7.822072750152297e-17
53,120,1433,-0.5627888787460134,-0.043177525337248925,-1.4068605326969202e-16
53,120,1434,-0.5617963057676252,-0.04382074985722091,-1.123480442286627e-16
53,120,1435,-0.5608037327892372,-0.04447173522209282,-6.997059892764861e-17
53,120,1436,-0.5598111598108493,-0.045130546715107404,-5.502337927708448e-17
53,120,1437,-0.5588185868324611,-0.045797249774544566,-6.092232571289382e-17
53,120,1438,-0.5578260138540732,-0.04647190998822414,-8.782312624363291e-17
53,120,1439,-0.5568334408756852,-0.04715459308797343,-8.662333771879314e-17
53,120,1440,-0.555840867897297,-0.04784536494408265,-6.443504189227764e-17
53,120,1441,-0.5548482949189091,-0.04854429155975718,5.502581676203133e-17
53,120,1442,-0.5538557219405211,-0.04925143906558428,1.787557626791854e-17
53,120,1443,-0.552863148962133,-0.049966873714016265,-2.39572141047749e-18
53,120,1444,-0.551870575983745,-0.05069066187387947,-3.304108950044903e-17
53,120,1445,-0.550878003005357,-0.051422870024911305,-6.738954273995014e-17
53,120,1446,-0.5498854300269689,-0.05216356475231989,9.984613552361087e-17
53,120,1447,-0.5488928570485809,-0.0529128127413622,8.595823441087244e-17
53,120,1448,-0.5479002840701928,-0.053670680771935896,2.2840939764785072e-17
53,120,1449,-0.5469077110918048,-0.054437235713166846,2.9172588043315823e-17
53,120,1450,-0.5459151381134169,-0.055212544517983395,-9.344078958799545e-17
53,120,1451,-0.5449225651350287,-0.05599667421766075,7.974095596199554e-17
53,120,1452,-0.5439299921566407,-0.056789691916313646,1.2369895126553478e-17
53,120,1453,-0.5429374191782528,-0.05759166478532906,8.450277877932425e-17
53,120,1454,-0.5419448461998646,-0.05840266005771095,-3.865501073788975e-17
53,120,1455,-0.5409522732214767,-0.0592227450223251,-1.338275560311576e-16
53,120,1456,-0.5399597002430887,-0.06005198701803143,4.270752410600517e-17
53,120,1457,-0.5389671272647005,-0.06089045342768144,7.664964765589553e-17
53,120,1458,-0.5379745542863126,-0.06173821167197663,-7.596494652366313e-18
53,120,1459,-0.5369819813079246,-0.06259532920317826,3.7271520985798665e-17
53,120,1460,-0.5359894083295365,-0.06346187349866055,-1.1769295457625304e-17
53,120,1461,-0.5349968353511485,-0.06433791205430807,-3.6047500930853873e-17
53,120,1462,-0.5340042623727603,-0.06522351237775803,3.423494908364798e-17
53,120,1463,-0.5330116893943724,-0.06611874198149494,7.329084233163668e-17
53,120,1464,-0.5320191164159844,-0.06702366837580462,4.663340686504381e-17
53,120,1465,-0.5310265434375963,-0.06793835906159772,-2.499099515439665e-17
53,120,1466,-0.5300339704592083,-0.06886288152312439,1.5078958451463337e-17
53,120,1467,-0.5290413974808204,-0.06979730322058891,-1.784024875555551e-17
53,120,1468,-0.5280488245024322,-0.07074169158268884,1.0979467037626704e-16
53,120,1469,-0.5270562515240442,-0.07169611399909515,-1.1088672905272516e-16
53,120,1470,-0.5260636785456563,-0.07266063781289708,-1.0500672558201897e-16
53,120,1471,-0.5250711055672681,-0.07363533031302782,1.305022530256449e-16
53,120,1472,-0.5240785325888802,-0.07462025872669285,4.913135793444094e-17
53,120,1473,-0.5230859596104922,-0.07561549021181667,-7.25153360519345e-17
53,120,1474,-0.522093386632104,-0.07662109184952676,-4.4654205743708975e-17
53,120,1475,-0.5211008136537161,-0.07763713063668147,-1.519653875437064e-18
53,120,1476,-0.5201082406753279,-0.07866367347845686,-3.889611267277853e-17
53,120,1477,-0.51911566769694,-0.07970078718099648,7.307386629960172e-17
53,120,1478,-0.518123094718552,-0.08074853844412666,1.7357334379522446e-17
53,120,1479,-0.5171305217401638,-0.08180699385413545,8.251701881056418e-18
53,120,1480,-0.5161379487617759,-0.08287621987661041,3.7380987505014794e-18
53,120,1481,-0.5151453757833879,-0.08395628284933032,-1.162374197603735e-17
53,120,1482,-0.5141528028049998,-0.0850472489751946,4.560452409175798e-17
53,120,1483,-0.5131602298266118,-0.08614918431517549,-4.559155551145416e-17
53,120,1484,-0.5121676568482239,-0.08726215478128466,-1.702159079723698e-17
53,120,1485,-0.5111750838698357,-0.08838622612952537,-4.447701707038734e-17
53,120,1486,-0.5101825108914477,-0.08952146395281556,3.494073629922257e-17
53,120,1487,-0.5091899379130598,-0.09066793367386601,-2.419435892186073e-17
53,120,1488,-0.5081973649346716,-0.09182570053798597,1.4972405008126624e-17
53,120,1489,-0.5072047919562837,-0.09299482960580306,-3.105868798935569e-17
53,120,1490,-0.5062122189778955,-0.09417538574588005,4.845989244223042e-17
53,120,1491,-0.5052196459995075,-0.09536743362721131,-3.80512015433968e-17
53,120,1492,-0.5042270730211196,-0.09657103771159,4.2964622885476166e-17
53,120,1493,-0.5032345000427314,-0.09778626224583498,-4.315811877271287e-17
53,120,1494,-0.5022419270643435,-0.0990131712538705,-7.258788398861776e-17
53,120,1495,-0.5012493540859555,-0.10025182852866167,8.713015327550294e-18
53,120,1496,-0.5002567811075673,-0.1015022976240043,-7.478122409485405e-17
53,120,1497,-0.4992642081291794,-0.1027646418461715,-2.049015920528018e-17
53,120,1498,-0.4982716351507914,-0.10403892424543393,-7.5243958766801e-17
53,120,1499,-0.49727906217240325,-0.10532520760745889,3.628512704315411e-17
53,120,1500,-0.4962864891940153,-0.10662355444460614,-4.571882308450734e-17
53,120,1501,-0.49529391621562735,-0.10793402698714025,1.1908324402430127e-17
53,120,1502,-0.4943013432372392,-0.10925668717437083,-1.2521536440771582e-16
53,120,1503,-0.4933087702588512,-0.11059159664575055,-3.819969073368121e-17
53,120,1504,-0.49231619728046305,-0.11193881673194736,-7.703924211877382e-18
53,120,1505,-0.4913236243020751,-0.11329840844590841,2.427397166238323e-17
53,120,1506,-0.49033105132368715,-0.1146704324739416,-5.598394114108753e-17
53,120,1507,-0.489338478345299,-0.11605494916682974,3.8355801197280315e-18
53,120,1508,-0.488345905366911,-0.11745201853099393,-2.0093262891777163e-17
53,120,1509,-0.4873533323885231,-0.11886170021972213,-1.7386205699055636e-17
53,120,1510,-0.4863607594101349,-0.1202840535244729,1.2808023417579736e-17
53,120,1511,-0.48536818643174695,-0.12171913736625982,1.5408184586466662e-17
53,120,1512,-0.484375613453359,-0.12316701028712941,4.444219519325524e-17
53,120,1513,-0.4833830404749708,-0.12462773044172389,-9.066386759312643e-18
53,120,1514,-0.4823904674965829,-0.1261013555889323,-3.6332200255300215e-17
53,120,1515,-0.4813978945181949,-0.12758794308362756,-3.7313594730729044e-17
53,120,1516,-0.48040532153980675,-0.12908754986847465,1.9205359564836757e-17
53,120,1517,-0.4794127485614188,-0.1306002324658027,-3.473727800678166e-17
53,120,1518,-0.4784201755830306,-0.13212604696953226,-1.446875693137881e-17
53,120,1519,-0.4774276026046427,-0.1336650490371341,1.2522531599666018e-16
53,120,1520,-0.4764350296262547,-0.13521729388161666,3.807785641595014e-17
53,120,1521,-0.47544245664786655,-0.1367828362635135,4.316139434029867e-18
53,120,1522,-0.4744498836694786,-0.13836173048286596,-2.2721665025628607e-17
53,120,1523,-0.47345731069109065,-0.13995403037118131,8.403211467411099e-17
53,120,1524,-0.4724647377127025,-0.1415597892833528,-5.959204658654316e-18
53,120,1525,-0.4714721647343145,-0.14317906008953168,7.639900236199394e-17
53,120,1526,-0.4704795917559266,-0.14481189516694185,-1.2134188778675771e-16
53,120,1527,-0.4694870187775384,-0.14645834639163025,-1.5839493834860082e-17
53,120,1528,-0.46849444579915045,-0.14811846513014454,-4.562515571419632e-17
53,120,1529,-0.4675018728207625,-0.14979230223114637,3.8416778661491857e-17
53,120,1530,-0.4665092998423743,-0.15147990801695255,-5.4513736533285365e-17
53,120,1531,-0.4655167268639864,-0.1531813322750112,-7.703428006009646e-17
53,120,1532,-0.4645241538855982,-0.1548966242493263,-2.2115027478408718e-17
53,120,1533,-0.46353158090721025,-0.1566258326318274,2.3908121694659415e-18
53,120,1534,-0.4625390079288223,-0.15836900555370959,-3.1443446941505684e-17
53,120,1535,-0.4615464349504341,-0.16012619057674804,-1.166796775254588e-16
53,120,1536,-0.4605538619720462,-0.16189743468460008,-1.0363657736407545e-16
53,120,1537,-0.4595612889936582,-0.16368278427411773,-1.6610180862936662e-17
53,120,1538,-0.45856871601527005,-0.16548228514667573,-7.172161244008038e-17
53,120,1539,-0.4575761430368821,-0.1672959824995332,-7.938256948014887e-18
53,120,1540,-0.45658357005849415,-0.16912392091724224,-1.4199094332069277e-16
53,120,1541,-0.455590997080106,-0.17096614436311508,6.521506600336463e-17
53,120,1542,-0.454598424101718,-0.17282269617075108,-5.110616723646596e-17
53,120,1543,-0.45360585112332985,-0.17469361903564745,4.132398293969459e-17
53,120,1544,-0.4526132781449419,-0.1765789550068781,-3.3334081640371414e-17
53,120,1545,-0.45162070516655395,-0.17847874547886108,-5.217467200875733e-19
53,120,1546,-0.4506281321881658,-0.18039303118319985,-2.4014505551179383e-17
53,120,1547,-0.4496355592097778,-0.1823218521806061,8.0837199789755e-17
53,120,1548,-0.4486429862313899,-0.18426524785289164,8.749250685681916e-17
53,120,1549,-0.4476504132530017,-0.18622325689502747,6.525264356876608e-17
53,120,1550,-0.44665784027461375,-0.18819591730725443,4.019092297175553e-18
53,120,1551,-0.4456652672962258,-0.19018326638724603,1.193705134672335e-16
53,120,1552,-0.4446726943178376,-0.19218534072230015,6.994181417276709e-17
53,120,1553,-0.4436801213394497,-0.19420217618155494,9.018311090512936e-18
53,120,1554,-0.4426875483610617,-0.19623380790822212,8.666093068299278e-17
53,120,1555,-0.44169497538267355,-0.19828027031181594,8.30672293282712e-17
53,120,1556,-0.4407024024042856,-0.20034159706037893,5.781772112312781e-17
53,120,1557,-0.4397098294258974,-0.20241782107269565,1.05041817245014e-16
53,120,1558,-0.4387172564475095,-0.20450897451047967,-1.89028862584649e-17
53,120,1559,-0.4377246834691215,-0.20661508877055,8.99214199048207e-17
53,120,1560,-0.43673211049073335,-0.208736194476974,3.486243342402448e-17
53,120,1561,-0.4357395375123454,-0.2108723214731965,-6.304345821598084e-18
53,120,1562,-0.43474696453395745,-0.21302349881415475,1.5189938321007057e-17
53,120,1563,-0.4337543915555693,-0.21518975475838362,3.689261506839538e-17
53,120,1564,-0.4327618185771813,-0.21737111676012363,-1.755038380069926e-17
53,120,1565,-0.43176924559879337,-0.21956761146144968,-6.447119787589546e-17
53,120,1566,-0.4307766726204052,-0.22177926468442413,-1.3003310543158082e-17
53,120,1567,-0.42978409964201725,-0.22400610142329505,-1.0023498264012072e-16
53,120,1568,-0.4287915266636293,-0.22624814583676078,-2.6308689790508675e-17
53,120,1569,-0.4277989536852411,-0.2285054212403062,-7.675630029192939e-17
53,120,1570,-0.4268063807068532,-0.23077795009863253,-9.123210022947438e-17
53,120,1571,-0.425813807728465,-0.2330657540182,-6.277142234943019e-17
53,120,1572,-0.42482123475007705,-0.23536885373988659,-5.4362782737776465e-17
53,120,1573,-0.4238286617716891,-0.237687269131783,-3.780718095377967e-17
53,120,1574,-0.4228360887933009,-0.24002101918212956,2.160354453530341e-17
53,120,1575,-0.421843515814913,-0.24237012199239857,-5.751276966731107e-17
53,120,1576,-0.420850942836525,-0.24473459477053325,-7.318744512824447e-17
53,120,1577,-0.41985836985813685,-0.2471144538243346,-5.318005816280844e-17
53,120,1578,-0.4188657968797489,-0.24950971455499493,-8.162032881725892e-17
53,120,1579,-0.41787322390136095,-0.25192039145077993,1.6805989113043294e-18
53,120,1580,-0.4168806509229728,-0.25434649808083687,-3.31559208693556e-17
53,120,1581,-0.4158880779445848,-0.2567880470891229,-5.472001667201612e-18
53,120,1582,-0.41489550496619687,-0.25924505018844607,2.2034222834832604e-17
53,120,1583,-0.4139029319878087,-0.26171751815458905,-8.297747045736491e-17
53,120,1584,-0.41291035900942075,-0.26420546082050644,-6.318158430241719e-17
53,120,1585,-0.4119177860310326,-0.2667088870705802,1.2290944365418238e-16
53,120,1586,-0.4109252130526446,-0.26922780483490516,9.00663506710093e-18
53,120,1587,-0.40993264007425667,-0.2717622210836,-8.373921461263354e-18
53,120,1588,-0.4089400670958685,-0.2743121418211166,6.376866213255249e-17
53,120,1589,-0.40794749411748055,-0.27687757208053626,1.634302075708034e-17
53,120,1590,-0.4069549211390926,-0.2794585159178519,7.944296764189077e-17
53,120,1591,-0.4059623481607044,-0.2820549764062102,5.793382239026877e-17
53,120,1592,-0.40496977518231647,-0.28466695563011996,3.5366211809039334e-17
53,120,1593,-0.4039772022039285,-0.28729445467962644,1.1616360362430785e-16
53,120,1594,-0.40298462922554035,-0.28993747364444483,7.767369982747479e-17
53,120,1595,-0.4019920562471524,-0.29259601160806675,1.7686463524536154e-17
53,120,1596,-0.40099948326876445,-0.29527006664184713,1.0282980329767819e-16
53,120,1597,-0.40000691029037627,-0.2979596357990847,6.261842079111829e-17
53,120,1598,-0.3990143373119883,-0.3006647151091081,-3.3994037275025195e-17
53,120,1599,-0.39802176433360015,-0.3033852995714003,-1.9757060852331115e-17
53,120,1600,-0.3970291913552122,-0.3061213831497594,8.521039016616373e-18
53,120,1601,-0.39603661837682425,-0.3088729587665449,-4.7192559953317044e-18
53,120,1602,-0.3950440453984361,-0.31164001829701,-3.1936660369284154e-17
53,120,1603,-0.3940514724200481,-0.31442255256375506,-6.57803563173796e-17
53,120,1604,-0.39305889944166017,-0.3172205513313247,-2.917969274296511e-17
53,120,1605,-0.392066326463272,-0.320034003300964,-1.0384345849478092e-16
53,120,1606,-0.39107375348488405,-0.3228628961055527,-1.1486771985551004e-16
53,120,1607,-0.3900811805064961,-0.32570721630474386,-1.3899643273230318e-17
53,120,1608,-0.3890886075281079,-0.328566949380306,-1.2773226970082578e-16
53,120,1609,-0.38809603454971997,-0.3314420797316813,1.7037383828086298e-17
53,120,1610,-0.387103461571332,-0.3343325906717782,-3.9359173920823276e-17
53,120,1611,-0.38611088859294385,-0.33723846442297717,-1.152456111130522e-17
53,120,1612,-0.3851183156145559,-0.3401596821133619,-1.0103060861941377e-16
53,120,1613,-0.3841257426361677,-0.34309622377316795,1.938410631355093e-17
53,120,1614,-0.38313316965777977,-0.34604806833142615,-4.788992617062293e-17
53,120,1615,-0.3821405966793918,-0.3490151936128024,-1.6331395908980238e-17
53,120,1616,-0.38114802370100365,-0.3519975763346002,-6.832952513070886e-17
53,120,1617,-0.3801554507226157,-0.35499519210391445,8.239336661087336e-17
53,120,1618,-0.37916287774422774,-0.3580080154149171,-3.834043501378846e-17
53,120,1619,-0.37817030476583957,-0.3610360196462445,-1.2581556058166167e-17
53,120,1620,-0.3771777317874516,-0.36407917705846293,7.627481845133427e-17
53,120,1621,-0.37618515880906367,-0.36713745879160253,1.0187400561851568e-16
53,120,1622,-0.3751925858306755,-0.37021083486272205,5.810473835746695e-17
53,120,1623,-0.37420001285228754,-0.3732992741634915,8.385531917173924e-17
53,120,1624,-0.3732074398738996,-0.37640274445778615,1.8565581120533387e-17
53,120,1625,-0.3722148668955114,-0.37952121237925945,1.5669651537296654e-17
53,120,1626,-0.37122229391712347,-0.3826546434289009,1.0962047910929542e-16
53,120,1627,-0.3702297209387353,-0.38580300197256967,-4.0616612201620956e-17
53,120,1628,-0.36923714796034734,-0.3889662512384963,3.1497649734771483e-17
53,120,1629,-0.3682445749819594,-0.39214435331476766,1.0979935975074248e-16
53,120,1630,-0.3672520020035712,-0.39533726914679024,-4.9092261358736833e-17
53,120,1631,-0.36625942902518327,-0.3985449585347482,6.962499044632479e-17
53,120,1632,-0.3652668560467953,-0.40176738013107754,2.7620954150529537e-17
53,120,1633,-0.36427428306840715,-0.40500449143796335,5.4963501875776795e-17
53,120,1634,-0.3632817100900192,-0.40825624880488387,3.998148247259128e-17
53,120,1635,-0.36228913711163124,-0.4115226074262347,-1.7217933731139252e-17
53,120,1636,-0.36129656413324307,-0.4148035213390381,9.184260454207061e-17
53,120,1637,-0.3603039911548551,-0.41809894342077375,3.4063179145500733e-17
53,120,1638,-0.35931141817646717,-0.42140882538735625,1.7516572202347096e-17
53,120,1639,-0.358318845198079,-0.4247331177912723,-2.7231310714308344e-17
53,120,1640,-0.35732627221969104,-0.42807177001989827,-7.200379769091465e-17
53,120,1641,-0.35633369924130287,-0.4314247302940304,-1.9228235807007853e-17
53,120,1642,-0.3553411262629149,-0.4347919456666194,4.737475437344194e-17
53,120,1643,-0.35434855328452697,-0.4381733620217407,-1.0814572484558893e-17
53,120,1644,-0.3533559803061388,-0.44156892407379295,-1.390001021185715e-17
53,120,1645,-0.35236340732775084,-0.4449785753669291,2.566737339192264e-17
53,120,1646,-0.3513708343493629,-0.44840225827473124,6.497771732250144e-17
53,120,1647,-0.3503782613709747,-0.45183991400010204,-6.659760726054376e-18
53,120,1648,-0.34938568839258677,-0.45529148257537644,-8.792736936292182e-18
53,120,1649,-0.3483931154141988,-0.45875690286264137,7.343816818615e-17
53,120,1650,-0.34740054243581064,-0.46223611255423624,3.0541132445871864e-17
53,120,1651,-0.3464079694574227,-0.4657290481734203,-6.786217614155408e-17
53,120,1652,-0.34541539647903474,-0.46923564507519055,2.8682704679922897e-17
53,120,1653,-0.34442282350064657,-0.4727558374472204,-5.5188370220520464e-17
53,120,1654,-0.3434302505222586,-0.47628955831089315,-5.53942677693844e-17
53,120,1655,-0.34243767754387044,-0.4798367395224278,-8.319672520113491e-17
53,120,1656,-0.3414451045654825,-0.48339731177404266,8.419524934827675e-17
53,120,1657,-0.34045253158709454,-0.4869712045951793,-4.083121723512666e-17
53,120,1658,-0.33945995860870637,-0.49055834635372997,1.4794469418325451e-18
53,120,1659,-0.3384673856303184,-0.49415866425728017,3.0098157173877306e-17
53,120,1660,-0.33747481265193047,-0.4977720843543553,-8.084019626837624e-17
53,120,1661,-0.3364822396735423,-0.5013985315356538,3.562455677918966e-18
53,120,1662,-0.33548966669515434,-0.505037929535273,-5.1417655905474314e-17
53,120,1663,-0.3344970937167664,-0.5086902009319357,-2.2815704666647078e-17
53,120,1664,-0.3335045207383782,-0.5123552671502142,-6.385314476820027e-17
53,120,1665,-0.33251194775999027,-0.5160330484617646,-9.093535948211176e-17
53,120,1666,-0.3315193747816023,-0.5197234639866,-2.0575281943701587e-17
53,120,1667,-0.33052680180321414,-0.5234264316943982,-7.543848998238768e-17
53,120,1668,-0.3295342288248262,-0.5271418684058777,-7.479574470005815e-17
53,120,1669,-0.328541655846438,-0.5308696897942694,2.3552847841844532e-17
53,120,1670,-0.32754908286805007,-0.534609810386886,-3.580004236985168e-18
53,120,1671,-0.3265565098896621,-0.5383621435668404,-8.65023555667822e-17
53,120,1672,-0.32556393691127394,-0.5421266015749094,-2.1631805346254837e-18
53,120,1673,-0.324571363932886,-0.5459030955115811,-1.548177790455156e-17
53,120,1674,-0.32357879095449804,-0.5496915353393038,6.899726296112812e-17
53,120,1675,-0.32258621797610987,-0.5534918298849466,1.4569038822054377e-19
53,120,1676,-0.3215936449977219,-0.5573038868424864,4.273380678325785e-17
53,120,1677,-0.32060107201933397,-0.5611276127759435,-1.2362780272218314e-16
53,120,1678,-0.3196084990409458,-0.5649629131225528,1.0019061966384085e-16
53,120,1679,-0.31861592606255784,-0.5688096921961822,-6.58668434149644e-17
53,120,1680,-0.3176233530841699,-0.5726678531910028,4.7642165677565744e-18
53,120,1681,-0.3166307801057817,-0.5765372981853855,3.3582595467975156e-17
53,120,1682,-0.31563820712739377,-0.5804179281460256,6.806256003378735e-18
53,120,1683,-0.3146456341490056,-0.5843096429322819,1.611095167014367e-16
53,120,1684,-0.31365306117061764,-0.5882123413006977,8.822932990965822e-18
53,120,1685,-0.3126604881922297,-0.5921259209097038,9.678197952021017e-18
53,120,1686,-0.3116679152138415,-0.5960502783244596,2.4615044999486733e-17
53,120,1687,-0.31067534223545357,-0.5999853090218158,6.722053299138041e-17
53,120,1688,-0.3096827692570656,-0.603930907395386,5.392804415121778e-17
53,120,1689,-0.30869019627867744,-0.607886966760678,-5.69951722569773e-17
53,120,1690,-0.3076976233002895,-0.6118533793602778,-8.436025925000343e-17
53,120,1691,-0.30670505032190154,-0.6158300363690657,5.5074788575321274e-17
53,120,1692,-0.30571247734351337,-0.6198168278994318,6.911281303435823e-17
53,120,1693,-0.3047199043651254,-0.6238136430064805,-2.875974677460326e-17
53,120,1694,-0.30372733138673746,-0.6278203696932196,-1.5031146567567215e-17
53,120,1695,-0.3027347584083493,-0.6318368949157094,5.3888150441670475e-17
53,120,1696,-0.30174218542996134,-0.6358631045881719,8.082985634140269e-17
53,120,1697,-0.30074961245157317,-0.6398988835880689,1.0227529840318674e-17
53,120,1698,-0.2997570394731852,-0.6439441157611325,-4.6904242067167406e-17
53,120,1699,-0.29876446649479727,-0.6479986839263776,-6.227101277333515e-17
53,120,1700,-0.2977718935164091,-0.6520624698810891,5.688415533200519e-18
53,120,1701,-0.29677932053802114,-0.6561353544058042,-5.182299366584298e-17
53,120,1702,-0.2957867475596332,-0.6602172172693188,-6.770449679807938e-17
53,120,1703,-0.294794174581245,-0.6643079372337176,1.3794044603332181e-17
53,120,1704,-0.29380160160285707,-0.6684073920594626,-4.407575378263955e-17
53,120,1705,-0.2928090286244691,-0.6725154585105663,-6.007914069411333e-17
53,120,1706,-0.29181645564608094,-0.6766320123598577,4.916289647769e-17
53,120,1707,-0.290823882667693,-0.6807569283943766,3.3075410558100965e-17
53,120,1708,-0.28983130968930504,-0.6848900804209193,3.098246909217234e-17
53,120,1709,-0.28883873671091687,-0.6890313412717417,-2.6680953988107416e-17
53,120,1710,-0.2878461637325289,-0.6931805828104497,-1.432121551652501e-17
53,120,1711,-0.28685359075414074,-0.6973376759380975,-1.9127880384564465e-18
53,120,1712,-0.2858610177757528,-0.7015024905994811,-8.684836098024063e-17
53,120,1713,-0.28486844479736484,-0.7056748957896699,2.351862751266098e-17
53,120,1714,-0.28387587181897667,-0.7098547595607522,-6.087338432383275e-17
53,120,1715,-0.2828832988405887,-0.7140419490288077,2.2266482857441983e-17
53,120,1716,-0.28189072586220076,-0.7182363303811168,-7.536557208439706e-17
53,120,1717,-0.2808981528838126,-0.7224377688835739,7.81426746719792e-17
53,120,1718,-0.27990557990542464,-0.7266461288883201,-4.671091781580866e-17
53,120,1719,-0.2789130069270367,-0.7308612738415773,3.780682930326397e-17
53,120,1720,-0.2779204339486485,-0.7350830662916633,-1.1422951322413455e-16
53,120,1721,-0.27692786097026056,-0.7393113678971741,-1.2439686775592568e-18
53,120,1722,-0.2759352879918726,-0.7435460394353296,6.549479783815589e-19
53,120,1723,-0.27494271501348444,-0.7477869408104436,-5.300199573922729e-17
53,120,1724,-0.2739501420350965,-0.7520339310625102,5.138141251534768e-18
53,120,1725,-0.2729575690567083,-0.7562868683758988,7.709662279419987e-18
53,120,1726,-0.27196499607832036,-0.7605456100881125,-3.136500044296115e-17
53,120,1727,-0.2709724230999324,-0.7648100126986275,-5.637315369205946e-17
53,120,1728,-0.26997985012154424,-0.7690799318777664,-2.5584080372364028e-17
53,120,1729,-0.2689872771431563,-0.7733552224756134,-8.795865476124845e-18
53,120,1730,-0.26799470416476834,-0.7776357385309532,-3.376421024845721e-17
53,120,1731,-0.26700213118638016,-0.7819213332802242,6.653111542609972e-17
53,120,1732,-0.2660095582079922,-0.7862118591664713,4.137997517600289e-17
53,120,1733,-0.26501698522960426,-0.7905071678483123,-3.9697548538896447e-17
53,120,1734,-0.2640244122512161,-0.7948071102088965,-9.566973795663127e-18
53,120,1735,-0.26303183927282814,-0.7991115363648572,2.0251802420903414e-17
53,120,1736,-0.2620392662944402,-0.8034202956752751,7.93657510003855e-18
53,120,1737,-0.261046693316052,-0.8077332367506308,-4.64935245265559e-17
53,120,1738,-0.26005412033766406,-0.812050207461764,9.368976070547224e-17
53,120,1739,-0.2590615473592759,-0.816371054948849,3.842678098397451e-17
53,120,1740,-0.25806897438088794,-0.8206956256303691,8.026282591944213e-17
53,120,1741,-0.2570764014025,-0.8250237652121245,-4.5484760818967795e-17
53,120,1742,-0.2560838284241118,-0.829355318696253,-4.6341613154798534e-17
53,120,1743,-0.25509125544572386,-0.8336901303902815,-3.371372679987298e-17
53,120,1744,-0.2540986824673359,-0.8380280439162159,3.422636865476709e-17
53,120,1745,-0.25310610948894774,-0.8423689022196647,1.2962369507271703e-16
53,120,1746,-0.2521135365105598,-0.8467125475790016,-5.395021703327772e-17
53,120,1747,-0.25112096353217184,-0.8510588216145825,4.073872679276809e-17
53,120,1748,-0.25012839055378366,-0.8554075652980002,2.3709481310159323e-17
53,120,1749,-0.2491358175753957,-0.8597586189613949,-7.479822829250979e-18
53,120,1750,-0.24814324459700776,-0.8641118223068178,2.9440361203916308e-18
53,120,1751,-0.2471506716186196,-0.8684670144156492,1.3255248511282816e-17
53,120,1752,-0.24615809864023164,-0.8728240337580648,2.3525293306117044e-17
53,120,1753,-0.24516552566184346,-0.8771827182025785,1.9891213107093324e-17
53,120,1754,-0.2441729526834555,-0.881542905025625,1.6354757573385567e-17
53,120,1755,-0.24318037970506756,-0.8859044309212268,2.690704200621005e-17
53,120,1756,-0.2421878067266794,-0.8902671320107152,-4.589838453416351e-17
53,120,1757,-0.24119523374829144,-0.8946308438525269,-7.66049657825849e-17
53,120,1758,-0.2402026607699035,-0.898995401452086,3.2367777599927145e-17
53,120,1759,-0.2392100877915153,-0.9033606392717597,4.420007675863808e-17
53,120,1760,-0.23821751481312736,-0.9077263912409048,2.864218349935063e-17
53,120,1761,-0.2372249418347394,-0.9120924907660217,-4.2112523157403525e-17
53,120,1762,-0.23623236885635124,-0.9164587707409997,-8.725254794112262e-19
53,120,1763,-0.2352397958779633,-0.9208250635574801,-4.270066242239856e-17
53,120,1764,-0.23424722289957534,-0.9251912011153425,-4.2178552724405213e-17
53,120,1765,-0.23325464992118716,-0.9295570148333102,-2.7184803607202546e-17
53,120,1766,-0.2322620769427992,-0.9339223356596893,-1.1644505874936742e-17
53,120,1767,-0.23126950396441104,-0.9382869940832511,-5.127674064904791e-17
53,120,1768,-0.2302769309860231,-0.9426508201442411,-6.263157573862799e-17
53,120,1769,-0.22928435800763514,-0.9470136434455455,-1.7813895905628548e-17
53,120,1770,-0.22829178502924696,-0.9513752931639852,4.13458471400883e-17
53,120,1771,-0.227299212050859,-0.955735598061747,-6.634267323561368e-17
53,120,1772,-0.22630663907247106,-0.960094386497958,-2.05387817911594e-17
53,120,1773,-0.2253140660940829,-0.964451486440368,-7.214474079959396e-17
53,120,1774,-0.22432149311569494,-0.9688067254771471,2.959745796401192e-17
53,120,1775,-0.22332892013730699,-0.9731599308287859,5.969191792567323e-18
53,120,1776,-0.2223363471589188,-0.9775109293600714,5.187359370600255e-17
53,120,1777,-0.22134377418053086,-0.9818595475921215,1.235867885875209e-19
53,120,1778,-0.2203512012021429,-0.9862056117144712,3.16177384226562e-17
53,120,1779,-0.21935862822375474,-0.990548947597173,3.494852395994634e-17
53,120,1780,-0.21836605524536679,-0.9948893808028935,2.3962821544397814e-17
53,120,1781,-0.2173734822669786,-0.9992267365989956,5.43416148034503e-17
53,120,1782,-0.21638090928859066,-1.003560839969562,1.447271895983235e-17
53,120,1783,-0.2153883363102027,-1.007891515627367,4.365153577812422e-17
53,120,1784,-0.21439576333181454,-1.012218588025751,5.839936749174688e-17
53,120,1785,-0.2134031903534266,-1.0165418813703966,-1.1123579109618807e-17
53,120,1786,-0.21241061737503864,-1.0208612196309952,3.7140888121264834e-17
53,120,1787,-0.21141804439665046,-1.0251764265527803,-1.2735550687932764e-17
53,120,1788,-0.2104254714182625,-1.0294873256679302,4.129643955665181e-17
53,120,1789,-0.20943289843987456,-1.0337937403068467,3.897618817129162e-17
53,120,1790,-0.2084403254614864,-1.0380954936092908,-2.6425260122519486e-17
53,120,1791,-0.20744775248309844,-1.042392408535398,3.296558147532504e-17
53,120,1792,-0.20645517950471048,-1.046684307876587,4.3267095118710326e-17
53,120,1793,-0.2054626065263223,-1.0509710142663653,5.319622238165543e-17
53,120,1794,-0.20447003354793436,-1.0552523501910522,4.2192714914133525e-17
53,120,1795,-0.2034774605695462,-1.059528138000459,2.37777087906084e-17
53,120,1796,-0.20248488759115824,-1.0637981999185226,-4.315209765459844e-17
53,120,1797,-0.20149231461277028,-1.0680623580539472,3.6056942110191634e-17
53,120,1798,-0.2004997416343821,-1.0723204344108648,-4.464545738525797e-17
53,120,1799,-0.19950716865599416,-1.0765722508995397,-2.7711409302793737e-17
53,120,1800,-0.1985145956776062,-1.0808176293471654,-6.602139018385597e-17
53,120,1801,-0.19752202269921804,-1.085056391508757,-3.447424269488341e-17
53,120,1802,-0.19652944972083009,-1.0892883590781681,-1.619543785876817e-17
53,120,1803,-0.19553687674244213,-1.0935133536992645,3.021961389044105e-17
53,120,1804,-0.19454430376405396,-1.0977311969772523,-6.08532708079828e-18
53,120,1805,-0.193551730785666,-1.1019417104901787,2.7521302007224737e-17
53,120,1806,-0.19255915780727784,-1.106144715800624,-7.727639509893093e-17
53,120,1807,-0.19156658482888989,-1.1103400344675565,-5.035051080606149e-19
53,120,1808,-0.19057401185050193,-1.1145274880583806,-1.3613131102161109e-17
53,120,1809,-0.18958143887211376,-1.1187068981611374,1.5479583233198416e-17
53,120,1810,-0.1885888658937258,-1.1228780863968548,-3.1222913387119396e-17
53,120,1811,-0.18759629291533786,-1.1270408744320353,-3.584838821591988e-17
53,120,1812,-0.18660371993694969,-1.1311950839912381,-1.9112294548990355e-17
53,120,1813,-0.18561114695856173,-1.1353405368697354,4.942564667086839e-18
53,120,1814,-0.18461857398017378,-1.1394770549462214,1.4933379533753308e-18
53,120,1815,-0.1836260010017856,-1.143604460195523,-2.96066491104264e-17
53,120,1816,-0.18263342802339766,-1.147722574701286,-4.668247813222626e-17
53,120,1817,-0.1816408550450097,-1.151831220668615,8.264228036327533e-17
53,120,1818,-0.18064828206662153,-1.1559302204366124,5.845883364058401e-17
53,120,1819,-0.17965570908823358,-1.1600193964908032,3.4217866359016146e-17
53,120,1820,-0.1786631361098454,-1.1640985714754237,7.251625091456816e-17
53,120,1821,-0.17767056313145746,-1.1681675682055275,-1.474986346106888e-17
53,120,1822,-0.1766779901530695,-1.1722262096789287,2.276229766227547e-17
53,120,1823,-0.17568541717468134,-1.1762743190879383,7.383722109253561e-17
53,120,1824,-0.17469284419629338,-1.180311719830908,-7.066119576933601e-17
53,120,1825,-0.17370027121790543,-1.1843382355235825,7.3279778590171e-18
53,120,1826,-0.17270769823951726,-1.1883536900102636,1.3445689960004853e-18
53,120,1827,-0.1717151252611293,-1.1923579073747974,-2.622526890627626e-17
53,120,1828,-0.17072255228274136,-1.1963507119514178,5.724503804322262e-17
53,120,1829,-0.16972997930435318,-1.2003319283354639,4.244070826671868e-17
53,120,1830,-0.16873740632596523,-1.2043013813939878,-1.428435817809586e-17
53,120,1831,-0.16774483334757728,-1.2082588962763228,-2.3015802028443812e-17
53,120,1832,-0.1667522603691891,-1.212204298424604,3.085088878885148e-17
53,120,1833,-0.16575968739080116,-1.2161374135843022,-5.5141788046157524e-17
53,120,1834,-0.16476711441241298,-1.2200580678148116,6.081948394955919e-17
53,120,1835,-0.16377454143402503,-1.223966087500102,1.6213158516625033e-17
53,120,1836,-0.16278196845563708,-1.227861299359493,-7.014537248278566e-17
53,120,1837,-0.1617893954772489,-1.2317435304585607,-6.609825862164031e-17
53,120,1838,-0.16079682249886096,-1.2356126082202012,-1.0382843402053699e-16
53,120,1839,-0.159804249520473,-1.2394683604358816,-3.000609485823134e-17
53,120,1840,-0.15881167654208483,-1.2433106152770674,-2.5678855061204283e-17
53,120,1841,-0.15781910356369688,-1.2471392013068405,4.1641700248720564e-17
53,120,1842,-0.15682653058530893,-1.2509539474917073,-9.054894795747198e-18
53,120,1843,-0.15583395760692076,-1.2547546832135739,-5.256569285179959e-17
53,120,1844,-0.1548413846285328,-1.2585412382818673,1.5665053413748027e-17
53,120,1845,-0.15384881165014486,-1.2623134429457972,-5.493429834975976e-17
53,120,1846,-0.15285623867175668,-1.2660711279066927,1.3859877750143361e-17
53,120,1847,-0.15186366569336873,-1.2698141243304033,-2.0977106646506877e-17
53,120,1848,-0.15087109271498056,-1.2735422638597143,1.392816127880541e-17
53,120,1849,-0.1498785197365926,-1.2772553786267191,-6.300466781817601e-18
53,120,1850,-0.14888594675820466,-1.2809533012651282,2.918916823869871e-17
53,120,1851,-0.14789337377981648,-1.2846358649224412,2.6240993785733564e-18
53,120,1852,-0.14690080080142853,-1.2883029032719566,3.18044862382076e-17
53,120,1853,-0.14590822782304058,-1.2919542505245762,5.4379785495448144e-17
53,120,1854,-0.1449156548446524,-1.2955897414403583,6.987383940469083e-17
53,120,1855,-0.14392308186626446,-1.2992092113397966,5.758431999048101e-17
53,120,1856,-0.1429305088878765,-1.3028124961148042,-3.160009622378193e-18
53,120,1857,-0.14193793590948833,-1.3063994322393824,4.765462311106717e-17
53,120,1858,-0.14094536293110038,-1.309969856779962,5.630302002201018e-17
53,120,1859,-0.13995278995271243,-1.3135236074054364,2.2701005800059173e-17
53,120,1860,-0.13896021697432426,-1.31706052239688,-1.0491770177542561e-17
53,120,1861,-0.1379676439959363,-1.320580440656978,4.49814416936893e-18
53,120,1862,-0.13697507101754813,-1.324083201719206,4.0310994946728416e-17
53,120,1863,-0.13598249803916018,-1.327568645756774,-7.800624309792442e-18
53,120,1864,-0.13498992506077223,-1.3310366135914045,4.117724804839425e-17
53,120,1865,-0.13399735208238406,-1.3344869467019678,2.7415992388849247e-17
53,120,1866,-0.1330047791039961,-1.3379194872330393,-4.855419696217121e-19
53,120,1867,-0.13201220612560816,-1.3413340780034393,2.6842724073915167e-17
53,120,1868,-0.13101963314721998,-1.3447305625147894,5.416321490379131e-17
53,120,1869,-0.13002706016883203,-1.3481087849601532,4.415360462086727e-18
53,120,1870,-0.12903448719044408,-1.3514685902328203,-3.838690166379671e-17
53,120,1871,-0.1280419142120559,-1.35480982393525,-1.148703380100643e-17
53,120,1872,-0.12704934123366796,-1.3581323323882404,7.94978558389582e-18
53,120,1873,-0.12605676825528,-1.3614359626403445,-4.887622115105379e-17
53,120,1874,-0.12506419527689183,-1.3647205624775531,1.2667277426992231e-17
53,120,1875,-0.12407162229850388,-1.367985980433252,-2.4484935393666207e-18
53,120,1876,-0.12307904932011571,-1.3712320657984765,-1.0304005641824425e-17
53,120,1877,-0.12208647634172776,-1.3744586686324234,-3.205330159912874e-17
53,120,1878,-0.1210939033633398,-1.3776656397732283,-8.167849219197071e-18
53,120,1879,-0.12010133038495163,-1.3808528308489594,-3.9882644543401286e-17
53,120,1880,-0.11910875740656368,-1.384020094288797,-2.997174102195628e-17
53,120,1881,-0.11811618442817573,-1.3871672833343516,-6.471751946131669e-17
53,120,1882,-0.11712361144978756,-1.3902942520510622,-6.428721986600299e-17
53,120,1883,-0.1161310384713996,-1.393400855339609,-4.611209214098357e-18
53,120,1884,-0.11513846549301165,-1.3964869489472962,-3.490413752603379e-18
53,120,1885,-0.11414589251462348,-1.3995523894793127,-2.9049213440908528e-18
53,120,1886,-0.11315331953623553,-1.4025970344098246,2.6302128810576887e-17
53,120,1887,-0.11216074655784758,-1.4056207420928326,-1.4251371654627642e-17
53,120,1888,-0.1111681735794594,-1.4086233717727312,1.201565867358529e-18
53,120,1889,-0.11017560060107146,-1.4116047835945214,2.6794114425603438e-17
53,120,1890,-0.10918302762268328,-1.4145648386136356,-9.851633643850221e-18
53,120,1891,-0.10819045464429533,-1.4175033988053336,4.728577855986367e-17
53,120,1892,-0.10719788166590738,-1.420420327073657,-1.7704320920017784e-17
53,120,1893,-0.1062053086875192,-1.4233154872599225,-6.213228417137551e-18
53,120,1894,-0.10521273570913126,-1.4261887441507521,1.2195061134175143e-17
53,120,1895,-0.1042201627307433,-1.4290399634856708,1.6274141144611672e-17
53,120,1896,-0.10322758975235513,-1.431869011964276,-4.160748430739054e-19
53,120,1897,-0.10223501677396718,-1.4346757572530304,1.3744890251696699e-17
53,120,1898,-0.10124244379557923,-1.437460067991722,3.0855144108436474e-18
53,120,1899,-0.10024987081719106,-1.4402218137996496,3.070406363870696e-17
53,120,1900,-0.0992572978388031,-1.4429608652815897,3.6707523802275715e-17
53,120,1901,-0.09826472486041515,-1.445677094033637,2.5457809154707263e-17
53,120,1902,-0.09727215188202698,-1.4483703726489652,1.3486899638840528e-17
53,120,1903,-0.09627957890363903,-1.4510405747235997,1.9213777917044845e-17
53,120,1904,-0.09528700592525086,-1.4536875748622793,1.4122400756004246e-17
53,120,1905,-0.0942944329468629,-1.4563112486844598,1.9013997562680245e-17
53,120,1906,-0.09330185996847495,-1.4589114728305441,-2.1270861865417824e-17
53,120,1907,-0.09230928699008678,-1.4614881249683827,-2.315715718425742e-17
53,120,1908,-0.09131671401169883,-1.464041083800092,6.14134929880446e-18
53,120,1909,-0.09032414103331088,-1.4665702290692413,-6.118028799672461e-18
53,120,1910,-0.0893315680549227,-1.4690754415684064,9.506084234906933e-18
53,120,1911,-0.08833899507653475,-1.47155660314712,-1.2972120069214465e-17
53,120,1912,-0.0873464220981468,-1.4740135967202097,-3.5429731617184185e-17
53,120,1913,-0.08635384911975863,-1.4764463062764976,-1.5604203882755973e-17
53,120,1914,-0.08536127614137068,-1.4788546168878338,-1.2963435073521724e-17
53,120,1915,-0.08436870316298273,-1.481238414718425,1.0834991900299086e-17
53,120,1916,-0.08337613018459455,-1.48359758703439,-1.3639754793779223e-17
53,120,1917,-0.0823835572062066,-1.485932022213477,-6.4249865451583985e-18
53,120,1918,-0.08139098422781843,-1.4882416097548805,-2.5196406367937807e-18
53,120,1919,-0.08039841124943048,-1.490526240289052,-2.9420603310082584e-17
53,120,1920,-0.07940583827104253,-1.4927858055874454,-1.0915951186216777e-17
53,120,1921,-0.07841326529265435,-1.4950201985720928,4.554394682870277e-18
53,120,1922,-0.0774206923142664,-1.4972293133249284,-1.4658492573872095e-17
53,120,1923,-0.07642811933587845,-1.4994130450967924,-9.317311877740832e-18
53,120,1924,-0.07543554635749028,-1.501571290316022,6.670103352719512e-18
53,120,1925,-0.07444297337910233,-1.5037039465965785,-4.9867260934889546e-18
53,120,1926,-0.07345040040071438,-1.5058109127456478,1.4613146656217032e-17
53,120,1927,-0.0724578274223262,-1.5078920887706815,9.679690924195014e-18
53,120,1928,-0.07146525444393825,-1.5099473758858348,-2.6518561897832233e-17
53,120,1929,-0.0704726814655503,-1.5119766765178069,6.850287488014154e-18
53,120,1930,-0.06948010848716213,-1.5139798943110743,2.2532401974207852e-17
53,120,1931,-0.06848753550877418,-1.5159569341325356,-2.9884555881094326e-19
53,120,1932,-0.067494962530386,-1.5179077020756078,7.845310275341882e-18
53,120,1933,-0.06650238955199805,-1.5198321054638146,-1.217878182510094e-17
53,120,1934,-0.0655098165736101,-1.521730052853931,5.687736100804216e-18
53,120,1935,-0.06451724359522193,-1.5236014540387535,-2.348736299371788e-17
53,120,1936,-0.06352467061683398,-1.5254462200495724,7.741717060100536e-18
53,120,1937,-0.06253209763844603,-1.5272642631584499,1.8559251212853805e-18
53,120,1938,-0.061539524660057854,-1.5290554968803718,1.516136336602141e-17
53,120,1939,-0.0605469516816699,-1.530819835975385,-2.084798344696677e-17
53,120,1940,-0.05955437870328195,-1.532557196450806,-1.1640799297138802e-17
53,120,1941,-0.05856180572489378,-1.5342674955635875,-6.21597328753163e-18
53,120,1942,-0.05756923274650583,-1.5359506518229291,2.4764866560410877e-18
53,120,1943,-0.056576659768117876,-1.537606584993201,-1.6800565961488332e-17
53,120,1944,-0.0555840867897297,-1.5392352160972442,-8.36534583889774e-18
53,120,1945,-0.05459151381134175,-1.540836467420097,-1.7244640060141653e-17
53,120,1946,-0.05359894083295358,-1.542410262513183,-5.1286737435394314e-18
53,120,1947,-0.05260636785456563,-1.5439565261989767,-1.5422849346761893e-17
53,120,1948,-0.05161379487617768,-1.5454751845761536,-6.6059460495790384e-18
53,120,1949,-0.0506212218977895,-1.546966165025208,-9.786973409241562e-18
53,120,1950,-0.04962864891940155,-1.5484293962145128,-1.442514867233645e-17
53,120,1951,-0.0486360759410136,-1.54986480810678,-1.711240305308131e-17
53,120,1952,-0.04764350296262543,-1.5512723319658581,-2.6289982544626735e-17
53,120,1953,-0.04665092998423748,-1.552651900363801,1.1710560843717961e-18
53,120,1954,-0.045658357005849526,-1.5540034471881314,1.1668685847723065e-17
53,120,1955,-0.04466578402746135,-1.5553269076492091,6.7737800327461445e-18
53,120,1956,-0.0436732110490734,-1.5566222182876113,7.504467960865739e-18
53,120,1957,-0.04268063807068545,-1.5578893169814345,1.689149665955384e-17
53,120,1958,-0.04168806509229728,-1.5591281429534203,1.9813836860630934e-17
53,120,1959,-0.040695492113909326,-1.5603386367778147,3.6563809259405525e-17
53,120,1960,-0.03970291913552115,-1.5615207403868805,1.0175842446928424e-17
53,120,1961,-0.0387103461571332,-1.5626743970769728,2.3776610752043795e-17
53,120,1962,-0.03771777317874525,-1.563799551514128,2.871014523458742e-17
53,120,1963,-0.03672520020035708,-1.5648961497390967,1.9717032526466195e-17
53,120,1964,-0.03573262722196913,-1.5659641391717813,1.0720277096065403e-17
53,120,1965,-0.034740054243581175,-1.5670034686150613,1.3672716506318103e-17
53,120,1966,-0.033747481265193,-1.568014088257982,1.8250133586733817e-17
53,120,1967,-0.03275490828680505,-1.5689959496783161,2.3533931247951404e-17
53,120,1968,-0.0317623353084171,-1.5699490058445211,1.6334020492835358e-17
53,120,1969,-0.030769762330028927,-1.570873211117118,1.0640514493107616e-17
53,120,1970,-0.029777189351640976,-1.5717685212495438,1.2526226641295668e-17
53,120,1971,-0.028784616373253025,-1.57263489338854,1.672551762435142e-17
53,120,1972,-0.02779204339486485,-1.5734722860741346,8.538160715241944e-18
53,120,1973,-0.0267994704164769,-1.5742806592393068,9.51016149991683e-19
53,120,1974,-0.025806897438088727,-1.575059974209412,6.142344506325594e-18
53,120,1975,-0.024814324459700776,-1.575810193701452,5.1063274569505615e-18
53,120,1976,-0.023821751481312825,-1.5765312818232766,-1.1746536249908196e-17
53,120,1977,-0.022829178502924652,-1.577223204072806,-3.535615351018662e-18
53,120,1978,-0.0218366055245367,-1.5778859273373456,-5.800647797654769e-18
53,120,1979,-0.02084403254614875,-1.5785194198930756,-2.196369723902632e-17
53,120,1980,-0.019851459567760577,-1.5791236514047755,-1.722951290278129e-17
53,120,1981,-0.018858886589372625,-1.5796985929258351,-2.2860158912947903e-17
53,120,1982,-0.017866313610984674,-1.5802442168986068,-2.402105441227359e-17
53,120,1983,-0.0168737406325965,-1.580760497155111,-1.9787933680303137e-17
53,120,1984,-0.01588116765420855,-1.58124740891813,-2.1418910313612162e-17
53,120,1985,-0.014888594675820599,-1.581704928802678,-2.8933710108093123e-17
53,120,1986,-0.013896021697432426,-1.5821330348178464,-2.5724829295185005e-17
53,120,1987,-0.012903448719044475,-1.5825317063689939,-2.829312562706407e-17
53,120,1988,-0.011910875740656302,-1.5829009242602552,-2.1884688199384447e-17
53,120,1989,-0.01091830276226835,-1.583240670697307,-2.2169642614177038e-17
53,120,1990,-0.0099257297838804,-1.5835509292903511,-2.0415252144002893e-17
53,120,1991,-0.008933156805492226,-1.5838316850572463,-1.6284070407107913e-17
53,120,1992,-0.007940583827104275,-1.5840829244267114,-1.3429922508788294e-17
53,120,1993,-0.006948010848716324,-1.5843046352415522,-1.0846189028371812e-17
53,120,1994,-0.005955437870328151,-1.5844968067618097,-8.34416454010558e-18
53,120,1995,-0.0049628648919402,-1.5846594296677863,-5.5506821974081155e-18
53,120,1996,-0.0039702919135522485,-1.5847924960628663,-3.695210858852781e-18
53,120,1997,-0.0029777189351640754,-1.5848959994760767,2.0171560639680765e-19
53,120,1998,-0.0019851459567761243,-1.5849699348643236,2.709564838153607e-18
53,120,1999,-0.0009925729783881732,-1.5850142986142715,5.830957307143449e-18
53,120,2000,0.0,-1.5850290885438176,8.72404348318577e-18
53,120,2001,0.0009925729783879511,-1.5850143039031377,1.1205256534771596e-17
53,120,2002,0.0019851459567761243,-1.5849699453752908,1.3870652880324796e-17
53,120,2003,0.0029777189351640754,-1.5848960150763751,1.531770081527217e-17
53,120,2004,0.0039702919135520265,-1.5847925165552432,1.7343119718350955e-17
53,120,2005,0.0049628648919402,-1.5846594547927966,1.7850513711920633e-17
53,120,2006,0.005955437870328151,-1.5844968362008829,1.8579829891048064e-17
53,120,2007,0.006948010848716102,-1.5843046686208335,2.0101013405464407e-17
53,120,2008,0.007940583827104275,-1.5840829613216842,1.892806706802382e-17
53,120,2009,0.008933156805492226,-1.5838317249981289,1.9246005461391752e-17
53,120,2010,0.009925729783880177,-1.5835509717682577,1.9980459064383988e-17
53,120,2011,0.01091830276226835,-1.5832407151711338,2.0083975880084522e-17
53,120,2012,0.011910875740656302,-1.58290097016427,1.7428904093549125e-17
53,120,2013,0.012903448719044253,-1.582531753121049,2.162853136958626e-17
53,120,2014,0.013896021697432426,-1.5821330818281507,1.715614152812337e-17
53,120,2015,0.014888594675820377,-1.5817049754830257,1.9566638767474515e-17
53,120,2016,0.015881167654208328,-1.5812474546914583,9.503303927809863e-18
53,120,2017,0.01687374063259628,-1.580760541465254,7.369376766535084e-18
53,120,2018,0.017866313610984674,-1.5802442592200776,1.1016906148510076e-17
53,120,2019,0.018858886589372625,-1.57969863277346,9.6778980557715e-18
53,120,2020,0.019851459567760577,-1.5791236883429813,4.241906348136465e-18
53,120,2021,0.020844032546148528,-1.5785194535446354,5.9952828246881344e-18
53,120,2022,0.02183660552453648,-1.5778859573913617,-4.9401174160472565e-18
53,120,2023,0.022829178502924874,-1.5772232302917328,-5.216800673480545e-18
53,120,2024,0.023821751481312825,-1.576531304048775,2.6904178992545522e-18
53,120,2025,0.024814324459700776,-1.5758102118588884,-1.2616672756366781e-17
53,120,2026,0.025806897438088727,-1.5750599883108352,-1.199540120512126e-17
53,120,2027,0.02679947041647668,-1.5742806693847564,-5.913050348375119e-18
53,120,2028,0.02779204339486463,-1.573472292451178,-1.0168589009818298e-17
53,120,2029,0.028784616373253025,-1.572634896269959,-1.756627563712626e-17
53,120,2030,0.029777189351640976,-1.5717685209891485,-1.1884012650663523e-17
53,120,2031,0.030769762330028927,-1.5708732081437033,-8.698320987238321e-18
53,120,2032,0.03176233530841688,-1.5699490006540322,-1.0657975227123578e-17
53,120,2033,0.03275490828680483,-1.5689959428243347,-2.4007111086506254e-17
53,120,2034,0.03374748126519278,-1.5680140803407083,-1.5678018046803398e-17
53,120,2035,0.034740054243581175,-1.5670034602689915,-9.06487875782725e-18
53,120,2036,0.03573262722196913,-1.5659641310523433,-6.16321346367747e-18
53,120,2037,0.03672520020035708,-1.5648961425085324,-1.5490919721260715e-17
53,120,2038,0.03771777317874503,-1.5637995458269476,-2.339189250595444e-17
53,120,2039,0.03871034615713298,-1.5626743935653247,-1.928600712860295e-17
53,120,2040,0.039702919135521375,-1.5615207396462047,-2.055288231558428e-17
53,120,2041,0.040695492113909326,-1.560338639353139,-3.585175997442298e-17
53,120,2042,0.04168806509229728,-1.5591281493266587,-2.0298977396358265e-17
53,120,2043,0.04268063807068523,-1.557889327560041,-1.1701464782831772e-17
53,120,2044,0.04367321104907318,-1.5566222333948947,-1.1968917456769317e-17
53,120,2045,0.04466578402746113,-1.5553269275166013,-7.308404016702879e-18
53,120,2046,0.045658357005849526,-1.554003471949636,-1.6488422820656724e-17
53,120,2047,0.04665092998423748,-1.5526519300528125,-6.671818190660726e-18
53,120,2048,0.04764350296262543,-1.551272366514469,2.0368023126169918e-17
53,120,2049,0.04863607594101338,-1.5498648473476342,2.2487179162773654e-18
53,120,2050,0.04962864891940133,-1.5484294398851954,8.461961393056453e-18
53,120,2051,0.050621221897789725,-1.5469662127750963,4.353846488911412e-18
53,120,2052,0.05161379487617768,-1.5454752359755697,2.142261294865126e-18
53,120,2053,0.05260636785456563,-1.5439565807504338,1.2142498176645477e-17
53,120,2054,0.05359894083295358,-1.5424103196644492,3.328208041561152e-18
53,120,2055,0.05459151381134153,-1.5408365265787483,2.402188793850206e-17
53,120,2056,0.05558408678972948,-1.5392352766463258,1.7092467154591182e-17
53,120,2057,0.056576659768117876,-1.5376066463075904,2.0791312092648492e-17
53,120,2058,0.05756923274650583,-1.5359507132859687,3.7023538533467955e-18
53,120,2059,0.05856180572489378,-1.534267556583531,1.4596269295102093e-17
53,120,2060,0.05955437870328173,-1.5325572564766445,2.7458476208764423e-17
53,120,2061,0.06054695168166968,-1.5308198945116098,2.2775491815662214e-17
53,120,2062,0.061539524660058076,-1.5290555535002748,7.986209163979064e-18
53,120,2063,0.06253209763844603,-1.5272643175155947,1.3936448466767698e-17
53,120,2064,0.06352467061683398,-1.5254462718871127,9.189724006796137e-18
53,120,2065,0.06451724359522193,-1.523601503196346,4.114686066975632e-17
53,120,2066,0.06550981657360988,-1.5217300992720508,2.9496142647119184e-17
53,120,2067,0.06650238955199783,-1.519832149185348,2.6450792163487314e-17
53,120,2068,0.06749496253038623,-1.5179077432446897,1.626238450530351e-17
53,120,2069,0.06848753550877418,-1.515956972990669,1.6043011477752927e-17
53,120,2070,0.06948010848716213,-1.5139799311906355,-8.528337051088472e-18
53,120,2071,0.07047268146555008,-1.5119767118331364,4.984241152894955e-18
53,120,2072,0.07146525444393803,-1.5099474101221728,2.50636115103512e-17
53,120,2073,0.07245782742232598,-1.507892122471264,-7.214005258143492e-18
53,120,2074,0.07345040040071438,-1.5058109464973366,-1.1785395646419043e-17
53,120,2075,0.07444297337910233,-1.503703981014446,4.284978376075645e-18
53,120,2076,0.07543554635749028,-1.5015713260273242,-1.1028297124931814e-17
53,120,2077,0.07642811933587823,-1.4994130827247967,1.1746535690630746e-17
53,120,2078,0.07742069231426618,-1.4972293534730559,-4.732995852312865e-19
53,120,2079,0.07841326529265458,-1.4950202418088203,-1.6184324454159705e-17
53,120,2080,0.07940583827104253,-1.4927858524324011,-7.357804546607042e-18
53,120,2081,0.08039841124943048,-1.490526291200675,8.339914154412075e-18
53,120,2082,0.08139098422781843,-1.4882416651199974,-2.091836382110422e-17
53,120,2083,0.08238355720620638,-1.485932082339063,-1.5386851406620557e-17
53,120,2084,0.08337613018459433,-1.4835976521417256,-1.9869081322419507e-17
53,120,2085,0.08436870316298273,-1.481238484939789,-3.7977204220316253e-17
53,120,2086,0.08536127614137068,-1.4788546922657855,-1.4142197372846277e-17
53,120,2087,0.08635384911975863,-1.4764463867657307,-1.079750970957157e-17
53,120,2088,0.08734642209814658,-1.4740136821918823,1.3834333170699476e-17
53,120,2089,0.08833899507653453,-1.471556693395482,-1.3593682771697814e-17
53,120,2090,0.08933156805492293,-1.4690755363194947,-3.342958236478065e-17
53,120,2091,0.09032414103331088,-1.466570327991338,-1.1239608460588658e-17
53,120,2092,0.09131671401169883,-1.4640411865155847,-1.994530493869599e-17
53,120,2093,0.09230928699008678,-1.4614882310666537,1.3264601826545734e-17
53,120,2094,0.09330185996847473,-1.458911581881461,1.2009351523912705e-17
53,120,2095,0.09429443294686268,-1.456311360252035,-2.7440746103913992e-17
53,120,2096,0.09528700592525108,-1.453687688518074,-1.4386057567613696e-17
53,120,2097,0.09627957890363903,-1.451040690059457,-1.1993023997965337e-17
53,120,2098,0.09727215188202698,-1.448370489288666,-2.1819225244192253e-18
53,120,2099,0.09826472486041493,-1.4456772116431478,-1.0235826141367438e-17
53,120,2100,0.09925729783880288,-1.4429609835775834,-7.881085318572634e-18
53,120,2101,0.10024987081719083,-1.440221932556068,-2.016467314792179e-18
53,120,2102,0.10124244379557923,-1.4374601870441925,2.0657923095227478e-17
53,120,2103,0.10223501677396718,-1.4346758765010366,1.1737345892372609e-17
53,120,2104,0.10322758975235513,-1.4318691313710459,2.698408809890643e-17
53,120,2105,0.10422016273074308,-1.429040083075823,2.081529355003615e-17
53,120,2106,0.10521273570913103,-1.426188864005819,6.893869985720735e-19
53,120,2107,0.10620530868751943,-1.4233156075119233,2.8428536210887875e-17
53,120,2108,0.10719788166590738,-1.4204204478969766,4.1957289659379e-17
53,120,2109,0.10819045464429533,-1.4175035204071822,-2.514254224461614e-17
53,120,2110,0.10918302762268328,-1.4145649612234508,2.938730272376422e-17
53,120,2111,0.11017560060107123,-1.4116049074526695,-3.452128127944088e-18
53,120,2112,0.11116817357945918,-1.4086234971188982,2.5963721817600427e-17
53,120,2113,0.11216074655784758,-1.4056208691545096,2.386029067093779e-17
53,120,2114,0.11315331953623553,-1.402597163391273,-2.0366801974741587e-17
53,120,2115,0.11414589251462348,-1.3995525205513775,5.162798806366714e-18
53,120,2116,0.11513846549301143,-1.3964870822384112,-2.5419494135961865e-17
53,120,2117,0.11613103847139938,-1.393400990928295,2.084942223004891e-17
53,120,2118,0.11712361144978778,-1.3902943899601616,4.256083117016867e-17
53,120,2119,0.11811618442817573,-1.3871674235271958,5.4255596782900536e-17
53,120,2120,0.11910875740656368,-1.3840202366674146,1.7257833416751563e-17
53,120,2121,0.12010133038495163,-1.3808529752544025,2.541479552771001e-17
53,120,2122,0.12109390336333958,-1.3776657859879886,-2.4698779120833704e-17
53,120,2123,0.12208647634172753,-1.3744588163848632,2.962401264180748e-17
53,120,2124,0.12307904932011593,-1.371232214769127,7.885533809990938e-19
53,120,2125,0.12407162229850388,-1.3679861302627776,-1.3623670481866584e-17
53,120,2126,0.12506419527689183,-1.364720712776106,-2.783889892789847e-17
53,120,2127,0.12605676825527978,-1.3614361129980304,1.4351607318925902e-17
53,120,2128,0.12704934123366773,-1.3581324823863339,5.916851744198619e-19
53,120,2129,0.12804191421205569,-1.3548099731578258,-1.9117368034703227e-17
53,120,2130,0.12903448719044408,-1.3514687382784076,3.048662703220642e-17
53,120,2131,0.13002706016883203,-1.3481089314530597,-9.990573275270809e-18
53,120,2132,0.13101963314721998,-1.3447307071157302,-5.739680284002319e-17
53,120,2133,0.13201220612560793,-1.3413342204191525,-2.0881288341310608e-17
53,120,2134,0.13300477910399588,-1.3379196272245744,4.356508383752267e-17
53,120,2135,0.13399735208238428,-1.3344870840914183,-2.462436199269313e-17
53,120,2136,0.13498992506077223,-1.3310367482668755,-3.6706110978376196e-17
53,120,2137,0.13598249803916018,-1.3275687776754324,1.339360834109876e-17
53,120,2138,0.13697507101754813,-1.3240833309083575,-3.4030819609113766e-17
53,120,2139,0.13796764399593608,-1.320580567213143,1.5869979691391673e-17
53,120,2140,0.13896021697432404,-1.3170606464829129,2.9506368680308968e-18
53,120,2141,0.13995278995271243,-1.3135237292458097,-1.7167794535383822e-17
53,120,2142,0.14094536293110038,-1.3099699766543773,-5.193062529125148e-17
53,120,2143,0.14193793590948833,-1.3063995504749153,-4.484141256766369e-17
53,120,2144,0.14293050888787628,-1.3028126130768616,2.487233000134847e-17
53,120,2145,0.14392308186626424,-1.2992093274221637,-3.826782211631653e-17
53,120,2146,0.14491565484465263,-1.2955898570546662,-6.63973607289578e-17
53,120,2147,0.14590822782304058,-1.2919543660895187,-6.03871729278799e-17
53,120,2148,0.14690080080142853,-1.288303019202579,-4.021333638313261e-17
53,120,2149,0.14789337377981648,-1.2846359816198443,-1.3309873991299799e-17
53,120,2150,0.14888594675820443,-1.280953419106878,-4.901872546501464e-17
53,120,2151,0.14987851973659239,-1.2772554979582473,5.643680763265336e-18
53,120,2152,0.15087109271498078,-1.2735423849869456,5.064795302633292e-18
53,120,2153,0.15186366569336873,-1.2698142475138152,4.411343587622874e-18
53,120,2154,0.15285623867175668,-1.2660712533569247,-3.066891798476581e-17
53,120,2155,0.15384881165014463,-1.2623135708209348,2.463435340160156e-17
53,120,2156,0.15484138462853259,-1.2585413686864046,-5.192287418263789e-17
53,120,2157,0.15583395760692054,-1.2547548161990536,4.5805449727231607e-17
53,120,2158,0.15682653058530893,-1.2509540830589478,-2.436218700207116e-18
53,120,2159,0.15781910356369688,-1.2471393394096275,-5.024481652212821e-17
53,120,2160,0.15881167654208483,-1.2433107558271326,2.0506318145123885e-17
53,120,2161,0.15980424952047279,-1.2394685033089594,4.26984350210338e-17
53,120,2162,0.16079682249886074,-1.2356127532629149,1.068423759720157e-16
53,120,2163,0.16178939547724913,-1.2317436774958754,5.2716634243677036e-17
53,120,2164,0.16278196845563708,-1.2278614482024635,8.232824119548363e-17
53,120,2165,0.16377454143402503,-1.2239662379536083,6.36599554221697e-19
53,120,2166,0.16476711441241298,-1.2200582196850425,-3.943867912383202e-17
53,120,2167,0.16575968739080094,-1.2161375666857008,8.773209515443679e-17
53,120,2168,0.1667522603691889,-1.2122044525860545,-2.922775697979874e-17
53,120,2169,0.16774483334757728,-1.2082590513463736,5.578745785010394e-17
53,120,2170,0.16873740632596523,-1.2043015372449526,4.968619197667522e-17
53,120,2171,0.16972997930435318,-1.2003320848662749,-5.179345225183675e-18
53,120,2172,0.17072255228274114,-1.1963508690891704,-2.594049055517449e-17
53,120,2173,0.1717151252611291,-1.1923580650749503,5.0594437284071294e-17
53,120,2174,0.17270769823951748,-1.1883538482555416,8.260268964026638e-18
53,120,2175,0.17370027121790543,-1.1843383943216432,2.8256114637241357e-17
53,120,2176,0.17469284419629338,-1.180311879210886,1.0340297335676218e-16
53,120,2177,0.17568541717468134,-1.176274479096043,-4.4873304892769415e-17
53,120,2178,0.1766779901530693,-1.1722263703732712,1.525197493883598e-18
53,120,2179,0.17767056313145724,-1.1681677296503978,4.0786313027524153e-17
53,120,2180,0.17866313610984563,-1.1640987337352564,-6.664656782270315e-17
53,120,2181,0.17965570908823358,-1.1600195596240788,-2.8085568743894975e-17
53,120,2182,0.18064828206662153,-1.1559303844899151,-5.935769456917242e-17
53,120,2183,0.18164085504500949,-1.151831385671119,-7.669133471649476e-17
53,120,2184,0.18263342802339744,-1.1477227406598598,2.4216892984332968e-17
53,120,2185,0.1836260010017854,-1.1436046270906635,1.3846717462826946e-17
53,120,2186,0.18461857398017378,-1.1394772227289778,-3.099297730226242e-17
53,120,2187,0.18561114695856173,-1.13534070545975,-4.0824605558700025e-17
53,120,2188,0.18660371993694969,-1.1311952532759912,-2.2502170599281248e-17
53,120,2189,0.18759629291533764,-1.1270410442673415,-1.7735835277097868e-17
53,120,2190,0.1885888658937256,-1.1228782566086044,1.5604205657235717e-17
53,120,2191,0.18958143887211398,-1.1187070685482452,-8.999392952665583e-17
53,120,2192,0.19057401185050193,-1.114527658396855,-4.166502088762043e-17
53,120,2193,0.19156658482888989,-1.1103402045155477,-5.5372869708634226e-17
53,120,2194,0.19255915780727784,-1.1061448853043134,2.2037524115001958e-17
53,120,2195,0.1935517307856658,-1.1019418791903002,-1.0185307206526912e-16
53,120,2196,0.19454430376405374,-1.0977313646160436,-3.011560563966953e-17
53,120,2197,0.19553687674244213,-1.0935135200276231,-7.624736819419587e-17
53,120,2198,0.19652944972083009,-1.0892885238627752,-2.4515529599828467e-17
53,120,2199,0.19752202269921804,-1.0850565545389361,4.0608473031620016e-20
53,120,2200,0.198514595677606,-1.0808177904412593,1.074048764879225e-17
53,120,2201,0.19950716865599394,-1.0765724099105909,-5.881528756244527e-18
53,120,2202,0.20049974163438233,-1.0723205912314249,-1.5206315365525307e-18
53,120,2203,0.20149231461277028,-1.0680625126198633,-3.8746573054325035e-17
53,120,2204,0.20248488759115824,-1.0637983522115586,4.917927892464709e-17
53,120,2205,0.2034774605695462,-1.059528288049704,-9.102311630782016e-18
53,120,2206,0.20447003354793414,-1.0552524980730447,1.8091770725938425e-18
53,120,2207,0.2054626065263221,-1.0509711601039442,-2.2317312222543092e-17
53,120,2208,0.20645517950471048,-1.0466844518365062,-4.946065789514816e-18
53,120,2209,0.20744775248309844,-1.0423925508247835,1.189122762769821e-17
53,120,2210,0.2084403254614864,-1.038095634471044,7.689397352710599e-17
53,120,2211,0.20943289843987434,-1.0337938800141444,9.189710611973351e-18
53,120,2212,0.2104254714182623,-1.029487464517984,3.1128323900849637e-17
53,120,2213,0.21141804439665024,-1.0251765648600486,7.340886212361472e-17
53,120,2214,0.21241061737503864,-1.0208613577200456,2.4520888502834707e-17
53,120,2215,0.2134031903534266,-1.0165420195686259,7.249717775890294e-17
53,120,2216,0.21439576333181454,-1.0122187266561624,1.4400069962938222e-18
53,120,2217,0.2153883363102025,-1.007891655001617,5.520771553202223e-17
53,120,2218,0.21638090928859044,-1.0035609803814438,3.8769264564180945e-17
53,120,2219,0.21737348226697883,-0.999226878318538,7.934822161280634e-18
53,120,2220,0.21836605524536679,-0.9948895240712147,1.850990631944269e-17
53,120,2221,0.21935862822375474,-0.9905490926221792,8.852273439085453e-19
53,120,2222,0.2203512012021427,-0.9862057586675129,2.479914130793318e-17
53,120,2223,0.22134377418053064,-0.9818596966056299,2.0711295425139704e-17
53,120,2224,0.2223363471589186,-0.9775110805262027,-3.9209396922879935e-17
53,120,2225,0.22332892013730699,-0.9731600841990469,-1.5716881461683938e-18
53,120,2226,0.22432149311569494,-0.9688068810629652,-3.345065745167976e-17
53,120,2227,0.2253140660940829,-0.9644516442145139,6.021720433255536e-17
53,120,2228,0.22630663907247084,-0.960094546396736,-4.091421371526586e-17
53,120,2229,0.2272992120508588,-0.9557357599878256,3.9357484784074444e-17
53,120,2230,0.22829178502924719,-0.9513754569897429,-4.706707973205421e-17
53,120,2231,0.22928435800763514,-0.9470138090167961,-2.1682785202242892e-17
53,120,2232,0.2302769309860231,-0.9426509872841726,1.804437876662772e-17
53,120,2233,0.23126950396441104,-0.9382871625964728,2.506979681845382e-18
53,120,2234,0.232262076942799,-0.9339225053362332,-2.6412483971181354e-17
53,120,2235,0.23325464992118694,-0.929557185452475,-1.3082227367401545e-17
53,120,2236,0.23424722289957534,-0.9251913724492847,-1.3203698959923215e-17
53,120,2237,0.2352397958779633,-0.9208252353744721,-1.2848396719372612e-17
53,120,2238,0.23623236885635124,-0.9164589428082853,-5.3845347557812986e-17
53,120,2239,0.2372249418347392,-0.912092662852255,-1.0826159476651932e-17
53,120,2240,0.23821751481312714,-0.9077265631181465,-9.28278354285902e-17
53,120,2241,0.2392100877915151,-0.9033608107170572,-7.699987046169562e-17
53,120,2242,0.2402026607699035,-0.898995572248667,-7.482733634452078e-17
53,120,2243,0.24119523374829144,-0.894631013790662,3.9057115687215113e-17
53,120,2244,0.2421878067266794,-0.8902673008883161,1.380850473218015e-17
53,120,2245,0.24318037970506734,-0.885904598544267,-3.915450002309207e-17
53,120,2246,0.2441729526834553,-0.8815430712084603,-2.2392171815765093e-17
53,120,2247,0.2451655256618437,-0.8771828827682654,-7.522898675354459e-17
53,120,2248,0.24615809864023164,-0.8728241965387623,-3.0543080589012165e-17
53,120,2249,0.2471506716186196,-0.8684671752531591,-1.3759843383050945e-17
53,120,2250,0.24814324459700754,-0.8641119810533603,-2.491519115378769e-17
53,120,2251,0.2491358175753955,-0.8597587754806385,1.9539956400217708e-17
53,120,2252,0.25012839055378344,-0.855407719466396,-3.365926831175942e-17
53,120,2253,0.25112096353217184,-0.8510589733229905,-1.7366277830037232e-17
53,120,2254,0.2521135365105598,-0.8467126967346099,8.230275856216819e-17
53,120,2255,0.25310610948894774,-0.8423690487481448,-9.683368516371099e-17
53,120,2256,0.2540986824673357,-0.8380281877640663,1.632260853156237e-17
53,120,2257,0.25509125544572364,-0.8336902715272674,3.173928867595969e-17
53,120,2258,0.25608382842411204,-0.8293554571178468,8.868967072649821e-17
53,120,2259,0.2570764014025,-0.8250239009418368,8.963980783910112e-17
53,120,2260,0.25806897438088794,-0.8206957587218279,-3.50084335661751e-17
53,120,2261,0.2590615473592759,-0.8163711854875235,7.209155118957826e-18
53,120,2262,0.26005412033766384,-0.8120503355661909,-3.445839372103428e-17
53,120,2263,0.2610466933160518,-0.8077333625730224,9.077351408878073e-17
53,120,2264,0.2620392662944402,-0.8034204194014104,3.466051550033141e-17
53,120,2265,0.26303183927282814,-0.7991116582131601,2.0025557168951597e-17
53,120,2266,0.2640244122512161,-0.7948072304286304,4.693657085838572e-17
53,120,2267,0.26501698522960404,-0.7905072867168575,4.5761569594968734e-17
53,120,2268,0.266009558207992,-0.7862119769856681,3.0407627318745106e-17
53,120,2269,0.26700213118637994,-0.7819214503718115,-4.086844954264947e-17
53,120,2270,0.26799470416476834,-0.7776358552311494,5.473747278627768e-17
53,120,2271,0.2689872771431563,-0.773355339128939,2.4809343729408087e-17
53,120,2272,0.26997985012154424,-0.7690800488302174,3.644189652652152e-17
53,120,2273,0.2709724230999322,-0.7648101302903627,3.410417466769876e-17
53,120,2274,0.27196499607832014,-0.7605457286458227,3.1705519764787354e-17
53,120,2275,0.27295756905670854,-0.7562869882050633,-2.6615711557515136e-17
53,120,2276,0.2739501420350965,-0.7520340524397587,-1.5250274044523035e-17
53,120,2277,0.27494271501348444,-0.7477870639762231,3.796526790104128e-17
53,120,2278,0.2759352879918724,-0.7435461645871313,-6.216134799356615e-17
53,120,2279,0.27692786097026034,-0.7393114951835152,-2.27597409212948e-17
53,120,2280,0.2779204339486483,-0.7350831958070464,1.0029882960814736e-16
53,120,2281,0.2789130069270367,-0.7308614056225976,-6.901934681181837e-17
53,120,2282,0.27990557990542464,-0.7266462629110917,1.2647546144059594e-17
53,120,2283,0.2808981528838126,-0.7224379050625862,-1.1448113033919153e-16
53,120,2284,0.28189072586220054,-0.7182364685696206,3.7337711674411813e-17
53,120,2285,0.2828832988405885,-0.7140420890207614,-6.132875422328896e-17
53,120,2286,0.2838758718189769,-0.7098549010943354,3.528754744473135e-17
53,120,2287,0.28486844479736484,-0.7056750385523197,-6.269590967255334e-17
53,120,2288,0.2858610177757528,-0.7015026342343327,4.855612643249982e-17
53,120,2289,0.28685359075414074,-0.697337820051719,-3.488474386983753e-17
53,120,2290,0.2878461637325287,-0.6931807269816702,2.1476721726782975e-17
53,120,2291,0.28883873671091664,-0.689031485061358,-5.516019820347394e-18
53,120,2292,0.28983130968930504,-0.6848902233820365,-6.002747192847133e-17
53,120,2293,0.290823882667693,-0.6807570700831052,-5.862528644379881e-17
53,120,2294,0.29181645564608094,-0.6766321523460729,-7.087190303991687e-17
53,120,2295,0.2928090286244689,-0.6725155963884418,7.045063239095112e-17
53,120,2296,0.29380160160285684,-0.6684075274574726,1.674339068634341e-17
53,120,2297,0.2947941745812448,-0.6643080698238322,-5.0425961548832967e-17
53,120,2298,0.2957867475596332,-0.6602173467751198,6.326220384561161e-17
53,120,2299,0.29677932053802114,-0.6561354806092886,5.17686130129074e-17
53,120,2300,0.2977718935164091,-0.6520625926279525,-1.4843202202197657e-18
53,120,2301,0.29876446649479704,-0.6479988031296255,5.66636834351636e-17
53,120,2302,0.299757039473185,-0.6439442314028986,4.4934598300874913e-17
53,120,2303,0.3007496124515734,-0.6398989957195916,8.900806706572255e-17
53,120,2304,0.30174218542996134,-0.6358632133279206,-6.221779082436558e-17
53,120,2305,0.3027347584083493,-0.6318370004456908,-3.2591523556473056e-17
53,120,2306,0.30372733138673724,-0.6278204722535969,3.871798591450793e-17
53,120,2307,0.3047199043651252,-0.6238137428886333,8.18342266200486e-17
53,120,2308,0.30571247734351314,-0.6198169254376709,-8.408294820883231e-17
53,120,2309,0.30670505032190154,-0.6158301319312339,-2.751378862470999e-17
53,120,2310,0.3076976233002895,-0.6118534733375195,1.1236936339725523e-16
53,120,2311,0.30869019627867744,-0.6078870595566658,8.504017169735274e-17
53,120,2312,0.3096827692570654,-0.6039309994153271,-1.2356494309909632e-17
53,120,2313,0.31067534223545334,-0.5999854006615539,1.5470312980837008e-17
53,120,2314,0.31166791521384174,-0.5960503699599929,4.326320426585535e-17
53,120,2315,0.3126604881922297,-0.5921260128874298,1.5114786369864495e-17
53,120,2316,0.31365306117061764,-0.5882124339286411,1.4526336230723268e-17
53,120,2317,0.3146456341490056,-0.5843097364725872,-1.3936419136513747e-16
53,120,2318,0.31563820712739354,-0.5804180228089035,-2.8613054329985e-17
53,120,2319,0.3166307801057815,-0.5765373941246805,-1.5381998593520402e-17
53,120,2320,0.3176233530841699,-0.5726679505015019,1.162210440495583e-17
53,120,2321,0.31861592606255784,-0.5688097909127199,8.039739568189654e-17
53,120,2322,0.3196084990409458,-0.5649630132209111,-8.751029788571032e-17
53,120,2323,0.32060107201933374,-0.5611277141755017,1.3446633721860058e-16
53,120,2324,0.3215936449977217,-0.5573039894105072,-3.35667602672522e-17
53,120,2325,0.3225862179761101,-0.5534919334423458,3.506003000673027e-17
53,120,2326,0.32357879095449804,-0.5496916396677072,-6.351486473080979e-17
53,120,2327,0.324571363932886,-0.5459032003614059,1.919036835899491e-17
53,120,2328,0.32556393691127394,-0.5421267066742256,4.07796590570028e-18
53,120,2329,0.3265565098896619,-0.5383622486307036,8.674053146873376e-17
53,120,2330,0.32754908286804985,-0.5346099151268376,-3.9870262309732867e-17
53,120,2331,0.32854165584643824,-0.5308697939277028,-4.129445849298964e-17
53,120,2332,0.3295342288248262,-0.5271419716649722,6.889930507790666e-17
53,120,2333,0.33052680180321414,-0.5234265338343204,6.73322270438213e-17
53,120,2334,0.3315193747816021,-0.5197235647927433,-3.992416608572298e-18
53,120,2335,0.33251194775999005,-0.516033147755785,7.805204832786169e-17
53,120,2336,0.333504520738378,-0.5123553647946947,6.23204798071897e-17
53,120,2337,0.3344970937167664,-0.5086902968335396,4.656624632032992e-18
53,120,2338,0.33548966669515434,-0.5050380236463117,3.052089577210097e-17
53,120,2339,0.3364822396735423,-0.5013986238540326,-2.7216931547976466e-17
53,120,2340,0.33747481265193024,-0.49777217492193265,2.6440502126942412e-17
53,120,2341,0.3384673856303182,-0.49415875315671226,-3.1186060762975404e-17
53,120,2342,0.3394599586087066,-0.4905584337039372,-4.693426194055321e-17
53,120,2343,0.34045253158709454,-0.4869712905456081,7.17862523175685e-18
53,120,2344,0.3414451045654825,-0.48339739649792485,-1.1970795353237753e-16
53,120,2345,0.34243767754387044,-0.47983682320930165,4.6250075755535875e-17
53,120,2346,0.3434302505222584,-0.47628964115864464,4.5255754659762e-17
53,120,2347,0.34442282350064635,-0.4727559196539259,5.88556307753944e-17
53,120,2348,0.34541539647903474,-0.4692357268310597,-6.652946271784792e-17
53,120,2349,0.3464079694574227,-0.46572912965311597,3.10976609634281e-17
53,120,2350,0.34740054243581064,-0.4622361939098377,-6.54361990935599e-17
53,120,2351,0.3483931154141986,-0.45875698421750344,-9.160903224472397e-17
53,120,2352,0.34938568839258655,-0.4552915640190917,7.642947533304266e-18
53,120,2353,0.35037826137097494,-0.45183999558474774,-3.803686633171404e-18
53,120,2354,0.3513708343493629,-0.44840234001253293,-8.414543916109482e-17
53,120,2355,0.35236340732775084,-0.4449786572294049,-3.893747205069469e-17
53,120,2356,0.3533559803061388,-0.441569005992435,7.191512189847246e-18
53,120,2357,0.35434855328452675,-0.43817344389019325,5.312046813885835e-17
53,120,2358,0.3553411262629147,-0.4347920273442837,-8.149400584035323e-17
53,120,2359,0.3563336992413031,-0.4314248116109781,3.490174322628369e-17
53,120,2360,0.35732627221969104,-0.4280718507829254,9.577503326082505e-17
53,120,2361,0.358318845198079,-0.4247331977908735,5.890412064468794e-17
53,120,2362,0.35931141817646695,-0.4214089044054012,2.1742492921262537e-17
53,120,2363,0.3603039911548549,-0.4180990212386041,5.418992113624663e-17
53,120,2364,0.36129656413324285,-0.4148035977457195,-1.0956243144914858e-17
53,120,2365,0.36228913711163124,-0.41152268222666866,7.603968172199496e-17
53,120,2366,0.3632817100900192,-0.40825632182750593,2.355614112821182e-17
53,120,2367,0.36427428306840715,-0.4050045625417524,1.2112455484004106e-17
53,120,2368,0.3652668560467951,-0.4017674492116352,2.771151084351476e-17
53,120,2369,0.36625942902518305,-0.3985450255292256,4.206910914236462e-19
53,120,2370,0.36725200200357144,-0.3953373340374895,1.1866879922219055e-16
53,120,2371,0.3682445749819594,-0.3921444161312802,-4.2760855995593514e-17
53,120,2372,0.36923714796034734,-0.38896631205828,3.1657027462827615e-17
53,120,2373,0.3702297209387353,-0.38580306091994176,9.833631406150955e-17
53,120,2374,0.37122229391712325,-0.3826547006724533,-2.399348847636307e-17
53,120,2375,0.3722148668955112,-0.3795212681277602,6.863366108836943e-17
53,120,2376,0.3732074398738996,-0.3764027989546903,1.4437807572869326e-17
53,120,2377,0.37420001285228754,-0.37329932768021884,-6.139965838219202e-17
53,120,2378,0.3751925858306755,-0.370210887690902,-4.701451485073826e-17
53,120,2379,0.37618515880906345,-0.367137511234528,-1.3078015051668526e-16
53,120,2380,0.3771777317874514,-0.3640792294220105,-6.146467327385577e-17
53,120,2381,0.3781703047658398,-0.36103607222954864,-1.2782779068242128e-17
53,120,2382,0.37916287774422774,-0.35800806850108935,1.0398746434118984e-18
53,120,2383,0.3801554507226157,-0.35499524595108384,-1.3108445164979304e-16
53,120,2384,0.38114802370100365,-0.35199763116757554,9.11664394695077e-18
53,120,2385,0.3821405966793916,-0.34901524961560665,-5.199186268370317e-17
53,120,2386,0.38313316965777955,-0.3460481256409385,-3.581109452830251e-17
53,120,2387,0.38412574263616794,-0.34309628247408064,-7.451111362510902e-17
53,120,2388,0.3851183156145559,-0.34015974223461276,1.3568456231587594e-17
53,120,2389,0.38611088859294385,-0.3372385259357604,-7.851913176058133e-17
53,120,2390,0.3871034615713318,-0.33433265348921876,-1.1359095173716247e-16
53,120,2391,0.38809603454971975,-0.3314421437101726,-7.785848460601425e-17
53,120,2392,0.3890886075281077,-0.32856701432248553,1.4449205053384548e-17
53,120,2393,0.3900811805064961,-0.32570728196401433,-6.564828565299363e-17
53,120,2394,0.39107375348488405,-0.3228629621920197,4.299650349904219e-17
53,120,2395,0.392066326463272,-0.32003406948861035,4.142380156355898e-17
53,120,2396,0.39305889944165995,-0.31722061726621475,1.2529129454945039e-17
53,120,2397,0.3940514724200479,-0.31442261787301884,5.505021701654193e-18
53,120,2398,0.3950440453984363,-0.3116400825983509,6.280626281514326e-18
53,120,2399,0.39603661837682425,-0.3088730216779896,-6.959082876347615e-18
53,120,2400,0.3970291913552122,-0.3061214442993533,-5.792226741938852e-18
53,120,2401,0.39802176433360015,-0.30338535860658733,3.689603909192433e-17
53,120,2402,0.3990143373119881,-0.30066477170551353,1.6563874895622362e-17
53,120,2403,0.40000691029037605,-0.2979596896684531,3.756767390320158e-17
53,120,2404,0.40099948326876445,-0.2952701175389207,-4.5991652373947615e-17
53,120,2405,0.4019920562471524,-0.2925960593362134,5.009153828877419e-17
53,120,2406,0.40298462922554035,-0.2899375180598878,-5.950734237951222e-19
53,120,2407,0.4039772022039283,-0.2872944956941758,-1.0839348785532801e-17
53,120,2408,0.40496977518231625,-0.28466699321234545,6.161548689042845e-17
53,120,2409,0.40596234816070464,-0.28205501058104837,7.261827143985589e-18
53,120,2410,0.4069549211390926,-0.2794585467646871,1.4414106764583558e-17
53,120,2411,0.40794749411748055,-0.27687759972982484,7.606158812879227e-17
53,120,2412,0.4089400670958685,-0.2743121664496958,2.4913065522005005e-17
53,120,2413,0.40993264007425645,-0.2717622429088315,9.832136004237761e-17
53,120,2414,0.4109252130526444,-0.2692278241078475,5.886780247306193e-17
53,120,2415,0.4119177860310328,-0.26670890406841286,-2.3101616832020735e-17
53,120,2416,0.41291035900942075,-0.26420547583844145,1.1708036299705988e-16
53,120,2417,0.4139029319878087,-0.2617175314975076,1.243612974871634e-16
53,120,2418,0.41489550496619665,-0.25924506216252424,6.162635301237876e-17
53,120,2419,0.4158880779445846,-0.25678805799367926,-3.630641412963167e-17
53,120,2420,0.41688065092297255,-0.2543465082006411,6.770307926651172e-17
53,120,2421,0.41787322390136095,-0.2519204010490304,-1.5962300375810377e-17
53,120,2422,0.4188657968797489,-0.24950972386715561,5.3850304401325345e-17
53,120,2423,0.41985836985813685,-0.24711446305298362,1.2809981896340679e-17
53,120,2424,0.4208509428365248,-0.2447346040813491,-6.572708790650737e-18
53,120,2425,0.42184351581491275,-0.24237013151136233,-4.123618235196152e-18
53,120,2426,0.42283608879330115,-0.24002102899399316,-3.569956538894796e-17
53,120,2427,0.4238286617716891,-0.2376872792798073,-3.817906490508559e-17
53,120,2428,0.42482123475007705,-0.23536886422680509,-2.573576747878801e-17
53,120,2429,0.425813807728465,-0.23306576480835264,-1.9269104846708827e-17
53,120,2430,0.42680638070685295,-0.23077796112115448,-1.838870915592998e-17
53,120,2431,0.4277989536852409,-0.22850543239323962,-3.0453590153556584e-17
53,120,2432,0.4287915266636293,-0.22624815699193535,-4.8594226312436425e-17
53,120,2433,0.42978409964201725,-0.2240061124317987,3.171824334729943e-17
53,120,2434,0.4307766726204052,-0.22177927538247266,-4.741764027415331e-17
53,120,2435,0.43176924559879315,-0.2195676216764663,1.3449301390544258e-17
53,120,2436,0.4327618185771811,-0.21737112631682812,-2.2737131714301597e-17
53,120,2437,0.4337543915555695,-0.21518976348470878,-4.4589740651578707e-17
53,120,2438,0.43474696453395745,-0.21302350654681554,-3.1599840299864947e-17
53,120,2439,0.4357395375123454,-0.21087232806274356,2.198273394139833e-18
53,120,2440,0.43673211049073335,-0.20873619979221023,-2.6829793270997683e-17
53,120,2441,0.4377246834691213,-0.20661509270219128,-4.233387972145147e-17
53,120,2442,0.43871725644750925,-0.2045089769739778,4.946429446258745e-17
53,120,2443,0.43970982942589765,-0.20241782201017566,2.2136065872897864e-17
53,120,2444,0.4407024024042856,-0.20034159644166866,-9.282539109044749e-18
53,120,2445,0.44169497538267355,-0.19828026813456712,-2.776600146023313e-17
53,120,2446,0.4426875483610615,-0.19623380419717368,2.947675270695896e-17
53,120,2447,0.44368012133944945,-0.19420217098699033,5.784203176170257e-17
53,120,2448,0.4446726943178374,-0.19218533411779098,-5.1796079566303115e-18
53,120,2449,0.4456652672962258,-0.19018325846678413,-5.5231217568421144e-17
53,120,2450,0.44665784027461375,-0.1881959081818952,5.763488909111653e-17
53,120,2451,0.4476504132530017,-0.1862232466891708,-7.82545677287951e-18
53,120,2452,0.44864298623138965,-0.1842652367003418,2.3432573046590666e-17
53,120,2453,0.4496355592097776,-0.18232184022054235,-4.000611330203645e-17
53,120,2454,0.450628132188166,-0.18039301855619463,5.999342286295748e-17
53,120,2455,0.45162070516655395,-0.1784787323230702,2.7396357086631827e-17
53,120,2456,0.4526132781449419,-0.1765789414545074,5.0411218937560344e-17
53,120,2457,0.45360585112332985,-0.17469360520980373,-3.432739003560356e-17
53,120,2458,0.4545984241017178,-0.17282268218274874,4.8168779923715233e-17
53,120,2459,0.45559099708010575,-0.17096613031029745,-7.800485517082392e-17
53,120,2460,0.45658357005849415,-0.1691239068813583,1.2006647306770113e-16
53,120,2461,0.4575761430368821,-0.16729596854568377,-2.2243795096039883e-17
53,120,2462,0.45856871601527005,-0.16548227132282253,3.438402697055539e-17
53,120,2463,0.459561288993658,-0.16368277061113554,-5.441678871524463e-17
53,120,2464,0.46055386197204595,-0.16189742119682454,5.943662222056463e-17
53,120,2465,0.46154643495043435,-0.16012617726296832,1.048029918215278e-17
53,120,2466,0.4625390079288223,-0.15836899239853383,-2.0252701340641964e-17
53,120,2467,0.46353158090721025,-0.1566258196073367,-5.370327373609675e-17
53,120,2468,0.4645241538855982,-0.15489661131694443,-2.7232561305302288e-17
53,120,2469,0.46551672686398615,-0.15318131938749613,8.689440747429863e-17
53,120,2470,0.4665092998423741,-0.1514798951204267,-1.786736738593695e-17
53,120,2471,0.4675018728207625,-0.1497922892670884,-7.347891210729495e-17
53,120,2472,0.46849444579915045,-0.14811845203726826,1.7557413183011256e-17
53,120,2473,0.4694870187775384,-0.14645833310758752,-4.47905671988888e-18
53,120,2474,0.47047959175592635,-0.14481188162980152,-2.119940627338461e-18
53,120,2475,0.4714721647343143,-0.14317904623899544,1.910426003901708e-18
53,120,2476,0.47246473771270225,-0.1415597750616883,9.189962500408451e-18
53,120,2477,0.47345731069109065,-0.1399540157238609,-7.092243578067005e-17
53,120,2478,0.4744498836694786,-0.138361715358921,4.350482801731358e-17
53,120,2479,0.47544245664786655,-0.13678282061561836,2.3389770406103573e-17
53,120,2480,0.4764350296262545,-0.1352172776659374,2.171657388792854e-17
53,120,2481,0.47742760260464245,-0.13366503221297873,-6.057368262098119e-17
53,120,2482,0.47842017558303085,-0.13212602949885183,5.487450497348074e-17
53,120,2483,0.4794127485614188,-0.13060021431259858,7.916349079766475e-17
53,120,2484,0.48040532153980675,-0.1290875309981564,2.6118083240885543e-17
53,120,2485,0.4813978945181947,-0.12758792346238876,5.255521085989767e-17
53,120,2486,0.48239046749658265,-0.12610133518318475,5.055401266214183e-17
53,120,2487,0.4833830404749706,-0.1246277092176435,4.810831371959533e-17
53,120,2488,0.484375613453359,-0.12316698821034613,-8.781655321639404e-18
53,120,2489,0.48536818643174695,-0.12171911440172486,1.5006516743851426e-17
53,120,2490,0.4863607594101349,-0.12028402963651864,1.1538876966074826e-17
53,120,2491,0.48735333238852285,-0.11886167537232495,3.504202740328095e-17
53,120,2492,0.4883459053669108,-0.11745199268823249,3.152813602048872e-17
53,120,2493,0.4893384783452992,-0.11605492229352753,5.4708854575190436e-17
53,120,2494,0.49033105132368715,-0.11467040453646629,5.20057196554515e-17
53,120,2495,0.4913236243020751,-0.11329837941308825,-3.524691814890363e-17
53,120,2496,0.49231619728046305,-0.11193878657607063,-9.804443213390399e-18
53,120,2497,0.493308770258851,-0.11059156534359371,1.4797432454383704e-17
53,120,2498,0.49430134323723895,-0.1092566547082047,1.2458974414484102e-16
53,120,2499,0.49529391621562735,-0.10793399334566352,-4.452941767474559e-17
53,120,2500,0.4962864891940153,-0.10662351962375397,9.99962482169418e-18
53,120,2501,0.49727906217240325,-0.10532517161103741,-7.399302426260202e-17
53,120,2502,0.4982716351507912,-0.10403888708554233,3.690741635829643e-17
53,120,2503,0.49926420812917915,-0.10276460354337541,-4.562961059195251e-17
53,120,2504,0.5002567811075671,-0.1015022582072399,3.832987213340217e-17
53,120,2505,0.5012493540859555,-0.10025178803485466,-4.3200333439360245e-17
53,120,2506,0.5022419270643435,-0.0990131297272728,4.1420587582525946e-17
53,120,2507,0.5032345000427314,-0.09778621973708565,1.610002607973923e-17
53,120,2508,0.5042270730211194,-0.09657099427652822,-5.046650411712735e-17
53,120,2509,0.5052196459995073,-0.0953673893254721,7.041672995446013e-18
53,120,2510,0.5062122189778957,-0.0941753406393206,-8.876629798792064e-17
53,120,2511,0.5072047919562837,-0.09299478375681196,2.5130706780961026e-17
53,120,2512,0.5081973649346716,-0.09182565400773093,-1.5320268010398977e-17
53,120,2513,0.5091899379130596,-0.0906678865205505,4.313272455210529e-17
53,120,2514,0.5101825108914475,-0.08952141623000426,-3.802988802590135e-17
53,120,2515,0.5111750838698355,-0.08838617788460768,5.888674427650517e-17
53,120,2516,0.5121676568482239,-0.08726210605413487,3.522699140852146e-17
53,120,2517,0.5131602298266118,-0.0861491351370664,6.685883133528106e-17
53,120,2518,0.5141528028049998,-0.08504719936801106,-2.2075523746116097e-17
53,120,2519,0.5151453757833877,-0.08395623282512135,-5.141710746046526e-18
53,120,2520,0.5161379487617757,-0.08287616943750256,6.1248831453882985e-18
53,120,2521,0.517130521740164,-0.08180694299262303,4.496549950603578e-17
53,120,2522,0.518123094718552,-0.08074848714373543,6.9267019317919986e-18
53,120,2523,0.51911566769694,-0.07970073541730192,-5.050266426123188e-17
53,120,2524,0.5201082406753279,-0.07866362122043381,5.914881442344418e-17
53,120,2525,0.5211008136537159,-0.07763707784833845,3.3368793019690653e-18
53,120,2526,0.5220933866321038,-0.07662103849177218,3.234303909318124e-18
53,120,2527,0.5230859596104922,-0.07561543624449525,8.335697522439515e-17
53,120,2528,0.5240785325888802,-0.07462020411072064,-4.1806678589738854e-17
53,120,2529,0.5250711055672681,-0.07363527501254923,-1.2665936555826105e-16
53,120,2530,0.526063678545656,-0.07266058179738895,7.770354578063911e-17
53,120,2531,0.527056251524044,-0.07169605724533884,1.082966409748586e-16
53,120,2532,0.528048824502432,-0.07074163407653912,-8.70704087158724e-17
53,120,2533,0.5290413974808204,-0.06979724495847159,1.048824379599062e-17
53,120,2534,0.5300339704592083,-0.06886282251320637,-2.4084910427189478e-17
53,120,2535,0.5310265434375963,-0.06793829932458095,1.4903643706097887e-17
53,120,2536,0.5320191164159842,-0.06702360794531256,-5.718921589667953e-17
53,120,2537,0.5330116893943722,-0.06611868090403092,-6.63516123608923e-17
53,120,2538,0.5340042623727606,-0.06522345071223193,-7.1852467381477e-17
53,120,2539,0.5349968353511485,-0.06433784987114538,2.7349374057371996e-17
53,120,2540,0.5359894083295365,-0.06346181087851492,4.647644977118581e-18
53,120,2541,0.5369819813079244,-0.06259526623529515,-8.76201899662848e-17
53,120,2542,0.5379745542863124,-0.06173814845225683,-6.496477424133654e-17
53,120,2543,0.5389671272647003,-0.06089039005651401,-6.334988625416891e-17
53,120,2544,0.5399597002430887,-0.060051923597965046,-4.112303616816694e-17
53,120,2545,0.5409522732214767,-0.05922268165566157,1.3764337528619313e-16
53,120,2546,0.5419448461998646,-0.05840259684409938,4.450252396432133e-17
53,120,2547,0.5429374191782526,-0.05759160181944615,6.657861518504612e-18
53,120,2548,0.5439299921566405,-0.056789629285706446,-2.096975856391191e-17
53,120,2549,0.5449225651350289,-0.05599661200082734,-5.937974994522474e-17
53,120,2550,0.5459151381134169,-0.0552124827827538,1.036113488331811e-16
53,120,2551,0.5469077110918048,-0.054437174515434957,-1.918471048183115e-17
53,120,2552,0.5479002840701928,-0.053670620154784035,-1.3596876576388154e-17
53,120,2553,0.5488928570485807,-0.05291275273459986,-1.0229400799515803e-16
53,120,2554,0.5498854300269687,-0.052163505372443894,-2.4089433981023707e-17
53,120,2555,0.550878003005357,-0.05142281127547939,7.125021639242122e-17
53,120,2556,0.551870575983745,-0.050690603746272114,3.423417436910751e-17
53,120,2557,0.552863148962133,-0.0499668161885433,6.200626319986698e-19
53,120,2558,0.5538557219405209,-0.049251382112884885,-1.9276204390737357e-17
53,120,2559,0.5548482949189089,-0.048544235142424515,-3.5299889673640333e-17
53,120,2560,0.5558408678972973,-0.04784530901843814,8.082873326790048e-17
53,120,2561,0.5568334408756852,-0.0471545376059101,7.215955134654598e-17
53,120,2562,0.5578260138540732,-0.04647185489902837,7.057854146341868e-17
53,120,2563,0.5588185868324611,-0.045797195026617624,4.128560399017054e-17
53,120,2564,0.5598111598108491,-0.04513049225750096,6.140284461811956e-17
53,120,2565,0.560803732789237,-0.04447168100578527,1.0284588931918299e-16
53,120,2566,0.5617963057676254,-0.04382069583607,1.0291118869692175e-16
53,120,2567,0.5627888787460134,-0.04317747146857184,1.1716212521924294e-16
53,120,2568,0.5637814517244013,-0.04254194278416304,5.5436644061230853e-17
53,120,2569,0.5647740247027893,-0.041914044829326286,-2.668627192497115e-17
53,120,2570,0.5657665976811772,-0.04129371282101706,-4.598887618354208e-17
53,120,2571,0.5667591706595652,-0.040680882151442506,3.2695831769304e-17
53,120,2572,0.5677517436379536,-0.04007548839275005,-2.0575056223361563e-17
53,120,2573,0.5687443166163415,-0.03947746730163358,1.002805755044501e-16
53,120,2574,0.5697368895947295,-0.03888675482385653,2.6300852842666073e-17
53,120,2575,0.5707294625731174,-0.03830328709869569,-3.3684908020138024e-17
53,120,2576,0.5717220355515054,-0.03772700046331248,3.868300280283398e-18
53,120,2577,0.5727146085298938,-0.03715783145705283,-2.13162315135056e-17
53,120,2578,0.5737071815082817,-0.036595716825681496,6.462147384948432e-17
53,120,2579,0.5746997544866697,-0.03604059352555508,4.139401520364529e-18
53,120,2580,0.5756923274650576,-0.03549239872773946,-2.882389909606314e-17
53,120,2581,0.5766849004434456,-0.03495106982207313,-6.912508549228718e-17
53,120,2582,0.5776774734218335,-0.03441654442118206,2.961416682449196e-17
53,120,2583,0.5786700464002219,-0.033888760364446026,1.6251914546379547e-16
53,120,2584,0.5796626193786099,-0.033367655721922636,9.505600249879458e-18
53,120,2585,0.5806551923569978,-0.03285316879822313,-5.3307210438336917e-17
53,120,2586,0.5816477653353858,-0.032345238136346405,3.6500417869156933e-17
53,120,2587,0.5826403383137737,-0.03184380252146585,4.227765164383329e-17
53,120,2588,0.5836329112921621,-0.03134880098466885,-3.563072205640018e-17
53,120,2589,0.58462548427055,-0.030860172806645204,-6.542050274954984e-17
53,120,2590,0.585618057248938,-0.030377857521319333,2.1730042486750278e-18
53,120,2591,0.586610630227326,-0.029901794919425684,3.483063070807458e-17
53,120,2592,0.5876032032057139,-0.02943192505201761,7.410959764430257e-17
53,120,2593,0.5885957761841019,-0.028968188233908086,-7.467647449746958e-17
53,120,2594,0.5895883491624903,-0.02851052504703552,-2.132036310821051e-17
53,120,2595,0.5905809221408782,-0.028058876343750195,-7.253415814291582e-17
53,120,2596,0.5915734951192662,-0.027613183250015178,3.6663060311023257e-17
53,120,2597,0.5925660680976541,-0.027173387168519723,2.0731516203882364e-17
53,120,2598,0.5935586410760421,-0.026739429781700005,-1.611127846965466e-17
53,120,2599,0.59455121405443,-0.026311253054665657,5.214634847608896e-17
53,120,2600,0.5955437870328184,-0.02588879923802867,7.909874534844522e-17
53,120,2601,0.5965363600112064,-0.025472010870637978,5.742395682969073e-17
53,120,2602,0.5975289329895943,-0.02506083078221463,2.2324434630940166e-17
53,120,2603,0.5985215059679823,-0.024655202095895556,-3.3451557867878106e-17
53,120,2604,0.5995140789463702,-0.024255068230684133,6.452082315550124e-17
53,120,2605,0.6005066519247586,-0.023860372903813442,9.697886791701295e-18
53,120,2606,0.6014992249031466,-0.023471060133026675,-1.7201687668484686e-17
53,120,2607,0.6024917978815345,-0.02308707423878102,-1.2743427232592894e-16
53,120,2608,0.6034843708599225,-0.022708359846377365,6.93977970204912e-17
53,120,2609,0.6044769438383104,-0.022334861888028364,-3.3470854789905675e-17
53,120,2610,0.6054695168166984,-0.021966525604865967,1.7399953155012548e-17
53,120,2611,0.6064620897950868,-0.021603296548896804,-1.6785484208585841e-18
53,120,2612,0.6074546627734747,-0.021245120584912416,1.3865353258141506e-17
53,120,2613,0.6084472357518627,-0.020891943892357483,-2.614021785509052e-17
53,120,2614,0.6094398087302506,-0.020543712967162484,2.4199984240386357e-17
53,120,2615,0.6104323817086386,-0.020200374623544546,4.951396444680802e-18
53,120,2616,0.611424954687027,-0.01986187599577771,-7.985294819469531e-18
53,120,2617,0.6124175276654149,-0.019528164539937092,-9.723174217336492e-17
53,120,2618,0.6134101006438029,-0.019199188035612005,6.267432876271712e-19
53,120,2619,0.6144026736221908,-0.018874894587593734,-3.345575735295163e-17
53,120,2620,0.6153952466005788,-0.018555232627530407,-5.452437069056793e-17
53,120,2621,0.6163878195789667,-0.01824015091554813,-1.2914827239301607e-17
53,120,2622,0.6173803925573551,-0.01792959854183382,-2.7584826098213177e-17
53,120,2623,0.6183729655357431,-0.01762352492817455,-1.4127776203810485e-17
53,120,2624,0.619365538514131,-0.01732187982944634,-2.933916892662659e-17
53,120,2625,0.620358111492519,-0.017024613335048136,-3.7456620035485134e-17
53,120,2626,0.6213506844709069,-0.016731675870273063,-4.589945786643086e-17
53,120,2627,0.6223432574492949,-0.01644301819761051,1.600111700808481e-18
53,120,2628,0.6233358304276833,-0.016158591417973822,7.657006258483661e-17
53,120,2629,0.6243284034060712,-0.015878346971846313,-1.0632006516049243e-16
53,120,2630,0.6253209763844592,-0.015602236640342163,-3.0822495823368764e-17
53,120,2631,0.6263135493628471,-0.01533021254617702,9.588832110127618e-18
53,120,2632,0.6273061223412351,-0.015062227154546718,-5.50241082322291e-18
53,120,2633,0.6282986953196235,-0.01479823327391024,7.113593442578023e-18
53,120,2634,0.6292912682980114,-0.014538184056679785,6.441928278918701e-18
53,120,2635,0.6302838412763994,-0.014282032999815257,4.757794499471629e-17
53,120,2636,0.6312764142547873,-0.014029733945328186,-8.41524228846537e-18
53,120,2637,0.6322689872331753,-0.013781241080697188,-3.642872398334275e-17
53,120,2638,0.6332615602115632,-0.013536508939202323,-1.0557827520501373e-16
53,120,2639,0.6342541331899516,-0.013295492400179906,-7.624911261056748e-18
53,120,2640,0.6352467061683396,-0.013058146689208756,7.23225898308399e-18
53,120,2641,0.6362392791467275,-0.01282442737823264,7.785831871740586e-17
53,120,2642,0.6372318521251155,-0.012594290385627132,-3.245769837138119e-17
53,120,2643,0.6382244251035034,-0.012367691976221933,3.850140342314595e-17
53,120,2644,0.6392169980818918,-0.012144588761279664,-1.5562171446392716e-17
53,120,2645,0.6402095710602798,-0.011924937698446986,-2.7909939699937895e-17
53,120,2646,0.6412021440386677,-0.011708696091678102,-1.256426450910252e-17
53,120,2647,0.6421947170170557,-0.011495821591140468,-9.452486397305918e-17
53,120,2648,0.6431872899954436,-0.011286272193106356,-2.3190390167316385e-17
53,120,2649,0.6441798629738316,-0.011080006239835783,4.788719724003564e-17
53,120,2650,0.64517243595222,-0.010876982419448322,-2.0112477744666553e-17
53,120,2651,0.6461650089306079,-0.01067715976579369,-4.695486670683849e-17
53,120,2652,0.6471575819089959,-0.010480497658311282,-5.993254496309019e-17
53,120,2653,0.6481501548873838,-0.01028695582188343,-3.4315005679049745e-18
53,120,2654,0.6491427278657718,-0.010096494326677455,1.5049161534330683e-16
53,120,2655,0.6501353008441597,-0.009909073587971013,5.332245374896295e-17
53,120,2656,0.6511278738225481,-0.009724654365957876,-8.58965527968629e-17
53,120,2657,0.6521204468009361,-0.009543197765527305,8.094395992859349e-17
53,120,2658,0.653113019779324,-0.009364665236006927,2.485277513104834e-17
53,120,2659,0.654105592757712,-0.009189018570869921,7.980983016625779e-17
53,120,2660,0.6550981657360999,-0.009016219907389884,9.311677463432433e-18
53,120,2661,0.6560907387144883,-0.008846231726244923,-5.63383905434895e-18
53,120,2662,0.6570833116928763,-0.008679016851058636,7.66393516229351e-17
53,120,2663,0.6580758846712642,-0.008514538447874627,4.731509684599554e-17
53,120,2664,0.6590684576496522,-0.008352760024559688,1.0149261569326909e-16
53,120,2665,0.6600610306280401,-0.008193645430131393,3.014123002083666e-17
53,120,2666,0.6610536036064281,-0.008037158854007301,5.624914235732465e-17
53,120,2667,0.6620461765848165,-0.007883264825176232,9.630453169697993e-17
53,120,2668,0.6630387495632044,-0.0077319282112882914,6.6710557464127e-17
53,120,2669,0.6640313225415924,-0.007583114217669402,-6.045180640928435e-17
53,120,2670,0.6650238955199803,-0.007436788386261538,-3.4149080420727794e-17
53,120,2671,0.6660164684983683,-0.007292916594492439,3.3854471761474953e-17
53,120,2672,0.6670090414767567,-0.007151465054081619,-9.365286769712288e-18
53,120,2673,0.6680016144551446,-0.007012400309788928,-2.4687129440337854e-17
53,120,2674,0.6689941874335326,-0.006875689238111197,-6.751408374075392e-17
53,120,2675,0.6699867604119205,-0.0067412990459402,5.67449195494422e-17
53,120,2676,0.6709793333903085,-0.006609197269182398,-2.7544494966244412e-17
53,120,2677,0.6719719063686964,-0.006479351771355796,-4.225435521526641e-17
53,120,2678,0.6729644793470848,-0.006351730742168387,-9.827627906972511e-17
53,120,2679,0.6739570523254728,-0.006226302696085578,4.0773299978133193e-17
53,120,2680,0.6749496253038607,-0.006103036470895592,-7.737447424402293e-19
53,120,2681,0.6759421982822487,-0.005981901226277507,-1.119239834436467e-16
53,120,2682,0.6769347712606366,-0.005862866442375139,4.997878527812195e-20
53,120,2683,0.6779273442390246,-0.005745901918383918,-9.685871030485471e-17
53,120,2684,0.678919917217413,-0.005630977771149899,-8.18399077552653e-17
53,120,2685,0.6799124901958009,-0.005518064433782291,-6.671133946106805e-17
53,120,2686,0.6809050631741889,-0.005407132654280168,4.446958164162054e-18
53,120,2687,0.6818976361525768,-0.005298153494169236,2.00621966421521e-17
53,120,2688,0.6828902091309648,-0.00519109832714746,-6.171239237743809e-17
53,120,2689,0.6838827821093532,-0.005085938837733341,-3.1764662346782396e-17
53,120,2690,0.6848753550877411,-0.00498264701991331,6.784702991256324e-17
53,120,2691,0.6858679280661291,-0.004881195175778892,6.438390010644658e-19
53,120,2692,0.686860501044517,-0.004781555914152857,-5.287699681015423e-17
53,120,2693,0.687853074022905,-0.004683702149189813,1.9228088168934597e-17
53,120,2694,0.6888456470012929,-0.004587607098951753,7.781566070571215e-18
53,120,2695,0.6898382199796813,-0.004493244283946886,9.371945038326008e-17
53,120,2696,0.6908307929580693,-0.004400587525628682,5.434807035769583e-17
53,120,2697,0.6918233659364572,-0.004309610944847856,-1.3229495296523043e-17
53,120,2698,0.6928159389148452,-0.004220288960255164,7.243996783121813e-17
53,120,2699,0.6938085118932331,-0.00413259628664898,-5.118269148559134e-17
53,120,2700,0.6948010848716215,-0.004046507933269018,1.4537182253826535e-16
53,120,2701,0.6957936578500095,-0.003961999202032588,2.1113623976474155e-17
53,120,2702,0.6967862308283974,-0.003879045685715856,-3.3717675601198805e-17
53,120,2703,0.6977788038067854,-0.0037976232660824087,3.6585069759128706e-17
53,120,2704,0.6987713767851733,-0.003717708111959805,2.271996636053428e-17
53,120,2705,0.6997639497635613,-0.0036392766772735865,1.0581082226899373e-16
53,120,2706,0.7007565227419497,-0.003562305699038626,4.9425651024790864e-17
53,120,2707,0.7017490957203376,-0.0034867721953192633,2.0288964335103924e-17
53,120,2708,0.7027416686987256,-0.003412653463161173,1.8566553011805227e-17
53,120,2709,0.7037342416771135,-0.0033399270765054096,1.638976783708044e-17
53,120,2710,0.7047268146555015,-0.003268570884090203,-5.579100745622846e-17
53,120,2711,0.7057193876338894,-0.003198563007349816,1.1117939601698048e-17
53,120,2712,0.7067119606122778,-0.003129881838315074,-6.163209042027847e-18
53,120,2713,0.7077045335906658,-0.0030625060375254285,-9.32539211918653e-17
53,120,2714,0.7086971065690537,-0.0029964145319547266,2.848363541793944e-17
53,120,2715,0.7096896795474417,-0.0029315865129577773,-5.896932360657871e-17
53,120,2716,0.7106822525258296,-0.00286800143424149,4.85591973680735e-17
53,120,2717,0.711674825504218,-0.0028056390098614705,-8.059989252946402e-17
53,120,2718,0.712667398482606,-0.0027444792122454276,-2.86602303348481e-17
53,120,2719,0.7136599714609939,-0.0026845022702457846,-4.370362740473604e-18
53,120,2720,0.7146525444393819,-0.0026256886672154445,6.204957169750849e-17
53,120,2721,0.7156451174177698,-0.002568019139109171,-6.614282082434553e-17
53,120,2722,0.7166376903961578,-0.0025114746726021624,-1.2436868835730292e-16
53,120,2723,0.7176302633745462,-0.002456036503225446,2.6887242028344417e-17
53,120,2724,0.7186228363529341,-0.0024016861135087936,-3.01928033245756e-17
53,120,2725,0.7196154093313221,-0.0023484052311288778,-8.667821108290465e-17
53,120,2726,0.72060798230971,-0.002296175827053424,-5.893989528543375e-17
53,120,2727,0.721600555288098,-0.0022449801136774834,2.5138846039544435e-17
53,120,2728,0.7225931282664864,-0.0021948005429439613,-9.899150107210922e-17
53,120,2729,0.7235857012448743,-0.0021456198044455506,-2.7562586409804278e-17
53,120,2730,0.7245782742232623,-0.002097420823498583,1.6745581370507484e-17
53,120,2731,0.7255708472016502,-0.002050186759189506,-8.170883254826255e-18
53,120,2732,0.7265634201800382,-0.0020039010023887587,-1.0209935343983763e-16
53,120,2733,0.7275559931584261,-0.0019585471737285946,-1.4507836729247007e-17
53,120,2734,0.7285485661368145,-0.0019141091215467523,-7.98376908995914e-17
53,120,2735,0.7295411391152025,-0.0018705709197948666,3.6217536111053146e-17
53,120,2736,0.7305337120935904,-0.0018279168659131211,2.7092682256132317e-17
53,120,2737,0.7315262850719784,-0.0017861314786753203,-9.888112033069905e-18
53,120,2738,0.7325188580503663,-0.0017451994960060448,5.0608672518111325e-17
53,120,2739,0.7335114310287543,-0.0017051058727774356,-2.8330027845315527e-17
53,120,2740,0.7345040040071427,-0.001665835778588867,4.5644458998406456e-17
53,120,2741,0.7354965769855306,-0.0016273745955373152,1.0536021181095675e-16
53,120,2742,0.7364891499639186,-0.001589707915984137,6.707631082168662e-17
53,120,2743,0.7374817229423065,-0.0015528215403254832,3.6800311833409873e-19
53,120,2744,0.7384742959206945,-0.0015167014747729346,3.059595746650349e-17
53,120,2745,0.7394668688990829,-0.0014813339291502678,-2.347374245788793e-17
53,120,2746,0.7404594418774708,-0.001446705314713438,1.3073031665311864e-16
53,120,2747,0.7414520148558588,-0.0014128022419963257,6.130117871084762e-17
53,120,2748,0.7424445878342467,-0.0013796115186904018,4.6872068379058215e-17
53,120,2749,0.7434371608126347,-0.0013471201475571566,3.862882955910795e-18
53,120,2750,0.7444297337910226,-0.0013153153243785378,-1.2341327552490082e-16
53,120,2751,0.745422306769411,-0.0012841844359444625,2.7264428750706615e-17
53,120,2752,0.746414879747799,-0.0012537150580787006,5.2005019358715825e-17
53,120,2753,0.7474074527261869,-0.0012238949536992811,7.624162659079544e-17
53,120,2754,0.7484000257045749,-0.0011947120709130754,1.6504115409747816e-17
53,120,2755,0.7493925986829628,-0.0011661545411394008,-1.5666322020569307e-17
53,120,2756,0.7503851716613512,-0.0011382106772595123,-6.274944994369948e-18
53,120,2757,0.7513777446397392,-0.001110868971785011,3.050421459482344e-18
53,120,2758,0.7523703176181271,-0.0010841180950416417,4.0220143039939294e-17
53,120,2759,0.7533628905965151,-0.0010579468933609088,-6.028928031604755e-18
53,120,2760,0.754355463574903,-0.0010323443872737854,-1.0256951063479838e-17
53,120,2761,0.755348036553291,-0.0010072997697034012,4.1517596024035776e-17
53,120,2762,0.7563406095316794,-0.0009828024041468929,-1.7707740156220753e-17
53,120,2763,0.7573331825100673,-0.0009588418228440018,7.133290833676826e-18
53,120,2764,0.7583257554884553,-0.0009354077249316766,-3.7114207598320925e-17
53,120,2765,0.7593183284668432,-0.0009124899745746344,-1.1109849216336364e-17
53,120,2766,0.7603109014452312,-0.0008900785990761959,-5.415870859763892e-17
53,120,2767,0.7613034744236191,-0.0008681637869652587,-1.3017983907960678e-17
53,120,2768,0.7622960474020075,-0.0008467358860621236,-2.695006507074524e-17
53,120,2769,0.7632886203803955,-0.0008257854015210764,2.936112623220121e-17
53,120,2770,0.7642811933587834,-0.0008053029938562035,-1.1243794657671702e-17
53,120,2771,0.7652737663371714,-0.0007852794769517474,3.2215430661931416e-17
53,120,2772,0.7662663393155593,-0.0007657058160625756,-4.9280494658330444e-17
53,120,2773,0.7672589122939477,-0.00074657312580786,-4.94827344115087e-18
53,120,2774,0.7682514852723357,-0.0007278726681683624,-2.1127482978786117e-18
53,120,2775,0.7692440582507236,-0.0007095958504872585,-4.085135567406449e-17
53,120,2776,0.7702366312291116,-0.0006917342234858364,4.1240698205826315e-18
53,120,2777,0.7712292042074995,-0.0006742794792981842,3.5203807119713746e-17
53,120,2778,0.7722217771858875,-0.0006572234495296475,8.019407004404311e-17
53,120,2779,0.7732143501642759,-0.0006405581033467336,-1.430252268195066e-17
53,120,2780,0.7742069231426638,-0.0006242755456019877,2.5446474473531868e-18
53,120,2781,0.7751994961210518,-0.0006083680149955703,-2.2655116825974574e-17
53,120,2782,0.7761920690994397,-0.0005928278822807607,7.71560788346358e-17
53,120,2783,0.7771846420778277,-0.0005776476485100259,-1.842539265263259e-17
53,120,2784,0.7781772150562161,-0.0005628199433271846,-1.6797124648491965e-17
53,120,2785,0.779169788034604,-0.0005483375233005421,-7.133362787345365e-17
53,120,2786,0.780162361012992,-0.0005341932702974248,-5.666016822230936e-17
53,120,2787,0.7811549339913799,-0.0005203801898980914,6.917443912873392e-17
53,120,2788,0.7821475069697679,-0.000506891409844416,2.7386158893109298e-17
53,120,2789,0.7831400799481558,-0.0004937201785171944,2.7040430996633778e-17
53,120,2790,0.7841326529265442,-0.0004808598634398186,-2.9309228005866244e-17
53,120,2791,0.7851252259049322,-0.00046830394980181136,3.9587524677683466e-17
53,120,2792,0.7861177988833201,-0.0004560460389939512,6.624019612831255e-17
53,120,2793,0.7871103718617081,-0.000444079847153094,-3.248142524877678e-17
53,120,2794,0.788102944840096,-0.0004323992037082375,6.39172490175613e-17
53,120,2795,0.789095517818484,-0.0004209980499229185,-3.499346106205257e-17
53,120,2796,0.7900880907968724,-0.00040987043743045845,-5.0099121434572443e-17
53,120,2797,0.7910806637752603,-0.0003990105267575546,8.797363649734442e-17
53,120,2798,0.7920732367536483,-0.0003884125858319714,-2.4622224369061806e-17
53,120,2799,0.7930658097320362,-0.0003780709884748218,7.197108899793964e-17
53,120,2800,0.7940583827104242,-0.0003679802128743935,8.502971922940317e-17
53,120,2801,0.7950509556888126,-0.0003581348400431007,-2.6933033165005472e-17
53,120,2802,0.7960435286672005,-0.00034852955225778544,-2.7105571993968425e-17
53,120,2803,0.7970361016455885,-0.0003391591314871787,-2.7386527487065506e-17
53,120,2804,0.7980286746239764,-0.00033001845780912005,1.4549397747616398e-17
53,120,2805,0.7990212476023644,-0.00032110250782048193,1.4660871585976243e-17
53,120,2806,0.8000138205807523,-0.00031240635304814306,-2.6718140240362524e-17
53,120,2807,0.8010063935591407,-0.0003039251583630994,-4.018798415525697e-17
53,120,2808,0.8019989665375287,-0.000295654180405847,2.1681031458861385e-18
53,120,2809,0.8029915395159166,-0.00028758876602647833,-6.684969732196814e-17
53,120,2810,0.8039841124943046,-0.00027972435074873916,3.116910257247278e-17
53,120,2811,0.8049766854726925,-0.00027205645725967984,-5.2014046106678745e-17
53,120,2812,0.8059692584510809,-0.00026458069393477704,-9.787941700427755e-18
53,120,2813,0.8069618314294689,-0.00025729275339625673,6.007236354197623e-17
53,120,2814,0.8079544044078568,-0.00025018841111460475,4.6207305149177666e-17
53,120,2815,0.8089469773862448,-0.00024326352405252074,-1.0715345639619493e-16
53,120,2816,0.8099395503646327,-0.00023651402935231488,-2.3968801064792474e-17
53,120,2817,0.8109321233430207,-0.00022993594306858775,3.105928475806761e-17
53,120,2818,0.8119246963214091,-0.00022352535894616934,-1.1454288482814404e-17
53,120,2819,0.812917269299797,-0.0002172784472376805,-5.4340144149598944e-17
53,120,2820,0.813909842278185,-0.00021119145356327987,-5.562199701884422e-17
53,120,2821,0.8149024152565729,-0.00020526069780339517,4.0370088542892414e-17
53,120,2822,0.8158949882349609,-0.00019948257302423723,5.252482295178194e-17
53,120,2823,0.8168875612133493,-0.0001938535444284034,-1.878260865099958e-17
53,120,2824,0.8178801341917372,-0.00018837014832614706,-6.249614935136458e-17
53,120,2825,0.8188727071701252,-0.00018302899111956038,1.0289070648391627e-16
53,120,2826,0.8198652801485131,-0.00017782674829767834,-3.805778133475834e-17
53,120,2827,0.8208578531269011,-0.0001727601634323591,2.0636376367242386e-18
53,120,2828,0.821850426105289,-0.0001678260471726933,-9.700175044859643e-17
53,120,2829,0.8228429990836774,-0.00016302127623217554,-2.8672228384358094e-17
53,120,2830,0.8238355720620654,-0.00015834279236508471,-2.974139283547766e-17
53,120,2831,0.8248281450404533,-0.00015378760132795513,-3.049191940358834e-17
53,120,2832,0.8258207180188413,-0.00014935277182644163,6.680768280182357e-17
53,120,2833,0.8268132909972292,-0.00014503543444270591,-1.0043188005149826e-16
53,120,2834,0.8278058639756172,-0.00014083278054891288,-3.044462442686225e-17
53,120,2835,0.8287984369540056,-0.0001367420612020974,-2.951845306610945e-17
53,120,2836,0.8297910099323935,-0.00013276058602696127,-1.456336529378032e-17
53,120,2837,0.8307835829107815,-0.0001288857220877939,-1.993838146632925e-17
53,120,2838,0.8317761558891694,-0.00012511489275407632,-5.985172585606176e-17
53,120,2839,0.8327687288675574,-0.00012144557656538556,-9.237417690301236e-17
53,120,2840,0.8337613018459458,-0.00011787530609822025,-8.988485176228867e-17
53,120,2841,0.8347538748243337,-0.00011440166684391612,9.394066204046005e-17
53,120,2842,0.8357464478027217,-0.00011102229609995442,6.201702904176511e-17
53,120,2843,0.8367390207811096,-0.00010773488188262623,-2.5605388778820974e-17
53,120,2844,0.8377315937594976,-0.00010453716186521742,1.0282057984428321e-16
53,120,2845,0.8387241667378855,-0.00010142692234742119,2.900319273322313e-17
53,120,2846,0.8397167397162739,-9.840199725893016e-05,-3.0976255567439836e-17
53,120,2847,0.8407093126946619,-9.546026720121582e-05,-7.205194882509863e-18
53,120,2848,0.8417018856730498,-9.259965853034408e-05,2.147268539182062e-18
53,120,2849,0.8426944586514378,-8.981814248155463e-05,1.1355585201435847e-17
53,120,2850,0.8436870316298257,-8.711373433597914e-05,9.643489203170301e-17
53,120,2851,0.8446796046082141,-8.448449263026076e-05,7.705036849605849e-17
53,120,2852,0.8456721775866021,-8.192851840199832e-05,4.2902622409201346e-17
53,120,2853,0.84666475056499,-7.944395447870845e-05,6.453458097424015e-17
53,120,2854,0.847657323543378,-7.70289847919269e-05,-1.1984595675322384e-17
53,120,2855,0.8486498965217659,-7.468183372733814e-05,-6.113742832994336e-17
53,120,2856,0.8496424695001539,-7.240076549355801e-05,-4.8146929090056035e-17
53,120,2857,0.8506350424785423,-7.018408351028859e-05,4.778099568263249e-17
53,120,2858,0.8516276154569302,-6.803012981003238e-05,-9.320952622022956e-17
53,120,2859,0.8526201884353182,-6.593728444493519e-05,5.110845485334405e-17
53,120,2860,0.8536127614137061,-6.390396489422316e-05,-6.946090959916349e-17
53,120,2861,0.8546053343920941,-6.192862546883526e-05,1.1364982187317833e-17
53,120,2862,0.855597907370482,-6.00097567055182e-05,1.55454312835411e-17
53,120,2863,0.8565904803488704,-5.814588474955012e-05,1.1693350113488155e-16
53,120,2864,0.8575830533272584,-5.633557072001464e-05,3.034954764741844e-17
53,120,2865,0.8585756263056463,-5.45774100577142e-05,-5.196254245742206e-19
53,120,2866,0.8595681992840343,-5.2870031854771506e-05,1.742828031547196e-17
53,120,2867,0.8605607722624222,-5.121209816351777e-05,-6.5203119091552005e-18
53,120,2868,0.8615533452408106,-4.960230328897948e-05,-2.4076459775822364e-18
53,120,2869,0.8625459182191986,-4.8039373064800425e-05,-4.6737020834752694e-17
53,120,2870,0.8635384911975865,-4.652206411546665e-05,-2.1436842104054847e-17
53,120,2871,0.8645310641759745,-4.5049163111928575e-05,-4.426841091456683e-17
53,120,2872,0.8655236371543624,-4.361948602029972e-05,1.1413757151814428e-16
53,120,2873,0.8665162101327504,-4.223187735318567e-05,-1.9501446740533514e-17
53,120,2874,0.8675087831111388,-4.0885209425689924e-05,2.1277052022539396e-17
53,120,2875,0.8685013560895267,-3.9578381624247224e-05,-8.395928235861202e-17
53,120,2876,0.8694939290679147,-3.831031969178105e-05,-9.810640928676512e-17
53,120,2877,0.8704865020463026,-3.707997503534319e-05,-2.8633761323902853e-17
53,120,2878,0.8714790750246906,-3.58863240605521e-05,-1.323515975264499e-16
53,120,2879,0.872471648003079,-3.47283675371861e-05,-1.3875894678502006e-16
53,120,2880,0.8734642209814669,-3.3605129999926115e-05,9.9187808605981e-17
53,120,2881,0.8744567939598549,-3.2515659183947244e-05,-1.0883112147469435e-17
53,120,2882,0.8754493669382428,-3.145902550048615e-05,-9.523257256909964e-18
53,120,2883,0.8764419399166308,-3.0434321548548188e-05,-4.218289602979059e-17
53,120,2884,0.8774345128950187,-2.9440661667536445e-05,-1.954991175569811e-17
53,120,2885,0.8784270858734071,-2.8477181522787434e-05,1.0507943581619166e-17
53,120,2886,0.8794196588517951,-2.7543037725396676e-05,-2.1605879131852923e-17
53,120,2887,0.880412231830183,-2.663740748082292e-05,-1.2293063151568486e-17
53,120,2888,0.881404804808571,-2.5759488264380867e-05,-7.971710586098833e-17
53,120,2889,0.8823973777869589,-2.490849751481622e-05,-2.850591831917528e-17
53,120,2890,0.8833899507653469,-2.408367234374043e-05,-1.2027083668151405e-17
53,120,2891,0.8843825237437353,-2.3284269253308817e-05,3.9242963740626545e-17
53,120,2892,0.8853750967221232,-2.2509563858265754e-05,-1.231605492903642e-19
53,120,2893,0.8863676697005112,-2.1758850605031788e-05,-1.1997589009012747e-17
53,120,2894,0.8873602426788991,-2.1031442484090745e-05,1.0962669534093392e-17
53,120,2895,0.8883528156572871,-2.0326670730372764e-05,7.550637390590779e-17
53,120,2896,0.8893453886356755,-1.964388450738705e-05,7.043585973695437e-17
53,120,2897,0.8903379616140634,-1.898245057405547e-05,7.89428403097884e-17
53,120,2898,0.8913305345924514,-1.8341752929936588e-05,8.014265118577418e-17
53,120,2899,0.8923231075708393,-1.772119243775335e-05,8.126736104546302e-17
53,120,2900,0.8933156805492273,-1.7120186425166298e-05,-1.5693430216557157e-17
53,120,2901,0.8943082535276152,-1.6538168265718135e-05,4.790984328145007e-17
53,120,2902,0.8953008265060036,-1.5974586939942158e-05,4.0793713415201136e-17
53,120,2903,0.8962933994843916,-1.5428906582227948e-05,4.803199169227388e-17
53,120,2904,0.8972859724627795,-1.4900606013194145e-05,1.521717849686653e-16
53,120,2905,0.8982785454411675,-1.4389178267498394e-05,3.996963367553528e-17
53,120,2906,0.8992711184195554,-1.3894130116318503e-05,9.482038955544048e-17
53,120,2907,0.9002636913979438,-1.3414981593671946e-05,3.086316156829918e-17
53,120,2908,0.9012562643763318,-1.2951265530497826e-05,5.727442462808149e-17
53,120,2909,0.9022488373547197,-1.2502527103257328e-05,9.729713651869586e-17
53,120,2910,0.9032414103331077,-1.2068323397689164e-05,3.257573101323501e-17
53,120,2911,0.9042339833114956,-1.1648223001793492e-05,2.7021695400268704e-17
53,120,2912,0.9052265562898836,-1.124180561789088e-05,-4.161520854003304e-17
53,120,2913,0.906219129268272,-1.084866171272208e-05,-4.0578440367168315e-17
53,120,2914,0.9072117022466599,-1.0468392196438177e-05,1.5826996001290782e-17
53,120,2915,0.9082042752250479,-1.0100608134835944e-05,-4.9673063973764006e-17
53,120,2916,0.9091968482034358,-9.744930500080559e-06,-5.930402847808084e-17
53,120,2917,0.9101894211818238,-9.400989951522727e-06,-1.3361432901230696e-17
53,120,2918,0.9111819941602117,-9.068426650641747e-06,5.017529211526668e-17
53,120,2919,0.9121745671386001,-8.746890105441208e-06,-1.371147125491494e-16
53,120,2920,0.9131671401169881,-8.436039040262112e-06,-9.418247482230894e-17
53,120,2921,0.914159713095376,-8.135541287452041e-06,2.878992094735646e-17
53,120,2922,0.915152286073764,-7.845073697318444e-06,-6.016202136443737e-17
53,120,2923,0.9161448590521519,-7.56432205660115e-06,-8.62479428340038e-17
53,120,2924,0.9171374320305403,-7.292981016510784e-06,-1.4472099654749785e-17
53,120,2925,0.9181300050089283,-7.030754019589397e-06,-3.9804356025619405e-17
53,120,2926,0.9191225779873162,-6.777353220506585e-06,-2.990718522697081e-17
53,120,2927,0.9201151509657042,-6.532499399918096e-06,-3.353430706037432e-17
53,120,2928,0.9211077239440921,-6.295921862580566e-06,-4.7407229803981484e-17
53,120,2929,0.9221002969224801,-6.067358315508596e-06,-2.2245844752340863e-17
53,120,2930,0.9230928699008685,-5.846554727532822e-06,2.0631656987397897e-17
53,120,2931,0.9240854428792564,-5.6332651641274016e-06,-2.307820485627237e-17
53,120,2932,0.9250780158576444,-5.427251598798303e-06,7.285312346969257e-17
53,120,2933,0.9260705888360323,-5.2282836996935114e-06,-1.3591318507125836e-18
53,120,2934,0.9270631618144203,-5.03613859096784e-06,-7.199735749075135e-17
53,120,2935,0.9280557347928087,-4.850600596858645e-06,-6.555336374908715e-18
53,120,2936,0.9290483077711966,-4.671460963839037e-06,7.125881205023754e-18
53,120,2937,0.9300408807495846,-4.4985175691676955e-06,3.395074772352524e-18
53,120,2938,0.9310334537279725,-4.331574618778166e-06,1.0133676093211877e-17
53,120,2939,0.9320260267063605,-4.170442338812071e-06,2.3783835754199233e-17
53,120,2940,0.9330185996847484,-4.014936670877441e-06,-3.557795336078224e-17
53,120,2941,0.9340111726631368,-3.8648789657425005e-06,2.668000770534936e-17
53,120,2942,0.9350037456415248,-3.7200956940440237e-06,1.9129630973814005e-17
53,120,2943,0.9359963186199127,-3.58041816669806e-06,-3.3737331030825826e-17
53,120,2944,0.9369888915983007,-3.4456822806475935e-06,1.3923913391478582e-16
53,120,2945,0.9379814645766886,-3.3157282839866368e-06,2.6319671623217458e-17
53,120,2946,0.9389740375550766,-3.190400573003803e-06,6.981589890243734e-17
53,120,2947,0.939966610533465,-3.069547513317505e-06,2.91646427089023e-17
53,120,2948,0.9409591835118529,-2.9530212993986567e-06,-7.46560694200761e-17
53,120,2949,0.9419517564902409,-2.8406778394009087e-06,1.618214277238914e-17
53,120,2950,0.9429443294686288,-2.7323766737012788e-06,-3.283925609085955e-17
53,120,2951,0.9439369024470168,-2.6279809236208904e-06,-2.6650262089157744e-17
53,120,2952,0.9449294754254052,-2.527357266432087e-06,-3.474287320315596e-17
53,120,2953,0.9459220484037931,-2.430375932354556e-06,7.345834871487722e-17
53,120,2954,0.9469146213821811,-2.336910724223339e-06,-3.118860862250994e-17
53,120,2955,0.947907194360569,-2.246839047780301e-06,-9.773796691590161e-17
53,120,2956,0.948899767338957,-2.1600419541607927e-06,-4.467425268889035e-17
53,120,2957,0.9498923403173449,-2.0764041877389073e-06,-4.9107028877624774e-17
53,120,2958,0.9508849132957333,-1.9958142264539196e-06,-5.004889396714647e-18
53,120,2959,0.9518774862741213,-1.9181643238498036e-06,5.474800806829029e-17
53,120,2960,0.9528700592525092,-1.8433505309909427e-06,1.0572905723110905e-16
53,120,2961,0.9538626322308972,-1.7712727105455604e-06,-5.408811828677881e-17
53,120,2962,0.9548552052092851,-1.7018345237717892e-06,-6.904242402147919e-17
53,120,2963,0.9558477781876735,-1.6349433981938626e-06,-5.595725834846001e-17
53,120,2964,0.9568403511660615,-1.570510470635301e-06,-1.4924078050115662e-17
53,120,2965,0.9578329241444494,-1.5084505024703922e-06,-1.3529634352707724e-17
53,120,2966,0.9588254971228374,-1.448681770685404e-06,4.2082149548953406e-17
53,120,2967,0.9598180701012253,-1.3911259317788932e-06,-8.233052917164918e-18
53,120,2968,0.9608106430796133,-1.3357078624795834e-06,-4.0938315856170136e-18
53,120,2969,0.9618032160580017,-1.2823554843894245e-06,-6.049923120761883e-17
53,120,2970,0.9627957890363896,-1.2309995654728186e-06,4.880627995149179e-17
53,120,2971,0.9637883620147776,-1.181573513538731e-06,-6.973537190820405e-18
53,120,2972,0.9647809349931655,-1.1340131607910012e-06,-6.547273418064289e-18
53,120,2973,0.9657735079715535,-1.088256546477062e-06,-2.36528273938879e-18
53,120,2974,0.9667660809499414,-1.044243701509482e-06,-6.601392374762829e-18
53,120,2975,0.9677586539283298,-1.0019164433623456e-06,1.0438300941142698e-16
53,120,2976,0.9687512269067178,-9.612181807573928e-07,5.019247061136683e-17
53,120,2977,0.9697437998851057,-9.220937404137398e-07,-5.636469582524429e-18
53,120,2978,0.9707363728634937,-8.844892135633974e-07,-4.7039812004737016e-18
53,120,2979,0.9717289458418816,-8.483518265063667e-07,-6.272349262358856e-18
53,120,2980,0.97272151882027,-8.136298417196766e-07,-4.30362446851998e-18
53,120,2981,0.973714091798658,-7.802724867222501e-07,5.504080758649252e-17
53,120,2982,0.9747066647770459,-7.482299116594118e-07,-6.698973614329699e-18
53,120,2983,0.9756992377554339,-7.17453179595365e-07,3.1574140280233685e-19
53,120,2984,0.9766918107338218,-6.878942793723798e-07,-5.911481729238009e-18
53,120,2985,0.9776843837122098,-6.595061691512719e-07,-1.2110303674983098e-16
53,120,2986,0.9786769566905982,-6.322428384856418e-07,-7.480068129417968e-18
53,120,2987,0.9796695296689861,-6.060593893784364e-07,-6.212168024224569e-17
53,120,2988,0.9806621026473741,-5.809121308785511e-07,1.028988043133583e-16
53,120,2989,0.981654675625762,-5.567586820505529e-07,-7.844569986136606e-18
53,120,2990,0.98264724860415,-5.335580766615867e-07,-1.2053973316590173e-16
53,120,2991,0.9836398215825384,-5.112708685130588e-07,-6.624071816581404e-18
53,120,2992,0.9846323945609263,-4.898592245365379e-07,-6.951727921985715e-18
53,120,2993,0.9856249675393143,-4.692870091128361e-07,-6.5671640373706066e-18
53,120,2994,0.9866175405177022,-4.495198502363973e-07,4.983738274922141e-17
53,120,2995,0.9876101134960902,-4.3052518354116287e-07,-3.780090778504034e-18
53,120,2996,0.9886026864744781,-4.122722763647237e-07,-2.8783280194983656e-18
53,120,2997,0.9895952594528665,-3.9473221897008305e-07,-5.61375232840828e-17
53,120,2998,0.9905878324312545,-3.7787789760186264e-07,5.67349086546231e-17
53,120,2999,0.9915804054096424,-3.616839343464042e-07,5.874348608374211e-17
53,120,3000,0.9925729783880304,-3.461266024406912e-07,5.239269239145292e-18
53,120,3001,0.9935655513664183,-3.3118371697295986e-07,7.244926201922096e-18
53,120,3002,0.9945581243448063,-3.16834505658594e-07,6.564309358836865e-17
53,120,3003,0.9955506973231947,-3.0305946152206777e-07,-4.4991376600628394e-17
53,120,3004,0.9965432703015826,-2.8984017828493163e-07,1.3855806965739904e-17
53,120,3005,0.9975358432799706,-2.771591821646065e-07,1.4537355194823314e-17
53,120,3006,0.9985284162583585,-2.649997569864597e-07,7.269053051384615e-17
53,120,3007,0.9995209892367465,-2.5334577113633375e-07,1.5974664223631698e-17
53,120,3008,1.0005135622151349,-2.421815115712255e-07,7.400795234437917e-17
53,120,3009,1.0015061351935228,-2.3149152976908813e-07,1.6668852686381274e-17
53,120,3010,1.0024987081719108,-2.212605059701609e-07,-3.800766160473629e-17
53,120,3011,1.0034912811502987,-2.1147312856936585e-07,7.096135541779452e-17
53,120,3012,1.0044838541286867,-2.0211400584830887e-07,7.243127009293217e-17
53,120,3013,1.0054764271070746,-1.9316759531105852e-07,-4.3242639965261876e-17
53,120,3014,1.006469000085463,-1.8461816855847079e-07,9.56328123155161e-18
53,120,3015,1.007461573063851,-1.7644979994668768e-07,-9.876659497812842e-17
53,120,3016,1.008454146042239,-1.686463846127187e-07,7.912138700244811e-18
53,120,3017,1.0094467190206269,-1.6119168591053178e-07,-2.124819581216987e-18
53,120,3018,1.0104392919990148,-1.5406940292400498e-07,-5.221111492670095e-17
53,120,3019,1.0114318649774032,-1.472632638953377e-07,5.258720863510557e-17
53,120,3020,1.0124244379557912,-1.4075713361685074e-07,-3.577334871055279e-18
53,120,3021,1.0134170109341791,-1.3453513415462151e-07,-6.164869893431538e-17
53,120,3022,1.014409583912567,-1.2858177664051328e-07,-8.225861327953076e-18
53,120,3023,1.015402156890955,-1.2288209111765114e-07,-9.631925419854887e-18
53,120,3024,1.016394729869343,-1.1742175383692358e-07,9.606028075864448e-17
53,120,3025,1.0173873028477314,-1.12187214379244e-07,4.164566455061368e-17
53,120,3026,1.0183798758261193,-1.0716579735212697e-07,-1.621019694636186e-17
53,120,3027,1.0193724488045073,-1.0234579722228801e-07,-1.999380773234618e-17
53,120,3028,1.0203650217828952,-9.771654845157689e-08,-1.8474808065757842e-17
53,120,3029,1.0213575947612832,-9.326846864492333e-08,-1.8542129634034912e-17
53,120,3030,1.0223501677396711,-8.899308274171142e-08,-1.8480258086159632e-17
53,120,3031,1.0233427407180595,-8.48830108995957e-08,-7.751357702568767e-17
53,120,3032,1.0243353136964475,-8.093193834383702e-08,-1.260457495898204e-16
53,120,3033,1.0253278866748354,-7.71345492130134e-08,-8.918120813688159e-18
53,120,3034,1.0263204596532234,-7.348644383316918e-08,5.433636228806197e-17
53,120,3035,1.0273130326316113,-6.998402829391736e-08,-4.156395244461562e-18
53,120,3036,1.0283056056099997,-6.662438784791236e-08,-6.854497675564968e-18
53,120,3037,1.0292981785883877,-6.340514520322891e-08,-1.1575012395579417e-16
53,120,3038,1.0302907515667756,-6.032430902240572e-08,-1.0780533537976401e-16
53,120,3039,1.0312833245451636,-5.738012075529895e-08,-5.972602806550442e-17
53,120,3040,1.0322758975235515,-5.457089454193275e-08,6.325978363158534e-17
53,120,3041,1.0332684705019395,-5.1894873284086776e-08,5.721379031556557e-17
53,120,3042,1.0342610434803279,-4.935008681384094e-08,1.481040645125578e-17
53,120,3043,1.0352536164587158,-4.6934231940854836e-08,1.034551536282456e-17
53,120,3044,1.0362461894371038,-4.464456796272107e-08,-4.6223673477743733e-17
53,120,3045,1.0372387624154917,-4.2477837571093524e-08,-1.0456189074882584e-16
53,120,3046,1.0382313353938797,-4.043021319808568e-08,4.461505644229264e-19
53,120,3047,1.039223908372268,-3.8497270094196804e-08,9.651409774389848e-18
53,120,3048,1.040216481350656,-3.667398864350866e-08,1.00346751848968e-17
53,120,3049,1.041209054329044,-3.495478274265433e-08,-5.60138049913137e-17
53,120,3050,1.042201627307432,-3.333355622048783e-08,-5.2649257712909713e-17
53,120,3051,1.0431942002858199,-3.180378264215209e-08,6.224369978348208e-17
53,120,3052,1.0441867732642078,-3.0358607416745105e-08,-6.01813540498987e-17
53,120,3053,1.0451793462425962,-2.899096391688365e-08,2.1227910572594085e-18
53,120,3054,1.0461719192209842,-2.769370707799791e-08,4.854117612332818e-18
53,120,3055,1.0471644921993721,-2.6459751230598344e-08,-6.200689434825022e-17
53,120,3056,1.04815706517776,-2.5282211696934714e-08,1.0421411530666568e-16
53,120,3057,1.049149638156148,-2.4154545150384887e-08,-7.090926565394651e-17
53,120,3058,1.050142211134536,-2.307067830086594e-08,-9.23077735834448e-18
53,120,3059,1.0511347841129244,-2.2025129974035494e-08,-2.4146638413168423e-17
53,120,3060,1.0521273570913123,-2.101310993701118e-08,-8.423678812699886e-17
53,120,3061,1.0531199300697003,-2.0030600719271643e-08,-7.813506963253651e-17
53,120,3062,1.0541125030480882,-1.9074413452564408e-08,-1.2912850775173939e-17
53,120,3063,1.0551050760264762,-1.8142218861477008e-08,3.165047507049131e-17
53,120,3064,1.0560976490048646,-1.723255121776941e-08,4.509009579085087e-17
53,120,3065,1.0570902219832525,-1.6344782178893264e-08,-1.450122710309793e-17
53,120,3066,1.0580827949616405,-1.547906990789377e-08,-1.1306557711391318e-17
53,120,3067,1.0590753679400284,-1.4636282593043787e-08,-1.5023246012516577e-17
53,120,3068,1.0600679409184164,-1.3817900718688419e-08,1.2801132690328223e-16
53,120,3069,1.0610605138968043,-1.3025896104493151e-08,2.8543531990810328e-18
53,120,3070,1.0620530868751927,-1.226260140685959e-08,-2.62449683024991e-19
53,120,3071,1.0630456598535807,-1.1530566803282206e-08,1.078801495273277e-17
53,120,3072,1.0640382328319686,-1.0832407770414876e-08,1.851652302972066e-17
53,120,3073,1.0650308058103566,-1.0170662233159636e-08,-1.74049972586058e-18
53,120,3074,1.0660233787887445,-9.547643616509421e-09,6.53041591578078e-17
53,120,3075,1.067015951767133,-8.965307744146166e-09,-3.4631223854984706e-17
53,120,3076,1.0680085247455209,-8.425137382299564e-09,-5.128197708434429e-17
53,120,3077,1.0690010977239088,-7.928042098823144e-09,1.839100421472393e-18
53,120,3078,1.0699936707022968,-7.474281085025984e-09,-1.8196536806192766e-17
53,120,3079,1.0709862436806847,-7.063413958609288e-09,2.0750668578386957e-17
53,120,3080,1.0719788166590727,-6.694276448935784e-09,2.821854560286975e-17
53,120,3081,1.072971389637461,-6.364983898137945e-09,2.5310787516147417e-17
53,120,3082,1.073963962615849,-6.072963374826313e-09,8.006563925206755e-18
53,120,3083,1.074956535594237,-5.815009824427761e-09,-5.1109552002557675e-17
53,120,3084,1.075949108572625,-5.587370679806123e-09,8.036548560419098e-18
53,120,3085,1.0769416815510129,-5.385846730990376e-09,-5.143247658397794e-17
53,120,3086,1.0779342545294013,-5.205914998073493e-09,4.221053137575077e-17
53,120,3087,1.0789268275077892,-5.042860326292468e-09,-1.2217926819920872e-16
53,120,3088,1.0799194004861772,-4.891917703267976e-09,2.2792356981857827e-18
53,120,3089,1.0809119734645651,-4.7484184622492544e-09,-1.9549775203386065e-17
53,120,3090,1.081904546442953,-4.607931104888651e-09,3.8587936586725226e-17
53,120,3091,1.082897119421341,-4.466397542110466e-09,-2.869193339738031e-17
53,120,3092,1.0838896923997294,-4.320254828347815e-09,1.8834458987518115e-17
53,120,3093,1.0848822653781174,-4.166542799150342e-09,-1.0298198687808898e-17
53,120,3094,1.0858748383565053,-4.002987621900822e-09,6.507338620823219e-17
53,120,3095,1.0868674113348933,-3.828065477654057e-09,-1.943964535568355e-17
53,120,3096,1.0878599843132812,-3.6410353274640617e-09,2.817641403762763e-17
53,120,3097,1.0888525572916692,-3.4419505738922834e-09,-9.085134708168225e-17
53,120,3098,1.0898451302700576,-3.2316365131897534e-09,3.3823249183002954e-17
53,120,3099,1.0908377032484455,-3.0116466645433524e-09,-3.65406085498362e-17
53,120,3100,1.0918302762268335,-2.784189847626056e-09,-3.636121124252966e-17
53,120,3101,1.0928228492052214,-2.552034613396381e-09,3.3266892869433615e-17
53,120,3102,1.0938154221836094,-2.3183977968040615e-09,-1.543561560084403e-17
53,120,3103,1.0948079951619978,-2.0868132361436378e-09,-2.1759085909027005e-17
53,120,3104,1.0958005681403857,-1.8609925357321405e-09,-7.171061318768787e-18
53,120,3105,1.0967931411187737,-1.6446785814197253e-09,4.274647806097158e-17
53,120,3106,1.0977857140971616,-1.4414998650753782e-09,5.79712838476823e-17
53,120,3107,1.0987782870755496,-1.2548292852497776e-09,1.7661850685905725e-17
53,120,3108,1.0997708600539375,-1.0876500796873818e-09,5.4034288368750844e-17
53,120,3109,1.100763433032326,-9.424408820695162e-10,2.7489150988906663e-17
53,120,3110,1.1017560060107139,-8.210752324004099e-10,8.544016844432261e-18
53,120,3111,1.1027485789891018,-7.247467495575573e-10,3.1257258865132766e-17
53,120,3112,1.1037411519674898,-6.539144169399074e-10,2.5802912487911906e-17
53,120,3113,1.1047337249458777,-6.082816024271788e-10,2.042398073579e-17
53,120,3114,1.1057262979242661,-5.867952787480693e-10,1.4999340955603836e-17
53,120,3115,1.106718870902654,-5.876780705959478e-10,3.7177796686770525e-17
53,120,3116,1.107711443881042,-6.084854872144205e-10,5.92628566186418e-17
53,120,3117,1.10870401685943,-6.46184933333987e-10,4.612012432299516e-17
53,120,3118,1.109696589837818,-6.972591960088454e-10,-6.478040460627832e-17
53,120,3119,1.1106891628162059,-7.578272164356549e-10,1.2374796681034458e-16
53,120,3120,1.1116817357945943,-8.237762010212535e-10,5.323433676162939e-18
53,120,3121,1.1126743087729822,-8.909047175760127e-10,-4.3827066542384244e-17
53,120,3122,1.1136668817513702,-9.55068022325795e-10,-3.716170113389849e-17
53,120,3123,1.1146594547297581,-1.012321201483673e-09,-4.5085063461619876e-17
53,120,3124,1.115652027708146,-1.0590582451596876e-09,-6.018278625730542e-17
53,120,3125,1.116644600686534,-1.0921327335373057e-09,8.17496584653349e-18
53,120,3126,1.1176371736649224,-1.1089716562492487e-09,1.3462338484546127e-17
53,120,3127,1.1186297466433104,-1.1076597146456666e-09,-1.6123538315391587e-17
53,120,3128,1.1196223196216983,-1.0870051850965732e-09,2.363904705873473e-17
53,120,3129,1.1206148926000863,-1.0465811872157939e-09,-4.064796179010144e-17
53,120,3130,1.1216074655784742,-9.867326219805957e-10,-1.1651683375200033e-18
53,120,3131,1.1226000385568626,-9.085653576031858e-10,-8.642746002344015e-17
53,120,3132,1.1235926115352506,-8.13900974638561e-10,-4.898418337666749e-18
53,120,3133,1.1245851845136385,-7.052073079357556e-10,7.697927334454357e-17
53,120,3134,1.1255777574920265,-5.855090807623587e-10,-9.909594768633884e-17
53,120,3135,1.1265703304704144,-4.5827477739764037e-10,-1.6595692056825758e-17
53,120,3136,1.1275629034488024,-3.2729095506870224e-10,-5.974752700424219e-17
53,120,3137,1.1285554764271908,-1.965212933579864e-10,1.2035354146363278e-16
53,120,3138,1.1295480494055787,-6.996519775880505e-11,1.5361508334545952e-17
53,120,3139,1.1305406223839667,4.849172673365803e-11,-1.262765650607582e-17
53,120,3140,1.1315331953623546,1.5521582232190342e-10,-6.864793152522098e-17
53,120,3141,1.1325257683407426,2.4696075916986466e-10,-1.032136216760972e-16
53,120,3142,1.133518341319131,3.209842307026126e-10,-6.779784555582718e-17
53,120,3143,1.134510914297519,3.7514914265991324e-10,-9.479865838949927e-17
53,120,3144,1.1355034872759069,4.080026046642819e-10,-6.564121411831301e-17
53,120,3145,1.1364960602542948,4.1882799581523804e-10,3.338654825220364e-17
53,120,3146,1.1374886332326828,4.0767385584782607e-10,-8.385909160880882e-17
53,120,3147,1.1384812062110707,3.753530168711943e-10,1.0596223530135372e-16
53,120,3148,1.1394737791894591,3.2341458359384024e-10,-5.935397841771976e-17
53,120,3149,1.140466352167847,2.540909157468787e-10,-2.3007038911212693e-17
53,120,3150,1.141458925146235,1.7021624635862852e-10,2.0962457340145366e-17
53,120,3151,1.142451498124623,7.512849006676098e-11,-1.2507929980596191e-17
53,120,3152,1.143444071103011,-2.744986938693398e-11,-1.0850971049949313e-17
53,120,3153,1.144436644081399,-1.3354699508776787e-10,-7.202629394085449e-17
53,120,3154,1.1454292170597873,-2.3907875338270593e-10,-7.757818708101152e-17
53,120,3155,1.1464217900381752,-3.3999879142119964e-10,7.696406032271858e-17
53,120,3156,1.1474143630165632,-4.32440537897258e-10,1.0581808522033109e-16
53,120,3157,1.1484069359949511,-5.12855565678573e-10,-8.15633869661142e-17
53,120,3158,1.149399508973339,-5.781417290031636e-10,3.7233496051593423e-17
53,120,3159,1.1503920819517275,-6.257505900120083e-10,1.6542555173944916e-17
53,120,3160,1.1513846549301154,-6.537824131951217e-10,-7.413086241549251e-17
53,120,3161,1.1523772279085034,-6.610495373717625e-10,-2.570756854796226e-17
53,120,3162,1.1533698008868913,-6.471225187007387e-10,-5.412421876733822e-17
53,120,3163,1.1543623738652793,-6.123419180957908e-10,1.484396847414758e-17
53,120,3164,1.1553549468436672,-5.578063015736182e-10,2.0915900393169463e-17
53,120,3165,1.1563475198220556,-4.853335825274778e-10,-4.976546702408075e-17
53,120,3166,1.1573400928004436,-3.9739341161745243e-10,3.2620039241351635e-17
53,120,3167,1.1583326657788315,-2.970201996382923e-10,-6.605159478130603e-17
53,120,3168,1.1593252387572195,-1.8770069894172573e-10,8.592062196933383e-17
53,120,3169,1.1603178117356074,-7.325183787474858e-11,-5.467530472951834e-17
53,120,3170,1.1613103847139958,4.231910784455138e-11,1.3842142389789982e-17
53,120,3171,1.1623029576923838,1.549579679786412e-10,9.626120791678749e-17
53,120,3172,1.1632955306707717,2.6070839435365504e-10,-2.1188102759047568e-18
53,120,3173,1.1642881036491597,3.5585794899508983e-10,1.0833799938844526e-16
53,120,3174,1.1652806766275476,4.370671262005077e-10,1.0067755879150603e-17
53,120,3175,1.1662732496059356,5.014926596924451e-10,2.360690550916839e-17
53,120,3176,1.167265822584324,5.468892261923503e-10,-1.1595287201873452e-16
53,120,3177,1.168258395562712,5.716891580518314e-10,2.3193459910881583e-17
53,120,3178,1.1692509685410999,5.750619368650369e-10,5.110324270058031e-17
53,120,3179,1.1702435415194878,5.569405191065487e-10,6.518665990235367e-17
53,120,3180,1.1712361144978758,5.180273568966132e-10,-8.76109841352575e-17
53,120,3181,1.1722286874762637,4.597680695294808e-10,-3.118710765712965e-17
53,120,3182,1.1732212604546521,3.842990028999722e-10,2.5071784811398678e-17
53,120,3183,1.17421383343304,2.943726666975067e-10,-2.98272675856373e-17
53,120,3184,1.175206406411428,1.9325811483264008e-10,-2.908503507258928e-17
53,120,3185,1.176198979389816,8.462285077311019e-11,4.144447232636212e-17
53,120,3186,1.177191552368204,-2.7595814250555063e-11,7.015133023587266e-17
53,120,3187,1.1781841253465923,-1.393351267842228e-10,2.9074651949113455e-17
53,120,3188,1.1791766983249803,-2.465509142246217e-10,-5.3604836888429866e-17
53,120,3189,1.1801692713033682,-3.4536224171732366e-10,5.835097101078862e-17
53,120,3190,1.1811618442817562,-4.321919498852028e-10,3.070439935902983e-18
53,120,3191,1.1821544172601441,-5.038938821338623e-10,3.1400255082597896e-17
53,120,3192,1.183146990238532,-5.578666542280999e-10,-5.217476693693966e-17
53,120,3193,1.1841395632169205,-5.921462508039949e-10,-2.4342558345581983e-17
53,120,3194,1.1851321361953084,-6.054768369854493e-10,-2.451415717638587e-17
53,120,3195,1.1861247091736964,-5.973556841939723e-10,-1.0954486410612915e-17
53,120,3196,1.1871172821520843,-5.680525632713288e-10,-8.106228143906605e-17
53,120,3197,1.1881098551304723,-5.185967405259507e-10,-6.7996886633371e-17
53,120,3198,1.1891024281088607,-4.507447538417411e-10,-9.665662623603161e-17
53,120,3199,1.1900950010872486,-3.6691304568516864e-10,-4.196917881192738e-17
53,120,3200,1.1910875740656366,-2.7009388197524864e-10,-8.477697116640059e-17
53,120,3201,1.1920801470440245,-1.6374777031817804e-10,6.742946707401416e-17
53,120,3202,1.1930727200224125,-5.1676998780498386e-11,2.4527713043164568e-17
53,120,3203,1.1940652930008004,6.210755361645309e-11,-3.235141157061793e-17
53,120,3204,1.1950578659791888,1.7353246070279205e-10,-3.340427135761932e-17
53,120,3205,1.1960504389575768,2.7860761652074003e-10,-2.0530106212459694e-17
53,120,3206,1.1970430119359647,3.7356959676715127e-10,-6.29960692566453e-17
53,120,3207,1.1980355849143527,4.5501657561452627e-10,4.777887318002725e-17
53,120,3208,1.1990281578927406,5.200306303785504e-10,-8.372134661476749e-18
53,120,3209,1.2000207308711286,5.66281878807943e-10,-2.2334832663371216e-17
53,120,3210,1.201013303849517,5.921143020728429e-10,-2.2450216139563804e-17
53,120,3211,1.202005876827905,5.966031410123299e-10,-7.771056484885242e-17
53,120,3212,1.202998449806293,5.795892619214514e-10,8.995908802647836e-17
53,120,3213,1.2039910227846808,5.416848452749608e-10,1.1860454885729866e-16
53,120,3214,1.2049835957630688,4.842511162138025e-10,2.2100473707842887e-17
53,120,3215,1.2059761687414572,4.093518259303693e-10,9.445533560224963e-18
53,120,3216,1.2069687417198451,3.196759418453843e-10,1.0906151249056674e-17
53,120,3217,1.207961314698233,2.1844336208513543e-10,1.5183733038568985e-16
53,120,3218,1.208953887676621,1.0928995035948643e-10,1.436103592832563e-17
53,120,3219,1.209946460655009,-3.8646406496106204e-12,-2.5637825239358018e-17
53,120,3220,1.210939033633397,-1.16955524105697e-10,4.5895448164864134e-17
53,120,3221,1.2119316066117853,-2.25920471551766e-10,1.9792313986189392e-17
53,120,3222,1.2129241795901733,-3.268443601915268e-10,2.1611758319045903e-17
53,120,3223,1.2139167525685612,-4.1609979966400273e-10,6.503225304430729e-17
53,120,3224,1.2149093255469492,-4.904773557989105e-10,9.44123265356809e-17
53,120,3225,1.2159018985253371,-5.473021330959475e-10,6.78173944175716e-17
53,120,3226,1.2168944715037255,-5.845272129617088e-10,6.880002238892412e-17
53,120,3227,1.2178870444821135,-6.008099630244782e-10,-1.2203772117566388e-19
53,120,3228,1.2188796174605014,-5.955590148015787e-10,4.204800049392341e-17
53,120,3229,1.2198721904388894,-5.689548031459819e-10,4.207521698527937e-17
53,120,3230,1.2208647634172773,-5.219461670315895e-10,4.172625218192203e-17
53,120,3231,1.2218573363956653,-4.562124920950398e-10,-6.839699880917191e-19
53,120,3232,1.2228499093740537,-3.741070972312734e-10,6.79540836533228e-17
53,120,3233,1.2238424823524416,-2.785709202482865e-10,1.0839257114561237e-16
53,120,3234,1.2248350553308296,-1.730276990897443e-10,5.105497873231928e-17
53,120,3235,1.2258276283092175,-6.126161157215965e-11,-3.4427529667700726e-17
53,120,3236,1.2268202012876055,5.271896834152234e-11,1.9144718776757452e-17
53,120,3237,1.2278127742659934,1.6482567824934094e-10,1.684696455697863e-17
53,120,3238,1.2288053472443818,2.710355766027404e-10,2.835108948044496e-17
53,120,3239,1.2297979202227698,3.6753594891142427e-10,3.976228647404489e-17
53,120,3240,1.2307904932011577,4.508626872060105e-10,-1.1594300827891573e-16
53,120,3241,1.2317830661795457,5.180221648204534e-10,-3.480155152826113e-17
53,120,3242,1.2327756391579336,5.666008949924579e-10,4.7175063320122455e-18
53,120,3243,1.233768212136322,5.948510484324345e-10,1.654041204216629e-17
53,120,3244,1.23476078511471,6.017530610819703e-10,2.8601401164454394e-17
53,120,3245,1.235753358093098,5.870549934551305e-10,-8.437567182887032e-17
53,120,3246,1.236745931071486,5.512776962345121e-10,-2.019243932406369e-18
53,120,3247,1.2377385040498738,4.957001511983621e-10,2.500799177302589e-17
53,120,3248,1.2387310770282618,4.2231099835550355e-10,5.244600906743359e-17
53,120,3249,1.2397236500066502,3.3373883434628403e-10,-7.293242569780141e-17
53,120,3250,1.2407162229850381,2.331584577369524e-10,-8.644306183594347e-17
53,120,3251,1.241708795963426,1.241752884409603e-10,-2.988977399432757e-17
53,120,3252,1.242701368941814,1.0697776356912532e-11,-8.436833420025871e-17
53,120,3253,1.243693941920202,-1.0320308858894374e-10,-1.2455405976620855e-16
53,120,3254,1.2446865148985904,-2.134400783993126e-10,-6.689054889062338e-17
53,120,3255,1.2456790878769783,-3.1605646088297554e-10,7.463104473708345e-17
53,120,3256,1.2466716608553663,-4.0736738177292653e-10,7.421110121777252e-18
53,120,3257,1.2476642338337542,-4.840931714943738e-10,-8.745882197015537e-17
53,120,3258,1.2486568068121422,-5.434757021372448e-10,-5.688125909863367e-17
53,120,3259,1.2496493797905301,-5.833786693790334e-10,-6.807694014270906e-17
53,120,3260,1.2506419527689185,-6.02364109868568e-10,3.211828756196654e-17
53,120,3261,1.2516345257473065,-5.997438486274925e-10,-6.28090220121521e-17
53,120,3262,1.2526270987256944,-5.756048556564014e-10,7.887130940144765e-17
53,120,3263,1.2536196717040824,-5.308060634510603e-10,-4.436373662243706e-17
53,120,3264,1.2546122446824703,-4.669477758395542e-10,8.2840375668839e-17
53,120,3265,1.2556048176608583,-3.8631524902198704e-10,1.46524070450844e-17
53,120,3266,1.2565973906392467,-2.9179507236352294e-10,1.8007638938501678e-18
53,120,3267,1.2575899636176346,-1.8677395350673205e-10,-2.5441626634711563e-17
53,120,3268,1.2585825365960226,-7.501640463566778e-11,4.4415823608035805e-17
53,120,3269,1.2595751095744105,3.947094721287072e-11,8.599701249894083e-17
53,120,3270,1.2605676825527985,1.5258102977112302e-10,-2.613070475870266e-17
53,120,3271,1.261560255531187,2.602558320571233e-10,-1.3295492899496261e-17
53,120,3272,1.2625528285095748,3.586308283436417e-10,-1.4795472555982528e-17
53,120,3273,1.2635454014879628,4.441727918608781e-10,6.696239936089569e-17
53,120,3274,1.2645379744663507,5.138092103085883e-10,-4.75115532106478e-18
53,120,3275,1.2655305474447387,5.650357229531601e-10,4.863462283649723e-17
53,120,3276,1.2665231204231266,5.960087579619299e-10,4.604551514159679e-17
53,120,3277,1.267515693401515,6.0560941606357e-10,1.5678723344325662e-17
53,120,3278,1.268508266379903,5.934858835641917e-10,5.4889651027086944e-17
53,120,3279,1.269500839358291,5.600655908082472e-10,-4.519953747880277e-17
53,120,3280,1.270493412336679,5.065394323118377e-10,-5.841382177700601e-18
53,120,3281,1.2714859853150668,4.348203109979787e-10,7.559389079408572e-17
53,120,3282,1.2724785582934552,3.47474108687629e-10,4.009359724644348e-18
53,120,3283,1.2734711312718432,2.4762893062735605e-10,5.82120242369602e-17
53,120,3284,1.2744637042502311,1.3886156976677202e-10,4.306729062330578e-17
53,120,3285,1.275456277228619,2.5070056508024548e-11,8.401789893669314e-17
53,120,3286,1.276448850207007,-8.966485194352912e-11,5.585847219023083e-17
53,120,3287,1.277441423185395,-2.0122803038677528e-10,2.804525184715254e-17
53,120,3288,1.2784339961637834,-3.056168738546897e-10,2.8569856955021325e-17
53,120,3289,1.2794265691421713,-3.990833061360215e-10,-2.6123098626241507e-17
53,120,3290,1.2804191421205593,-4.782707730957611e-10,-2.4852113412904853e-17
53,120,3291,1.2814117150989472,-5.403336499731993e-10,-6.496774049522763e-17
53,120,3292,1.2824042880773352,-5.830381481965549e-10,4.8504505807636696e-17
53,120,3293,1.2833968610557231,-6.048458311633056e-10,-4.683877934359256e-17
53,120,3294,1.2843894340341115,-6.049655556540916e-10,-3.0549511960319855e-17
53,120,3295,1.2853820070124995,-5.833845637735104e-10,2.752583692461319e-17
53,120,3296,1.2863745799908874,-5.408685889543405e-10,-1.1714307659014903e-17
53,120,3297,1.2873671529692754,-4.789336516829775e-10,4.592452381538628e-18
53,120,3298,1.2883597259476633,-3.997934583475032e-10,-7.166589916986662e-18
53,120,3299,1.2893522989260517,-3.0628015982455224e-10,-4.691820184096631e-17
53,120,3300,1.2903448719044397,-2.017412580387378e-10,-1.723931256947879e-17
53,120,3301,1.2913374448828276,-8.992188131652277e-11,-9.960545559487964e-17
53,120,3302,1.2923300178612156,2.5170290117651835e-11,-7.057497374932357e-17
53,120,3303,1.2933225908396035,1.3940856084796876e-10,-9.801868313544593e-17
53,120,3304,1.2943151638179915,2.486952978579261e-10,-3.1689727839970077e-19
53,120,3305,1.29530773679638,3.4910910796549956e-10,-7.028356875488362e-17
53,120,3306,1.2963003097747678,4.3704445686998887e-10,-8.51874555909355e-17
53,120,3307,1.2972928827531558,5.093425534020396e-10,-4.463291105349908e-17
53,120,3308,1.2982854557315437,5.634037156121885e-10,-4.482192339158503e-18
53,120,3309,1.2992780287099317,5.972811688045758e-10,-6.217823237804618e-17
53,120,3310,1.30027060168832,6.097509244656902e-10,-1.2034271847588795e-16
53,120,3311,1.301263174666708,6.003571974247247e-10,8.611621286579486e-17
53,120,3312,1.302255747645096,5.694269147921124e-10,6.93441632326996e-17
53,120,3313,1.303248320623484,5.180599307258179e-10,5.261050368834005e-17
53,120,3314,1.304240893601872,4.480890965267445e-10,6.382845355254338e-17
53,120,3315,1.3052334665802598,3.620160218072837e-10,5.4642550764840036e-18
53,120,3316,1.3062260395586482,2.6292020893271317e-10,4.457786895811881e-17
53,120,3317,1.3072186125370362,1.54349325957006e-10,-1.3216069784317022e-17
53,120,3318,1.3082111855154241,4.0192897364517904e-11,2.674442494712972e-17
53,120,3319,1.309203758493812,-7.545776767090222e-11,2.5271046293759013e-17
53,120,3320,1.3101963314722,-1.8845630640368757e-10,-1.1504355885982748e-16
53,120,3321,1.311188904450588,-2.947489066486441e-10,-1.8056566142425204e-17
53,120,3322,1.3121814774289764,-3.9052122352065964e-10,6.557161500859238e-17
53,120,3323,1.3131740504073643,-4.723336667502767e-10,-7.314367639899289e-17
53,120,3324,1.3141666233857523,-5.372460503183462e-10,6.717469728253349e-17
53,120,3325,1.3151591963641402,-5.82922908159099e-10,-8.02656516045906e-19
53,120,3326,1.3161517693425282,-6.07717337169563e-10,2.9090229532442545e-17
53,120,3327,1.3171443423209166,-6.107301308725512e-10,5.964299471392527e-17
53,120,3328,1.3181369152993045,-5.918434507837134e-10,4.863884326192971e-17
53,120,3329,1.3191294882776925,-5.517235394760153e-10,-4.5853776747026583e-17
53,120,3330,1.3201220612560804,-4.917992854565659e-10,-4.811270456214193e-19
53,120,3331,1.3211146342344684,-4.1420981450073623e-10,5.861699087257514e-17
53,120,3332,1.3221072072128564,-3.217289879345113e-10,-2.1503408576815296e-17
53,120,3333,1.3230997801912447,-2.17665275189122e-10,-4.135692473137983e-18
53,120,3334,1.3240923531696327,-1.0574466709890605e-10,-4.252435104544522e-17
53,120,3335,1.3250849261480206,1.0023687671600893e-11,1.6112290546611713e-17
53,120,3336,1.3260774991264086,1.2549058415687245e-10,4.6591178880846133e-17
53,120,3337,1.3270700721047965,2.3651604114331014e-10,1.184071147250346e-16
53,120,3338,1.328062645083185,3.3911683227030427e-10,1.1983051541995636e-16
53,120,3339,1.329055218061573,4.296096658819452e-10,3.7473091346352216e-17
53,120,3340,1.3300477910399608,5.047447318133451e-10,3.790995881590585e-17
53,120,3341,1.3310403640183488,5.618197350756353e-10,7.955617666856652e-17
53,120,3342,1.3320329369967367,5.987793438567918e-10,6.475586441878019e-17
53,120,3343,1.3330255099751247,6.142883122206208e-10,2.1417379664360702e-17
53,120,3344,1.334018082953513,6.077797183879057e-10,1.9591087337472195e-17
53,120,3345,1.335010655931901,5.794755826206753e-10,-1.0953498462438757e-17
53,120,3346,1.336003228910289,5.303795938886472e-10,-9.727057829115125e-17
53,120,3347,1.336995801888677,4.6224106245959934e-10,-3.1520067930249364e-18
53,120,3348,1.337988374867065,3.7749342390245097e-10,4.866019655596233e-17
53,120,3349,1.3389809478454533,2.7916586832943894e-10,-2.4783118975820532e-17
53,120,3350,1.3399735208238412,1.707771390442253e-10,-4.266701032830226e-17
53,120,3351,1.3409660938022292,5.6207118456415213e-11,-1.8985725962213407e-17
53,120,3352,1.3419586667806171,-6.043954852592393e-11,4.694186163167644e-17
53,120,3353,1.342951239759005,-1.7498194250691217e-10,-9.63649509911222e-17
53,120,3354,1.343943812737393,-2.833129651041807e-10,-5.752474127535311e-17
53,120,3355,1.3449363857157814,-3.81545464054612e-10,5.084389986500783e-17
53,120,3356,1.3459289586941694,-4.661523951261783e-10,-1.748409537140695e-16
53,120,3357,1.3469215316725573,-5.340936918393682e-10,-3.7219104391855066e-17
53,120,3358,1.3479141046509453,-5.829240892967954e-10,-1.2217863137990054e-16
53,120,3359,1.3489066776293333,-6.108830178642971e-10,-9.537238569314204e-17
53,120,3360,1.3498992506077212,-6.169569622694475e-10,-8.116598255201786e-17
53,120,3361,1.3508918235861096,-6.009162956275032e-10,2.8263991640763802e-18
53,120,3362,1.3518843965644975,-5.633233277078511e-10,-3.805186991006558e-17
53,120,3363,1.3528769695428855,-5.055141824887209e-10,3.3536972483573896e-17
53,120,3364,1.3538695425212735,-4.295503253915721e-10,-2.008909904643944e-17
53,120,3365,1.3548621154996614,-3.381441165435331e-10,-1.7410814262645574e-17
53,120,3366,1.3558546884780498,-2.3456343070142253e-10,-4.215396128164075e-17
53,120,3367,1.3568472614564377,-1.225150468463644e-10,2.9174577454803646e-18
53,120,3368,1.3578398344348257,-6.010384528940831e-12,-6.305493053904978e-17
53,120,3369,1.3588324074132136,1.1077701594614518e-10,1.014999838688641e-17
53,120,3370,1.3598249803916016,2.236608235060712e-10,-1.1127745911375315e-16
53,120,3371,1.3608175533699896,3.2859273913011547e-10,-3.2524030076455188e-18
53,120,3372,1.361810126348378,4.2180651947826526e-10,2.105370627031671e-17
53,120,3373,1.362802699326766,4.999546916267054e-10,6.61259451545379e-17
53,120,3374,1.3637952723051538,5.60227252176498e-10,9.686766686079785e-17
53,120,3375,1.3647878452835418,6.004532493475696e-10,7.136430978129444e-17
53,120,3376,1.3657804182619298,6.191794689974339e-10,1.0756497108375057e-17
53,120,3377,1.3667729912403181,6.15721909883178e-10,5.400369417849033e-17
53,120,3378,1.367765564218706,5.901919345298682e-10,8.274161845116755e-17
53,120,3379,1.368758137197094,5.434911888284108e-10,1.6683912584093315e-16
53,120,3380,1.369750710175482,4.772806491577831e-10,4.8240444305856424e-17
53,120,3381,1.37074328315387,3.93922525645649e-10,2.002249963367414e-17
53,120,3382,1.371735856132258,2.963942035143176e-10,8.85833647391282e-17
53,120,3383,1.3727284291106463,1.8818262599905525e-10,1.4267440029176633e-16
53,120,3384,1.3737210020890342,7.315966703218074e-11,4.346590332189605e-17
53,120,3385,1.3747135750674222,-4.455617843432958e-11,5.5165374204998447e-17
53,120,3386,1.3757061480458102,-1.6074795843283483e-10,4.607465029526753e-17
53,120,3387,1.376698721024198,-2.7124961106614383e-10,8.797964914273993e-18
53,120,3388,1.377691294002586,-3.7209784576208295e-10,1.3437335569019145e-17
53,120,3389,1.3786838669809744,-4.596724855146321e-10,-3.1050752600727536e-17
53,120,3390,1.3796764399593624,-5.308265874192537e-10,1.4071995019765722e-16
53,120,3391,1.3806690129377504,-5.829999017175181e-10,1.1036640859169244e-16
53,120,3392,1.3816615859161383,-6.143107609262959e-10,-1.7203353162015216e-17
53,120,3393,1.3826541588945263,-6.236246696824966e-10,3.667271094315214e-17
53,120,3394,1.3836467318729146,-6.105936150579359e-10,-4.114783441293103e-17
53,120,3395,1.3846393048513026,-5.756704641101863e-10,-1.5419301334855822e-16
53,120,3396,1.3856318778296906,-5.200933005078955e-10,-1.7374898270502515e-18
53,120,3397,1.3866244508080785,-4.4584089133633284e-10,-3.0177945141546543e-17
53,120,3398,1.3876170237864665,-3.555617094205707e-10,-3.055653639576264e-17
53,120,3399,1.3886095967648544,-2.524816221711915e-10,1.1320668165628658e-17
53,120,3400,1.3896021697432428,-1.4028562253809046e-10,1.1630950360332797e-17
53,120,3401,1.3905947427216307,-2.2988778356799677e-11,-2.248098619738641e-17
53,120,3402,1.3915873157000187,9.520861745965984e-11,-4.260343868103667e-17
53,120,3403,1.3925798886784067,2.100717672214501e-10,-7.117818630351703e-18
53,120,3404,1.3935724616567946,3.1748232627586534e-10,4.973813769835653e-17
53,120,3405,1.394565034635183,4.1358678950588287e-10,-1.514676197300008e-16
53,120,3406,1.395557607613571,4.949335605960597e-10,2.354540329820645e-17
53,120,3407,1.396550180591959,5.585985674445062e-10,5.2320421702530604e-17
53,120,3408,1.3975427535703469,6.022887515824264e-10,-2.357955134646411e-17
53,120,3409,1.3985353265487348,6.244248303010555e-10,-1.9531899504142546e-18
53,120,3410,1.3995278995271228,6.241995452863324e-10,-8.467318642103467e-18
53,120,3411,1.4005204725055111,6.016070735664314e-10,-5.69164500640318e-17
53,120,3412,1.401513045483899,5.574403892904987e-10,-3.586710864578638e-17
53,120,3413,1.402505618462287,4.932685640496942e-10,-3.5922157495544014e-17
53,120,3414,1.403498191440675,4.1137775315905067e-10,-9.88651817302654e-17
53,120,3415,1.404490764419063,3.146892852135329e-10,-1.574411560350843e-17
53,120,3416,1.405483337397451,2.066583953896089e-10,-2.3145796320378524e-17
53,120,3417,1.4064759103758393,9.114753967861564e-11,-4.467092159366904e-17
53,120,3418,1.4074684833542273,-2.7709660672149028e-11,-7.308383190717496e-17
53,120,3419,1.4084610563326152,-1.456564517573714e-10,3.755399944973603e-17
53,120,3420,1.4094536293110032,-2.5846652528778856e-10,-4.698360262543443e-18
53,120,3421,1.410446202289391,-3.620943624149525e-10,2.2732736870122835e-17
53,120,3422,1.4114387752677795,-4.528217461430006e-10,-1.953418798128018e-17
53,120,3423,1.4124313482461675,-5.273877628945184e-10,-9.619024283665286e-17
53,120,3424,1.4134239212245554,-5.831104619070585e-10,-6.848426284549039e-17
53,120,3425,1.4144164942029434,-6.179804324095603e-10,2.2445139414160186e-17
53,120,3426,1.4154090671813313,-6.307334056781167e-10,-4.901713928230552e-18
53,120,3427,1.4164016401597193,-6.20896688657243e-10,8.656721296496155e-17
53,120,3428,1.4173942131381077,-5.888072281844334e-10,1.1049397323411548e-17
53,120,3429,1.4183867861164956,-5.355991138745242e-10,1.9200537974382166e-17
53,120,3430,1.4193793590948836,-4.6316261296637744e-10,-3.481907021345358e-17
53,120,3431,1.4203719320732715,-3.7407978645607816e-10,9.210157216311383e-17
53,120,3432,1.4213645050516595,-2.7153009501994136e-10,4.523693264842074e-17
53,120,3433,1.4223570780300478,-1.5917726298171157e-10,2.635988417743266e-17
53,120,3434,1.4233496510084358,-4.1039659068928125e-11,1.4380456169293764e-17
53,120,3435,1.4243422239868238,7.865489040719903e-11,4.4221012607722423e-17
53,120,3436,1.4253347969652117,1.9562054587382907e-10,3.235933792978333e-17
53,120,3437,1.4263273699435997,3.0566412244863893e-10,2.0137142519417215e-17
53,120,3438,1.4273199429219876,4.0483897257979263e-10,4.2429457701629654e-17
53,120,3439,1.428312515900376,4.895843011451412e-10,7.845099818420563e-17
53,120,3440,1.429305088878764,5.568543476595922e-10,1.2093929263810748e-16
53,120,3441,1.430297661857152,6.042256242810798e-10,8.661615016637822e-17
53,120,3442,1.4312902348355399,6.299869886932761e-10,-6.317471406714559e-17
53,120,3443,1.4322828078139278,6.332002228152872e-10,-3.905595132486789e-17
53,120,3444,1.4332753807923158,6.137322303037781e-10,-5.043386419733501e-17
53,120,3445,1.4342679537707042,5.72264177900778e-10,5.617293544302444e-17
53,120,3446,1.435260526749092,5.102650724285575e-10,1.249331954272958e-17
53,120,3447,1.43625309972748,4.2993965889279973e-10,-1.7414822975907282e-17
53,120,3448,1.437245672705868,3.3415180503000774e-10,2.870200203598243e-17
53,120,3449,1.438238245684256,2.2632066985303907e-10,-8.894125358788846e-18
53,120,3450,1.4392308186626444,1.1029896381696796e-10,-7.814577947001676e-17
53,120,3451,1.4402233916410323,-9.763180969065002e-12,-5.708277951763814e-17
53,120,3452,1.4412159646194203,-1.2956857179636416e-10,6.847727769976141e-17
53,120,3453,1.4422085375978082,-2.448264769497562e-10,2.0012236018145298e-17
53,120,3454,1.4432011105761962,-3.5140527698703944e-10,-3.979779530952293e-18
53,120,3455,1.444193683554584,-4.454805089558139e-10,-8.709366643457246e-17
53,120,3456,1.4451862565329725,-5.236730464450329e-10,-5.1324711724600264e-17
53,120,3457,1.4461788295113605,-5.831702301357771e-10,3.6991906466528125e-17
53,120,3458,1.4471714024897484,-6.218272508299496e-10,-2.0520053110820452e-17
53,120,3459,1.4481639754681364,-6.38242243772405e-10,-8.814122732991685e-17
53,120,3460,1.4491565484465243,-6.318107786175144e-10,1.557014520305118e-17
53,120,3461,1.4501491214249127,-6.027447402607815e-10,-5.4147217315806166e-17
53,120,3462,1.4511416944033007,-5.520670573880741e-10,-5.3794399192782127e-17
53,120,3463,1.4521342673816886,-4.815762159517645e-10,5.865489197115118e-17
53,120,3464,1.4531268403600766,-3.9378075754647403e-10,-1.9840495555817838e-17
53,120,3465,1.4541194133384645,-2.918105331645921e-10,-2.8261573429120876e-17
53,120,3466,1.4551119863168525,-1.7930657762964873e-10,-1.1759450307949728e-17
53,120,3467,1.4561045592952409,-6.028977664318247e-11,8.710748247933074e-18
53,120,3468,1.4570971322736288,6.098381523049e-11,1.5426812258372844e-17
53,120,3469,1.4580897052520168,1.8017312785477105e-10,-2.6282152064229042e-17
53,120,3470,1.4590822782304047,2.9300719131836004e-10,-1.9142638025570903e-17
53,120,3471,1.4600748512087927,3.9544069536058367e-10,-3.1942010751723077e-18
53,120,3472,1.4610674241871806,4.837977631657458e-10,3.0021652465689577e-17
53,120,3473,1.462059997165569,5.549020961957906e-10,1.1887686177401197e-16
53,120,3474,1.463052570143957,6.061934701696951e-10,2.2836807969040095e-17
53,120,3475,1.464045143122345,6.358193172153173e-10,1.1774259965956831e-17
53,120,3476,1.4650377161007329,6.427002395314913e-10,7.51505396918112e-17
53,120,3477,1.4660302890791208,6.265719616854171e-10,7.53423352696729e-17
53,120,3478,1.4670228620575092,5.879927177324679e-10,-3.466472927311873e-17
53,120,3479,1.4680154350358972,5.283243403059573e-10,-2.518008772904584e-18
53,120,3480,1.469008008014285,4.49686357137785e-10,7.94268068794734e-17
53,120,3481,1.470000580992673,3.5487951288594e-10,7.898360470490938e-17
53,120,3482,1.470993153971061,2.472838777698924e-10,1.1803402728762732e-17
53,120,3483,1.471985726949449,1.3074085188078976e-10,1.894652786243869e-17
53,120,3484,1.4729782999278374,9.416561038423842e-12,2.2055453679814238e-17
53,120,3485,1.4739708729062253,-1.1234986984442973e-10,4.7360207429610774e-17
53,120,3486,1.4749634458846133,-2.301976139299415e-10,-1.1300115195666374e-17
53,120,3487,1.4759560188630012,-3.3990557856503005e-10,1.3356884148311711e-17
53,120,3488,1.4769485918413892,-4.3753812582671537e-10,-4.485584067946991e-17
53,120,3489,1.4779411648197776,-5.195892699452082e-10,-2.1264913166465363e-17
53,120,3490,1.4789337377981655,-5.831086315111525e-10,-5.167394690221606e-17
53,120,3491,1.4799263107765535,-6.258048833135824e-10,-1.3942619102059057e-16
53,120,3492,1.4809188837549414,-6.461327683868918e-10,-4.409561559134907e-17
53,120,3493,1.4819114567333294,-6.433445828112805e-10,-6.756072256626013e-18
53,120,3494,1.4829040297117173,-6.175192758023533e-10,-9.22303253376364e-17
53,120,3495,1.4838966026901057,-5.695622864309857e-10,4.3877935268702134e-17
53,120,3496,1.4848891756684937,-5.011712496261942e-10,4.252739028615905e-17
53,120,3497,1.4858817486468816,-4.1477559766242733e-10,-1.2651407608517357e-16
53,120,3498,1.4868743216252696,-3.1345272259564945e-10,-9.93081866000317e-17
53,120,3499,1.4878668946036575,-2.0081704418141134e-10,1.1273179904609557e-17
53,120,3500,1.4888594675820455,-8.089068263142602e-11,-4.431090341810476e-17
53,120,3501,1.4898520405604339,4.204050953519185e-11,3.991510811387388e-17
53,120,3502,1.4908446135388218,1.6357805392118615e-10,1.2519345732827145e-17
53,120,3503,1.4918371865172098,2.79369687738996e-10,-9.686625875266345e-17
53,120,3504,1.4928297594955977,3.852662886214871e-10,-3.962779397492768e-17
53,120,3505,1.4938223324739857,4.774672014720977e-10,1.8481803225343516e-17
53,120,3506,1.494814905452374,5.526604617372615e-10,-6.299128339005075e-17
53,120,3507,1.495807478430762,6.081391024976351e-10,-3.828428951878015e-18
53,120,3508,1.49680005140915,6.418987209912429e-10,5.48311676400883e-17
53,120,3509,1.497792624387538,6.527117028029308e-10,-5.555253348972676e-17
53,120,3510,1.4987851973659259,6.401704141030729e-10,3.056964765846371e-17
53,120,3511,1.4997777703443138,6.047019719733524e-10,-5.080318676855696e-17
53,120,3512,1.5007703433227022,5.475538234307096e-10,5.872753267885662e-18
53,120,3513,1.5017629163010902,4.707534147112563e-10,-1.9763157836129923e-17
53,120,3514,1.502755489279478,3.770299753828731e-10,6.551976498585335e-17
53,120,3515,1.503748062257866,2.6972332208789866e-10,8.350106784291131e-18
53,120,3516,1.504740635236254,1.5266027113639252e-10,-7.371322494995421e-17
53,120,3517,1.5057332082146424,3.0022226288080844e-11,-1.3514915382264788e-17
53,120,3518,1.5067257811930304,-9.380692047670525e-11,3.5753176930707104e-17
53,120,3519,1.5077183541714183,-2.1439699039077874e-10,-4.78457640951071e-17
53,120,3520,1.5087109271498063,-3.274282535555161e-10,3.357734990081151e-17
53,120,3521,1.5097035001281942,-4.288492481884702e-10,3.3428244533415106e-18
53,120,3522,1.5106960731065822,-5.150192813958667e-10,-5.170753686246152e-17
53,120,3523,1.5116886460849706,-5.828391289465739e-10,1.1790814325148005e-18
53,120,3524,1.5126812190633585,-6.29865473036818e-10,-8.541892531528347e-17
53,120,3525,1.5136737920417465,-6.543953456824233e-10,-3.0899312267697825e-17
53,120,3526,1.5146663650201344,-6.555286759391902e-10,2.3732467716648995e-17
53,120,3527,1.5156589379985224,-6.332031258703006e-10,1.9482577333291966e-17
53,120,3528,1.5166515109769103,-5.881948684978756e-10,1.0249343157456537e-16
53,120,3529,1.5176440839552987,-5.220929138267804e-10,4.6550897356362134e-17
53,120,3530,1.5186366569336867,-4.372421938343673e-10,-4.019605490246101e-17
53,120,3531,1.5196292299120746,-3.366603507989924e-10,-3.7718331270175744e-17
53,120,3532,1.5206218028904626,-2.2393127871709331e-10,6.984474601661491e-17
53,120,3533,1.5216143758688505,-1.0307671747309704e-10,-4.1561006139108326e-17
53,120,3534,1.522606948847239,2.1586344462442423e-11,-1.6494574187878853e-17
53,120,3535,1.5235995218256269,1.4560143086884325e-10,3.6931922249076734e-17
53,120,3536,1.5245920948040148,2.6453088087960624e-10,1.2909459119406065e-16
53,120,3537,1.5255846677824028,3.741135477514166e-10,7.555007121032156e-17
53,120,3538,1.5265772407607907,4.704197350184529e-10,-8.96966678549738e-18
53,120,3539,1.5275698137391787,5.499911585864356e-10,-2.6070444525487234e-18
53,120,3540,1.528562386717567,6.099636057613616e-10,8.39475398550775e-17
53,120,3541,1.529554959695955,6.48171706015401e-10,-2.0813301779407428e-17
53,120,3542,1.530547532674343,6.632275409817588e-10,3.110348237541735e-17
53,120,3543,1.531540105652731,6.545681063776103e-10,1.1786640587696354e-16
53,120,3544,1.5325326786311189,6.224804959971984e-10,1.0001053417875469e-16
53,120,3545,1.5335252516095073,5.680881518048787e-10,-6.429420662947751e-17
53,120,3546,1.5345178245878952,4.933143461046635e-10,4.599372815326546e-17
53,120,3547,1.5355103975662832,4.0081465073923887e-10,-4.2514546398827226e-17
53,120,3548,1.536502970544671,2.938783209079496e-10,1.8305145678131955e-17
53,120,3549,1.537495543523059,1.7631806710498808e-10,-5.058360163228167e-18
53,120,3550,1.538488116501447,5.232709030981434e-11,-6.737716148696764e-17
53,120,3551,1.5394806894798354,-7.366552143397263e-11,-6.398179578005093e-17
53,120,3552,1.5404732624582234,-1.971543777033104e-10,-1.892476666199297e-18
53,120,3553,1.5414658354366113,-3.1371971776680903e-10,1.0150358577078628e-16
53,120,3554,1.5424584084149993,-4.1918535831005123e-10,1.6136147014137825e-17
53,120,3555,1.5434509813933872,-5.097659664654926e-10,-6.947977691925794e-17
53,120,3556,1.5444435543717752,-5.8220732540515e-10,-9.381460844844011e-18
53,120,3557,1.5454361273501636,-6.338991919955082e-10,-1.5683907050028192e-17
53,120,3558,1.5464287003285515,-6.629700413532946e-10,5.5637964907589665e-18
53,120,3559,1.5474212733069395,-6.683575597394588e-10,3.0131993823225577e-17
53,120,3560,1.5484138462853274,-6.498433060311452e-10,6.022259905777669e-18
53,120,3561,1.5494064192637154,-6.080645372627923e-10,-3.202094473910067e-17
53,120,3562,1.5503989922421038,-5.444912179854647e-10,-6.294574800501208e-17
53,120,3563,1.5513915652204917,-4.613730181139153e-10,-7.972523660882959e-17
53,120,3564,1.5523841381988797,-3.616630190458985e-10,2.9156543079061396e-17
53,120,3565,1.5533767111772676,-2.4890877064022996e-10,-4.9621714342314866e-17
53,120,3566,1.5543692841556556,-1.2712954005001682e-10,-7.920815934260108e-17
53,120,3567,1.5553618571340435,-6.70406075179153e-13,-1.7692156024175908e-17
53,120,3568,1.556354430112432,1.2595208275657376e-10,-1.718150172994899e-16
53,120,3569,1.5573470030908199,2.48208257811828e-10,6.478212091408906e-17
53,120,3570,1.5583395760692078,3.617218355632314e-10,4.4248921135743064e-17
53,120,3571,1.5593321490475958,4.624259328660919e-10,-4.543389622292135e-17
53,120,3572,1.5603247220259837,5.467028134815047e-10,3.256541864066624e-17
53,120,3573,1.561317295004372,6.115224219339444e-10,-7.01533498886716e-17
53,120,3574,1.56230986798276,6.545452910701079e-10,-4.029624150800978e-17
53,120,3575,1.563302440961148,6.742094704126287e-10,4.5739107607742923e-17
53,120,3576,1.564295013939536,6.697862914265939e-10,-5.602847879265326e-17
53,120,3577,1.565287586917924,6.414062728001243e-10,-3.933701464755338e-17
53,120,3578,1.5662801598963119,5.900591105228409e-10,-4.365628282127064e-17
53,120,3579,1.5672727328747003,5.175538950791554e-10,1.0019663824014924e-18
53,120,3580,1.5682653058530882,4.264609654358816e-10,4.551762401526184e-17
53,120,3581,1.5692578788314762,3.2001538911522103e-10,4.7894542894017905e-17
53,120,3582,1.5702504518098641,2.020058952138139e-10,-4.038511320483605e-17
53,120,3583,1.571243024788252,7.663904278138869e-11,-3.8607142662717196e-17
53,120,3584,1.57223559776664,-5.1611319529235005e-11,3.260262315180191e-17
53,120,3585,1.5732281707450284,-1.7816413821715167e-10,2.6702820624822668e-17
53,120,3586,1.5742207437234164,-2.98492963806458e-10,-9.8075871972132e-17
53,120,3587,1.5752133167018043,-4.0828846793846346e-10,-4.192945815856725e-17
53,120,3588,1.5762058896801923,-5.036146758068887e-10,2.730984815836517e-17
53,120,3589,1.5771984626585802,-5.810467919299883e-10,4.065950553562912e-17
53,120,3590,1.5781910356369686,-6.377960637549887e-10,7.449452804638085e-17
53,120,3591,1.5791836086153566,-6.718116756277991e-10,-3.5049227062042466e-18
53,120,3592,1.5801761815937445,-6.818501165938222e-10,-2.593466481526873e-17
53,120,3593,1.5811687545721325,-6.675253889870688e-10,-2.763938049922219e-17
53,120,3594,1.5821613275505204,-6.293220284302195e-10,2.589639559105329e-17
53,120,3595,1.5831539005289084,-5.685777418071857e-10,-3.8699897063625146e-17
53,120,3596,1.5841464735072968,-4.874368925708854e-10,9.94422665185118e-19
53,120,3597,1.5851390464856847,-3.8877621972902493e-10,-1.2523370500150176e-18
53,120,3598,1.5861316194640727,-2.761020192423978e-10,-3.794466823173011e-17
53,120,3599,1.5871241924424606,-1.5342445632850807e-10,-1.8678572228369735e-17
53,120,3600,1.5881167654208486,-2.511582036053072e-11,1.000281516125783e-18
53,120,3601,1.589109338399237,1.0424445506486055e-10,6.831857181574029e-18
53,120,3602,1.590101911377625,2.3003448391881272e-10,-7.077566531563875e-17
53,120,3603,1.5910944843560129,3.4775510522215854e-10,-2.956856037428871e-17
53,120,3604,1.5920870573344008,4.5318979441266447e-10,-7.153745772782871e-17
53,120,3605,1.5930796303127888,5.425562960229475e-10,-7.095216580993366e-17
53,120,3606,1.5940722032911767,6.126413999027804e-10,-6.377760695841898e-17
53,120,3607,1.595064776269565,6.609182369383628e-10,6.965660098322568e-17
53,120,3608,1.596057349247953,6.856354148884417e-10,-1.3116563459263525e-16
53,120,3609,1.597049922226341,6.858820201572146e-10,5.139135097214321e-17
53,120,3610,1.598042495204729,6.616191566808233e-10,4.222930495437328e-18
53,120,3611,1.599035068183117,6.136839660861462e-10,-8.48031834496881e-17
53,120,3612,1.6000276411615053,5.437613553508879e-10,2.8458408628586487e-17
53,120,3613,1.6010202141398933,4.5432237676146857e-10,2.9911880846826247e-17
53,120,3614,1.6020127871182812,3.4853869167378366e-10,1.0765751640782585e-17
53,120,3615,1.6030053600966692,2.3016925218216722e-10,-8.532335866674904e-17
53,120,3616,1.6039979330750571,1.0342825819853583e-10,1.3548316043306481e-17
53,120,3617,1.604990506053445,-2.716742978430348e-11,2.8365687520479217e-17
53,120,3618,1.6059830790318335,-1.5695646135031387e-10,6.40083731929998e-17
53,120,3619,1.6069756520102214,-2.81301518582288e-10,-3.2935898537571336e-17
53,120,3620,1.6079682249886094,-3.957547751134704e-10,-2.6113135895235738e-17
53,120,3621,1.6089607979669973,-4.962150210661133e-10,1.5460235285989627e-17
53,120,3622,1.6099533709453853,-5.7907551509997e-10,7.045342128084974e-17
53,120,3623,1.6109459439237732,-6.413559393998864e-10,-2.806610132832368e-17
53,120,3624,1.6119385169021616,-6.808059747985757e-10,1.9644599744958556e-17
53,120,3625,1.6129310898805496,-6.959870646725541e-10,1.1577383926152165e-16
53,120,3626,1.6139236628589375,-6.863262121928149e-10,2.573468762939493e-18
53,120,3627,1.6149162358373255,-6.521388827237086e-10,2.1873085091826982e-17
53,120,3628,1.6159088088157134,-5.946139693161795e-10,-1.50143659468288e-17
53,120,3629,1.6169013817941018,-5.157761914021697e-10,6.636656598271116e-17
53,120,3630,1.6178939547724898,-4.1841407686962646e-10,2.998036661511154e-17
53,120,3631,1.6188865277508777,-3.059816908457226e-10,7.670115517581165e-17
53,120,3632,1.6198791007292657,-1.8247378689325913e-10,-6.440206321021496e-17
53,120,3633,1.6208716737076536,-5.228719043067485e-11,-6.582713493885489e-17
53,120,3634,1.6218642466860416,7.993824205028633e-11,-2.487996805732306e-17
53,120,3635,1.62285681966443,2.0948277762375803e-10,4.393603288230589e-17
53,120,3636,1.623849392642818,3.317185084105041e-10,4.322777180051575e-17
53,120,3637,1.6248419656212059,4.4227057474769765e-10,7.0790719278484e-17
53,120,3638,1.6258345385995938,5.371774995616588e-10,-4.018935846140606e-17
53,120,3639,1.6268271115779818,6.130300865698101e-10,-1.1948932555044592e-17
53,120,3640,1.6278196845563702,6.670948441825492e-10,-1.0982448339629697e-17
53,120,3641,1.6288122575347581,6.974138872041058e-10,-5.150950059883105e-17
53,120,3642,1.629804830513146,7.028732690884988e-10,-6.349595540981774e-17
53,120,3643,1.630797403491534,6.832452149888138e-10,-6.024437170887698e-18
53,120,3644,1.631789976469922,6.391978734621729e-10,-1.7829728224359537e-17
53,120,3645,1.63278254944831,5.722709382223564e-10,4.00297193925928e-17
53,120,3646,1.6337751224266983,4.848227626583003e-10,1.4579655928478237e-17
53,120,3647,1.6347676954050863,3.79948141648027e-10,8.616981666517822e-17
53,120,3648,1.6357602683834742,2.613670826433932e-10,4.675420537692669e-17
53,120,3649,1.6367528413618622,1.3329289898186607e-10,9.063298949031009e-17
53,120,3650,1.6377454143402501,2.843154710162268e-13,5.080379281195333e-17
53,120,3651,1.638737987318638,-1.3291748931032374e-10,1.0803180028016719e-17
53,120,3652,1.6397305602970265,-2.615596015779013e-10,6.808067096527829e-17
53,120,3653,1.6407231332754144,-3.81045564159188e-10,2.740870412475322e-17
53,120,3654,1.6417157062538024,-4.87098188742636e-10,2.8180593245135535e-17
53,120,3655,1.6427082792321903,-5.759142597560474e-10,4.258182850968748e-17
53,120,3656,1.6437008522105783,-6.443025186919339e-10,5.655998726872551e-17
53,120,3657,1.6446934251889667,-6.897941525396363e-10,2.8247170573612424e-17
53,120,3658,1.6456859981673546,-7.10734062181613e-10,-1.421645167271171e-17
53,120,3659,1.6466785711457426,-7.063417324556676e-10,-2.933992866739015e-17
53,120,3660,1.6476711441241305,-6.767396563763138e-10,1.1070031206602234e-17
53,120,3661,1.6486637171025185,-6.229479331716016e-10,-8.817972795504623e-17
53,120,3662,1.6496562900809064,-5.468535540631082e-10,-6.229130716103244e-17
53,120,3663,1.6506488630592948,-4.5113857285208954e-10,1.9179744550931492e-17
53,120,3664,1.6516414360376828,-3.3919135535652387e-10,-1.0838191503519494e-16
53,120,3665,1.6526340090160707,-2.149821826067777e-10,1.4803318120435197e-17
53,120,3666,1.6536265819944587,-8.292493539238431e-11,-7.107176401485999e-17
53,120,3667,1.6546191549728466,5.228149042180968e-11,-8.72248188442296e-17
53,120,3668,1.655611727951235,1.8581907242958334e-10,-1.9657468549040388e-17
53,120,3669,1.656604300929623,3.1292216463354065e-10,-2.1344382239332823e-17
53,120,3670,1.657596873908011,4.2904906698951036e-10,-5.094089050667965e-17
53,120,3671,1.6585894468863989,5.300424662034818e-10,-1.4983315416883277e-16
53,120,3672,1.6595820198647868,6.122788745143963e-10,1.6401054263417215e-17
53,120,3673,1.6605745928431748,6.727995357243722e-10,-2.6077401056082535e-17
53,120,3674,1.6615671658215632,7.094146465676766e-10,-8.223370798857785e-17
53,120,3675,1.6625597387999511,7.207848397165345e-10,-1.100042959179058e-16
53,120,3676,1.663552311778339,7.064683545184539e-10,-4.0113588474143515e-17
53,120,3677,1.664544884756727,6.669385262316225e-10,3.0048257886112835e-17
53,120,3678,1.665537457735115,6.035676575230001e-10,7.271528661067904e-17
53,120,3679,1.666530030713503,5.185810050892668e-10,-9.705900445906813e-18
53,120,3680,1.6675226036918913,4.149775342715418e-10,1.9586726635347532e-17
53,120,3681,1.6685151766702793,2.964224529050747e-10,-6.793798207746169e-18
53,120,3682,1.6695077496486672,1.6711997559179123e-10,2.2698535054353733e-17
53,120,3683,1.6705003226270552,3.1664125099166354e-11,3.834515247023307e-17
53,120,3684,1.6714928956054431,-1.0512556785391392e-10,-5.746182451213873e-17
53,120,3685,1.6724854685838315,-2.3837726268541327e-10,-1.3968320503472587e-17
53,120,3686,1.6734780415622195,-3.6333513128031406e-10,-4.0335807741301787e-17
53,120,3687,1.6744706145406074,-4.755339754788331e-10,1.6690158469945793e-17
53,120,3688,1.6754631875189954,-5.709564094812672e-10,-9.702420464745415e-18
53,120,3689,1.6764557604973833,-6.46177130289878e-10,4.6991317493121235e-17
53,120,3690,1.6774483334757713,-6.984848806911047e-10,-2.1886980541901594e-17
53,120,3691,1.6784409064541597,-7.259818526116553e-10,-2.1169322757729115e-17
53,120,3692,1.6794334794325476,-7.2765146750534e-10,-4.858454221921311e-17
53,120,3693,1.6804260524109356,-7.033945272392931e-10,2.1031614164024542e-17
53,120,3694,1.6814186253893235,-6.540369146303997e-10,2.115882545607461e-17
53,120,3695,1.6824111983677115,-5.812976889623382e-10,-1.1857468109300366e-16
53,120,3696,1.6834037713460999,-4.877335134517742e-10,6.361800757087293e-18
53,120,3697,1.6843963443244878,-3.766456285158339e-10,8.939770070392262e-17
53,120,3698,1.6853889173028758,-2.5196292185687903e-10,-8.984406048730146e-18
53,120,3699,1.6863814902812637,-1.181072001689625e-10,4.582896699616942e-17
53,120,3700,1.6873740632596517,2.0169691455707722e-11,-6.648688142803859e-17
53,120,3701,1.6883666362380396,1.5794907613779755e-10,-8.124817112633111e-17
53,120,3702,1.689359209216428,2.903246072484866e-10,4.3215976977106525e-17
53,120,3703,1.690351782194816,4.1257222914205257e-10,4.2296541608881014e-17
53,120,3704,1.691344355173204,5.203250703447117e-10,-1.4201436139222773e-17
53,120,3705,1.6923369281515919,6.097225807885173e-10,-2.86903124685071e-17
53,120,3706,1.6933295011299798,6.775548381987299e-10,-1.5379216482499125e-17
53,120,3707,1.6943220741083678,7.21370438964409e-10,1.2060883539635214e-17
53,120,3708,1.6953146470867562,7.395738034069026e-10,5.3636136299733977e-17
53,120,3709,1.6963072200651441,7.314756534151437e-10,-4.3769732034420345e-17
53,120,3710,1.697299793043532,6.973227823945096e-10,-1.8979768118617357e-18
53,120,3711,1.69829236602192,6.382891230825901e-10,-1.5661024956222203e-17
53,120,3712,1.699284939000308,5.564370342020732e-10,4.034401409491772e-17
53,120,3713,1.7002775119786964,4.5464260567968466e-10,4.079391120299958e-17
53,120,3714,1.7012700849570843,3.364961036443953e-10,4.1267103093183755e-17
53,120,3715,1.7022626579354723,2.0617646196868487e-10,2.6078314871766038e-20
53,120,3716,1.7032552309138602,6.830052417459719e-11,2.852107495739262e-17
53,120,3717,1.7042478038922482,-7.223815337437038e-11,-6.845302297107204e-17
53,120,3718,1.7052403768706361,-2.1044404118214884e-10,-4.0127830095590905e-17
53,120,3719,1.7062329498490245,-3.413959799841032e-10,1.6044502383053578e-17
53,120,3720,1.7072255228274125,-4.6042396328315214e-10,2.4693061416736444e-18
53,120,3721,1.7082180958058004,-5.632747059221402e-10,5.835605533383676e-17
53,120,3722,1.7092106687841884,-6.4626294065763e-10,1.1418387247810557e-16
53,120,3723,1.7102032417625763,-7.064057186836974e-10,7.226699573613803e-17
53,120,3724,1.7111958147409647,-7.41524122261347e-10,9.985096586431007e-17
53,120,3725,1.7121883877193527,-7.503297565014285e-10,1.5887823880763224e-17
53,120,3726,1.7131809606977406,-7.324656067759283e-10,2.92932536447017e-17
53,120,3727,1.7141735336761286,-6.885215472678076e-10,1.474767249724122e-17
53,120,3728,1.7151661066545165,-6.200176457505553e-10,-4.170921722156441e-17
53,120,3729,1.7161586796329045,-5.293470961950622e-10,-7.045474950786928e-17
53,120,3730,1.7171512526112929,-4.1969665774952023e-10,8.178529355060423e-17
53,120,3731,1.7181438255896808,-2.9493110981722464e-10,-1.66335939026625e-17
53,120,3732,1.7191363985680688,-1.5946082759611074e-10,-1.751624622178468e-17
53,120,3733,1.7201289715464567,-1.8081346286282294e-11,-1.8420667882546808e-17
53,120,3734,1.7211215445248447,1.24192787144515e-10,-5.255579539455792e-18
53,120,3735,1.7221141175032326,2.6230850697064067e-10,2.191812546095745e-17
53,120,3736,1.723106690481621,3.9134923383595774e-10,7.484936673031807e-18
53,120,3737,1.724099263460009,5.067157100868354e-10,2.1085500871678488e-17
53,120,3738,1.725091836438397,6.042857079092796e-10,-6.920240018590869e-18
53,120,3739,1.7260844094167849,6.805621567946843e-10,7.064712343572896e-18
53,120,3740,1.7270769823951728,7.327988675342625e-10,3.521571776334521e-17
53,120,3741,1.7280695553735612,7.590991554285168e-10,-6.178485675944117e-17
53,120,3742,1.7290621283519492,7.584836532396647e-10,-5.34683707539449e-18
53,120,3743,1.7300547013303371,7.309264366796851e-10,-6.013588729610831e-17
53,120,3744,1.731047274308725,6.773596025145188e-10,-4.510477399078431e-17
53,120,3745,1.732039847287113,5.996388618935787e-10,5.366560939899383e-17
53,120,3746,1.733032420265501,5.004808231345812e-10,-4.248310870963431e-17
53,120,3747,1.7340249932438894,3.8336711403800266e-10,-1.3168791270195863e-17
53,120,3748,1.7350175662222773,2.5242319427394176e-10,1.6165013106556537e-17
53,120,3749,1.7360101392006653,1.1227272569897855e-10,3.156845689683516e-17
53,120,3750,1.7370027121790532,-3.2128425522497835e-11,-3.666435415744793e-17
53,120,3751,1.7379952851574412,-1.756625875420705e-10,-7.71404465945677e-17
53,120,3752,1.7389878581358296,-3.132360060248187e-10,2.1531526160917434e-17
53,120,3753,1.7399804311142175,-4.3995636965095647e-10,2.2515559193700463e-17
53,120,3754,1.7409730040926055,-5.513087071770905e-10,-6.031962179460433e-17
53,120,3755,1.7419655770709934,-6.433155271057248e-10,-4.083707477893805e-18
53,120,3756,1.7429581500493814,-7.126777242063758e-10,2.3987443353893536e-17
53,120,3757,1.7439507230277693,-7.568933409193053e-10,9.988305263282447e-18
53,120,3758,1.7449432960061577,-7.743499513174078e-10,2.3564664662387965e-17
53,120,3759,1.7459358689845457,-7.643772836817935e-10,-4.6743580259553454e-17
53,120,3760,1.7469284419629336,-7.272788169087621e-10,-3.375618497130681e-17
53,120,3761,1.7479210149413216,-6.643200428458852e-10,6.841376679464371e-18
53,120,3762,1.7489135879197095,-5.7768359844749e-10,1.0290578637907542e-16
53,120,3763,1.7499061608980975,-4.703958862574183e-10,-3.80169784111917e-17
53,120,3764,1.7508987338764859,-3.4621927606668455e-10,-3.980643087782205e-17
53,120,3765,1.7518913068548738,-2.095235622992349e-10,-8.344263106681008e-17
53,120,3766,1.7528838798332618,-6.512749214998825e-11,-2.962175623303908e-17
53,120,3767,1.7538764528116497,8.186896122863387e-11,2.4135003160145312e-17
53,120,3768,1.7548690257900377,2.2626253258127527e-10,-3.3400408154788385e-17
53,120,3769,1.755861598768426,3.629349456060928e-10,-7.296110636303262e-18
53,120,3770,1.756854171746814,4.870311788693868e-10,1.9087038448536093e-17
53,120,3771,1.757846744725202,5.941331517186781e-10,3.1713355910288405e-17
53,120,3772,1.75883931770359,6.804158977101662e-10,-5.2913561008034537e-17
53,120,3773,1.7598318906819779,7.427845540789582e-10,2.064186249535509e-18
53,120,3774,1.7608244636603658,7.789848272590275e-10,-5.403690838258467e-17
53,120,3775,1.7618170366387542,7.876851000087707e-10,-1.2329676388537589e-17
53,120,3776,1.7628096096171422,7.68522423145941e-10,8.551007895725458e-17
53,120,3777,1.7638021825955301,7.221200634746569e-10,-2.5219553844371137e-17
53,120,3778,1.764794755573918,6.5006669101701e-10,-1.0294897164315863e-17
53,120,3779,1.765787328552306,5.548584837214127e-10,1.8975619778659754e-17
53,120,3780,1.7667799015306944,4.398173838148467e-10,2.057715307544634e-17
53,120,3781,1.7677724745090824,3.0897094818331514e-10,7.821884603147345e-17
53,120,3782,1.7687650474874703,1.669146006357672e-10,-5.899677324376664e-17
53,120,3783,1.7697576204658583,1.864706176512177e-11,-1.4907940469374873e-17
53,120,3784,1.7707501934442462,-1.3060374758572315e-10,-2.6543339188799914e-17
53,120,3785,1.7717427664226342,-2.755644433903331e-10,3.148343853082966e-17
53,120,3786,1.7727353394010226,-4.111043981394422e-10,5.872756970327478e-18
53,120,3787,1.7737279123794105,-5.324155869624999e-10,-5.926892269335093e-18
53,120,3788,1.7747204853577985,-6.351831206299025e-10,2.3821730996969097e-17
53,120,3789,1.7757130583361864,-7.157388128183789e-10,4.576830670853954e-18
53,120,3790,1.7767056313145744,-7.711921779794626e-10,2.0064395249940714e-17
53,120,3791,1.7776982042929623,-7.995327892269004e-10,-6.244979701118224e-17
53,120,3792,1.7786907772713507,-7.997023840959267e-10,-4.788605131012017e-17
53,120,3793,1.7796833502497387,-7.71636939333598e-10,2.89647836320443e-17
53,120,3794,1.7806759232281266,-7.162655743655272e-10,-1.9985625770486043e-17
53,120,3795,1.7816684962065146,-6.35485225566517e-10,-3.459954780616141e-17
53,120,3796,1.7826610691849025,-5.320897820388795e-10,-3.552042491720958e-17
53,120,3797,1.783653642163291,-4.096793698363124e-10,-3.694823181172105e-17
53,120,3798,1.7846462151416789,-2.7252840436742197e-10,2.3917678427207508e-17
53,120,3799,1.7856387881200668,-1.254413379888842e-10,-6.172454500628093e-17
53,120,3800,1.7866313610984548,2.641864351688737e-11,-1.519274904372849e-17
53,120,3801,1.7876239340768427,1.7770901052708593e-10,6.567500983421897e-17
53,120,3802,1.7886165070552307,3.230974992597795e-10,-7.613410069213284e-17
53,120,3803,1.789609080033619,4.574494230495723e-10,-1.6327970139146522e-17
53,120,3804,1.790601653012007,5.760065243442996e-10,-4.681478125805558e-17
53,120,3805,1.791594225990395,6.74559227574744e-10,6.396039475455155e-18
53,120,3806,1.792586798968783,7.495917884208161e-10,-1.0154271135502103e-17
53,120,3807,1.7935793719471709,7.984102613928993e-10,-3.322182555951426e-17
53,120,3808,1.7945719449255593,8.192372601185462e-10,6.670747561827641e-18
53,120,3809,1.7955645179039472,8.11274716571688e-10,-1.843745955717869e-18
53,120,3810,1.7965570908823352,7.747383450972972e-10,-9.96935891927448e-18
53,120,3811,1.7975496638607231,7.108468450339373e-10,-2.445438095201355e-17
53,120,3812,1.798542236839111,6.217831719824615e-10,-3.1757080558194623e-17
53,120,3813,1.799534809817499,5.106202641988272e-10,3.298293085549309e-18
53,120,3814,1.8005273827958874,3.8121415463097686e-10,-3.7847229373737854e-17
53,120,3815,1.8015199557742754,2.380682957392236e-10,-1.8530829108190647e-18
53,120,3816,1.8025125287526633,8.617942801597194e-11,-1.1170212258103692e-19
53,120,3817,1.8035051017310513,-6.913788342149709e-11,-1.214305158994434e-17
53,120,3818,1.8044976747094392,-2.224368401212679e-10,-9.89507136927559e-18
53,120,3819,1.8054902476878272,-3.6833330375513826e-10,-4.90744516693389e-17
53,120,3820,1.8064828206662156,-5.016875480006308e-10,3.03438961784156e-17
53,120,3821,1.8074753936446035,-6.177883497735251e-10,2.638987602291805e-17
53,120,3822,1.8084679666229915,-7.125227086902115e-10,1.4496405664146357e-18
53,120,3823,1.8094605396013794,-7.825146404696777e-10,6.01400636585397e-17
53,120,3824,1.8104531125797674,-8.252487167121844e-10,7.283107489698436e-18
53,120,3825,1.8114456855581558,-8.391585262845937e-10,-3.8659611006474625e-17
53,120,3826,1.8124382585365437,-8.236841006237976e-10,-2.2381674823501235e-17
53,120,3827,1.8134308315149317,-7.792933517592939e-10,4.93607271044479e-17
53,120,3828,1.8144234044933196,-7.074670020897239e-10,-4.527860260356695e-18
53,120,3829,1.8154159774717076,-6.106485445971435e-10,2.4643137646652842e-17
53,120,3830,1.8164085504500955,-4.921625988103544e-10,3.24252016577846e-17
53,120,3831,1.817401123428484,-3.560980507122298e-10,-2.0005031455418972e-18
53,120,3832,1.8183936964068719,-2.071676738952367e-10,1.8742649203601422e-17
53,120,3833,1.8193862693852598,-5.054581758193876e-11,-6.527789324431887e-17
53,120,3834,1.8203788423636478,1.0831414841286105e-10,1.7213094136603764e-17
53,120,3835,1.8213714153420357,2.6386619685948175e-10,5.053893279102307e-17
53,120,3836,1.8223639883204241,4.106685237221652e-10,2.0934310484293397e-17
53,120,3837,1.823356561298812,5.435705930213866e-10,2.552820392063152e-17
53,120,3838,1.8243491342772,6.578937430378644e-10,-1.1761962601812946e-17
53,120,3839,1.825341707255588,7.495984614175134e-10,-4.2120980690285244e-17
53,120,3840,1.826334280233976,8.154221640810749e-10,-3.15445384050975e-18
53,120,3841,1.8273268532123639,8.529967771218976e-10,-1.2927559089611794e-17
53,120,3842,1.8283194261907523,8.609316636690893e-10,1.8978473438780725e-17
53,120,3843,1.8293119991691402,8.388671243981176e-10,4.3966837004867415e-17
53,120,3844,1.8303045721475282,7.874831977871603e-10,-2.806503448417339e-17
53,120,3845,1.8312971451259161,7.084849042033995e-10,4.236290566023453e-18
53,120,3846,1.832289718104304,6.045392709862099e-10,3.70486902914498e-17
53,120,3847,1.8332822910826925,4.791898828447429e-10,7.095624113520497e-19
53,120,3848,1.8342748640610804,3.3673055993117785e-10,-6.3268434662865985e-19
53,120,3849,1.8352674370394684,1.8206205274712177e-10,-3.667072776474437e-17
53,120,3850,1.8362600100178563,2.052109494773022e-11,-2.3189492714567627e-17
53,120,3851,1.8372525829962443,-1.4230318167885186e-10,-1.596446438044042e-17
53,120,3852,1.8382451559746322,-3.0076346938563404e-10,-2.284262982383303e-17
53,120,3853,1.8392377289530206,-4.493466766155744e-10,1.2693109580967714e-17
53,120,3854,1.8402303019314086,-5.828691793776946e-10,-3.495668466446065e-17
53,120,3855,1.8412228749097965,-6.966529214077267e-10,-3.34341940640215e-17
53,120,3856,1.8422154478881845,-7.866925001208713e-10,4.5018916568958706e-17
53,120,3857,1.8432080208665724,-8.497917521999933e-10,-5.0806712929518345e-17
53,120,3858,1.8442005938449604,-8.836773987180818e-10,-6.70322884849813e-18
53,120,3859,1.8451931668233488,-8.870790070114327e-10,1.6168014378757104e-17
53,120,3860,1.8461857398017367,-8.597765081135871e-10,-2.4675509038491146e-18
53,120,3861,1.8471783127801247,-8.026075811759024e-10,-4.902012208879815e-17
53,120,3862,1.8481708857585126,-7.174439092329835e-10,-5.161744661127092e-18
53,120,3863,1.8491634587369006,-6.071274986835054e-10,-1.0436306477635308e-17
53,120,3864,1.850156031715289,-4.753749566708684e-10,1.229447328929907e-17
53,120,3865,1.851148604693677,-3.2665325581495765e-10,3.723468148359986e-20
53,120,3866,1.8521411776720649,-1.6602526751138361e-10,-2.698349955082358e-17
53,120,3867,1.8531337506504528,1.0202778193459436e-12,-1.2262440285568302e-17
53,120,3868,1.8541263236288408,1.6875725381302107e-10,2.2573053309239513e-18
53,120,3869,1.8551188966072287,3.3141888857649004e-10,3.055755752837656e-17
53,120,3870,1.8561114695856171,4.833933572070507e-10,3.724779651648338e-17
53,120,3871,1.857104042564005,6.194178449675752e-10,1.6056491005227948e-17
53,120,3872,1.858096615542393,7.347604840371612e-10,-2.6490086523293234e-17
53,120,3873,1.859089188520781,8.253804262208312e-10,-6.411227551592112e-18
53,120,3874,1.860081761499169,8.880709014405799e-10,2.7154121758619685e-17
53,120,3875,1.8610743344775573,9.205699241431614e-10,-2.0147241821935155e-18
53,120,3876,1.8620669074559453,9.216375222370994e-10,1.7669714019659834e-17
53,120,3877,1.8630594804343332,8.911044895879998e-10,2.3079209139442514e-17
53,120,3878,1.8640520534127212,8.298792891208272e-10,6.740295777288786e-17
53,120,3879,1.8650446263911091,7.39918889558495e-10,6.837373908929286e-18
53,120,3880,1.866037199369497,6.241660024742835e-10,2.6568388015983645e-17
53,120,3881,1.8670297723478855,4.864516245157934e-10,7.453868999456373e-17
53,120,3882,1.8680223453262734,3.3136916399595816e-10,1.1346778581941291e-17
53,120,3883,1.8690149183046614,1.64116348770538e-10,3.846995114201374e-17
53,120,3884,1.8700074912830493,-9.67315127332803e-12,1.3996537366777735e-17
53,120,3885,1.8710000642614373,-1.8412453029941761e-10,1.043888266043802e-17
53,120,3886,1.8719926372398252,-3.5331615686259134e-10,-2.0399097342555577e-17
53,120,3887,1.8729852102182136,-5.114808646384763e-10,-5.8361308378204165e-18
53,120,3888,1.8739777831966016,-6.532012319704928e-10,2.6278373291985598e-17
53,120,3889,1.8749703561749895,-7.735920463180983e-10,2.343691634764476e-17
53,120,3890,1.8759629291533775,-8.684664238395307e-10,2.4492099669187096e-17
53,120,3891,1.8769555021317654,-9.344804904279592e-10,-1.2582431075778224e-17
53,120,3892,1.8779480751101538,-9.692456610350817e-10,1.3132195293312049e-17
53,120,3893,1.8789406480885418,-9.714136561494691e-10,3.873744190641191e-17
53,120,3894,1.8799332210669297,-9.407240674339993e-10,1.8940184357199853e-17
53,120,3895,1.8809257940453177,-8.780174567140207e-10,2.7240499799892066e-17
53,120,3896,1.8819183670237056,-7.852114750917199e-10,-2.0879101514134372e-17
53,120,3897,1.8829109400020936,-6.652385790031652e-10,1.8291663206646407e-17
53,120,3898,1.883903512980482,-5.219539993617791e-10,4.6777641162202176e-18
53,120,3899,1.88489608595887,-3.600097552086809e-10,4.553885329580719e-18
53,120,3900,1.8858886589372579,-1.8470498736425936e-10,-9.475980158266914e-18
53,120,3901,1.8868812319156458,-1.8099129326716692e-12,-1.0140170233775507e-17
53,120,3902,1.8878738048940338,1.826211126816283e-10,-1.82408232595522e-17
53,120,3903,1.8888663778724222,3.6244835389327994e-10,8.464794277943532e-18
53,120,3904,1.8898589508508101,5.316517425176088e-10,-2.798474778379699e-17
53,120,3905,1.890851523829198,6.845245581194005e-10,-3.684581080604282e-17
53,120,3906,1.891844096807586,8.158673743462667e-10,-3.898636527547115e-17
53,120,3907,1.892836669785974,9.211574771796797e-10,-1.6815894111183794e-17
53,120,3908,1.893829242764362,9.967019568753109e-10,1.642830119146085e-18
53,120,3909,1.8948218157427503,1.0397599252969813e-09,-7.617881700845474e-18
53,120,3910,1.8958143887211383,1.0486390808011776e-09,-3.438344571780588e-17
53,120,3911,1.8968069616995262,1.0227538800039e-09,-2.6142831218958178e-17
53,120,3912,1.8977995346779142,9.62651298948428e-10,-2.8127672339490324e-17
53,120,3913,1.8987921076563021,8.699976856869434e-10,-1.5934424568269014e-17
53,120,3914,1.89978468063469,7.475317632488036e-10,-3.827821436477206e-17
53,120,3915,1.9007772536130785,5.989817150855293e-10,-1.1544114741237802e-17
53,120,3916,1.9017698265914664,4.289515185781931e-10,-4.692080567958534e-17
53,120,3917,1.9027623995698544,2.4277680944813727e-10,8.72505387191669e-18
53,120,3918,1.9037549725482423,4.6359556158105717e-11,9.21175924534928e-18
53,120,3919,1.9047475455266303,-1.5401626320451006e-10,-2.4813788327221586e-17
53,120,3920,1.9057401185050187,-3.518845556106729e-10,-9.366356366957444e-18
53,120,3921,1.9067326914834066,-5.407997291406725e-10,3.446140006920092e-17
53,120,3922,1.9077252644617946,-7.145410180938422e-10,2.292918169519237e-17
53,120,3923,1.9087178374401825,-8.673112042923984e-10,-2.0702320270322034e-18
53,120,3924,1.9097104104185705,-9.93921334090188e-10,2.208359077106497e-17
53,120,3925,1.9107029833969584,-1.0899596796346052e-09,2.562319108551201e-17
53,120,3926,1.9116955563753468,-1.1519344806074213e-09,2.2270764273529895e-17
53,120,3927,1.9126881293537348,-1.1773911185886163e-09,2.621948395721492e-17
53,120,3928,1.9136807023321227,-1.1649980793876967e-09,2.6620146919797614e-17
53,120,3929,1.9146732753105107,-1.1145965104343687e-09,4.442407211171582e-17
53,120,3930,1.9156658482888986,-1.027217697947973e-09,2.346129622445623e-17
53,120,3931,1.916658421267287,-9.050617018864197e-10,3.037137468804955e-17
53,120,3932,1.917650994245675,-7.514432346596431e-10,1.2259841017066135e-17
53,120,3933,1.918643567224063,-5.706991314408292e-10,-1.3063581442452126e-17
53,120,3934,1.9196361402024509,-3.6807254484203323e-10,9.797778500073362e-18
53,120,3935,1.9206287131808388,-1.495594355270699e-10,2.3281750140031065e-17
53,120,3936,1.9216212861592268,7.825894034731572e-11,3.434902799090062e-17
53,120,3937,1.9226138591376152,3.084103217221943e-10,4.6315825062606503e-17
53,120,3938,1.9236064321160031,5.337306138193376e-10,1.4201053034194594e-17
53,120,3939,1.924599005094391,7.470773113809631e-10,1.2894736175613766e-17
53,120,3940,1.925591578072779,9.415403199011703e-10,2.1028806968263874e-17
53,120,3941,1.926584151051167,1.110649943868076e-09,7.790731609533476e-18
53,120,3942,1.927576724029555,1.2485716961659938e-09,-6.092929484138216e-18
53,120,3943,1.9285692970079433,1.3502888303943977e-09,1.7913249898795624e-17
53,120,3944,1.9295618699863313,1.4117612772562738e-09,2.049959073462805e-17
53,120,3945,1.9305544429647192,1.4300600839062588e-09,2.066240929465265e-18
53,120,3946,1.9315470159431072,1.4034721535463778e-09,2.3663059836680413e-18
53,120,3947,1.9325395889214951,1.3315735448728197e-09,9.718468768871672e-18
53,120,3948,1.9335321618998835,1.2152680829924098e-09,-2.2282137515074065e-18
53,120,3949,1.9345247348782715,1.056790990931476e-09,-1.0445020481106217e-17
53,120,3950,1.9355173078566594,8.596759372147002e-10,-2.545535172311301e-17
53,120,3951,1.9365098808350474,6.286871701829533e-10,-2.969686555191435e-17
53,120,3952,1.9375024538134353,3.697205236393652e-10,-1.5948895936611968e-17
53,120,3953,1.9384950267918233,8.966680717538078e-11,-3.983928409948994e-17
53,120,3954,1.9394875997702117,-2.037467470393646e-10,-4.74529138542618e-17
53,120,3955,1.9404801727485996,-5.021428297686003e-10,-2.136924250160492e-17
53,120,3956,1.9414727457269876,-7.967016923577209e-10,-2.393255810741193e-17
53,120,3957,1.9424653187053755,-1.0783832953447404e-09,-4.31757931261209e-17
53,120,3958,1.9434578916837635,-1.3381615455557204e-09,-2.678444273415621e-17
53,120,3959,1.9444504646621519,-1.5672635403405956e-09,-3.2456001773099706e-17
53,120,3960,1.9454430376405398,-1.757409501325015e-09,-2.84719523524958e-17
53,120,3961,1.9464356106189278,-1.9010487462373363e-09,-4.4536968615647746e-17
53,120,3962,1.9474281835973157,-1.991583464736879e-09,-3.577170377231996e-17
53,120,3963,1.9484207565757037,-2.023580908123958e-09,-2.8089069919802975e-17
53,120,3964,1.9494133295540916,-1.9929627397242795e-09,-2.3545723577106093e-17
53,120,3965,1.95040590253248,-1.897170475218316e-09,-3.2532479786168866e-17
53,120,3966,1.951398475510868,-1.7353067013151498e-09,-2.207174876007167e-17
53,120,3967,1.952391048489256,-1.5082405948985143e-09,-1.1526607606403279e-17
53,120,3968,1.9533836214676439,-1.2186822283223522e-09,-6.248109137220271e-18
53,120,3969,1.9543761944460318,-8.712194579936178e-10,1.5247845950108714e-18
53,120,3970,1.9553687674244198,-4.723183466912584e-10,2.0223385030084737e-18
53,120,3971,1.9563613404028082,-3.0284221414210683e-11,3.0314873457426522e-18
53,120,3972,1.9573539133811961,4.448137605250029e-10,1.232976694919608e-17
53,120,3973,1.958346486359584,9.412604627197757e-10,1.402006241366951e-17
53,120,3974,1.959339059337972,1.4458443444122206e-09,2.4580276219669913e-17
53,120,3975,1.96033163231636,1.944044228377334e-09,3.1925519209509876e-17
53,120,3976,1.9613242052947484,2.4202501051362455e-09,2.806955505415872e-17
53,120,3977,1.9623167782731363,2.8580096426398996e-09,3.1212852852523065e-17
53,120,3978,1.9633093512515243,3.2403025507328854e-09,3.267870045674509e-17
53,120,3979,1.9643019242299122,3.5498364869557165e-09,3.167521929830181e-17
53,120,3980,1.9652944972083002,3.769356588487445e-09,3.3382790481021085e-17
53,120,3981,1.9662870701866881,3.881969156643624e-09,3.698947931228643e-17
53,120,3982,1.9672796431650765,3.871469368848649e-09,3.562045861523043e-17
53,120,3983,1.9682722161434645,3.7226677496334593e-09,3.548003367423012e-17
53,120,3984,1.9692647891218524,3.4217126053103603e-09,3.658437158306755e-17
53,120,3985,1.9702573621002404,2.9563963977737132e-09,3.0797100632260183e-17
53,120,3986,1.9712499350786283,2.3164457851000966e-09,2.7337265202910987e-17
53,120,3987,1.9722425080570167,1.4937840181887887e-09,2.4648162249564302e-17
53,120,3988,1.9732350810354047,4.827636914221387e-10,2.1038449298939622e-17
53,120,3989,1.9742276540137926,-7.196376006765053e-10,1.4420766711668075e-17
53,120,3990,1.9752202269921806,-2.113665521053184e-09,1.2401458095184113e-17
53,120,3991,1.9762127999705685,-3.6966817470598575e-09,5.430623663256952e-18
53,120,3992,1.9772053729489565,-5.4631092776958705e-09,2.3293279104822922e-18
53,120,3993,1.9781979459273449,-7.404428902197242e-09,-2.2766783508537704e-18
53,120,3994,1.9791905189057328,-9.509235468486387e-09,-8.512088865318306e-18
53,120,3995,1.9801830918841208,-1.1763345776788945e-08,-1.1528457218681898e-17
53,120,3996,1.9811756648625087,-1.4149967835611984e-08,-1.54605870156488e-17
53,120,3997,1.9821682378408967,-1.6649922476756718e-08,-2.110020262198113e-17
53,120,3998,1.9831608108192846,-1.9241919736134188e-08,-2.4765558249914178e-17
53,120,3999,1.984153383797673,-2.190288264473228e-08,-2.6647609218610342e-17
53,120,4000,1.985145956776061,-2.460831640034314e-08,-2.9453910217411675e-17
257,120,0,-2.77453804244761,-8.314436391645141e-08,5.5087056158716066e-17
257,120,1,-2.7731507734263863,-9.332647058604665e-08,5.238606996661943e-17
257,120,2,-2.7717635044051625,-1.0339435546034177e-07,4.732751536742679e-17
257,120,3,-2.7703762353839387,-1.1322755331251905e-07,4.227093571417072e-17
257,120,4,-2.768988966362715,-1.2271071363720037e-07,3.714576113720211e-17
257,120,5,-2.767601697341491,-1.3173608700879663e-07,2.777089912064803e-17
257,120,6,-2.7662144283202674,-1.402058120361481e-07,2.2120469998564444e-17
257,120,7,-2.764827159299043,-1.4803395103110124e-07,1.0923784058349968e-17
257,120,8,-2.7634398902778194,-1.551482180256793e-07,-2.974746056730711e-19
257,120,9,-2.7620526212565957,-1.6149136197637415e-07,-1.1039613738782845e-17
257,120,10,-2.760665352235372,-1.670221656340988e-07,-1.72927620077845e-17
257,120,11,-2.759278083214148,-1.7171604394545738e-07,-2.7996458562416995e-17
257,120,12,-2.7578908141929244,-1.755652234139235e-07,-3.490750580702145e-17
257,120,13,-2.7565035451717006,-1.7857850920859893e-07,-3.903939422725273e-17
257,120,14,-2.755116276150477,-1.807806479137576e-07,-4.664971393543226e-17
257,120,15,-2.753729007129253,-1.8221130730993263e-07,-6.146230907759964e-17
257,120,16,-2.7523417381080293,-1.8292370941195324e-07,-6.762113183686359e-17
257,120,17,-2.7509544690868055,-1.8298295395445944e-07,-7.007040212980563e-17
257,120,18,-2.7495672000655818,-1.8246408523078993e-07,-6.502216142245536e-17
257,120,19,-2.7481799310443575,-1.8144995743353148e-07,-5.830342655814505e-17
257,120,20,-2.7467926620231338,-1.8002895943224082e-07,-6.996604856154946e-17
257,120,21,-2.74540539300191,-1.7829266072618578e-07,-6.506102140874823e-17
257,120,22,-2.7440181239806862,-1.7633344889833554e-07,-6.939434049657841e-17
257,120,23,-2.7426308549594625,-1.742422134555917e-07,-5.869033628380753e-17
257,120,24,-2.7412435859382387,-1.7210615070976436e-07,-5.2771569384191844e-17
257,120,25,-2.739856316917015,-1.700067320002837e-07,-4.986660775533978e-17
257,120,26,-2.738469047895791,-1.680178974784934e-07,-2.6575264323776585e-17
257,120,27,-2.7370817788745674,-1.6620451707081973e-07,-3.304728934136049e-17
257,120,28,-2.7356945098533436,-1.6462114950830816e-07,-2.67914065231678e-17
257,120,29,-2.73430724083212,-1.6331113112146902e-07,-5.847032519035934e-18
257,120,30,-2.732919971810896,-1.6230600666652336e-07,1.4785083405834556e-17
257,120,31,-2.7315327027896723,-1.6162531114687883e-07,1.217024462917787e-17
257,120,32,-2.730145433768448,-1.612766968984666e-07,1.572122541809092e-17
257,120,33,-2.7287581647472243,-1.6125638921336064e-07,2.9201708490827286e-17
257,120,34,-2.7273708957260006,-1.6154995206802204e-07,3.355366458560459e-17
257,120,35,-2.725983626704777,-1.6213332919406606e-07,4.019807699348368e-17
257,120,36,-2.724596357683553,-1.6297411914694433e-07,5.945216583372818e-17
257,120,37,-2.7232090886623292,-1.6403304342155765e-07,4.400264539208723e-17
257,120,38,-2.7218218196411055,-1.652655562861469e-07,7.315512641277141e-17
257,120,39,-2.7204345506198817,-1.6662354221960979e-07,6.124563189737476e-17
257,120,40,-2.719047281598658,-1.6805704889794095e-07,5.39862735039488e-17
257,120,41,-2.717660012577434,-1.6951600294127034e-07,6.172924044658427e-17
257,120,42,-2.7162727435562104,-1.7095185341985939e-07,5.842331379729345e-17
257,120,43,-2.7148854745349866,-1.7231910176573416e-07,5.751504957235905e-17
257,120,44,-2.7134982055137624,-1.735766677823835e-07,5.910130824720411e-17
257,120,45,-2.7121109364925386,-1.746890620035013e-07,4.5015265228094106e-17
257,120,46,-2.710723667471315,-1.7562732701787106e-07,4.724935354026185e-17
257,120,47,-2.709336398450091,-1.763697356987226e-07,4.3479522882614283e-17
257,120,48,-2.7079491294288673,-1.7690222445679677e-07,6.654614589304919e-17
257,120,49,-2.7065618604076436,-1.772185592866223e-07,-2.613352235966283e-18
257,120,50,-2.70517459138642,-1.7732024240281706e-07,3.624417641175544e-18
257,120,51,-2.703787322365196,-1.7721616334104413e-07,-7.795681632900229e-19
257,120,52,-2.7024000533439723,-1.7692202255878782e-07,-1.2833441008082855e-17
257,120,53,-2.7010127843227485,-1.7645954812208242e-07,-3.1923022805503854e-18
257,120,54,-2.6996255153015247,-1.7585553692102786e-07,-9.934244896450505e-18
257,120,55,-2.698238246280301,-1.7514076587835793e-07,-2.4206410579669737e-17
257,120,56,-2.6968509772590767,-1.7434879905949756e-07,-1.2806761747053916e-17
257,120,57,-2.695463708237853,-1.7351474613178235e-07,-3.612414252894258e-17
257,120,58,-2.694076439216629,-1.726740080298587e-07,-3.971031389002123e-17
257,120,59,-2.6926891701954054,-1.7186105075501635e-07,-5.06020411461604e-17
257,120,60,-2.6913019011741817,-1.7110825353412772e-07,-4.632663399026833e-17
257,120,61,-2.689914632152958,-1.7044485799176015e-07,-5.397150799912274e-17
257,120,62,-2.688527363131734,-1.6989606066131325e-07,-6.06698711301837e-17
257,120,63,-2.6871400941105104,-1.6948226759150402e-07,-5.5308469567593534e-17
257,120,64,-2.6857528250892866,-1.6921853531827605e-07,-6.927191727526016e-17
257,120,65,-2.684365556068063,-1.691142078612749e-07,-2.4083931540964907e-17
257,120,66,-2.682978287046839,-1.6917276304097942e-07,-5.128718864308704e-17
257,120,67,-2.6815910180256153,-1.6939186146966893e-07,-5.670204240149477e-17
257,120,68,-2.6802037490043915,-1.697635947466876e-07,-1.5794544986825164e-17
257,120,69,-2.6788164799831673,-1.7027491389463772e-07,-1.2461349355899232e-18
257,120,70,-2.6774292109619435,-1.7090823117643133e-07,-2.6305084570829127e-17
257,120,71,-2.6760419419407198,-1.7164215320359927e-07,-1.691769583618268e-17
257,120,72,-2.674654672919496,-1.7245232901750993e-07,-2.185017765931429e-17
257,120,73,-2.673267403898272,-1.7331238156146123e-07,-1.54757395077951e-17
257,120,74,-2.6718801348770485,-1.7419487856201656e-07,3.018727174421673e-18
257,120,75,-2.6704928658558247,-1.7507232275584866e-07,-1.3065805189871402e-17
257,120,76,-2.669105596834601,-1.759181110557438e-07,-1.3175627238636965e-18
257,120,77,-2.667718327813377,-1.7670744813011803e-07,-2.041987327411941e-18
257,120,78,-2.6663310587921534,-1.7741816692747535e-07,6.39455056021897e-20
257,120,79,-2.6649437897709296,-1.7803144588533473e-07,-1.5341384230787663e-17
257,120,80,-2.663556520749706,-1.7853238365869481e-07,1.4394598621218925e-17
257,120,81,-2.6621692517284816,-1.7891043267463616e-07,1.65022030292338e-17
257,120,82,-2.660781982707258,-1.7915966488971014e-07,2.8044681669424534e-17
257,120,83,-2.659394713686034,-1.7927887614400447e-07,-3.31203686501919e-18
257,120,84,-2.6580074446648103,-1.7927151646349427e-07,4.977049595893606e-17
257,120,85,-2.6566201756435865,-1.7914546294512533e-07,-1.9558007687470156e-18
257,120,86,-2.6552329066223628,-1.7891264442405644e-07,3.426806346932986e-17
257,120,87,-2.653845637601139,-1.7858852940091083e-07,4.758606034207694e-17
257,120,88,-2.6524583685799152,-1.781915013928978e-07,1.5592629554340747e-17
257,120,89,-2.6510710995586915,-1.7774214777023465e-07,3.1826188955917385e-17
257,120,90,-2.6496838305374677,-1.7726248187831902e-07,-5.519684132263576e-18
257,120,91,-2.648296561516244,-1.7677513556102765e-07,2.0498709719085724e-17
257,120,92,-2.64690929249502,-1.7630254291745595e-07,1.744353867486879e-18
257,120,93,-2.645522023473796,-1.7586614942062066e-07,-5.926463949557845e-18
257,120,94,-2.644134754452572,-1.7548566826522335e-07,4.390364387252401e-17
257,120,95,-2.6427474854313484,-1.7517841728147271e-07,-3.475704385466912e-17
257,120,96,-2.6413602164101246,-1.749587491298692e-07,4.0535996019748254e-17
257,120,97,-2.639972947388901,-1.748375949805975e-07,2.3462609675555033e-17
257,120,98,-2.638585678367677,-1.7482214436076305e-07,3.7508080458800374e-17
257,120,99,-2.6371984093464533,-1.749156558367532e-07,1.4862806490536626e-17
257,120,100,-2.6358111403252296,-1.7511741232456103e-07,6.585871007262638e-18
257,120,101,-2.634423871304006,-1.7542281773384835e-07,5.5016891871780403e-17
257,120,102,-2.633036602282782,-1.7582363130767025e-07,4.2283925907702605e-17
257,120,103,-2.6316493332615583,-1.7630832036440569e-07,3.0431719496078015e-17
257,120,104,-2.6302620642403345,-1.7686253086553226e-07,-3.323806652249783e-17
257,120,105,-2.6288747952191107,-1.7746964276009363e-07,2.310179223959669e-17
257,120,106,-2.6274875261978865,-1.781114024985539e-07,3.271696415084612e-17
257,120,107,-2.6261002571766627,-1.7876859768016515e-07,3.5930179598763863e-17
257,120,108,-2.624712988155439,-1.7942175831272488e-07,-2.1596770528025466e-18
257,120,109,-2.623325719134215,-1.8005185306215387e-07,1.9593274701598658e-17
257,120,110,-2.6219384501129914,-1.8064096326091022e-07,-1.413944676299122e-17
257,120,111,-2.6205511810917677,-1.8117290073431434e-07,3.7080728339142414e-17
257,120,112,-2.619163912070544,-1.8163376137867167e-07,-1.785728596117046e-17
257,120,113,-2.61777664304932,-1.820123846671022e-07,-1.3871998022309463e-17
257,120,114,-2.6163893740280963,-1.8230071337664533e-07,-5.823072284893412e-17
257,120,115,-2.6150021050068726,-1.8249403196391375e-07,-1.5230692349083277e-17
257,120,116,-2.613614835985649,-1.8259109120719637e-07,-8.404205388278934e-17
257,120,117,-2.612227566964425,-1.8259410155677095e-07,-2.691406493577265e-17
257,120,118,-2.6108402979432013,-1.8250860820935625e-07,-1.937039719006973e-17
257,120,119,-2.609453028921977,-1.823432482910195e-07,-7.347966941573421e-17
257,120,120,-2.6080657599007533,-1.821094003115389e-07,-7.435086842855553e-17
257,120,121,-2.6066784908795295,-1.8182074656378923e-07,-3.98266179380047e-17
257,120,122,-2.6052912218583058,-1.8149275445198986e-07,-8.423189507340574e-17
257,120,123,-2.603903952837082,-1.811421033334417e-07,-7.966946417479331e-17
257,120,124,-2.602516683815858,-1.8078607935978607e-07,-5.310222526640104e-17
257,120,125,-2.6011294147946344,-1.8044195174355565e-07,7.557209355289762e-18
257,120,126,-2.5997421457734107,-1.8012636126234648e-07,-4.792777328180834e-17
257,120,127,-2.598354876752187,-1.798547353216958e-07,-6.702055244798847e-17
257,120,128,-2.596967607730963,-1.7964075996730486e-07,-7.217164661701534e-17
257,120,129,-2.5955803387097394,-1.7949591289901566e-07,-1.9397936058497825e-17
257,120,130,-2.594193069688515,-1.7942908125714577e-07,-8.477701893351743e-18
257,120,131,-2.5928058006672914,-1.7944628306561392e-07,4.934148989688092e-18
257,120,132,-2.5914185316460676,-1.795504835401816e-07,7.104448665386775e-19
257,120,133,-2.590031262624844,-1.7974152676309643e-07,-1.0351879226510114e-17
257,120,134,-2.58864399360362,-1.8001617911692298e-07,6.286217060821891e-17
257,120,135,-2.5872567245823963,-1.8036827660563206e-07,-5.998806475099007e-18
257,120,136,-2.5858694555611725,-1.8078897764722136e-07,3.152585528469022e-17
257,120,137,-2.5844821865399488,-1.8126710557299448e-07,9.332609682019563e-18
257,120,138,-2.583094917518725,-1.8178956880855355e-07,4.7273501999574406e-17
257,120,139,-2.5817076484975012,-1.823418455411895e-07,-8.214266368495571e-18
257,120,140,-2.5803203794762775,-1.8290851117209779e-07,5.706861376591738e-17
257,120,141,-2.5789331104550537,-1.834737921593882e-07,2.590737144577964e-17
257,120,142,-2.57754584143383,-1.8402212508395103e-07,8.418495099574048e-17
257,120,143,-2.5761585724126057,-1.8453870476898346e-07,4.7706213369442073e-17
257,120,144,-2.574771303391382,-1.850099923208425e-07,2.471138142111717e-17
257,120,145,-2.573384034370158,-1.8542418269194225e-07,8.932568815741712e-17
257,120,146,-2.5719967653489344,-1.8577159698183024e-07,5.809256114124811e-17
257,120,147,-2.5706094963277106,-1.8604500030214938e-07,6.893575913386657e-17
257,120,148,-2.569222227306487,-1.8623982770928015e-07,5.484826004438929e-17
257,120,149,-2.567834958285263,-1.8635431690809223e-07,1.252808795868184e-17
257,120,150,-2.5664476892640393,-1.863895358325062e-07,1.9213021746150862e-17
257,120,151,-2.5650604202428156,-1.863493167569647e-07,4.166840743358001e-17
257,120,152,-2.563673151221592,-1.8624008688131044e-07,3.9775011341163935e-17
257,120,153,-2.562285882200368,-1.8607061758027092e-07,2.6002856408725348e-17
257,120,154,-2.5608986131791442,-1.8585168775815075e-07,2.1248009659295466e-17
257,120,155,-2.5595113441579205,-1.855956854893252e-07,-3.903151909369874e-18
257,120,156,-2.5581240751366963,-1.8531615262962652e-07,1.7518323810430522e-17
257,120,157,-2.5567368061154725,-1.850273011185475e-07,-2.994464984148314e-17
257,120,158,-2.5553495370942487,-1.8474350605776845e-07,-4.361860810151936e-17
257,120,159,-2.553962268073025,-1.8447880006447023e-07,-5.690110373896383e-17
257,120,160,-2.552574999051801,-1.8424639066032132e-07,-7.470076712254953e-18
257,120,161,-2.5511877300305774,-1.8405820484962145e-07,-6.048001727295108e-20
257,120,162,-2.5498004610093536,-1.8392449026472448e-07,-6.97362718766417e-17
257,120,163,-2.54841319198813,-1.8385347766205539e-07,-2.7013342021656563e-18
257,120,164,-2.547025922966906,-1.8385112025405116e-07,6.770761546434095e-18
257,120,165,-2.5456386539456823,-1.8392091451429683e-07,-7.047798782920545e-17
257,120,166,-2.5442513849244586,-1.8406381059434436e-07,-6.364999279441574e-18
257,120,167,-2.542864115903235,-1.8427821428591114e-07,-4.731906530282344e-17
257,120,168,-2.5414768468820106,-1.8456007793403413e-07,-8.145914347885535e-17
257,120,169,-2.540089577860787,-1.8490307765764968e-07,-4.1479569521054683e-17
257,120,170,-2.538702308839563,-1.8529886487489735e-07,-2.5612312949055215e-18
257,120,171,-2.5373150398183393,-1.8573739338817785e-07,-7.675161630895624e-17
257,120,172,-2.5359277707971155,-1.8620729503488768e-07,-6.912525490047691e-17
257,120,173,-2.5345405017758917,-1.8669630054113676e-07,1.174681989444123e-18
257,120,174,-2.533153232754668,-1.871916867439459e-07,-1.2764567213435847e-17
257,120,175,-2.531765963733444,-1.87680734629348e-07,-6.580225989687022e-17
257,120,176,-2.5303786947122204,-1.8815118005210467e-07,-1.456250253596528e-17
257,120,177,-2.5289914256909967,-1.88591639689232e-07,9.063674346929642e-17
257,120,178,-2.527604156669773,-1.8899200692741306e-07,4.081863234061771e-18
257,120,179,-2.526216887648549,-1.8934379319570473e-07,1.8777481300935088e-17
257,120,180,-2.524829618627325,-1.8964040476930085e-07,2.6880986582243663e-17
257,120,181,-2.523442349606101,-1.8987735153283743e-07,4.202676295810319e-17
257,120,182,-2.5220550805848774,-1.9005237723504852e-07,1.8629605754581957e-18
257,120,183,-2.5206678115636536,-1.9016551051342956e-07,-2.7007734166545533e-18
257,120,184,-2.51928054254243,-1.902190235900625e-07,1.3668542639917386e-17
257,120,185,-2.517893273521206,-1.902173264066598e-07,-1.4728851488932436e-17
257,120,186,-2.5165060044999823,-1.9016677084993962e-07,-1.2204299661858001e-17
257,120,187,-2.5151187354787585,-1.9007539641402938e-07,-1.8850550559312834e-17
257,120,188,-2.5137314664575348,-1.8995261216769445e-07,2.5910439856490547e-17
257,120,189,-2.512344197436311,-1.8980883808041887e-07,3.902887632240963e-17
257,120,190,-2.510956928415087,-1.8965511075969886e-07,1.2528247427512094e-17
257,120,191,-2.5095696593938634,-1.8950267142033102e-07,3.4790391451354445e-17
257,120,192,-2.5081823903726397,-1.8936255110700404e-07,-2.5779582081362452e-17
257,120,193,-2.5067951213514155,-1.8924517045535078e-07,3.7108236215837575e-17
257,120,194,-2.5054078523301917,-1.8915996185818276e-07,4.731910563555357e-17
257,120,195,-2.504020583308968,-1.8911503146830058e-07,5.280667817411573e-17
257,120,196,-2.502633314287744,-1.8911687716597895e-07,6.550688534676001e-20
257,120,197,-2.5012460452665204,-1.8917016261223438e-07,-1.8511894386881207e-18
257,120,198,-2.4998587762452966,-1.892775616486846e-07,-2.2081704319477724e-17
257,120,199,-2.498471507224073,-1.894396747357379e-07,-2.3925873370882036e-17
257,120,200,-2.497084238202849,-1.8965502710081471e-07,-5.655537724511299e-18
257,120,201,-2.4956969691816253,-1.8992013442482856e-07,5.784524729130037e-17
257,120,202,-2.4943097001604015,-1.902296470973321e-07,3.4770914871059456e-17
257,120,203,-2.4929224311391778,-1.9057655576131538e-07,4.8562536955380686e-17
257,120,204,-2.491535162117954,-1.9095246132412653e-07,4.1578501170779415e-17
257,120,205,-2.4901478930967302,-1.9134788951258664e-07,3.931133715310443e-17
257,120,206,-2.488760624075506,-1.917526439121399e-07,1.3201825982168338e-17
257,120,207,-2.4873733550542823,-1.9215618010827933e-07,6.2882830783306374e-18
257,120,208,-2.4859860860330585,-1.9254799679299987e-07,5.027611650678441e-17
257,120,209,-2.4845988170118347,-1.9291801391569876e-07,1.355607821698728e-18
257,120,210,-2.483211547990611,-1.9325694173261245e-07,4.416770750577982e-18
257,120,211,-2.481824278969387,-1.935566135100248e-07,-7.619402031821141e-18
257,120,212,-2.4804370099481634,-1.9381028001932018e-07,-2.7238529811800256e-18
257,120,213,-2.4790497409269396,-1.940128472726273e-07,4.261795562958e-17
257,120,214,-2.477662471905716,-1.9416105705076632e-07,2.4188045440061707e-17
257,120,215,-2.476275202884492,-1.9425360167702528e-07,-5.542044677447201e-17
257,120,216,-2.4748879338632683,-1.9429116175776444e-07,1.9530286593424987e-18
257,120,217,-2.473500664842044,-1.9427638028568768e-07,4.996996525111061e-18
257,120,218,-2.4721133958208203,-1.9421376183433328e-07,-5.1041543491019195e-17
257,120,219,-2.4707261267995966,-1.9410950881093804e-07,-6.069574553016985e-17
257,120,220,-2.469338857778373,-1.939712930548948e-07,-1.0534787812117086e-16
257,120,221,-2.467951588757149,-1.9380798338200847e-07,-2.5208365523128422e-17
257,120,222,-2.4665643197359253,-1.9362932572984007e-07,1.8024648561253547e-20
257,120,223,-2.4651770507147015,-1.9344559749436868e-07,-9.727419293904392e-17
257,120,224,-2.4637897816934777,-1.932672411337475e-07,-9.491155873305572e-17
257,120,225,-2.462402512672254,-1.9310449848588225e-07,-5.0622665641726154e-17
257,120,226,-2.46101524365103,-1.9296704976859603e-07,-4.732978152933625e-17
257,120,227,-2.4596279746298064,-1.928636792279131e-07,-3.1809008609939157e-17
257,120,228,-2.4582407056085827,-1.9280196514285588e-07,-1.0465942516857127e-16
257,120,229,-2.456853436587359,-1.9278802759465277e-07,-2.9202484203565384e-17
257,120,230,-2.4554661675661347,-1.9282631793288283e-07,-5.360808220245758e-17
257,120,231,-2.454078898544911,-1.9291947363198314e-07,-6.972796179732185e-18
257,120,232,-2.452691629523687,-1.9306823440985174e-07,5.595176071926204e-18
257,120,233,-2.4513043605024634,-1.932714326100841e-07,8.337595506605914e-17
257,120,234,-2.4499170914812396,-1.9352604299850393e-07,1.4090100070928597e-17
257,120,235,-2.448529822460016,-1.9382729959021418e-07,-4.799463491155812e-17
257,120,236,-2.447142553438792,-1.9416887847283653e-07,-4.3223361760868726e-18
257,120,237,-2.4457552844175683,-1.9454312747661253e-07,-9.84645703284676e-19
257,120,238,-2.4443680153963445,-1.9494134416007327e-07,6.784755728478582e-17
257,120,239,-2.4429807463751207,-1.9535408657544847e-07,6.000180846041426e-17
257,120,240,-2.441593477353897,-1.9577151066188418e-07,-6.099061786886817e-18
257,120,241,-2.440206208332673,-1.9618372040646358e-07,1.6344626336456767e-17
257,120,242,-2.4388189393114494,-1.9658110802907306e-07,3.878565413103187e-17
257,120,243,-2.4374316702902252,-1.969546924826295e-07,-1.5291496460487956e-17
257,120,244,-2.4360444012690015,-1.972964305642084e-07,7.163622504697535e-17
257,120,245,-2.4346571322477777,-1.975994837565705e-07,5.262624907813801e-17
257,120,246,-2.433269863226554,-1.9785845301267945e-07,3.9039864694407237e-17
257,120,247,-2.43188259420533,-1.9806955311629844e-07,4.2879053335028303e-17
257,120,248,-2.4304953251841064,-1.982307304132205e-07,4.619190854467025e-17
257,120,249,-2.4291080561628826,-1.9834171953119056e-07,1.9573169671908102e-17
257,120,250,-2.427720787141659,-1.9840403420288088e-07,4.531589385770548e-17
257,120,251,-2.426333518120435,-1.9842089893365525e-07,2.3304345527500546e-17
257,120,252,-2.4249462490992113,-1.983971186678288e-07,-5.305257653339103e-18
257,120,253,-2.4235589800779875,-1.9833889358455353e-07,5.964782025038978e-17
257,120,254,-2.4221717110567633,-1.9825358779919762e-07,2.971532624625785e-17
257,120,255,-2.42078444203554,-1.981494586205409e-07,2.261732196041201e-17
257,120,256,-2.419397173014316,-1.9803535722906157e-07,-2.0666879670129535e-17
257,120,257,-2.418009903993092,-1.9792040811556604e-07,-5.3818617381178724e-18
257,120,258,-2.4166226349718682,-1.9781368856341252e-07,2.6617870474038958e-17
257,120,259,-2.4152353659506445,-1.97723906794364e-07,-1.2212377732065074e-17
257,120,260,-2.4138480969294207,-1.9765909906505938e-07,-1.6265222650495575e-17
257,120,261,-2.412460827908197,-1.97626353103038e-07,7.934502222558718e-17
257,120,262,-2.411073558886973,-1.9763156956993716e-07,4.115211289110087e-18
257,120,263,-2.4096862898657494,-1.9767926598764782e-07,-5.391761702290377e-17
257,120,264,-2.4082990208445256,-1.977724322489942e-07,5.925059657402991e-18
257,120,265,-2.406911751823302,-1.9791244202472015e-07,-4.636109202484759e-17
257,120,266,-2.405524482802078,-1.9809902438458963e-07,8.353697119166417e-18
257,120,267,-2.404137213780854,-1.98330292500758e-07,-1.3913764232034505e-17
257,120,268,-2.40274994475963,-1.986028265325439e-07,-3.548335513555764e-19
257,120,269,-2.4013626757384063,-1.9891181917870416e-07,-3.962627916956136e-17
257,120,270,-2.3999754067171826,-1.9925125859974692e-07,2.7343384090460816e-17
257,120,271,-2.398588137695959,-1.9961415707939927e-07,-1.681605779175862e-17
257,120,272,-2.397200868674735,-1.9999281519007144e-07,1.0579063485627442e-17
257,120,273,-2.3958135996535113,-2.0037910218930815e-07,-7.975152372748402e-17
257,120,274,-2.3944263306322875,-2.0076474968395343e-07,7.88379760385878e-17
257,120,275,-2.3930390616110637,-2.0114165147609538e-07,1.8998365971146362e-17
257,120,276,-2.39165179258984,-2.0150214892986902e-07,-5.713668554681643e-17
257,120,277,-2.390264523568616,-2.0183929572392136e-07,-2.0351874421591135e-17
257,120,278,-2.3888772545473924,-2.0214710078150347e-07,-1.8376758346907633e-17
257,120,279,-2.3874899855261686,-2.0242072318081187e-07,-4.059368928746456e-17
257,120,280,-2.3861027165049444,-2.026566327290203e-07,-6.188091394514313e-17
257,120,281,-2.3847154474837207,-2.0285271250818182e-07,3.5459446046080493e-17
257,120,282,-2.383328178462497,-2.0300831565489315e-07,-7.879827393362634e-17
257,120,283,-2.381940909441273,-2.0312426167530285e-07,4.274353384039846e-17
257,120,284,-2.3805536404200494,-2.0320278384284284e-07,7.129073652866081e-17
257,120,285,-2.3791663713988256,-2.032474211111644e-07,-6.733111408124214e-17
257,120,286,-2.377779102377602,-2.0326286528256974e-07,5.571127616382302e-17
257,120,287,-2.376391833356378,-2.032547680726148e-07,7.172604978509212e-17
257,120,288,-2.3750045643351543,-2.032295138687532e-07,-1.8550984255017796e-17
257,120,289,-2.3736172953139305,-2.0319396687855504e-07,5.597343126767928e-17
257,120,290,-2.3722300262927067,-2.0315520417444865e-07,-1.2528214253093152e-17
257,120,291,-2.3708427572714825,-2.0312024483691762e-07,3.64517946431921e-18
257,120,292,-2.369455488250259,-2.0309578248469513e-07,-5.654632686416485e-18
257,120,293,-2.368068219229035,-2.030879322025342e-07,8.985726446288339e-17
257,120,294,-2.366680950207811,-2.031020030361631e-07,2.1143915950282613e-17
257,120,295,-2.3652936811865874,-2.0314230362247773e-07,8.151512228129567e-17
257,120,296,-2.3639064121653637,-2.0321198269285225e-07,1.1851097544904206e-16
257,120,297,-2.36251914314414,-2.0331292328370453e-07,5.910464797479429e-17
257,120,298,-2.361131874122916,-2.034456767407474e-07,5.928367597059841e-17
257,120,299,-2.3597446051016924,-2.0360945466830967e-07,5.843169014342453e-17
257,120,300,-2.3583573360804686,-2.0380216738229658e-07,-1.2135048787716742e-18
257,120,301,-2.356970067059245,-2.0402051417107178e-07,4.389818523306549e-17
257,120,302,-2.355582798038021,-2.0426012050564462e-07,7.708263567178388e-17
257,120,303,-2.3541955290167973,-2.0451571228548691e-07,2.793773345633932e-17
257,120,304,-2.352808259995573,-2.0478132766714772e-07,-3.335861323554202e-17
257,120,305,-2.3514209909743493,-2.0505055439504184e-07,1.0800302354944666e-17
257,120,306,-2.3500337219531255,-2.053167812695276e-07,4.410251309605342e-17
257,120,307,-2.3486464529319018,-2.0557345879567705e-07,6.480288902491696e-17
257,120,308,-2.347259183910678,-2.0581436135120933e-07,-7.565526230435011e-18
257,120,309,-2.3458719148894542,-2.0603382892324856e-07,4.882217418675972e-17
257,120,310,-2.3444846458682305,-2.0622699857633996e-07,3.5889261393712387e-17
257,120,311,-2.3430973768470067,-2.0638999497519678e-07,9.043430216724063e-18
257,120,312,-2.341710107825783,-2.0652009349247284e-07,-3.6988644350549344e-18
257,120,313,-2.340322838804559,-2.0661583569032898e-07,3.1261224377193665e-17
257,120,314,-2.3389355697833354,-2.0667709779974278e-07,-5.2332233532212313e-17
257,120,315,-2.3375483007621116,-2.0670510997974358e-07,-6.673772450138434e-18
257,120,316,-2.336161031740888,-2.0670242525496417e-07,5.649064655233563e-18
257,120,317,-2.3347737627196636,-2.0667283947852148e-07,5.098964083224037e-17
257,120,318,-2.33338649369844,-2.0662126025833951e-07,5.277346689758866e-17
257,120,319,-2.331999224677216,-2.0655354019726895e-07,-1.7398731333173883e-17
257,120,320,-2.3306119556559923,-2.0647626848791194e-07,4.194719743999572e-17
257,120,321,-2.3292246866347686,-2.0639653842986383e-07,-1.7486559793040695e-17
257,120,322,-2.327837417613545,-2.0632168844966723e-07,1.7792910067669137e-17
257,120,323,-2.326450148592321,-2.0625904208036184e-07,5.574606298783049e-17
257,120,324,-2.3250628795710973,-2.062156359986642e-07,-3.9820860767756933e-17
257,120,325,-2.3236756105498735,-2.0619796528924053e-07,2.2256655624383565e-17
257,120,326,-2.3222883415286497,-2.0621174196658874e-07,-1.3652818041208737e-17
257,120,327,-2.320901072507426,-2.0626168137883496e-07,4.570533091168749e-17
257,120,328,-2.319513803486202,-2.0635132552041255e-07,-1.2803035507322453e-17
257,120,329,-2.3181265344649784,-2.0648290403519573e-07,-1.2664751425077529e-17
257,120,330,-2.316739265443754,-2.0665724268121352e-07,-1.2439891030877935e-18
257,120,331,-2.3153519964225304,-2.0687372594495574e-07,-1.0822088467844939e-16
257,120,332,-2.3139647274013067,-2.0713030301374524e-07,2.1044136226675543e-17
257,120,333,-2.312577458380083,-2.0742355355189828e-07,9.035851451337156e-17
257,120,334,-2.311190189358859,-2.0774879666616096e-07,-5.1483691067780337e-17
257,120,335,-2.3098029203376353,-2.0810024723444576e-07,2.986109179515004e-17
257,120,336,-2.3084156513164116,-2.0847121419045295e-07,-6.641308526086638e-17
257,120,337,-2.307028382295188,-2.0885432916143458e-07,2.6088426312127713e-17
257,120,338,-2.305641113273964,-2.092417995980018e-07,-2.2762154937109663e-17
257,120,339,-2.3042538442527403,-2.0962568193765913e-07,-3.3934425145807523e-17
257,120,340,-2.3028665752315165,-2.0999815582227712e-07,5.770567701737107e-17
257,120,341,-2.3014793062102923,-2.1035179918255552e-07,-2.5344344378648152e-17
257,120,342,-2.300092037189069,-2.106798451816772e-07,-1.4798235575467336e-17
257,120,343,-2.2987047681678447,-2.1097642313681024e-07,5.5394066400368863e-17
257,120,344,-2.297317499146621,-2.1123676001131753e-07,-4.072228778764578e-17
257,120,345,-2.295930230125397,-2.1145735266219762e-07,-1.5552691931597473e-17
257,120,346,-2.2945429611041734,-2.1163608693718785e-07,-4.9480428872613355e-17
257,120,347,-2.2931556920829497,-2.1177231186568484e-07,2.1612616728866604e-17
257,120,348,-2.291768423061726,-2.1186686515948896e-07,1.2157603311539715e-17
257,120,349,-2.290381154040502,-2.119220380868874e-07,-1.0140650691532302e-17
257,120,350,-2.2889938850192784,-2.1194149707491393e-07,-9.05680593598098e-17
257,120,351,-2.2876066159980546,-2.1193015047288696e-07,-3.892989269182165e-17
257,120,352,-2.286219346976831,-2.118939749585865e-07,-3.797222201475631e-17
257,120,353,-2.284832077955607,-2.1183980152233117e-07,3.891179739035758e-17
257,120,354,-2.283444808934383,-2.1177507269741532e-07,-1.843843828582564e-17
257,120,355,-2.282057539913159,-2.1170757697890317e-07,5.809509020093867e-17
257,120,356,-2.2806702708919353,-2.116451713342296e-07,-2.207511187957276e-17
257,120,357,-2.2792830018707115,-2.1159549968190503e-07,6.894604122511405e-18
257,120,358,-2.2778957328494878,-2.1156572175250653e-07,3.425463673687432e-17
257,120,359,-2.276508463828264,-2.1156225688738134e-07,2.622303674159151e-17
257,120,360,-2.2751211948070402,-2.115905530805164e-07,4.019560993790119e-17
257,120,361,-2.2737339257858165,-2.1165489472969195e-07,1.2489452012476323e-16
257,120,362,-2.2723466567645927,-2.1175824529705255e-07,6.694852268902283e-17
257,120,363,-2.270959387743369,-2.1190214739200594e-07,-1.150787254916641e-17
257,120,364,-2.269572118722145,-2.1208665884707187e-07,1.0571670494582664e-16
257,120,365,-2.268184849700921,-2.1231035877429969e-07,1.0995537172747479e-17
257,120,366,-2.2667975806796976,-2.1257039170163698e-07,9.154061885840595e-17
257,120,367,-2.2654103116584734,-2.1286257368805006e-07,-1.52841465064164e-17
257,120,368,-2.2640230426372496,-2.1318154154848238e-07,-2.8235569100881214e-17
257,120,369,-2.262635773616026,-2.1352094599324413e-07,2.602829580472144e-17
257,120,370,-2.261248504594802,-2.1387367918121992e-07,3.4368670924079945e-17
257,120,371,-2.2598612355735783,-2.1423213410419148e-07,2.9853947372046464e-17
257,120,372,-2.2584739665523546,-2.1458847929069473e-07,-2.2334856941052536e-17
257,120,373,-2.257086697531131,-2.149349419382355e-07,-5.2531697356698094e-17
257,120,374,-2.255699428509907,-2.1526409508801913e-07,1.3553028838307359e-17
257,120,375,-2.2543121594886832,-2.1556912810018621e-07,7.902415120032805e-18
257,120,376,-2.2529248904674595,-2.1584409865463105e-07,-2.217100246490949e-17
257,120,377,-2.2515376214462357,-2.1608415551334326e-07,-1.7652159041761846e-17
257,120,378,-2.2501503524250115,-2.1628572404936742e-07,-3.5684257848572944e-17
257,120,379,-2.248763083403788,-2.1644664369387037e-07,-7.489101184183691e-17
257,120,380,-2.247375814382564,-2.1656625827887947e-07,2.5365485593379246e-17
257,120,381,-2.24598854536134,-2.166454539483247e-07,-1.309347226491695e-16
257,120,382,-2.2446012763401164,-2.1668664278765034e-07,-6.298410752903274e-18
257,120,383,-2.2432140073188926,-2.1669368637668889e-07,-8.991973657652061e-17
257,120,384,-2.241826738297669,-2.166717773305832e-07,-9.132299713533792e-18
257,120,385,-2.240439469276445,-2.166272628884e-07,-1.0392245246232548e-16
257,120,386,-2.2390522002552213,-2.1656743266044344e-07,-8.17495762132196e-17
257,120,387,-2.2376649312339976,-2.1650027099605478e-07,3.3040638230555934e-18
257,120,388,-2.236277662212774,-2.1643417843819934e-07,-4.1724015254558636e-17
257,120,389,-2.23489039319155,-2.1637768070151707e-07,-6.10087308599041e-17
257,120,390,-2.2335031241703263,-2.1633913182738661e-07,-3.4739156448824826e-17
257,120,391,-2.232115855149102,-2.163264142877907e-07,-6.541519760794531e-17
257,120,392,-2.2307285861278787,-2.163466616951827e-07,-2.3762953367180928e-17
257,120,393,-2.2293413171066545,-2.1640599601935587e-07,2.936182306784276e-17
257,120,394,-2.2279540480854307,-2.165093069741192e-07,-2.203800026916455e-17
257,120,395,-2.226566779064207,-2.1666006261764165e-07,-6.375587706071457e-17
257,120,396,-2.225179510042983,-2.1686017415076556e-07,-1.9900506480551664e-17
257,120,397,-2.2237922410217594,-2.1710990911410042e-07,9.741911217787415e-18
257,120,398,-2.2224049720005357,-2.174078625951829e-07,7.547185442322118e-17
257,120,399,-2.221017702979312,-2.177509821344014e-07,1.165956434367289e-16
257,120,400,-2.219630433958088,-2.181346498980935e-07,1.2128914940966893e-16
257,120,401,-2.2182431649368644,-2.1855282084262496e-07,-3.827531299357548e-17
257,120,402,-2.21685589591564,-2.1899820479961473e-07,1.0681972166371669e-16
257,120,403,-2.215468626894417,-2.1946249558755153e-07,3.8334454508676996e-17
257,120,404,-2.2140813578731926,-2.1993663421888026e-07,7.626793646988543e-17
257,120,405,-2.212694088851969,-2.2041109918464806e-07,6.745321363660493e-17
257,120,406,-2.211306819830745,-2.2087621453030073e-07,-4.013586217083402e-18
257,120,407,-2.2099195508095213,-2.213224618220255e-07,6.789040894889463e-17
257,120,408,-2.2085322817882975,-2.217407913214467e-07,-1.8414037722849564e-17
257,120,409,-2.2071450127670738,-2.2212291832475217e-07,-1.4335367637393243e-17
257,120,410,-2.20575774374585,-2.2246159376415967e-07,3.187033702408429e-17
257,120,411,-2.204370474724626,-2.2275084769811914e-07,1.096689806634896e-16
257,120,412,-2.2029832057034024,-2.2298617973565978e-07,6.927833075570525e-17
257,120,413,-2.2015959366821787,-2.2316471562448584e-07,3.509669717332701e-17
257,120,414,-2.200208667660955,-2.2328530277302592e-07,1.2283434606869e-16
257,120,415,-2.1988213986397307,-2.2334854979193772e-07,4.863972451390097e-17
257,120,416,-2.1974341296185074,-2.2335681217005945e-07,4.78883909943709e-17
257,120,417,-2.196046860597283,-2.2331412217135535e-07,4.9689864373934316e-17
257,120,418,-2.1946595915760594,-2.2322605698132974e-07,5.415382786126661e-17
257,120,419,-2.1932723225548356,-2.2309956620020724e-07,-3.390120859812706e-17
257,120,420,-2.191885053533612,-2.2294274975363346e-07,5.001815554098203e-17
257,120,421,-2.190497784512388,-2.227645997549128e-07,4.048895152495028e-18
257,120,422,-2.1891105154911643,-2.2257471826888836e-07,-6.995119936058299e-17
257,120,423,-2.1877232464699405,-2.2238300890852102e-07,-2.023793504130809e-17
257,120,424,-2.1863359774487168,-2.2219936774156702e-07,-7.045822810282476e-17
257,120,425,-2.184948708427493,-2.2203337248545307e-07,-4.7504123866098895e-17
257,120,426,-2.1835614394062692,-2.218939832254283e-07,-2.0250374678691027e-17
257,120,427,-2.1821741703850455,-2.2178926512028724e-07,-4.995091869741218e-17
257,120,428,-2.1807869013638213,-2.2172614420940407e-07,-4.744204689684202e-17
257,120,429,-2.179399632342598,-2.2171019822148815e-07,-3.4874975979786856e-17
257,120,430,-2.1780123633213737,-2.2174549587581698e-07,-3.924718017831385e-17
257,120,431,-2.17662509430015,-2.2183448153712267e-07,-2.5292034527390123e-17
257,120,432,-2.175237825278926,-2.219779210462206e-07,-4.649403294804743e-17
257,120,433,-2.1738505562577024,-2.2217489590721443e-07,-7.966891772981612e-17
257,120,434,-2.1724632872364786,-2.2242285035641282e-07,-3.6294103629715556e-17
257,120,435,-2.171076018215255,-2.2271770009778418e-07,1.5878059150352934e-17
257,120,436,-2.169688749194031,-2.2305398153457868e-07,-3.6320984380915575e-17
257,120,437,-2.1683014801728073,-2.234250443500566e-07,-1.4706421039285508e-17
257,120,438,-2.1669142111515836,-2.2382328454865532e-07,2.9647495307310725e-17
257,120,439,-2.16552694213036,-2.2424040070526935e-07,-3.142931838506171e-17
257,120,440,-2.164139673109136,-2.2466767628994997e-07,2.41884225199118e-17
257,120,441,-2.162752404087912,-2.2509626054814716e-07,3.1388920109130748e-18
257,120,442,-2.1613651350666885,-2.2551746108522874e-07,-5.1891916878024176e-17
257,120,443,-2.1599778660454643,-2.259230221574697e-07,9.084645380035229e-18
257,120,444,-2.1585905970242405,-2.26305379733418e-07,5.810681331810886e-17
257,120,445,-2.1572033280030167,-2.2665789912195223e-07,2.480317396121444e-17
257,120,446,-2.155816058981793,-2.269750708390305e-07,8.391817639070281e-17
257,120,447,-2.154428789960569,-2.2725266840251283e-07,3.225014156983794e-17
257,120,448,-2.1530415209393454,-2.2748786157594403e-07,-8.138895853911006e-18
257,120,449,-2.1516542519181217,-2.2767928029525805e-07,1.0281942406046506e-16
257,120,450,-2.150266982896898,-2.2782702818754822e-07,5.6350523304697e-17
257,120,451,-2.148879713875674,-2.2793264971542963e-07,5.053019113277737e-17
257,120,452,-2.14749244485445,-2.2799904567908985e-07,1.935383267487733e-17
257,120,453,-2.1461051758332266,-2.280303468972431e-07,6.720231876505722e-17
257,120,454,-2.1447179068120024,-2.2803174977665576e-07,1.2325797793580194e-17
257,120,455,-2.1433306377907786,-2.2800931900395464e-07,1.0684437321787187e-16
257,120,456,-2.141943368769555,-2.2796975944100627e-07,-5.393608955463378e-17
257,120,457,-2.140556099748331,-2.2792018192434322e-07,3.980907207475362e-17
257,120,458,-2.1391688307271073,-2.278678456848815e-07,-2.6600871975459705e-17
257,120,459,-2.1377815617058835,-2.2781991589297918e-07,-4.0404836165038823e-19
257,120,460,-2.1363942926846597,-2.2778321638380774e-07,-2.7984680866448755e-17
257,120,461,-2.135007023663436,-2.277640076047143e-07,4.4119650372710114e-17
257,120,462,-2.133619754642212,-2.277677858898331e-07,1.1751478860554121e-16
257,120,463,-2.1322324856209884,-2.277991106040234e-07,-2.565994821545543e-17
257,120,464,-2.1308452165997647,-2.2786147296629828e-07,1.2359035032649372e-17
257,120,465,-2.1294579475785405,-2.2795720104091317e-07,-3.382622303151041e-17
257,120,466,-2.128070678557317,-2.2808740527865617e-07,8.145668977897481e-17
257,120,467,-2.126683409536093,-2.2825197306822719e-07,-1.2103911723368168e-17
257,120,468,-2.125296140514869,-2.2844960473157715e-07,-7.780061138252635e-17
257,120,469,-2.1239088714936454,-2.2867788448076553e-07,3.079930974011497e-17
257,120,470,-2.1225216024724216,-2.289333998000072e-07,-1.434854400164614e-17
257,120,471,-2.121134333451198,-2.2921188406413183e-07,-2.0829940688381485e-17
257,120,472,-2.119747064429974,-2.2950839175703068e-07,-2.252898683198623e-17
257,120,473,-2.1183597954087503,-2.2981749217607063e-07,4.8299420637830764e-17
257,120,474,-2.1169725263875265,-2.3013347823878624e-07,-2.3793209493291328e-17
257,120,475,-2.1155852573663028,-2.3045057745199335e-07,1.3439303918979474e-17
257,120,476,-2.114197988345079,-2.3076316353923755e-07,1.5454918529383128e-17
257,120,477,-2.1128107193238552,-2.3106595941310355e-07,3.223014096131717e-17
257,120,478,-2.111423450302631,-2.3135421889993046e-07,3.449304357575255e-17
257,120,479,-2.1100361812814077,-2.3162388809322267e-07,6.1706865328832064e-18
257,120,480,-2.1086489122601835,-2.3187174305391033e-07,-4.122294400852662e-17
257,120,481,-2.1072616432389597,-2.320954833466622e-07,4.597570826393424e-18
257,120,482,-2.105874374217736,-2.3229379778090406e-07,-6.80270127310675e-17
257,120,483,-2.104487105196512,-2.3246639418582763e-07,-2.373654414090818e-17
257,120,484,-2.1030998361752884,-2.3261398383415433e-07,1.972208710241579e-17
257,120,485,-2.1017125671540646,-2.3273823125096556e-07,4.706437822676575e-17
257,120,486,-2.100325298132841,-2.3284167401055993e-07,2.3081987961832053e-18
257,120,487,-2.098938029111617,-2.329276057596039e-07,-2.0140914961352408e-17
257,120,488,-2.0975507600903933,-2.329999366550358e-07,-4.412253262059317e-17
257,120,489,-2.096163491069169,-2.330630268225787e-07,-6.752253162389353e-17
257,120,490,-2.094776222047946,-2.3312151364577365e-07,7.663776880084602e-18
257,120,491,-2.0933889530267216,-2.3318012662957535e-07,8.328918028196165e-18
257,120,492,-2.092001684005498,-2.3324349794284349e-07,-6.13245097638604e-17
257,120,493,-2.090614414984274,-2.3331598566294492e-07,-1.00438224118143e-17
257,120,494,-2.0892271459630503,-2.334015067241075e-07,-5.492057113620304e-18
257,120,495,-2.0878398769418265,-2.3350338629029412e-07,-7.40406325727266e-17
257,120,496,-2.0864526079206027,-2.336242330540208e-07,4.719797724190792e-17
257,120,497,-2.085065338899379,-2.337658454032443e-07,4.915974439816539e-17
257,120,498,-2.083678069878155,-2.3392914353906124e-07,-8.864878143125478e-17
257,120,499,-2.0822908008569314,-2.3411414094819706e-07,-8.60501286965752e-17
257,120,500,-2.0809035318357076,-2.34319944942745e-07,1.0525810359167706e-17
257,120,501,-2.079516262814484,-2.3454479992016236e-07,5.967835828896213e-17
257,120,502,-2.0781289937932597,-2.3478615154471952e-07,-9.317224502028611e-18
257,120,503,-2.0767417247720363,-2.35040753999762e-07,3.992842956648256e-17
257,120,504,-2.075354455750812,-2.353047901039264e-07,3.940741328607792e-17
257,120,505,-2.0739671867295884,-2.355740230064686e-07,6.419852350392228e-17
257,120,506,-2.0725799177083646,-2.3584395472673375e-07,1.718078500081039e-17
257,120,507,-2.071192648687141,-2.3611000280164545e-07,1.7798926561038235e-17
257,120,508,-2.069805379665917,-2.363676707357753e-07,-1.0015199896815101e-16
257,120,509,-2.0684181106446933,-2.3661272445388587e-07,8.635648573518182e-17
257,120,510,-2.0670308416234695,-2.3684134996447395e-07,-1.141232416113121e-17
257,120,511,-2.0656435726022457,-2.3705029943550161e-07,1.4014424735840795e-17
257,120,512,-2.064256303581022,-2.3723702033199876e-07,-6.019039993760596e-17
257,120,513,-2.062869034559798,-2.3739975144788015e-07,7.81309904103217e-17
257,120,514,-2.0614817655385744,-2.3753759429208214e-07,2.7663004216430944e-17
257,120,515,-2.06009449651735,-2.376505518214253e-07,7.824023788175845e-17
257,120,516,-2.058707227496127,-2.3773953874664462e-07,2.990571695804077e-17
257,120,517,-2.0573199584749027,-2.3780635004306485e-07,-1.935317675008561e-17
257,120,518,-2.055932689453679,-2.3785360615946261e-07,-9.101710531091132e-20
257,120,519,-2.054545420432455,-2.3788466345870824e-07,-2.025578968089721e-18
257,120,520,-2.0531581514112314,-2.3790350323326288e-07,-2.897878819379704e-18
257,120,521,-2.0517708823900076,-2.3791459197677192e-07,-3.3217325125276787e-18
257,120,522,-2.050383613368784,-2.3792273081844853e-07,6.53955810899178e-17
257,120,523,-2.04899634434756,-2.3793289201676415e-07,9.37206383757946e-17
257,120,524,-2.0476090753263363,-2.3795004457198895e-07,4.1963140219028115e-17
257,120,525,-2.0462218063051125,-2.379789890454236e-07,-2.898879366395572e-18
257,120,526,-2.0448345372838883,-2.3802419376314622e-07,-1.0101776992006873e-16
257,120,527,-2.043447268262665,-2.3808963947399018e-07,1.676253121316306e-17
257,120,528,-2.0420599992414408,-2.381786942306256e-07,-5.1967398852727794e-17
257,120,529,-2.0406727302202174,-2.3829399517255973e-07,-4.751588468139451e-17
257,120,530,-2.0392854611989932,-2.3843736758245616e-07,-1.2160432848094408e-16
257,120,531,-2.0378981921777695,-2.386097671743047e-07,4.824022502354778e-17
257,120,532,-2.0365109231565457,-2.388112560139414e-07,-1.0043133304391103e-16
257,120,533,-2.035123654135322,-2.3904100348530423e-07,7.179384260477823e-17
257,120,534,-2.033736385114098,-2.3929733009125005e-07,4.965237363643196e-17
257,120,535,-2.0323491160928744,-2.395777638906238e-07,-2.0667614717069277e-17
257,120,536,-2.0309618470716506,-2.3987913904622105e-07,2.986079042795379e-17
257,120,537,-2.029574578050427,-2.4019770523889503e-07,2.3408669744842873e-17
257,120,538,-2.028187309029203,-2.4052926497360855e-07,6.669690141696253e-17
257,120,539,-2.026800040007979,-2.408693177067941e-07,9.225170755185624e-17
257,120,540,-2.0254127709867555,-2.412132118692072e-07,1.4437980712320372e-18
257,120,541,-2.0240255019655313,-2.415563085625865e-07,1.716509018752734e-17
257,120,542,-2.0226382329443076,-2.418941297886815e-07,-3.2208996966392956e-17
257,120,543,-2.021250963923084,-2.422225057732612e-07,4.413741031418631e-17
257,120,544,-2.01986369490186,-2.425377066639226e-07,-9.04389929808407e-18
257,120,545,-2.0184764258806362,-2.428365567888434e-07,2.0179523654931058e-17
257,120,546,-2.0170891568594125,-2.431165214225828e-07,1.7773900544862573e-17
257,120,547,-2.0157018878381887,-2.4337577933016337e-07,-3.8873660065463355e-17
257,120,548,-2.014314618816965,-2.436132526992556e-07,2.4255723115276665e-17
257,120,549,-2.012927349795741,-2.4382862762132755e-07,2.7041778862112888e-17
257,120,550,-2.0115400807745174,-2.4402232791393707e-07,-7.505858018966406e-17
257,120,551,-2.0101528117532936,-2.441954748715584e-07,3.5904439889185285e-17
257,120,552,-2.0087655427320694,-2.443498191477841e-07,2.274359168430404e-17
257,120,553,-2.007378273710846,-2.444876466307524e-07,-1.3734541249882172e-17
257,120,554,-2.005991004689622,-2.4461166960586185e-07,-6.70708088034892e-17
257,120,555,-2.004603735668398,-2.4472490795812375e-07,-3.1261967959852264e-17
257,120,556,-2.0032164666471743,-2.4483055185015934e-07,-1.3197773355355085e-18
257,120,557,-2.0018291976259506,-2.449318331858605e-07,2.998454824947853e-17
257,120,558,-2.000441928604727,-2.450318906902903e-07,1.3531471894724422e-17
257,120,559,-1.999054659583503,-2.451336396235292e-07,5.741495001209002e-17
257,120,560,-1.9976673905622793,-2.452396655519035e-07,3.6380915636904275e-17
257,120,561,-1.9962801215410555,-2.453521216238589e-07,-4.229712560929147e-17
257,120,562,-1.9948928525198317,-2.454726501371192e-07,9.321987279283437e-18
257,120,563,-1.993505583498608,-2.4560232904843653e-07,2.8332240656451434e-17
257,120,564,-1.992118314477384,-2.4574164185353456e-07,-2.1412045012471664e-17
257,120,565,-1.9907310454561602,-2.458904717912759e-07,2.42371154254192e-17
257,120,566,-1.9893437764349364,-2.4604812129774936e-07,1.2275356716029117e-16
257,120,567,-1.9879565074137124,-2.4621336187212423e-07,6.876544611450823e-18
257,120,568,-1.9865692383924887,-2.463844978285306e-07,2.2548901310179254e-17
257,120,569,-1.985181969371265,-2.465594572131363e-07,-3.4320111044223144e-17
257,120,570,-1.9837947003500411,-2.4673589759848843e-07,-1.4844087006451318e-17
257,120,571,-1.9824074313288174,-2.469113213757364e-07,4.3510658292224167e-17
257,120,572,-1.9810201623075936,-2.470831980952502e-07,-8.055579635390837e-18
257,120,573,-1.9796328932863698,-2.472490963947387e-07,1.6715036528174407e-17
257,120,574,-1.978245624265146,-2.474068019323475e-07,1.4026100906822336e-17
257,120,575,-1.9768583552439223,-2.4755443518511657e-07,-2.6504137752787485e-17
257,120,576,-1.9754710862226983,-2.476905561614434e-07,5.975656705086807e-17
257,120,577,-1.9740838172014745,-2.478142473295966e-07,9.239624042261864e-18
257,120,578,-1.9726965481802508,-2.479251807842357e-07,-1.1095647688606628e-17
257,120,579,-1.9713092791590268,-2.480236588974636e-07,3.4300351530080814e-17
257,120,580,-1.969922010137803,-2.481106334318183e-07,1.2478277621054096e-17
257,120,581,-1.9685347411165792,-2.481876904043646e-07,-1.9748139683821273e-17
257,120,582,-1.9671474720953555,-2.4825701862027086e-07,1.1924065614309113e-17
257,120,583,-1.9657602030741317,-2.48321342676282e-07,-7.339408561028406e-17
257,120,584,-1.964372934052908,-2.483838420435346e-07,4.647046773538254e-17
257,120,585,-1.9629856650316841,-2.484480400520634e-07,-2.0761902725527262e-17
257,120,586,-1.9615983960104604,-2.485176835822133e-07,-2.206153912921282e-17
257,120,587,-1.9602111269892366,-2.485966080970438e-07,-4.9124500364378803e-17
257,120,588,-1.9588238579680128,-2.486885915816508e-07,8.540544154672591e-17
257,120,589,-1.9574365889467888,-2.4879721230636e-07,1.7062229739891844e-18
257,120,590,-1.956049319925565,-2.489257076632434e-07,-1.1843050552661436e-17
257,120,591,-1.9546620509043413,-2.4907683582974645e-07,-1.3035070740497814e-17
257,120,592,-1.9532747818831173,-2.492527646232099e-07,-6.46359921101362e-18
257,120,593,-1.9518875128618935,-2.494549652894606e-07,1.7522815552104615e-17
257,120,594,-1.9505002438406698,-2.4968413381412647e-07,-1.5783064246653632e-17
257,120,595,-1.949112974819446,-2.4994014371158207e-07,7.925855115336118e-17
257,120,596,-1.9477257057982222,-2.502220167120152e-07,-5.877579903246009e-17
257,120,597,-1.9463384367769985,-2.505279322565763e-07,-6.992792284519432e-17
257,120,598,-1.9449511677557747,-2.508552597202477e-07,-3.163326470856196e-17
257,120,599,-1.943563898734551,-2.512006266441807e-07,-7.668213981747396e-17
257,120,600,-1.9421766297133272,-2.515600078638206e-07,8.199543995415937e-18
257,120,601,-1.9407893606921032,-2.5192884163864504e-07,-3.718469096437901e-17
257,120,602,-1.9394020916708794,-2.5230216916174055e-07,8.513052812570609e-17
257,120,603,-1.9380148226496556,-2.5267478536853243e-07,-1.8174818565566526e-17
257,120,604,-1.9366275536284316,-2.5304140232024886e-07,5.437463357999801e-17
257,120,605,-1.9352402846072079,-2.5339682080289754e-07,-2.810351569435108e-17
257,120,606,-1.933853015585984,-2.537360968651045e-07,-3.733516532928166e-17
257,120,607,-1.9324657465647603,-2.540547028337021e-07,-1.0761880676457135e-16
257,120,608,-1.9310784775435366,-2.5434868037458415e-07,-3.6143754948421614e-17
257,120,609,-1.9296912085223128,-2.5461476943490135e-07,3.697111211092585e-17
257,120,610,-1.928303939501089,-2.548505178873107e-07,-8.576395547023403e-19
257,120,611,-1.9269166704798653,-2.5505436622416034e-07,-3.4940088552952946e-17
257,120,612,-1.9255294014586415,-2.552256991099316e-07,7.152277106634089e-17
257,120,613,-1.9241421324374175,-2.553648696493616e-07,9.031036405408455e-18
257,120,614,-1.9227548634161937,-2.554731846109612e-07,-2.6806033188353618e-18
257,120,615,-1.92136759439497,-2.5555286383650273e-07,8.260159169752379e-18
257,120,616,-1.919980325373746,-2.5560696528248554e-07,-4.408874711477884e-18
257,120,617,-1.9185930563525222,-2.556392777753067e-07,-3.032770306409259e-17
257,120,618,-1.9172057873312984,-2.556541969345208e-07,4.9168486721413245e-17
257,120,619,-1.9158185183100747,-2.556565721850616e-07,1.806158203049979e-18
257,120,620,-1.914431249288851,-2.556515393954036e-07,7.043002000325005e-17
257,120,621,-1.9130439802676271,-2.5564434758139645e-07,-1.3560224770574113e-17
257,120,622,-1.9116567112464034,-2.556401781255059e-07,7.969654329148671e-18
257,120,623,-1.9102694422251796,-2.556439641542567e-07,-3.832673991431239e-18
257,120,624,-1.9088821732039558,-2.556602254050167e-07,6.498629403524733e-18
257,120,625,-1.907494904182732,-2.5569291033048023e-07,7.613955779726053e-17
257,120,626,-1.906107635161508,-2.5574526398668916e-07,-6.347072307256004e-18
257,120,627,-1.9047203661402843,-2.5581971735051754e-07,2.938576714809224e-17
257,120,628,-1.9033330971190605,-2.5591780768573004e-07,-5.414456884021131e-17
257,120,629,-1.9019458280978365,-2.5604012993296666e-07,7.296026783250451e-18
257,120,630,-1.9005585590766128,-2.5618632330659757e-07,-2.830706985256881e-17
257,120,631,-1.899171290055389,-2.563550909283474e-07,3.002985091075279e-17
257,120,632,-1.8977840210341652,-2.5654425517309375e-07,-1.4981331989366138e-17
257,120,633,-1.8963967520129414,-2.5675084383578404e-07,5.491096329523325e-17
257,120,634,-1.8950094829917177,-2.569712088374874e-07,-5.064647209949085e-17
257,120,635,-1.893622213970494,-2.5720116679062574e-07,-2.6421439474735434e-17
257,120,636,-1.8922349449492701,-2.5743616176587105e-07,-3.592299252993935e-17
257,120,637,-1.8908476759280464,-2.5767144527934385e-07,-6.024987358675617e-17
257,120,638,-1.8894604069068224,-2.57902261817352e-07,-3.658315787144451e-17
257,120,639,-1.8880731378855986,-2.581240372200219e-07,4.5126557093676166e-17
257,120,640,-1.8866858688643748,-2.5833256527049674e-07,-1.1732989633526703e-17
257,120,641,-1.8852985998431508,-2.5852417941495867e-07,-2.5526552390513576e-17
257,120,642,-1.883911330821927,-2.586959092367177e-07,3.5873675610767823e-17
257,120,643,-1.8825240618007033,-2.588456128962494e-07,2.293597037946264e-17
257,120,644,-1.8811367927794795,-2.589720809794148e-07,-4.9039728277442893e-17
257,120,645,-1.8797495237582558,-2.590751099354324e-07,2.2672356922733072e-17
257,120,646,-1.878362254737032,-2.5915553664854195e-07,-3.569073646531014e-17
257,120,647,-1.8769749857158082,-2.592152397351367e-07,-3.788483948940883e-17
257,120,648,-1.8755877166945845,-2.592571009531753e-07,-7.378258889193514e-17
257,120,649,-1.8742004476733607,-2.592849299409316e-07,-3.8239377439570815e-17
257,120,650,-1.872813178652137,-2.593033555586725e-07,-6.023112887208796e-17
257,120,651,-1.871425909630913,-2.593176851546808e-07,-4.8780703926485814e-17
257,120,652,-1.8700386406096892,-2.5933373451051245e-07,-2.8516443070678333e-18
257,120,653,-1.8686513715884654,-2.5935764132642176e-07,-1.3450456394554889e-17
257,120,654,-1.8672641025672414,-2.593956587824973e-07,2.179665824602127e-17
257,120,655,-1.8658768335460176,-2.5945394026708316e-07,4.7600229638702015e-17
257,120,656,-1.8644895645247939,-2.5953832726096087e-07,-3.265656676777109e-17
257,120,657,-1.86310229550357,-2.596541374400327e-07,2.5663660226973273e-17
257,120,658,-1.8617150264823463,-2.5980596863285726e-07,4.9988927163529416e-17
257,120,659,-1.8603277574611226,-2.599975218040791e-07,1.754416811880305e-17
257,120,660,-1.8589404884398988,-2.602314508464346e-07,-2.983369568110107e-17
257,120,661,-1.857553219418675,-2.6050924111810344e-07,-4.2165659725588494e-18
257,120,662,-1.8561659503974512,-2.6083112529995066e-07,1.0353152572881615e-16
257,120,663,-1.8547786813762273,-2.611960396179729e-07,9.10166498735162e-17
257,120,664,-1.8533914123550035,-2.616016174341337e-07,9.379067930400011e-17
257,120,665,-1.8520041433337797,-2.6204422725803113e-07,-3.516862560745408e-17
257,120,666,-1.8506168743125557,-2.6251905012881237e-07,2.1326817171374013e-17
257,120,667,-1.849229605291332,-2.6302019734756854e-07,5.654593940290976e-17
257,120,668,-1.8478423362701082,-2.6354086062435454e-07,5.867059619035932e-17
257,120,669,-1.8464550672488844,-2.6407349728257055e-07,-6.083974367174256e-19
257,120,670,-1.8450677982276606,-2.646100382059071e-07,4.4966477841432176e-17
257,120,671,-1.8436805292064369,-2.6514211424842655e-07,7.865912741482514e-17
257,120,672,-1.842293260185213,-2.656612966878028e-07,5.3538964474015256e-17
257,120,673,-1.8409059911639893,-2.661593418436867e-07,2.739284332988803e-17
257,120,674,-1.8395187221427656,-2.666284306072593e-07,-1.1909713861638384e-17
257,120,675,-1.8381314531215416,-2.6706139919018447e-07,4.5011370901894526e-17
257,120,676,-1.8367441841003178,-2.67451950808879e-07,6.549017634740509e-18
257,120,677,-1.835356915079094,-2.677948443972522e-07,-1.8835238331493644e-17
257,120,678,-1.8339696460578703,-2.680860486389002e-07,-1.447873954696386e-17
257,120,679,-1.8325823770366463,-2.68322866533565e-07,1.8179755992680384e-17
257,120,680,-1.8311951080154225,-2.685040151875566e-07,-5.58031285917295e-17
257,120,681,-1.8298078389941987,-2.686296655732291e-07,-4.100374762506594e-17
257,120,682,-1.828420569972975,-2.687014403641155e-07,-1.8608185926917078e-17
257,120,683,-1.8270333009517512,-2.6872236717958003e-07,-1.4268632254804316e-16
257,120,684,-1.8256460319305274,-2.6869678957142295e-07,-5.4177513536823995e-17
257,120,685,-1.8242587629093037,-2.6863024179383416e-07,-9.161805278453631e-17
257,120,686,-1.82287149388808,-2.685292873815387e-07,-6.82080402835553e-17
257,120,687,-1.8214842248668561,-2.6840132583119924e-07,-6.119377764558074e-18
257,120,688,-1.8200969558456321,-2.6825438037543273e-07,-5.465485034655802e-17
257,120,689,-1.8187096868244084,-2.680968655563559e-07,-2.7919237869779746e-17
257,120,690,-1.8173224178031846,-2.679373451505636e-07,-2.6984410947002483e-17
257,120,691,-1.8159351487819606,-2.6778428828579974e-07,2.31811950203394e-17
257,120,692,-1.8145478797607368,-2.676458338882456e-07,-3.16525433187313e-17
257,120,693,-1.813160610739513,-2.675295606624676e-07,-3.871015207159363e-18
257,120,694,-1.8117733417182893,-2.674422826074094e-07,8.224237575484868e-17
257,120,695,-1.8103860726970655,-2.673898685740983e-07,2.6586005920263736e-17
257,120,696,-1.8089988036758418,-2.673770906183251e-07,-5.4723397571875174e-18
257,120,697,-1.807611534654618,-2.6740750845579224e-07,8.167146894332891e-17
257,120,698,-1.8062242656333942,-2.674833906376308e-07,2.3790659985816646e-18
257,120,699,-1.8048369966121705,-2.676056807900142e-07,4.0657952043706425e-17
257,120,700,-1.8034497275909465,-2.677739950409406e-07,9.13916661032482e-17
257,120,701,-1.8020624585697227,-2.6798666639407597e-07,9.339609456963325e-17
257,120,702,-1.800675189548499,-2.6824082719671674e-07,5.905333177303081e-17
257,120,703,-1.799287920527275,-2.685325186582965e-07,1.8086381004395616e-18
257,120,704,-1.7979006515060512,-2.6885683852589386e-07,8.468597595341545e-17
257,120,705,-1.7965133824848274,-2.692081116665257e-07,4.957882322877384e-17
257,120,706,-1.7951261134636036,-2.695800783105814e-07,7.259028103985534e-17
257,120,707,-1.7937388444423799,-2.699660965068053e-07,8.304287299452177e-17
257,120,708,-1.792351575421156,-2.7035935283575626e-07,-2.3463176428986693e-18
257,120,709,-1.7909643063999323,-2.7075307076111557e-07,4.29551107437017e-17
257,120,710,-1.7895770373787085,-2.711407123363229e-07,3.991859365930979e-17
257,120,711,-1.7881897683574848,-2.7151617043654687e-07,1.0618656614658964e-16
257,120,712,-1.786802499336261,-2.7187393683894314e-07,2.0602601481984583e-17
257,120,713,-1.785415230315037,-2.72209250931624e-07,2.836055469753652e-17
257,120,714,-1.7840279612938132,-2.7251822140821727e-07,1.2566883625302059e-17
257,120,715,-1.7826406922725895,-2.727979137653218e-07,1.981168302185866e-17
257,120,716,-1.7812534232513655,-2.7304640737538734e-07,-4.2316752842016305e-17
257,120,717,-1.7798661542301417,-2.73262821286377e-07,1.0626245028511561e-16
257,120,718,-1.778478885208918,-2.734473020704947e-07,-1.5370604525708526e-17
257,120,719,-1.7770916161876942,-2.73600983981804e-07,5.353886525837652e-17
257,120,720,-1.7757043471664704,-2.7372591744694987e-07,3.9244603680892427e-17
257,120,721,-1.7743170781452466,-2.73824973302127e-07,-4.554164490462397e-17
257,120,722,-1.7729298091240229,-2.7390172068463124e-07,-2.406494549622455e-17
257,120,723,-1.771542540102799,-2.7396029380142854e-07,-8.101009708585306e-19
257,120,724,-1.770155271081575,-2.740052401341502e-07,-6.002940257115694e-17
257,120,725,-1.7687680020603513,-2.740413671606011e-07,3.534330528117703e-17
257,120,726,-1.7673807330391276,-2.740735814384337e-07,7.162967638415196e-17
257,120,727,-1.7659934640179038,-2.7410673770818173e-07,-1.0321336583355486e-16
257,120,728,-1.76460619499668,-2.74145492485119e-07,-5.415789032301961e-17
257,120,729,-1.7632189259754563,-2.7419417380313826e-07,7.59892788896193e-18
257,120,730,-1.7618316569542323,-2.742566641966489e-07,-3.6277483477661394e-17
257,120,731,-1.7604443879330085,-2.743363109308836e-07,-4.555924924701758e-17
257,120,732,-1.7590571189117847,-2.744358510455786e-07,-1.0049104407087519e-16
257,120,733,-1.757669849890561,-2.745573662096879e-07,8.651900465469993e-18
257,120,734,-1.7562825808693372,-2.7470226195241484e-07,-3.5087377873106425e-17
257,120,735,-1.7548953118481134,-2.748712673938585e-07,-8.577085857635485e-18
257,120,736,-1.7535080428268894,-2.7506446136066066e-07,-5.954901420984734e-18
257,120,737,-1.7521207738056657,-2.752813196597049e-07,5.565256265020509e-17
257,120,738,-1.750733504784442,-2.7552077846444917e-07,-1.2853819843988266e-18
257,120,739,-1.7493462357632181,-2.7578131201626885e-07,-3.499823360551318e-17
257,120,740,-1.7479589667419944,-2.7606102521864145e-07,-2.1755662605014535e-17
257,120,741,-1.7465716977207706,-2.7635774755491855e-07,2.514891814697376e-18
257,120,742,-1.7451844286995466,-2.7666913409334307e-07,2.6208519213540517e-17
257,120,743,-1.7437971596783228,-2.769927621536821e-07,-6.836606701863909e-17
257,120,744,-1.742409890657099,-2.773262218288138e-07,1.3476585488992735e-17
257,120,745,-1.7410226216358753,-2.77667201025568e-07,2.4258705721837986e-17
257,120,746,-1.7396353526146515,-2.7801355351632705e-07,-1.2440814705172296e-17
257,120,747,-1.7382480835934278,-2.783633551790921e-07,9.489803484397335e-18
257,120,748,-1.7368608145722038,-2.787149422809013e-07,1.9515989533986114e-17
257,120,749,-1.73547354555098,-2.790669308895646e-07,2.9414317224800554e-17
257,120,750,-1.7340862765297562,-2.794182234841005e-07,-4.317068304059594e-17
257,120,751,-1.7326990075085325,-2.797679903841675e-07,1.3917000093513538e-17
257,120,752,-1.7313117384873087,-2.801156403936496e-07,5.934464245725329e-17
257,120,753,-1.729924469466085,-2.804607790005528e-07,5.792466345929021e-17
257,120,754,-1.7285372004448611,-2.80803147691162e-07,-1.4011882762551064e-17
257,120,755,-1.7271499314236372,-2.8114256255051664e-07,6.754819454162528e-17
257,120,756,-1.7257626624024134,-2.8147884595762135e-07,7.88520126649342e-17
257,120,757,-1.7243753933811896,-2.8181175308452273e-07,4.329282908672212e-17
257,120,758,-1.7229881243599658,-2.8214090858130725e-07,1.0220758173288549e-16
257,120,759,-1.721600855338742,-2.824657419572674e-07,3.202415696332886e-17
257,120,760,-1.7202135863175183,-2.827854406879754e-07,3.490593248660894e-18
257,120,761,-1.7188263172962943,-2.8309890885294476e-07,2.786040638015877e-17
257,120,762,-1.7174390482750705,-2.8340474553873166e-07,9.990437665726245e-17
257,120,763,-1.7160517792538468,-2.837012423578872e-07,4.817215171805869e-17
257,120,764,-1.714664510232623,-2.839863941470125e-07,8.512670336533603e-17
257,120,765,-1.7132772412113992,-2.8425793367143693e-07,1.0313036642402883e-17
257,120,766,-1.7118899721901755,-2.8451338397657773e-07,-5.930303878919217e-18
257,120,767,-1.7105027031689515,-2.8475012651613215e-07,4.2348821406348974e-17
257,120,768,-1.7091154341477277,-2.8496548587923944e-07,1.915443539886829e-17
257,120,769,-1.707728165126504,-2.8515682971976903e-07,5.5507963064156235e-17
257,120,770,-1.7063408961052802,-2.8532167354572596e-07,2.6823079243374815e-17
257,120,771,-1.7049536270840564,-2.854577952437213e-07,3.832732047692194e-17
257,120,772,-1.7035663580628326,-2.85563350324546e-07,3.1848238934800835e-17
257,120,773,-1.7021790890416086,-2.856369814041537e-07,-3.3737963142327217e-17
257,120,774,-1.7007918200203849,-2.856779248728203e-07,3.5484748702621286e-17
257,120,775,-1.699404550999161,-2.8568610290261944e-07,-2.459945018125421e-17
257,120,776,-1.6980172819779373,-2.8566219687340315e-07,-2.7141224625978094e-17
257,120,777,-1.6966300129567136,-2.856077090515643e-07,2.4087555119493448e-17
257,120,778,-1.6952427439354898,-2.855249911587407e-07,-1.929701353088711e-17
257,120,779,-1.6938554749142658,-2.8541725734745204e-07,-8.130800307766398e-17
257,120,780,-1.692468205893042,-2.8528856201170516e-07,-4.345928655763866e-17
257,120,781,-1.6910809368718183,-2.8514375542295625e-07,-3.995827789052782e-17
257,120,782,-1.6896936678505945,-2.8498840960869123e-07,-1.3304486123775459e-17
257,120,783,-1.6883063988293707,-2.848287186061398e-07,-3.8125879448720505e-17
257,120,784,-1.686919129808147,-2.846713725086739e-07,-2.8888798319280806e-17
257,120,785,-1.6855318607869232,-2.845234137341355e-07,-9.016302105885976e-17
257,120,786,-1.6841445917656992,-2.843920705605541e-07,-9.062981862462915e-17
257,120,787,-1.6827573227444754,-2.842845838243623e-07,-1.0264585102468452e-16
257,120,788,-1.6813700537232517,-2.8420801996012756e-07,1.9808910083385815e-17
257,120,789,-1.6799827847020279,-2.8416908313336665e-07,-8.605829689783386e-17
257,120,790,-1.6785955156808041,-2.8417393161853676e-07,-4.257322874245062e-17
257,120,791,-1.6772082466595803,-2.842280011933499e-07,-2.322581616479487e-17
257,120,792,-1.6758209776383564,-2.843358433966699e-07,7.230290040905471e-18
257,120,793,-1.6744337086171326,-2.845009823394056e-07,9.686898722650487e-18
257,120,794,-1.6730464395959088,-2.8472579514777133e-07,1.2104578468859728e-18
257,120,795,-1.671659170574685,-2.8501142356228557e-07,-1.7901883759985616e-17
257,120,796,-1.6702719015534613,-2.8535771390301274e-07,-7.311522159750594e-17
257,120,797,-1.6688846325322375,-2.857631901148401e-07,-1.095991352441946e-17
257,120,798,-1.6674973635110135,-2.8622506644434945e-07,3.4738402057640106e-17
257,120,799,-1.6661100944897898,-2.867392904812344e-07,4.345283366941158e-17
257,120,800,-1.664722825468566,-2.8730062141753246e-07,7.104693268204415e-18
257,120,801,-1.6633355564473422,-2.8790274877415973e-07,1.589710512297711e-17
257,120,802,-1.6619482874261184,-2.885384271033584e-07,5.3852518952839927e-17
257,120,803,-1.6605610184048947,-2.8919965026330064e-07,9.375501018597337e-18
257,120,804,-1.6591737493836707,-2.898778397621983e-07,4.630495687405507e-17
257,120,805,-1.657786480362447,-2.9056404978451196e-07,1.4869349310558048e-16
257,120,806,-1.6563992113412231,-2.9124918690838204e-07,1.3781212377056997e-16
257,120,807,-1.6550119423199994,-2.9192422979015376e-07,-9.434161143315683e-18
257,120,808,-1.6536246732987756,-2.9258044825460246e-07,7.085777007583907e-17
257,120,809,-1.6522374042775518,-2.932096151222671e-07,5.467434407457155e-17
257,120,810,-1.6508501352563278,-2.9380420100245136e-07,9.85619963093976e-17
257,120,811,-1.649462866235104,-2.943575554014485e-07,-4.1052785951579434e-18
257,120,812,-1.6480755972138803,-2.9486405445703216e-07,2.1311615162665455e-17
257,120,813,-1.6466883281926565,-2.953192254021956e-07,3.0090814882170876e-18
257,120,814,-1.6453010591714328,-2.9571983972261154e-07,7.445158620377241e-17
257,120,815,-1.643913790150209,-2.960639653832643e-07,2.4932194031446914e-17
257,120,816,-1.6425265211289852,-2.96350990580127e-07,1.9836217823774677e-17
257,120,817,-1.6411392521077612,-2.9658160351550623e-07,-3.144541361588939e-17
257,120,818,-1.6397519830865375,-2.967577459057086e-07,-4.123244175768271e-17
257,120,819,-1.6383647140653137,-2.9688252311542586e-07,4.368041719621897e-17
257,120,820,-1.63697744504409,-2.9696009201733977e-07,-8.117536308939129e-17
257,120,821,-1.6355901760228662,-2.9699551850078316e-07,-7.877883734497846e-17
257,120,822,-1.6342029070016424,-2.969946130655263e-07,5.254920737978791e-19
257,120,823,-1.6328156379804184,-2.9696374857269795e-07,-6.89212449050459e-17
257,120,824,-1.6314283689591946,-2.969096716977745e-07,-1.174142265144884e-17
257,120,825,-1.6300410999379709,-2.9683930415954556e-07,-5.5136117132944725e-17
257,120,826,-1.628653830916747,-2.9675954392572157e-07,-9.467274320199431e-17
257,120,827,-1.6272665618955233,-2.9667708017895284e-07,6.840167713647912e-18
257,120,828,-1.6258792928742996,-2.965982121026718e-07,-1.500612226810273e-17
257,120,829,-1.6244920238530756,-2.965286901673384e-07,-8.14596655655974e-18
257,120,830,-1.6231047548318518,-2.964735798978895e-07,-5.2849939565426835e-17
257,120,831,-1.621717485810628,-2.9643714488412276e-07,-1.3977644864476896e-16
257,120,832,-1.6203302167894043,-2.964227677200887e-07,-6.8956256968181e-19
257,120,833,-1.6189429477681805,-2.964328933152038e-07,-4.882432891790333e-18
257,120,834,-1.6175556787469567,-2.964690068309354e-07,-1.425015687843525e-17
257,120,835,-1.6161684097257327,-2.965316451083732e-07,4.539995375721502e-17
257,120,836,-1.614781140704509,-2.966204327310327e-07,-5.065265561881232e-17
257,120,837,-1.6133938716832852,-2.967341504226695e-07,-1.9636192872290164e-17
257,120,838,-1.6120066026620614,-2.968708282765328e-07,1.80250763826628e-17
257,120,839,-1.6106193336408376,-2.9702785872315196e-07,5.350996552753212e-17
257,120,840,-1.6092320646196139,-2.9720212851129035e-07,-5.915588536636358e-17
257,120,841,-1.6078447955983899,-2.973901600071986e-07,1.2300748942183827e-17
257,120,842,-1.6064575265771661,-2.975882666882179e-07,5.2690199716421515e-17
257,120,843,-1.6050702575559423,-2.9779270159080265e-07,-1.865633817131162e-17
257,120,844,-1.6036829885347186,-2.9799981017824474e-07,2.1461216811342516e-17
257,120,845,-1.6022957195134948,-2.98206171596193e-07,-2.972765844054339e-18
257,120,846,-1.600908450492271,-2.984087280514287e-07,6.6619393347122324e-18
257,120,847,-1.5995211814710473,-2.9860489680682097e-07,-5.442916216472601e-17
257,120,848,-1.5981339124498233,-2.987926622817627e-07,-1.6080479440767748e-18
257,120,849,-1.5967466434285995,-2.989706471014715e-07,-3.3459675802591494e-17
257,120,850,-1.5953593744073757,-2.9913815209854337e-07,-7.436291042102549e-18
257,120,851,-1.593972105386152,-2.99295177107984e-07,-6.897295196576349e-17
257,120,852,-1.5925848363649282,-2.9944241252695296e-07,3.624936946560087e-17
257,120,853,-1.5911975673437044,-2.995812028765765e-07,-2.74751734225674e-17
257,120,854,-1.5898102983224804,-2.9971349261227686e-07,-3.2325667295379226e-19
257,120,855,-1.5884230293012567,-2.9984174311222677e-07,-1.7192182785653304e-17
257,120,856,-1.587035760280033,-2.9996883729634133e-07,6.504863976369396e-17
257,120,857,-1.5856484912588091,-3.000979659825888e-07,9.156920895882109e-18
257,120,858,-1.5842612222375854,-3.0023250324266537e-07,-7.810205651641186e-18
257,120,859,-1.5828739532163616,-3.003758803759648e-07,-2.498396109165836e-17
257,120,860,-1.5814866841951376,-3.0053144904665375e-07,-3.3545923344790706e-18
257,120,861,-1.5800994151739138,-3.0070235682446943e-07,-1.7121642386229157e-17
257,120,862,-1.57871214615269,-3.008914239392244e-07,-7.166224875184283e-18
257,120,863,-1.5773248771314663,-3.0110103352446894e-07,5.57221166432677e-17
257,120,864,-1.5759376081102425,-3.01333036690576e-07,-1.4346293048708227e-18
257,120,865,-1.5745503390890188,-3.015886748308612e-07,4.342774697807647e-18
257,120,866,-1.5731630700677948,-3.0186852330820737e-07,7.13438723075115e-17
257,120,867,-1.571775801046571,-3.0217245936566946e-07,4.5860274800235946e-17
257,120,868,-1.5703885320253472,-3.0249965053647093e-07,3.065960411651609e-17
257,120,869,-1.5690012630041235,-3.028485658022427e-07,9.203262443881516e-17
257,120,870,-1.5676139939828997,-3.0321701544860385e-07,5.1569848019821713e-17
257,120,871,-1.566226724961676,-3.036022039986419e-07,9.623552969040988e-17
257,120,872,-1.564839455940452,-3.0400081115551064e-07,9.590117392911565e-17
257,120,873,-1.5634521869192282,-3.0440908525306075e-07,-3.466652872770851e-17
257,120,874,-1.5620649178980044,-3.0482294677462904e-07,-2.046124776814266e-19
257,120,875,-1.5606776488767806,-3.0523811042022514e-07,-2.1427223859615033e-18
257,120,876,-1.5592903798555569,-3.0565020585290076e-07,2.3708992663463912e-17
257,120,877,-1.557903110834333,-3.0605490163522437e-07,-2.2096315333485936e-17
257,120,878,-1.5565158418131093,-3.064480323714371e-07,2.1407978424192933e-17
257,120,879,-1.5551285727918853,-3.0682570983779997e-07,2.783038454561283e-17
257,120,880,-1.5537413037706616,-3.0718443448320473e-07,-9.739311449326473e-17
257,120,881,-1.5523540347494378,-3.075211873803193e-07,1.5420902270935366e-17
257,120,882,-1.550966765728214,-3.078335049839569e-07,3.867329226864477e-17
257,120,883,-1.5495794967069902,-3.0811954582226356e-07,-7.303141093820642e-17
257,120,884,-1.5481922276857665,-3.083781209749713e-07,-6.780344638797946e-17
257,120,885,-1.5468049586645425,-3.086087196015123e-07,-3.953216442159836e-17
257,120,886,-1.5454176896433187,-3.0881150405129264e-07,-4.3618423934513057e-17
257,120,887,-1.544030420622095,-3.0898728627671943e-07,4.834037972092288e-18
257,120,888,-1.5426431516008712,-3.0913748726450363e-07,-2.844278366996932e-17
257,120,889,-1.5412558825796474,-3.092640775126851e-07,-6.110491647898146e-17
257,120,890,-1.5398686135584236,-3.093694994550425e-07,-3.764108641368891e-17
257,120,891,-1.5384813445371996,-3.094565855603062e-07,-9.761179113722354e-17
257,120,892,-1.5370940755159759,-3.09528455901152e-07,-5.108676185654536e-17
257,120,893,-1.535706806494752,-3.0958842165162504e-07,4.6362676713559084e-18
257,120,894,-1.5343195374735283,-3.0963987920509955e-07,-1.506692899044753e-17
257,120,895,-1.5329322684523046,-3.096862058356662e-07,1.675186789611962e-17
257,120,896,-1.5315449994310808,-3.0973066682832574e-07,-7.718834125721478e-17
257,120,897,-1.5301577304098568,-3.097763218860858e-07,-2.4957292608304375e-17
257,120,898,-1.528770461388633,-3.0982595026260604e-07,-2.960243497415185e-17
257,120,899,-1.5273831923674093,-3.098819845129412e-07,7.016925880646004e-17
257,120,900,-1.5259959233461855,-3.099464607412974e-07,-6.2895273637606675e-19
257,120,901,-1.5246086543249617,-3.100209876006908e-07,7.295223519135016e-17
257,120,902,-1.523221385303738,-3.1010673068857374e-07,5.1091064830259413e-17
257,120,903,-1.521834116282514,-3.1020441292836185e-07,2.1582867507949366e-17
257,120,904,-1.5204468472612902,-3.103143363978509e-07,8.140704134285883e-17
257,120,905,-1.5190595782400664,-3.1043641449118454e-07,4.06514730667144e-17
257,120,906,-1.5176723092188427,-3.1057022077497936e-07,-6.66721611923664e-17
257,120,907,-1.516285040197619,-3.107150512728393e-07,-9.30652004979031e-18
257,120,908,-1.5148977711763951,-3.1086998927333604e-07,1.0590467993460554e-16
257,120,909,-1.5135105021551714,-3.1103398310320106e-07,6.937084166399232e-17
257,120,910,-1.5121232331339474,-3.112059239889928e-07,9.870956397731505e-18
257,120,911,-1.5107359641127236,-3.113847200657241e-07,6.42956937285345e-17
257,120,912,-1.5093486950914998,-3.1156937352552934e-07,1.2237205911126445e-16
257,120,913,-1.507961426070276,-3.1175904553483954e-07,2.252453281130262e-18
257,120,914,-1.5065741570490523,-3.1195311262882985e-07,1.2897094564742535e-16
257,120,915,-1.5051868880278285,-3.121512157759593e-07,1.837406883037814e-17
257,120,916,-1.5037996190066045,-3.123532874196882e-07,3.130792596040322e-17
257,120,917,-1.5024123499853808,-3.1255957015464097e-07,-2.7174084024077815e-17
257,120,918,-1.501025080964157,-3.1277061691366005e-07,2.3598279383563232e-17
257,120,919,-1.4996378119429332,-3.1298727433332923e-07,2.0654665581495524e-18
257,120,920,-1.4982505429217094,-3.1321064884708626e-07,-6.544365275856186e-17
257,120,921,-1.4968632739004857,-3.134420632576304e-07,-4.8822563886597945e-17
257,120,922,-1.4954760048792617,-3.1368299210960637e-07,-7.177555654911507e-18
257,120,923,-1.494088735858038,-3.139349920958348e-07,-7.664561921549919e-18
257,120,924,-1.4927014668368142,-3.141996216630842e-07,-1.7308390333449303e-17
257,120,925,-1.4913141978155904,-3.1447835490826777e-07,-1.696194650749335e-17
257,120,926,-1.4899269287943666,-3.147724928641246e-07,-3.388518719507497e-17
257,120,927,-1.4885396597731428,-3.1508307491793974e-07,4.721177963003124e-17
257,120,928,-1.4871523907519189,-3.1541080078644815e-07,-9.722700581601288e-17
257,120,929,-1.485765121730695,-3.15755950873083e-07,-8.202854644106285e-17
257,120,930,-1.4843778527094713,-3.1611832444453656e-07,5.921264649691044e-17
257,120,931,-1.4829905836882475,-3.164971928220682e-07,-7.988541111486939e-17
257,120,932,-1.4816033146670238,-3.1689126132603e-07,4.082576060573783e-18
257,120,933,-1.4802160456458,-3.172986584829327e-07,-1.3219164003697123e-16
257,120,934,-1.4788287766245762,-3.1771694166433576e-07,-1.126851252221884e-16
257,120,935,-1.4774415076033522,-3.1814311900273083e-07,1.1540463617014758e-17
257,120,936,-1.4760542385821285,-3.185736993500859e-07,-2.1281786147758234e-17
257,120,937,-1.4746669695609047,-3.190047578230907e-07,1.0326011208986185e-17
257,120,938,-1.473279700539681,-3.19432016547857e-07,-2.8502236099419696e-17
257,120,939,-1.4718924315184572,-3.1985095278962683e-07,-1.0057819982418585e-17
257,120,940,-1.4705051624972334,-3.202569046449108e-07,5.216206643469482e-17
257,120,941,-1.4691178934760094,-3.2064520380881346e-07,5.468018414651839e-17
257,120,942,-1.4677306244547856,-3.2101130299189787e-07,-2.9525108878249085e-19
257,120,943,-1.4663433554335619,-3.2135091061246207e-07,1.10635644907682e-16
257,120,944,-1.464956086412338,-3.216601281108157e-07,-2.9181655277992467e-18
257,120,945,-1.4635688173911143,-3.2193557232782395e-07,6.696033980052662e-17
257,120,946,-1.4621815483698906,-3.221744969498465e-07,-4.074250994923014e-17
257,120,947,-1.4607942793486666,-3.223748954165418e-07,2.097373252032578e-17
257,120,948,-1.4594070103274428,-3.2253558705123947e-07,7.123183192631554e-17
257,120,949,-1.458019741306219,-3.2265628221341685e-07,5.953459387754152e-17
257,120,950,-1.4566324722849953,-3.22737624407038e-07,6.799846841930577e-17
257,120,951,-1.4552452032637715,-3.227812061569181e-07,7.596075349460482e-17
257,120,952,-1.4538579342425477,-3.2278955737363717e-07,-8.8066078273694e-19
257,120,953,-1.4524706652213237,-3.227661086101458e-07,9.738566538272351e-18
257,120,954,-1.4510833962001,-3.22715122904632e-07,1.1342294764838347e-16
257,120,955,-1.4496961271788762,-3.226416076618488e-07,1.0514877625893078e-16
257,120,956,-1.4483088581576524,-3.225511955873912e-07,1.1901837955070787e-17
257,120,957,-1.4469215891364287,-3.224500095990989e-07,9.509138231995965e-18
257,120,958,-1.4455343201152049,-3.223445089023668e-07,4.871394353325509e-17
257,120,959,-1.444147051093981,-3.222413194652285e-07,-4.735447167356915e-17
257,120,960,-1.4427597820727571,-3.221470596245917e-07,-5.297392217061884e-17
257,120,961,-1.4413725130515334,-3.2206815614982e-07,-6.665269231086084e-18
257,120,962,-1.4399852440303096,-3.2201066659821283e-07,-4.4234688945247534e-18
257,120,963,-1.4385979750090858,-3.2198010834037775e-07,-1.094968051282411e-16
257,120,964,-1.437210705987862,-3.2198129418060067e-07,-3.419108935306062e-19
257,120,965,-1.4358234369666383,-3.220181923622012e-07,1.0016168533186782e-16
257,120,966,-1.4344361679454143,-3.220938031867898e-07,-4.5587575463483753e-17
257,120,967,-1.4330488989241905,-3.2221006244517874e-07,-3.768661551916465e-18
257,120,968,-1.4316616299029667,-3.223677779316438e-07,-1.0386835661385843e-17
257,120,969,-1.430274360881743,-3.225665913595555e-07,-4.2268114138419556e-17
257,120,970,-1.4288870918605192,-3.2280497894917836e-07,7.509637934513418e-20
257,120,971,-1.4274998228392954,-3.230802867377143e-07,-4.0041879933055704e-17
257,120,972,-1.4261125538180714,-3.233887949556256e-07,5.2807586214906726e-17
257,120,973,-1.4247252847968477,-3.237258229182929e-07,1.503047186082052e-18
257,120,974,-1.423338015775624,-3.240858589120365e-07,1.0249336253670056e-17
257,120,975,-1.4219507467544001,-3.244627187540212e-07,1.421702619970455e-17
257,120,976,-1.4205634777331764,-3.248497312717967e-07,1.085809520767385e-17
257,120,977,-1.4191762087119526,-3.2523993877837437e-07,1.1825063551253612e-17
257,120,978,-1.4177889396907286,-3.256263096643528e-07,-3.6231919343087845e-17
257,120,979,-1.4164016706695048,-3.260019643866284e-07,5.908168068020207e-17
257,120,980,-1.415014401648281,-3.2636039367488633e-07,-8.574924986352041e-17
257,120,981,-1.4136271326270573,-3.266956743157643e-07,1.2536089660653246e-17
257,120,982,-1.4122398636058335,-3.270026776563263e-07,9.408366191653707e-18
257,120,983,-1.4108525945846098,-3.2727724629632354e-07,9.162885067643265e-18
257,120,984,-1.4094653255633858,-3.275163590631767e-07,5.32604788080142e-17
257,120,985,-1.408078056542162,-3.2771825747923123e-07,5.257856648871172e-17
257,120,986,-1.4066907875209382,-3.278825388436602e-07,4.478178584807766e-17
257,120,987,-1.4053035184997145,-3.280102145684473e-07,-5.725088026608614e-18
257,120,988,-1.4039162494784907,-3.281037193853192e-07,-7.166828529909493e-18
257,120,989,-1.402528980457267,-3.281668861876781e-07,-8.959811744989005e-18
257,120,990,-1.401141711436043,-3.282048714512488e-07,3.1351837582858026e-17
257,120,991,-1.3997544424148192,-3.282240403462969e-07,-1.7661741046492496e-17
257,120,992,-1.3983671733935954,-3.2823181554290824e-07,-1.7178151908765144e-17
257,120,993,-1.3969799043723716,-3.2823648112424594e-07,-1.957470369796209e-17
257,120,994,-1.3955926353511479,-3.282469630273796e-07,7.309976155675697e-17
257,120,995,-1.394205366329924,-3.282725790826329e-07,-2.2277766794255507e-17
257,120,996,-1.3928180973087003,-3.283227670712267e-07,7.022668634706197e-17
257,120,997,-1.3914308282874763,-3.2840680587486864e-07,2.536937896579884e-17
257,120,998,-1.3900435592662526,-3.285335277546592e-07,-2.1929622850060616e-17
257,120,999,-1.3886562902450288,-3.2871103287594247e-07,-2.0651784012466648e-17
257,120,1000,-1.387269021223805,-3.289464203882128e-07,-1.875697586337992e-17
257,120,1001,-1.3858817522025813,-3.2924553546533133e-07,-1.6258946302938588e-17
257,120,1002,-1.3844944831813575,-3.296127457239266e-07,-1.3758543471623078e-17
257,120,1003,-1.3831072141601335,-3.300507495627778e-07,3.5418494585379686e-17
257,120,1004,-1.3817199451389097,-3.305604310405116e-07,8.827243450642364e-17
257,120,1005,-1.380332676117686,-3.311407568873172e-07,-4.0771804447462875e-18
257,120,1006,-1.3789454070964622,-3.317887260251044e-07,9.407690303185778e-17
257,120,1007,-1.3775581380752384,-3.324993717641186e-07,1.89759239296428e-18
257,120,1008,-1.3761708690540146,-3.3326582257283303e-07,4.952083454668376e-18
257,120,1009,-1.3747836000327907,-3.3407941294285955e-07,1.1026175912444165e-17
257,120,1010,-1.3733963310115669,-3.3492984996425683e-07,-3.157770402922446e-17
257,120,1011,-1.3720090619903431,-3.3580543341928003e-07,1.3271046763481466e-17
257,120,1012,-1.3706217929691193,-3.3669331321350247e-07,-3.101658743809138e-17
257,120,1013,-1.3692345239478956,-3.375797952906727e-07,6.718090993823859e-17
257,120,1014,-1.3678472549266718,-3.384506742622192e-07,6.745043849358803e-17
257,120,1015,-1.3664599859054478,-3.392915896031489e-07,1.7542585098907067e-17
257,120,1016,-1.365072716884224,-3.4008839997217845e-07,1.9385543484412246e-17
257,120,1017,-1.3636854478630003,-3.408275578653182e-07,1.7186855357642834e-17
257,120,1018,-1.3622981788417765,-3.414964828620514e-07,-3.014819652728077e-17
257,120,1019,-1.3609109098205527,-3.420839129948012e-07,1.111866426737625e-16
257,120,1020,-1.359523640799329,-3.4258023737120494e-07,-2.868965808723866e-17
257,120,1021,-1.358136371778105,-3.429777866935377e-07,6.30621826360515e-17
257,120,1022,-1.3567491027568812,-3.432710828716882e-07,1.3511226829269307e-17
257,120,1023,-1.3553618337356574,-3.434570337147934e-07,8.45967116720998e-18
257,120,1024,-1.3539745647144337,-3.4353507282268454e-07,1.428566622677615e-17
257,120,1025,-1.35258729569321,-3.435072302062698e-07,5.290238460711414e-17
257,120,1026,-1.3512000266719861,-3.433781407048754e-07,7.189052418495081e-18
257,120,1027,-1.3498127576507624,-3.4315497932691894e-07,5.402787050288926e-17
257,120,1028,-1.3484254886295384,-3.4284732994696455e-07,1.3818647285723773e-18
257,120,1029,-1.3470382196083146,-3.4246698919554963e-07,-4.9613838229310855e-17
257,120,1030,-1.3456509505870908,-3.420277044406153e-07,4.5328842107143227e-17
257,120,1031,-1.344263681565867,-3.415448577996012e-07,-9.250592304845901e-18
257,120,1032,-1.3428764125446433,-3.410350997134442e-07,3.2480396071617095e-18
257,120,1033,-1.3414891435234195,-3.405159425277684e-07,-5.3106722965829193e-17
257,120,1034,-1.3401018745021955,-3.400053253831799e-07,-8.94989460223949e-18
257,120,1035,-1.3387146054809718,-3.39521157992894e-07,-1.3306458302692878e-17
257,120,1036,-1.337327336459748,-3.390808601482257e-07,-6.538293866387291e-17
257,120,1037,-1.3359400674385242,-3.3870090502184936e-07,-9.524752051970527e-17
257,120,1038,-1.3345527984173005,-3.3839638070527453e-07,-7.044566726014497e-18
257,120,1039,-1.3331655293960767,-3.381805812118491e-07,-3.552547315419839e-18
257,120,1040,-1.3317782603748527,-3.3806464200910524e-07,3.8260515741233204e-17
257,120,1041,-1.330390991353629,-3.3805722173198414e-07,-5.6353328438467884e-18
257,120,1042,-1.3290037223324052,-3.381642496540012e-07,9.15858481318574e-17
257,120,1043,-1.3276164533111814,-3.383887412890042e-07,-1.0344150507950927e-17
257,120,1044,-1.3262291842899576,-3.387306861351118e-07,-5.814269712930477e-17
257,120,1045,-1.3248419152687338,-3.391870171304833e-07,7.717722123403268e-17
257,120,1046,-1.3234546462475099,-3.3975165903750725e-07,7.505563007437823e-17
257,120,1047,-1.322067377226286,-3.4041565763979834e-07,-5.5355054923274875e-17
257,120,1048,-1.3206801082050623,-3.4116738742190915e-07,5.4282243217541736e-17
257,120,1049,-1.3192928391838386,-3.4199283006829595e-07,-8.368818679825083e-18
257,120,1050,-1.3179055701626148,-3.4287592290702955e-07,3.881731360471056e-17
257,120,1051,-1.316518301141391,-3.437989624545849e-07,9.198528612683266e-17
257,120,1052,-1.315131032120167,-3.4474305645823675e-07,-1.5475615507854835e-17
257,120,1053,-1.3137437630989433,-3.456886144682653e-07,-6.2946246884733e-17
257,120,1054,-1.3123564940777195,-3.4661585573193066e-07,-4.524509792692504e-17
257,120,1055,-1.3109692250564957,-3.475053341004865e-07,-1.8284247147934306e-17
257,120,1056,-1.309581956035272,-3.4833845304568293e-07,1.391435608784894e-17
257,120,1057,-1.3081946870140482,-3.490979669325314e-07,-1.3934743786759447e-17
257,120,1058,-1.3068074179928244,-3.4976844568725825e-07,1.0026020564018895e-18
257,120,1059,-1.3054201489716004,-3.5033670175677057e-07,3.2851354257931467e-17
257,120,1060,-1.3040328799503766,-3.5079215478974934e-07,-1.4428640753723305e-17
257,120,1061,-1.3026456109291529,-3.511271325521234e-07,4.9052413857892216e-17
257,120,1062,-1.301258341907929,-3.513370980566613e-07,1.4756130392840693e-17
257,120,1063,-1.2998710728867053,-3.514207938540456e-07,1.710855119929783e-17
257,120,1064,-1.2984838038654816,-3.5138030087976155e-07,-5.2814763564242887e-17
257,120,1065,-1.2970965348442576,-3.512210092338123e-07,5.104281285477986e-17
257,120,1066,-1.2957092658230338,-3.5095150237684294e-07,-8.42891893948648e-17
257,120,1067,-1.29432199680181,-3.505833557753352e-07,-3.7540430351098913e-17
257,120,1068,-1.2929347277805863,-3.5013085615587096e-07,1.867109062640557e-17
257,120,1069,-1.2915474587593625,-3.496106486394889e-07,-3.2342788323248655e-17
257,120,1070,-1.2901601897381387,-3.490413189217439e-07,5.793246222557001e-17
257,120,1071,-1.2887729207169147,-3.484429255241696e-07,1.834387973413143e-17
257,120,1072,-1.287385651695691,-3.478364898572787e-07,-6.448991542765347e-17
257,120,1073,-1.2859983826744672,-3.4724346100345853e-07,2.7262618205680994e-17
257,120,1074,-1.2846111136532434,-3.4668516782344274e-07,1.428249461879162e-17
257,120,1075,-1.2832238446320197,-3.461822735448346e-07,4.932956030085002e-18
257,120,1076,-1.281836575610796,-3.457542465451779e-07,-3.782720107877555e-17
257,120,1077,-1.280449306589572,-3.454188632479362e-07,-4.4113317821797574e-17
257,120,1078,-1.2790620375683481,-3.4519175328134214e-07,-8.567781995355873e-17
257,120,1079,-1.2776747685471244,-3.450860023551253e-07,-3.302435117385024e-17
257,120,1080,-1.2762874995259006,-3.4511182059881776e-07,3.2742078079235706e-17
257,120,1081,-1.2749002305046768,-3.4527628570961895e-07,-2.3929975570826604e-17
257,120,1082,-1.273512961483453,-3.4558316884383233e-07,2.907488003593019e-18
257,120,1083,-1.272125692462229,-3.46032843593466e-07,-3.451965815440148e-17
257,120,1084,-1.2707384234410053,-3.466222863439141e-07,4.454677015757989e-18
257,120,1085,-1.2693511544197815,-3.473451610869545e-07,6.099075262001677e-17
257,120,1086,-1.2679638853985578,-3.4819198896954886e-07,4.651489989083404e-17
257,120,1087,-1.266576616377334,-3.4915039767265214e-07,-1.4747915869243494e-17
257,120,1088,-1.2651893473561102,-3.502054439882113e-07,-3.410174689589691e-17
257,120,1089,-1.2638020783348864,-3.513399947465178e-07,-1.97710862815173e-17
257,120,1090,-1.2624148093136625,-3.5253516529226056e-07,-6.898278146353668e-17
257,120,1091,-1.2610275402924387,-3.5377079508479366e-07,-3.5295658204741e-17
257,120,1092,-1.259640271271215,-3.550259499232095e-07,2.229577189028195e-17
257,120,1093,-1.2582530022499911,-3.562794377549522e-07,-9.64805448289118e-17
257,120,1094,-1.2568657332287674,-3.575103255022435e-07,-7.011219048650544e-17
257,120,1095,-1.2554784642075436,-3.586984393190805e-07,-2.3214265187003448e-17
257,120,1096,-1.2540911951863196,-3.5982483949039537e-07,1.153417828546807e-17
257,120,1097,-1.2527039261650958,-3.608722537122995e-07,-2.301702657110455e-17
257,120,1098,-1.251316657143872,-3.618254634553425e-07,8.226493287264742e-17
257,120,1099,-1.2499293881226483,-3.626716273644422e-07,1.2701079947194985e-17
257,120,1100,-1.2485421191014245,-3.634005387619098e-07,-8.532765645838589e-17
257,120,1101,-1.2471548500802008,-3.6400481231866265e-07,4.710780754023991e-17
257,120,1102,-1.2457675810589768,-3.644799917977389e-07,4.2608218519051495e-17
257,120,1103,-1.244380312037753,-3.6482458262630554e-07,-1.9949126383936126e-17
257,120,1104,-1.2429930430165292,-3.6504000724693167e-07,2.2322926402116534e-17
257,120,1105,-1.2416057739953055,-3.651304877337589e-07,7.663926291376067e-17
257,120,1106,-1.2402185049740817,-3.6510285970555155e-07,6.778657252080186e-17
257,120,1107,-1.238831235952858,-3.64966325802262e-07,9.095371836968901e-18
257,120,1108,-1.237443966931634,-3.6473215454597355e-07,5.352496132022481e-18
257,120,1109,-1.2360566979104102,-3.6441333706790917e-07,-4.9902144929268177e-17
257,120,1110,-1.2346694288891864,-3.6402421112148636e-07,1.0411384771165392e-17
257,120,1111,-1.2332821598679626,-3.6358006227444883e-07,2.2983331256635476e-17
257,120,1112,-1.2318948908467389,-3.630967172466986e-07,-4.8584094019652365e-18
257,120,1113,-1.230507621825515,-3.625901370037763e-07,6.576240178501088e-17
257,120,1114,-1.229120352804291,-3.620760234183938e-07,6.323941290210571e-17
257,120,1115,-1.2277330837830673,-3.615694493787347e-07,3.1864518890592776e-17
257,120,1116,-1.2263458147618436,-3.6108452033762303e-07,-3.707250119602825e-17
257,120,1117,-1.2249585457406198,-3.606340788058339e-07,8.83364448094352e-18
257,120,1118,-1.223571276719396,-3.60229452863889e-07,8.481517499104637e-18
257,120,1119,-1.2221840076981723,-3.5988026084622785e-07,5.661772131933689e-17
257,120,1120,-1.2207967386769485,-3.59594269484191e-07,-1.9453585641243717e-17
257,120,1121,-1.2194094696557245,-3.59377310645778e-07,-2.175381450177645e-17
257,120,1122,-1.2180222006345007,-3.592332544218761e-07,-4.023349085089616e-17
257,120,1123,-1.216634931613277,-3.5916403860470326e-07,3.5952748006759755e-17
257,120,1124,-1.2152476625920532,-3.591697491511596e-07,-6.655298827333917e-18
257,120,1125,-1.2138603935708294,-3.592487483046872e-07,-1.3726926190859718e-17
257,120,1126,-1.2124731245496057,-3.5939784302456174e-07,-6.706883261285234e-17
257,120,1127,-1.2110858555283817,-3.5961248680249637e-07,3.2995906322990567e-17
257,120,1128,-1.209698586507158,-3.5988700798640753e-07,-1.5791363843690096e-17
257,120,1129,-1.2083113174859341,-3.6021485456893265e-07,6.62493206876933e-17
257,120,1130,-1.2069240484647104,-3.605888489229647e-07,-8.431671871374617e-18
257,120,1131,-1.2055367794434866,-3.610014414959692e-07,9.551880010360422e-17
257,120,1132,-1.2041495104222628,-3.614449587195701e-07,-6.228026250862957e-17
257,120,1133,-1.2027622414010388,-3.619118342956488e-07,-1.160558459278104e-17
257,120,1134,-1.201374972379815,-3.6239482033398363e-07,7.209024730060082e-17
257,120,1135,-1.1999877033585913,-3.628871704299906e-07,-4.5384722456111505e-17
257,120,1136,-1.1986004343373675,-3.6338279177355377e-07,3.723322347929794e-17
257,120,1137,-1.1972131653161437,-3.6387636323557097e-07,2.4654003919476764e-17
257,120,1138,-1.19582589629492,-3.643634155878422e-07,-6.961848678530698e-18
257,120,1139,-1.194438627273696,-3.648403774389865e-07,-1.6042964101010255e-18
257,120,1140,-1.1930513582524722,-3.6530458375595025e-07,-4.7796330054834593e-17
257,120,1141,-1.1916640892312484,-3.6575425008846594e-07,1.6072171934565665e-17
257,120,1142,-1.1902768202100247,-3.6618841897694186e-07,4.6042599641561343e-17
257,120,1143,-1.188889551188801,-3.666068764960363e-07,-8.738906378888684e-18
257,120,1144,-1.1875022821675771,-3.670100499190385e-07,2.469791533455473e-17
257,120,1145,-1.1861150131463534,-3.6739888704966044e-07,5.520529060462163e-17
257,120,1146,-1.1847277441251294,-3.6777472665275017e-07,-7.120480550527282e-17
257,120,1147,-1.1833404751039056,-3.681391631462273e-07,5.1837360174172065e-17
257,120,1148,-1.1819532060826818,-3.68493911924432e-07,4.4633484806704456e-17
257,120,1149,-1.180565937061458,-3.6884068168554436e-07,9.176483869442327e-18
257,120,1150,-1.1791786680402343,-3.69181057425106e-07,-2.548214775406247e-18
257,120,1151,-1.1777913990190105,-3.695163986160692e-07,-5.672891916892716e-17
257,120,1152,-1.1764041299977865,-3.698477552817029e-07,-2.1429310598602365e-17
257,120,1153,-1.1750168609765628,-3.7017580581104164e-07,-9.768160794591203e-17
257,120,1154,-1.173629591955339,-3.705008172951342e-07,-9.967027567363368e-17
257,120,1155,-1.1722423229341152,-3.7082262730091135e-07,-4.439103527958761e-18
257,120,1156,-1.1708550539128915,-3.7114064950636445e-07,7.351751233392735e-18
257,120,1157,-1.1694677848916677,-3.7145390010727494e-07,-5.0561899787597056e-17
257,120,1158,-1.1680805158704437,-3.7176104140320945e-07,-5.423403652167703e-17
257,120,1159,-1.16669324684922,-3.7206044344661255e-07,3.328819552543957e-17
257,120,1160,-1.1653059778279962,-3.7235025593718875e-07,4.336188799518517e-17
257,120,1161,-1.1639187088067724,-3.726284900823191e-07,-1.496291140202566e-17
257,120,1162,-1.1625314397855486,-3.728931040491068e-07,2.2649546516099562e-17
257,120,1163,-1.1611441707643249,-3.7314208862244674e-07,2.949145147711963e-17
257,120,1164,-1.1597569017431009,-3.7337354967642524e-07,-3.7678063426643425e-17
257,120,1165,-1.158369632721877,-3.7358578280031087e-07,-5.549171792391074e-19
257,120,1166,-1.1569823637006533,-3.737773370876448e-07,-3.408706422282407e-17
257,120,1167,-1.1555950946794296,-3.739470673666439e-07,2.1459159807445415e-17
257,120,1168,-1.1542078256582058,-3.740941681186899e-07,-1.816001350392869e-17
257,120,1169,-1.152820556636982,-3.7421819542350153e-07,-5.134854893078893e-17
257,120,1170,-1.151433287615758,-3.743190685024434e-07,-2.0783181286500945e-17
257,120,1171,-1.1500460185945343,-3.743970581221476e-07,4.30337330409885e-18
257,120,1172,-1.1486587495733105,-3.7445275814281703e-07,-1.3542582484785457e-18
257,120,1173,-1.1472714805520867,-3.7448704551032606e-07,4.959351601990896e-18
257,120,1174,-1.145884211530863,-3.745010301116146e-07,-1.2629219215089023e-17
257,120,1175,-1.1444969425096392,-3.7449599671728926e-07,-4.689421660186332e-17
257,120,1176,-1.1431096734884154,-3.744733433427838e-07,4.661982130859028e-17
257,120,1177,-1.1417224044671914,-3.744345211285159e-07,6.740812658049789e-17
257,120,1178,-1.1403351354459677,-3.74380974881895e-07,7.16467320104459e-18
257,120,1179,-1.1389478664247439,-3.7431409364673183e-07,2.640053216351622e-17
257,120,1180,-1.1375605974035201,-3.742351698346919e-07,3.632915433215367e-17
257,120,1181,-1.1361733283822963,-3.7414537165284894e-07,5.1756487706060514e-17
257,120,1182,-1.1347860593610726,-3.7404573054946663e-07,4.731625166267138e-17
257,120,1183,-1.1333987903398486,-3.739371452502389e-07,-2.1629538310084416e-17
257,120,1184,-1.1320115213186248,-3.738204023543412e-07,2.376289926630459e-17
257,120,1185,-1.130624252297401,-3.7369621432228915e-07,3.215890275237504e-17
257,120,1186,-1.1292369832761773,-3.735652722681201e-07,-7.364846303287875e-18
257,120,1187,-1.1278497142549535,-3.734283128574557e-07,-5.786974882149478e-17
257,120,1188,-1.1264624452337297,-3.732861960934192e-07,-4.7645082949495476e-17
257,120,1189,-1.1250751762125057,-3.731399899476194e-07,-9.616432571477286e-17
257,120,1190,-1.123687907191282,-3.729910602847693e-07,-2.839510679692263e-17
257,120,1191,-1.1223006381700582,-3.7284115758926855e-07,-1.7297266792710635e-17
257,120,1192,-1.1209133691488344,-3.72692499610119e-07,-4.016603115152461e-17
257,120,1193,-1.1195261001276107,-3.7254784514496614e-07,-9.508818274884054e-17
257,120,1194,-1.118138831106387,-3.724105506864781e-07,-1.6830040274500006e-17
257,120,1195,-1.116751562085163,-3.722846112609504e-07,-3.467452248085944e-18
257,120,1196,-1.1153642930639391,-3.72174677240953e-07,-4.8400789854212016e-17
257,120,1197,-1.1139770240427154,-3.7208604828996183e-07,-2.167062883579472e-17
257,120,1198,-1.1125897550214916,-3.720246386786379e-07,-5.974066536878949e-17
257,120,1199,-1.1112024860002678,-3.719969162951162e-07,-4.4589813881630955e-17
257,120,1200,-1.109815216979044,-3.7200981302185156e-07,-3.397784086062893e-17
257,120,1201,-1.10842794795782,-3.720706099884986e-07,-3.6970220697457105e-17
257,120,1202,-1.1070406789365963,-3.7218679822093036e-07,-2.6269991242918033e-17
257,120,1203,-1.1056534099153725,-3.723659176676466e-07,7.846357102639552e-18
257,120,1204,-1.1042661408941488,-3.7261538366531345e-07,1.7665163082560172e-17
257,120,1205,-1.102878871872925,-3.7294229760814845e-07,-1.9649136927518135e-17
257,120,1206,-1.1014916028517012,-3.7335325829913853e-07,6.560163735567176e-17
257,120,1207,-1.1001043338304775,-3.738541701486641e-07,7.457822506526273e-17
257,120,1208,-1.0987170648092535,-3.744500646389264e-07,2.290962470776761e-17
257,120,1209,-1.0973297957880297,-3.751449342351066e-07,6.075049222131519e-17
257,120,1210,-1.095942526766806,-3.759415886420306e-07,2.094919149473674e-17
257,120,1211,-1.0945552577455822,-3.768415431151941e-07,3.8052365829102015e-17
257,120,1212,-1.0931679887243584,-3.778449366648791e-07,1.3789362609458133e-16
257,120,1213,-1.0917807197031346,-3.789504906706955e-07,1.3104243047658003e-17
257,120,1214,-1.0903934506819106,-3.8015551183412407e-07,1.0638036215284316e-16
257,120,1215,-1.0890061816606869,-3.8145593693982716e-07,4.397340714949403e-17
257,120,1216,-1.087618912639463,-3.8284642426128115e-07,5.387381832309743e-17
257,120,1217,-1.0862316436182393,-3.843204909647359e-07,1.3871043915100003e-17
257,120,1218,-1.0848443745970155,-3.8587069071328175e-07,2.1706412461525132e-17
257,120,1219,-1.0834571055757918,-3.874888339226286e-07,-1.6619799689244084e-17
257,120,1220,-1.0820698365545678,-3.89166238563081e-07,-2.102562793611927e-17
257,120,1221,-1.080682567533344,-3.9089401059943327e-07,2.129843631987447e-17
257,120,1222,-1.0792952985121202,-3.926633448744341e-07,-7.394518893656985e-18
257,120,1223,-1.0779080294908965,-3.9446583678022793e-07,1.8589485164238154e-17
257,120,1224,-1.0765207604696727,-3.9629379720115155e-07,-9.146851775840113e-18
257,120,1225,-1.075133491448449,-3.9814056138588355e-07,-2.461320401455548e-17
257,120,1226,-1.073746222427225,-4.0000078141872815e-07,-3.9189014633836876e-18
257,120,1227,-1.0723589534060012,-4.0187069357074357e-07,-4.7809607078851837e-17
257,120,1228,-1.0709716843847774,-4.0374835302848996e-07,2.707283913545108e-17
257,120,1229,-1.0695844153635536,-4.0563382491864293e-07,-6.218416487152655e-17
257,120,1230,-1.0681971463423299,-4.0752933133645033e-07,-9.797198106537505e-18
257,120,1231,-1.066809877321106,-4.094393412097067e-07,-2.707603461122827e-17
257,120,1232,-1.0654226082998821,-4.113706071827888e-07,-2.000886090649326e-17
257,120,1233,-1.0640353392786583,-4.13332142509257e-07,-2.4069220043385153e-17
257,120,1234,-1.0626480702574346,-4.153351398910053e-07,1.3370141484195249e-17
257,120,1235,-1.0612608012362108,-4.1739283572166325e-07,-6.585338145656741e-17
257,120,1236,-1.059873532214987,-4.1952032048253565e-07,7.958731033426067e-18
257,120,1237,-1.0584862631937633,-4.217343044387424e-07,-7.083766142820267e-17
257,120,1238,-1.0570989941725395,-4.2405284290121084e-07,-1.3803232754022112e-17
257,120,1239,-1.0557117251513155,-4.2649503179242377e-07,-2.740525649080927e-17
257,120,1240,-1.0543244561300917,-4.2908068253745184e-07,1.822909614307472e-17
257,120,1241,-1.052937187108868,-4.3182998837580393e-07,-3.0712013789866206e-17
257,120,1242,-1.0515499180876442,-4.347631897631105e-07,8.283936108396878e-18
257,120,1243,-1.0501626490664204,-4.3790025658262605e-07,-3.878225228984427e-20
257,120,1244,-1.0487753800451967,-4.412605913439915e-07,2.67785527764687e-17
257,120,1245,-1.0473881110239727,-4.4486276893164943e-07,5.3115346409845555e-17
257,120,1246,-1.046000842002749,-4.4872432199856144e-07,-1.525218058848231e-17
257,120,1247,-1.0446135729815251,-4.528615779389644e-07,3.3385263740210527e-17
257,120,1248,-1.0432263039603014,-4.572895564259675e-07,4.622373389940753e-17
257,120,1249,-1.0418390349390776,-4.6202193498736903e-07,-5.590704947070738e-19
257,120,1250,-1.0404517659178538,-4.670710772884275e-07,9.346901129617769e-17
257,120,1251,-1.0390644968966298,-4.7244813813845394e-07,2.1937619152165215e-17
257,120,1252,-1.037677227875406,-4.781632303332573e-07,3.237654044805957e-17
257,120,1253,-1.0362899588541823,-4.842256615736728e-07,3.045226736726911e-17
257,120,1254,-1.0349026898329585,-4.906442270933059e-07,2.8138501923855806e-17
257,120,1255,-1.0335154208117348,-4.9742755801791e-07,3.7141131556493605e-17
257,120,1256,-1.032128151790511,-5.04584510082372e-07,-4.8279075950979666e-17
257,120,1257,-1.030740882769287,-5.121245890065273e-07,-7.48016389790241e-17
257,120,1258,-1.0293536137480632,-5.200583925807317e-07,-3.112528010832246e-17
257,120,1259,-1.0279663447268395,-5.283980675887744e-07,1.1614443675516754e-18
257,120,1260,-1.0265790757056157,-5.371577590580988e-07,-1.362261284429895e-17
257,120,1261,-1.025191806684392,-5.46354047118921e-07,-4.84219011790847e-18
257,120,1262,-1.0238045376631681,-5.560063546829934e-07,4.213075461214623e-18
257,120,1263,-1.0224172686419442,-5.661373175270883e-07,4.890872340616942e-17
257,120,1264,-1.0210299996207204,-5.767731061421261e-07,1.1964834614725493e-17
257,120,1265,-1.0196427305994966,-5.879436933702438e-07,3.3594609685362393e-17
257,120,1266,-1.0182554615782728,-5.996830552479425e-07,-3.8306247487464844e-17
257,120,1267,-1.016868192557049,-6.120293111669603e-07,-3.05514467286484e-18
257,120,1268,-1.0154809235358253,-6.25024792202669e-07,-2.7192281458952423e-17
257,120,1269,-1.0140936545146015,-6.387160420141985e-07,8.407211057211553e-18
257,120,1270,-1.0127063854933775,-6.531537562988036e-07,2.1187348592316084e-17
257,120,1271,-1.0113191164721538,-6.683926583121966e-07,-3.649589762430556e-17
257,120,1272,-1.00993184745093,-6.844913251425802e-07,-1.129804967880081e-17
257,120,1273,-1.0085445784297062,-7.015119707354579e-07,7.297356462875445e-17
257,120,1274,-1.0071573094084825,-7.195201950794552e-07,-7.852358609888206e-17
257,120,1275,-1.0057700403872587,-7.385847140750262e-07,1.7552090227341808e-17
257,120,1276,-1.0043827713660347,-7.587770818603273e-07,3.1966320461085035e-17
257,120,1277,-1.002995502344811,-7.801714186023382e-07,-4.868028982502596e-17
257,120,1278,-1.0016082333235872,-8.028441586613662e-07,5.862502477529705e-17
257,120,1279,-1.0002209643023634,-8.268738283847835e-07,3.762223593978973e-17
257,120,1280,-0.9988336952811396,-8.523408704171718e-07,3.2662998750631158e-18
257,120,1281,-0.9974464262599159,-8.793275228764247e-07,4.671851360991638e-18
257,120,1282,-0.9960591572386919,-9.079177598590545e-07,-2.946101847112669e-17
257,120,1283,-0.9946718882174681,-9.381973081935679e-07,6.693096131849286e-18
257,120,1284,-0.9932846191962443,-9.702537365260637e-07,-2.750653548730796e-17
257,120,1285,-0.9918973501750206,-1.004176626857879e-06,6.658397441902242e-17
257,120,1286,-0.9905100811537968,-1.0400578252001948e-06,-3.8449724957009325e-18
257,120,1287,-0.989122812132573,-1.0779917705501976e-06,-1.59239566785787e-17
257,120,1288,-0.987735543111349,-1.1180758979771538e-06,-7.601513739239695e-17
257,120,1289,-0.9863482740901253,-1.160411109778238e-06,4.025974861991073e-17
257,120,1290,-0.9849610050689015,-1.2051023041494621e-06,2.8558676020074256e-17
257,120,1291,-0.9835737360476777,-1.2522589561192875e-06,3.7655351910764575e-18
257,120,1292,-0.982186467026454,-1.3019957327552044e-06,3.657144822388558e-17
257,120,1293,-0.9807991980052302,-1.3544331360264626e-06,-2.7144857181776235e-19
257,120,1294,-0.9794119289840062,-1.4096981590844884e-06,-1.3376689856178335e-17
257,120,1295,-0.9780246599627824,-1.4679249389527352e-06,2.0836734345155912e-17
257,120,1296,-0.9766373909415587,-1.5292554003966548e-06,-1.4960001532748238e-17
257,120,1297,-0.9752501219203349,-1.593839874097264e-06,-1.675868040668983e-17
257,120,1298,-0.9738628528991111,-1.6618376788066276e-06,1.8377334411935227e-17
257,120,1299,-0.9724755838778874,-1.7334176618668904e-06,-1.843035614806189e-17
257,120,1300,-0.9710883148566636,-1.8087586888229868e-06,-6.062780807317117e-18
257,120,1301,-0.9697010458354396,-1.8880500767021525e-06,4.958841973873052e-18
257,120,1302,-0.9683137768142158,-1.9714919710307315e-06,-1.248326735010377e-16
257,120,1303,-0.966926507792992,-2.0592956641211218e-06,1.6919386615664253e-17
257,120,1304,-0.9655392387717683,-2.1516838575204605e-06,-6.447664119668104e-17
257,120,1305,-0.9641519697505445,-2.248890875786555e-06,-6.417797849876978e-17
257,120,1306,-0.9627647007293207,-2.351162832431934e-06,-3.945092681622075e-17
257,120,1307,-0.9613774317080968,-2.4587577650105706e-06,1.0160279813872793e-17
257,120,1308,-0.959990162686873,-2.5719457433505182e-06,-6.08585214314315e-17
257,120,1309,-0.9586028936656492,-2.691008963950361e-06,4.700261021682893e-17
257,120,1310,-0.9572156246444254,-2.8162418477490313e-06,7.279922572466944e-17
257,120,1311,-0.9558283556232017,-2.9479511470709304e-06,-2.2061400970783868e-17
257,120,1312,-0.9544410866019779,-3.086456082266132e-06,2.8987513401421225e-18
257,120,1313,-0.9530538175807539,-3.232088515576178e-06,-4.21923572080602e-17
257,120,1314,-0.9516665485595301,-3.3851931774170993e-06,1.9245762308839845e-17
257,120,1315,-0.9502792795383064,-3.5461279542742466e-06,3.158737842096848e-17
257,120,1316,-0.9488920105170826,-3.715264249613375e-06,-2.792956305019082e-17
257,120,1317,-0.9475047414958588,-3.892987420985663e-06,2.070264485748836e-17
257,120,1318,-0.9461174724746351,-4.079697304464939e-06,7.985626321506404e-17
257,120,1319,-0.9447302034534111,-4.275808823892022e-06,1.0235672861086627e-16
257,120,1320,-0.9433429344321873,-4.481752689826494e-06,-1.941024791758233e-17
257,120,1321,-0.9419556654109635,-4.697976184924488e-06,7.320451635706011e-17
257,120,1322,-0.9405683963897398,-4.9249440292022185e-06,4.427186358236136e-17
257,120,1323,-0.939181127368516,-5.1631393273613415e-06,5.409064157950535e-17
257,120,1324,-0.9377938583472922,-5.413064579215429e-06,5.1994118969751916e-18
257,120,1325,-0.9364065893260682,-5.6752427542005285e-06,-3.108766334981289e-17
257,120,1326,-0.9350193203048445,-5.950218413850139e-06,3.989865262562081e-17
257,120,1327,-0.9336320512836207,-6.238558871275363e-06,-1.967088035021512e-17
257,120,1328,-0.9322447822623969,-6.54085537927591e-06,3.555511220724779e-17
257,120,1329,-0.9308575132411732,-6.8577243333090676e-06,-1.1683616569975004e-16
257,120,1330,-0.9294702442199494,-7.1898084782629815e-06,-2.4374454836599623e-18
257,120,1331,-0.9280829751987256,-7.537778110635307e-06,1.0629203530070887e-17
257,120,1332,-0.9266957061775016,-7.90233226689626e-06,-7.545951173132609e-17
257,120,1333,-0.9253084371562779,-8.284199889217665e-06,3.209603157806331e-17
257,120,1334,-0.9239211681350541,-8.684140969234346e-06,3.115651734985231e-17
257,120,1335,-0.9225338991138303,-9.102947658861768e-06,-8.721911359363888e-17
257,120,1336,-0.9211466300926066,-9.541445355057348e-06,-2.907941143005903e-17
257,120,1337,-0.9197593610713828,-1.0000493754908105e-05,5.5820824193715644e-18
257,120,1338,-0.9183720920501588,-1.048098788950496e-05,-8.566529249156472e-18
257,120,1339,-0.916984823028935,-1.0983859137600996e-05,-5.564212880165048e-17
257,120,1340,-0.9155975540077113,-1.1510076231851843e-05,-1.8635289321117374e-17
257,120,1341,-0.9142102849864875,-1.2060646263615075e-05,-7.889462232446934e-17
257,120,1342,-0.9128230159652637,-1.263661570106298e-05,-7.911386122162772e-17
257,120,1343,-0.91143574694404,-1.3239071426081302e-05,-1.011018856074165e-16
257,120,1344,-0.910048477922816,-1.3869141810992967e-05,-6.329896494188721e-18
257,120,1345,-0.9086612089015922,-1.4527997839779298e-05,6.615721422865083e-18
257,120,1346,-0.9072739398803684,-1.5216854290874e-05,-2.7963610279658056e-17
257,120,1347,-0.9058866708591446,-1.5936970989175987e-05,5.4310456783161947e-17
257,120,1348,-0.9044994018379209,-1.6689654141180888e-05,7.167688384866102e-18
257,120,1349,-0.9031121328166971,-1.7476257759093814e-05,2.094713611080425e-17
257,120,1350,-0.9017248637954731,-1.8298185181641556e-05,3.248095373824871e-17
257,120,1351,-0.9003375947742494,-1.9156890695552057e-05,-1.326771773041442e-17
257,120,1352,-0.8989503257530256,-2.005388126220233e-05,1.0359739198306909e-16
257,120,1353,-0.8975630567318018,-2.0990718347384422e-05,3.2825776888533474e-17
257,120,1354,-0.896175787710578,-2.196901985343281e-05,-2.5138937977059756e-17
257,120,1355,-0.8947885186893543,-2.2990462149047206e-05,3.665806963762596e-19
257,120,1356,-0.8934012496681305,-2.405678219150576e-05,1.1089321786190713e-17
257,120,1357,-0.8920139806469065,-2.5169779731969654e-05,1.1321486500622597e-17
257,120,1358,-0.8906267116256827,-2.6331319596638e-05,3.7242600527171013e-17
257,120,1359,-0.889239442604459,-2.7543334031678714e-05,4.6795910752160175e-17
257,120,1360,-0.8878521735832352,-2.8807825100629785e-05,3.575841391712123e-17
257,120,1361,-0.8864649045620114,-3.0126867127957982e-05,-4.397978928139467e-17
257,120,1362,-0.8850776355407877,-3.1502609169894714e-05,7.328889808540764e-17
257,120,1363,-0.8836903665195637,-3.293727751273423e-05,7.489325628245726e-17
257,120,1364,-0.8823030974983399,-3.4433178179884076e-05,-8.03575012742386e-17
257,120,1365,-0.8809158284771161,-3.599269944885279e-05,2.8424504471965068e-18
257,120,1366,-0.8795285594558924,-3.761831436777109e-05,5.267991396189138e-17
257,120,1367,-0.8781412904346686,-3.9312583270506084e-05,-6.458766252783624e-18
257,120,1368,-0.8767540214134448,-4.1078156290055295e-05,1.8559164292129428e-17
257,120,1369,-0.8753667523922208,-4.2917775870610844e-05,5.308264238842478e-18
257,120,1370,-0.8739794833709971,-4.4834279284064975e-05,-6.289835194037508e-17
257,120,1371,-0.8725922143497733,-4.683060115500038e-05,1.1448366980139576e-16
257,120,1372,-0.8712049453285495,-4.8909776008404e-05,-2.749766463511139e-18
257,120,1373,-0.8698176763073258,-5.10749408422088e-05,8.421403604389219e-18
257,120,1374,-0.868430407286102,-5.332933774676718e-05,-1.0845072374546322e-16
257,120,1375,-0.867043138264878,-5.567631657619237e-05,2.1842686780344797e-17
257,120,1376,-0.8656558692436542,-5.811933769099627e-05,-6.087938261597192e-17
257,120,1377,-0.8642686002224305,-6.066197478583523e-05,9.274961028676394e-18
257,120,1378,-0.8628813312012067,-6.330791781269844e-05,-1.540255809028482e-18
257,120,1379,-0.8614940621799829,-6.606097601964183e-05,-4.8986704317635894e-17
257,120,1380,-0.8601067931587592,-6.892508110869385e-05,-4.586430005806639e-18
257,120,1381,-0.8587195241375352,-7.190429053331261e-05,5.551479423191014e-17
257,120,1382,-0.8573322551163114,-7.500279093424742e-05,6.815463330001054e-18
257,120,1383,-0.8559449860950876,-7.822490172580886e-05,1.009504681857213e-16
257,120,1384,-0.8545577170738639,-8.157507883511128e-05,-4.0614787077959314e-17
257,120,1385,-0.8531704480526401,-8.50579185909486e-05,2.750882865783964e-17
257,120,1386,-0.8517831790314163,-8.867816176577309e-05,-4.3233522691000367e-17
257,120,1387,-0.8503959100101925,-9.244069776244924e-05,-8.715486848531887e-18
257,120,1388,-0.8490086409889686,-9.635056893693715e-05,5.784331948997732e-17
257,120,1389,-0.8476213719677448,-0.00010041297505000062,6.843049062245677e-17
257,120,1390,-0.846234102946521,-0.00010463327783575249,-2.7453350087140782e-17
257,120,1391,-0.8448468339252972,-0.00010901700567079753,6.640819491620714e-18
257,120,1392,-0.8434595649040735,-0.00011356985833208306,1.7873512831416068e-17
257,120,1393,-0.8420722958828497,-0.00011829771182808708,3.945541748809718e-17
257,120,1394,-0.8406850268616257,-0.00012320662328701304,-1.9653541522944757e-17
257,120,1395,-0.839297757840402,-0.00012830283589035352,9.403469000290794e-17
257,120,1396,-0.8379104888191782,-0.00013359278383543133,-8.35373026820958e-17
257,120,1397,-0.8365232197979544,-0.00013908309731927948,-3.659930835876991e-17
257,120,1398,-0.8351359507767306,-0.00014478060753029157,-2.7145200244469655e-17
257,120,1399,-0.8337486817555069,-0.00015069235164608724,-4.2441189500942174e-18
257,120,1400,-0.8323614127342829,-0.0001568255778312142,-6.447172278728161e-17
257,120,1401,-0.8309741437130591,-0.00016318775023364777,-3.937711429936808e-17
257,120,1402,-0.8295868746918353,-0.00016978655398484235,5.4509198092785226e-17
257,120,1403,-0.8281996056706116,-0.00017662990021029444,-2.8342838626565303e-17
257,120,1404,-0.8268123366493878,-0.00018372593105553097,-5.183492913100291e-17
257,120,1405,-0.825425067628164,-0.00019108302474470183,-1.1083158884830961e-16
257,120,1406,-0.82403779860694,-0.0001987098006840337,3.0041237240495216e-17
257,120,1407,-0.8226505295857163,-0.00020661512462616513,-7.329554347265235e-17
257,120,1408,-0.8212632605644925,-0.00021480811391427155,-7.706867205860156e-19
257,120,1409,-0.8198759915432687,-0.0002232981428266214,3.5746178877706485e-17
257,120,1410,-0.818488722522045,-0.0002320948480385829,3.003870895528625e-17
257,120,1411,-0.8171014535008212,-0.00024120813422146917,6.87772048910386e-17
257,120,1412,-0.8157141844795972,-0.0002506481797967233,3.4486645686016204e-17
257,120,1413,-0.8143269154583734,-0.0002604254428605869,-3.8472009564940525e-17
257,120,1414,-0.8129396464371497,-0.0002705506672957477,-1.21550334093695e-17
257,120,1415,-0.8115523774159259,-0.0002810348890733119,6.107733538182763e-17
257,120,1416,-0.8101651083947021,-0.00029188944276225387,2.3091924999396473e-17
257,120,1417,-0.8087778393734784,-0.00030312596824113376,4.9914418302879956e-17
257,120,1418,-0.8073905703522546,-0.0003147564176186595,7.08277464545102e-17
257,120,1419,-0.8060033013310306,-0.00032679306235299546,-9.45128452556172e-18
257,120,1420,-0.8046160323098068,-0.00033924850056520767,-5.863775563887983e-17
257,120,1421,-0.8032287632885831,-0.00035213566453474305,9.077172391964348e-17
257,120,1422,-0.8018414942673593,-0.0003654678283586518,7.001236140678369e-17
257,120,1423,-0.8004542252461355,-0.00037925861576008517,3.105247059357268e-17
257,120,1424,-0.7990669562249118,-0.00039352200802106254,5.57568451950763e-17
257,120,1425,-0.7976796872036878,-0.00040827235202257005,1.2113368762287767e-16
257,120,1426,-0.796292418182464,-0.00042352436836110707,-2.857831673293475e-17
257,120,1427,-0.7949051491612402,-0.00043929315952676403,8.190323640371636e-17
257,120,1428,-0.7935178801400165,-0.0004555942181120726,1.0813850322385221e-17
257,120,1429,-0.7921306111187927,-0.0004724434350359501,-1.7847126682325592e-17
257,120,1430,-0.7907433420975689,-0.000489857107758656,-9.386812063604588e-17
257,120,1431,-0.7893560730763449,-0.0005078519484775835,3.3170090481742275e-17
257,120,1432,-0.7879688040551212,-0.0005264450922838414,4.948126477999049e-17
257,120,1433,-0.7865815350338974,-0.0005456541052772986,1.0540634066823043e-16
257,120,1434,-0.7851942660126736,-0.0005654969926323731,-3.9549109462456044e-17
257,120,1435,-0.7838069969914498,-0.0005859922066163964,-6.652105746927373e-17
257,120,1436,-0.7824197279702261,-0.0006071586545663006,1.3495643648846605e-17
257,120,1437,-0.7810324589490021,-0.0006290157068319551,-4.396673148823429e-17
257,120,1438,-0.7796451899277783,-0.0006515832047037345,1.3443372281437647e-17
257,120,1439,-0.7782579209065545,-0.0006748814683387353,3.3752111798831093e-17
257,120,1440,-0.7768706518853308,-0.0006989313047116723,-3.0612574887508316e-17
257,120,1441,-0.775483382864107,-0.0007237540156122094,-8.138273529435608e-17
257,120,1442,-0.7740961138428832,-0.0007493714057182098,1.733996059350009e-17
257,120,1443,-0.7727088448216595,-0.0007758057907686439,-9.252215738364549e-17
257,120,1444,-0.7713215758004357,-0.0008030800058680807,-7.38904186354474e-17
257,120,1445,-0.7699343067792119,-0.0008312174139472588,-1.9065214570544197e-17
257,120,1446,-0.7685470377579882,-0.0008602419144044235,-4.6374276206293244e-17
257,120,1447,-0.767159768736764,-0.0008901779519524095,-4.973830405735752e-17
257,120,1448,-0.7657724997155402,-0.000921050525684675,-5.801741401881306e-17
257,120,1449,-0.7643852306943164,-0.0009528851983797647,-1.948783518690007e-18
257,120,1450,-0.7629979616730926,-0.0009857081060485262,-1.443067577185591e-16
257,120,1451,-0.7616106926518689,-0.0010195459677299857,-1.0343337036739314e-16
257,120,1452,-0.7602234236306451,-0.0010544260955306034,-1.4031436476981925e-17
257,120,1453,-0.7588361546094213,-0.0010903764048995866,-6.083816915631107e-17
257,120,1454,-0.7574488855881976,-0.0011274254251253904,7.364776570312622e-18
257,120,1455,-0.7560616165669738,-0.0011656023100298112,9.97268695447818e-18
257,120,1456,-0.75467434754575,-0.0012049368488385222,-7.202400341504288e-17
257,120,1457,-0.7532870785245263,-0.001245459477191562,-1.936359021513513e-17
257,120,1458,-0.7518998095033025,-0.0012872012882648397,-9.155867744824033e-18
257,120,1459,-0.7505125404820783,-0.001330194043960295,-2.5888426076914584e-17
257,120,1460,-0.7491252714608545,-0.0013744701861297106,2.4922084026787858e-17
257,120,1461,-0.7477380024396307,-0.0014200628477887005,7.818676735264535e-17
257,120,1462,-0.746350733418407,-0.0014670058642852481,6.658506287558462e-17
257,120,1463,-0.7449634643971832,-0.0015153337843804625,2.3835321048593482e-17
257,120,1464,-0.7435761953759594,-0.0015650818812121365,-1.9188109618988307e-17
257,120,1465,-0.7421889263547357,-0.0016162861631070172,1.0484640103628177e-16
257,120,1466,-0.7408016573335119,-0.0016689833842151872,1.5930561383747207e-16
257,120,1467,-0.7394143883122881,-0.0017232110549505865,7.087562748253869e-17
257,120,1468,-0.7380271192910643,-0.0017790074522207012,5.832164650115777e-17
257,120,1469,-0.7366398502698406,-0.001836411629440458,6.217810941244404e-18
257,120,1470,-0.7352525812486168,-0.0018954634263300772,3.916979515015452e-17
257,120,1471,-0.7338653122273926,-0.001956203478506316,1.1929531005447106e-17
257,120,1472,-0.7324780432061688,-0.0020186732268817225,-1.0047720192466184e-17
257,120,1473,-0.7310907741849451,-0.002082914926892545,1.1451585945733666e-17
257,120,1474,-0.7297035051637213,-0.002148971657583991,8.118178746630169e-17
257,120,1475,-0.7283162361424975,-0.0022168873305863186,-1.9944213570013797e-17
257,120,1476,-0.7269289671212738,-0.0022867066990161396,7.162112957407181e-17
257,120,1477,-0.72554169810005,-0.0023584753663469264,1.1215804730855208e-16
257,120,1478,-0.7241544290788262,-0.0024322397952856283,-1.307173564889332e-17
257,120,1479,-0.7227671600576024,-0.0025080473167002257,5.470363294038939e-18
257,120,1480,-0.7213798910363787,-0.00258594613863788,9.267446622745848e-17
257,120,1481,-0.7199926220151549,-0.002665985355471775,-3.324885732003942e-17
257,120,1482,-0.7186053529939311,-0.002748214957210101,2.7592521516357e-17
257,120,1483,-0.7172180839727074,-0.0028326858389977664,-2.9484927519032866e-17
257,120,1484,-0.7158308149514832,-0.002919449810831797,-6.35044648341352e-17
257,120,1485,-0.7144435459302594,-0.0030085596075080643,-9.128375949284183e-17
257,120,1486,-0.7130562769090356,-0.0031000688988047655,-7.110396586560436e-17
257,120,1487,-0.7116690078878118,-0.0031940322999048894,-8.84189944317343e-18
257,120,1488,-0.7102817388665881,-0.0032905053820461052,5.438003337320153e-17
257,120,1489,-0.7088944698453643,-0.0033895446833817496,3.2281604454064726e-19
257,120,1490,-0.7075072008241405,-0.003491207720026063,-4.8240951297189817e-17
257,120,1491,-0.7061199318029168,-0.003595552997250779,-1.9417997208450202e-16
257,120,1492,-0.704732662781693,-0.0037026400207906644,-3.2594881960509834e-17
257,120,1493,-0.7033453937604692,-0.0038125293082134264,-1.0472430665679822e-17
257,120,1494,-0.7019581247392455,-0.003925282400299918,-1.0395353891058948e-16
257,120,1495,-0.7005708557180217,-0.0040409618723823565,-3.186868848344502e-17
257,120,1496,-0.6991835866967975,-0.004159631345579029,-7.711141391927167e-17
257,120,1497,-0.6977963176755737,-0.004281355497873663,-5.149653435766309e-17
257,120,1498,-0.6964090486543499,-0.004406200074977669,-2.3224986456937188e-17
257,120,1499,-0.6950217796331262,-0.004534231900923584,2.8663709547487276e-17
257,120,1500,-0.6936345106119024,-0.00466551888834027,5.759755536863461e-17
257,120,1501,-0.6922472415906786,-0.004800130048364541,-5.438855850462083e-17
257,120,1502,-0.6908599725694549,-0.0049381355001498,-7.129761580158187e-17
257,120,1503,-0.6894727035482311,-0.00507960647994418,3.025028289521876e-17
257,120,1504,-0.6880854345270073,-0.005224615349715093,-1.1073018254165004e-17
257,120,1505,-0.6866981655057836,-0.005373235605304693,-3.920268094068081e-18
257,120,1506,-0.6853108964845598,-0.0055255418841158865,2.6688897569626644e-18
257,120,1507,-0.683923627463336,-0.00568160997233239,-6.141250755961641e-17
257,120,1508,-0.6825363584421122,-0.005841516811684504,8.729983413566596e-17
257,120,1509,-0.681149089420888,-0.00600534050578807,-7.379592993868891e-17
257,120,1510,-0.6797618203996643,-0.006173160326079964,9.456362863622633e-17
257,120,1511,-0.6783745513784405,-0.006345056717391258,1.2573537576615817e-16
257,120,1512,-0.6769872823572167,-0.006521111303195736,7.872782920919737e-17
257,120,1513,-0.675600013335993,-0.006701406890581247,-1.253115437805332e-17
257,120,1514,-0.6742127443147692,-0.006886027474989361,3.698375002621269e-17
257,120,1515,-0.6728254752935454,-0.007075058244771676,-5.472518827001658e-18
257,120,1516,-0.6714382062723216,-0.007268585585610864,6.488109300857826e-17
257,120,1517,-0.6700509372510979,-0.0074666970848500085,4.26533399139111e-17
257,120,1518,-0.6686636682298741,-0.007669481535771914,3.8756121554228666e-17
257,120,1519,-0.6672763992086503,-0.00787702894186211,1.3851204196258304e-17
257,120,1520,-0.6658891301874266,-0.008089430521088455,5.898170182352267e-17
257,120,1521,-0.6645018611662024,-0.008306778710214529,9.466893782493932e-18
257,120,1522,-0.6631145921449786,-0.0085291671691632,9.145254483261253e-18
257,120,1523,-0.6617273231237548,-0.008756690785434756,3.124256361504286e-17
257,120,1524,-0.660340054102531,-0.008989445678574324,7.884732756490491e-19
257,120,1525,-0.6589527850813073,-0.00922752920467749,7.296161022562071e-17
257,120,1526,-0.6575655160600835,-0.009471039960909668,3.8965084718658045e-17
257,120,1527,-0.6561782470388597,-0.009720077790012225,-3.220264584421257e-17
257,120,1528,-0.654790978017636,-0.009974743784757342,1.048602631942401e-17
257,120,1529,-0.6534037089964122,-0.010235140292307612,-1.5344813568106695e-17
257,120,1530,-0.6520164399751884,-0.010501370918433402,7.140070923854324e-17
257,120,1531,-0.6506291709539647,-0.010773540531535317,5.006554255091226e-18
257,120,1532,-0.6492419019327409,-0.01105175526641783,6.179410274873322e-17
257,120,1533,-0.6478546329115167,-0.011336122527758698,-2.4880730631822542e-17
257,120,1534,-0.6464673638902929,-0.011626750993220275,6.808774796155145e-17
257,120,1535,-0.6450800948690691,-0.011923750616151228,-2.8439074654835686e-17
257,120,1536,-0.6436928258478454,-0.01222723262782811,-5.147957536569937e-17
257,120,1537,-0.6423055568266216,-0.01253730953919638,8.847697222867482e-18
257,120,1538,-0.6409182878053978,-0.012854095142068932,9.131749650740608e-18
257,120,1539,-0.6395310187841741,-0.01317770450975581,-6.336155779961296e-17
257,120,1540,-0.6381437497629503,-0.0135082539970975,-3.963063141172484e-17
257,120,1541,-0.6367564807417265,-0.013845861239889819,-4.214922426955286e-17
257,120,1542,-0.6353692117205028,-0.014190645153689205,-2.5540406985771872e-17
257,120,1543,-0.633981942699279,-0.014542725932002287,-3.9516106119529504e-17
257,120,1544,-0.6325946736780552,-0.01490222504386659,-2.2651684431526938e-17
257,120,1545,-0.6312074046568315,-0.015269265230836623,-1.4260579877332967e-17
257,120,1546,-0.6298201356356072,-0.015643970503399985,-2.3607732080725885e-17
257,120,1547,-0.6284328666143835,-0.016026466136847252,-1.2570790025670117e-16
257,120,1548,-0.6270455975931597,-0.01641687866663085,-8.72731597124111e-17
257,120,1549,-0.6256583285719359,-0.016815335883243642,-1.9528269737116658e-17
257,120,1550,-0.6242710595507122,-0.017221966826656894,2.033349020074352e-18
257,120,1551,-0.6228837905294884,-0.017636901780353095,-3.0661311485591245e-17
257,120,1552,-0.6214965215082646,-0.01806027226498892,-2.5947412563619086e-17
257,120,1553,-0.6201092524870409,-0.018492211031725152,-3.014390667371329e-18
257,120,1554,-0.6187219834658171,-0.018932852055249486,-1.5572688077975945e-17
257,120,1555,-0.6173347144445933,-0.019382330526524497,2.0393003290594047e-17
257,120,1556,-0.6159474454233695,-0.019840782845275323,-6.042246071684208e-17
257,120,1557,-0.6145601764021458,-0.02030834661224019,-1.1659234693823384e-17
257,120,1558,-0.6131729073809216,-0.020785160621183414,-1.9761451092973333e-17
257,120,1559,-0.6117856383596978,-0.021271364850681738,-7.159906862942572e-17
257,120,1560,-0.610398369338474,-0.0217671004556742,-2.9102916595121453e-18
257,120,1561,-0.6090111003172503,-0.02227250975876612,-6.098609409863104e-17
257,120,1562,-0.6076238312960265,-0.022787736241271027,2.04831830000501e-17
257,120,1563,-0.6062365622748027,-0.023312924533965367,-7.391842926663556e-17
257,120,1564,-0.604849293253579,-0.023848220407533757,6.244567626211254e-17
257,120,1565,-0.6034620242323552,-0.024393770762665253,-2.992290388018578e-17
257,120,1566,-0.6020747552111314,-0.02494972361977651,-2.3436612437686187e-17
257,120,1567,-0.6006874861899076,-0.025516228108317725,1.4159802141358494e-16
257,120,1568,-0.5993002171686839,-0.026093434455628856,8.858782051284839e-18
257,120,1569,-0.5979129481474601,-0.02668149397531148,1.0099583012159736e-16
257,120,1570,-0.5965256791262363,-0.02728055905507728,2.3939974598241794e-18
257,120,1571,-0.5951384101050121,-0.02789078314404827,-2.689649373311743e-17
257,120,1572,-0.5937511410837883,-0.028512320739472654,-1.2086552489393902e-17
257,120,1573,-0.5923638720625646,-0.029145327372842696,5.249319234335704e-17
257,120,1574,-0.5909766030413408,-0.029789959595385728,3.110768513130814e-18
257,120,1575,-0.589589334020117,-0.03044637496292332,1.460264722007185e-16
257,120,1576,-0.5882020649988933,-0.03111473202008725,5.1316324944855705e-17
257,120,1577,-0.5868147959776695,-0.03179519028389184,4.674275774529008e-17
257,120,1578,-0.5854275269564457,-0.03248791022666649,5.662679999720887e-17
257,120,1579,-0.584040257935222,-0.033193053258359556,2.4915011957041005e-17
257,120,1580,-0.5826529889139982,-0.03391078170822525,-3.2577671301357505e-17
257,120,1581,-0.5812657198927744,-0.034641258805916196,1.8796541627374274e-18
257,120,1582,-0.5798784508715507,-0.03538464866200052,4.16876586286104e-18
257,120,1583,-0.5784911818503264,-0.03614111624793136,1.2635519075551275e-16
257,120,1584,-0.5771039128291027,-0.03691082737549211,3.043042267254332e-17
257,120,1585,-0.5757166438078789,-0.03769394867575171,7.486178413186109e-17
257,120,1586,-0.5743293747866551,-0.03849064757754864,2.5361280153801066e-17
257,120,1587,-0.5729421057654314,-0.039301092285538373,-8.340702916836587e-17
257,120,1588,-0.5715548367442076,-0.040125451757822984,1.8957675481438788e-17
257,120,1589,-0.5701675677229838,-0.04096389568318788,-6.965221230165758e-19
257,120,1590,-0.5687802987017601,-0.04181659445796394,1.5254726113139714e-19
257,120,1591,-0.5673930296805363,-0.04268371916252886,-5.5318702875239255e-18
257,120,1592,-0.5660057606593125,-0.043565441537456895,-6.609492873886123e-17
257,120,1593,-0.5646184916380887,-0.044461933959326495,1.0644094210326306e-17
257,120,1594,-0.563231222616865,-0.045373369416184244,-7.697632960438128e-17
257,120,1595,-0.5618439535956408,-0.04629992148266282,-9.413044998935349e-17
257,120,1596,-0.560456684574417,-0.04724176429474591,-8.371852471322787e-17
257,120,1597,-0.5590694155531932,-0.0481990725241712,-1.4732329918673242e-17
257,120,1598,-0.5576821465319695,-0.04917202135245379,5.539331110439297e-17
257,120,1599,-0.5562948775107457,-0.050160786444517796,-1.6357415817847183e-17
257,120,1600,-0.5549076084895219,-0.05116554392191508,-1.2113837123325516e-17
257,120,1601,-0.5535203394682982,-0.05218647033561378,-2.1151412907170532e-17
257,120,1602,-0.5521330704470744,-0.05322374263833625,-9.807889049387906e-17
257,120,1603,-0.5507458014258506,-0.054277538156428905,-6.83365875046466e-17
257,120,1604,-0.5493585324046268,-0.05534803456124545,-6.122719623481092e-17
257,120,1605,-0.5479712633834031,-0.05643540984003022,4.3441289498201106e-18
257,120,1606,-0.5465839943621793,-0.05753984226628634,-9.354059127474673e-17
257,120,1607,-0.5451967253409555,-0.05866151036962248,7.287887374463084e-18
257,120,1608,-0.5438094563197313,-0.05980059290507078,4.013395616128014e-17
257,120,1609,-0.5424221872985076,-0.06095726882187246,-2.0803259725722602e-17
257,120,1610,-0.5410349182772838,-0.062131717231738395,1.163805667511037e-17
257,120,1611,-0.53964764925606,-0.06332411737658458,-4.494781201747723e-18
257,120,1612,-0.5382603802348362,-0.06453464859575514,-4.297323979667826e-17
257,120,1613,-0.5368731112136125,-0.06576349029274589,1.0513907207350567e-16
257,120,1614,-0.5354858421923887,-0.06701082190144493,4.184543971082036e-18
257,120,1615,-0.5340985731711649,-0.0682768228519072,1.0574045225528267e-17
257,120,1616,-0.5327113041499412,-0.06956167253568493,-1.0971559080409499e-17
257,120,1617,-0.5313240351287174,-0.07086555027073707,7.468591857168451e-17
257,120,1618,-0.5299367661074936,-0.07218863526593727,-3.788410971325074e-18
257,120,1619,-0.5285494970862699,-0.07353110658520601,1.2500359647611162e-16
257,120,1620,-0.5271622280650456,-0.07489314311128845,6.516585768668379e-17
257,120,1621,-0.5257749590438219,-0.07627492350919456,6.425948846472945e-17
257,120,1622,-0.5243876900225981,-0.07767662618933006,7.340444629672594e-17
257,120,1623,-0.5230004210013743,-0.07909842927032477,3.5593514390860756e-17
257,120,1624,-0.5216131519801506,-0.08054051054157912,4.1716041307868674e-17
257,120,1625,-0.5202258829589268,-0.08200304742553823,8.22233022939841e-19
257,120,1626,-0.518838613937703,-0.08348621693970441,5.439082154864094e-17
257,120,1627,-0.5174513449164793,-0.084990195658392,1.3393546820543254e-17
257,120,1628,-0.5160640758952555,-0.08651515967422944,5.7679365705054355e-18
257,120,1629,-0.5146768068740317,-0.08806128455940995,8.15748115971558e-17
257,120,1630,-0.513289537852808,-0.08962874532669028,4.177951853367092e-17
257,120,1631,-0.5119022688315842,-0.09121771639013224,-4.7742198588313656e-17
257,120,1632,-0.5105149998103604,-0.09282837152558934,1.443297782343473e-17
257,120,1633,-0.5091277307891362,-0.09446088383092935,-4.8152739699277136e-17
257,120,1634,-0.5077404617679124,-0.09611542568598862,1.610517334660601e-17
257,120,1635,-0.5063531927466887,-0.09779216871226297,-1.5367010258838985e-18
257,120,1636,-0.5049659237254649,-0.09949128373232143,-2.7755531324273076e-17
257,120,1637,-0.5035786547042411,-0.10121294072895035,-5.6221819440167e-17
257,120,1638,-0.5021913856830174,-0.10295730880402772,3.397059746765468e-17
257,120,1639,-0.5008041166617936,-0.1047245561371297,-8.63060878759892e-17
257,120,1640,-0.4994168476405698,-0.10651484994387865,-6.402246084376054e-17
257,120,1641,-0.49802957861934605,-0.10832835643404094,-3.0420141486594426e-18
257,120,1642,-0.4966423095981223,-0.11016524076938598,-8.564183285142569e-17
257,120,1643,-0.4952550405768985,-0.11202566702132281,-5.0286870654139156e-17
257,120,1644,-0.49386777155567474,-0.11390979812833171,4.686475255749953e-17
257,120,1645,-0.4924805025344505,-0.11581779585320931,-8.013056849058864e-17
257,120,1646,-0.49109323351322676,-0.11774982074014657,1.646352995235662e-17
257,120,1647,-0.489705964492003,-0.11970603207167146,1.788116537612022e-17
257,120,1648,-0.4883186954707792,-0.12168658782546665,1.0387343334580521e-17
257,120,1649,-0.48693142644955545,-0.12369164463109458,-1.020722219258895e-16
257,120,1650,-0.4855441574283317,-0.1257213577266517,-2.827214099283089e-17
257,120,1651,-0.4841568884071079,-0.12777588091537093,5.884642079174015e-17
257,120,1652,-0.48276961938588414,-0.12985536652219698,2.736371712515242e-17
257,120,1653,-0.48138235036466037,-0.1319599653503498,-2.470575404256355e-17
257,120,1654,-0.4799950813434366,-0.13408982663789332,1.5104081804614326e-17
257,120,1655,-0.47860781232221283,-0.1362450980143243,-6.471835806217945e-17
257,120,1656,-0.47722054330098906,-0.1384259254571882,-1.5051583284312353e-17
257,120,1657,-0.4758332742797653,-0.14063245324873344,2.584890685836709e-17
257,120,1658,-0.4744460052585411,-0.14286482393260527,-1.9859637406987926e-17
257,120,1659,-0.4730587362373173,-0.1451231782705788,6.793629455609022e-17
257,120,1660,-0.47167146721609354,-0.14740765519934043,-2.5201195929616477e-17
257,120,1661,-0.4702841981948698,-0.14971839178729818,-2.2291644047519877e-17
257,120,1662,-0.468896929173646,-0.15205552319142876,6.165724215000102e-17
257,120,1663,-0.46750966015242224,-0.1544191826141502,-3.1825773548428765e-17
257,120,1664,-0.46612239113119847,-0.1568095012602143,-1.0208002176652379e-16
257,120,1665,-0.4647351221099747,-0.15922660829361032,9.767129758660611e-17
257,120,1666,-0.4633478530887509,-0.16167063079447927,3.7995022491390844e-17
257,120,1667,-0.46196058406752716,-0.16414169371602924,8.486191684949917e-17
257,120,1668,-0.4605733150463034,-0.1666399198414553,-2.3418002800204687e-17
257,120,1669,-0.4591860460250796,-0.16916542974086005,-4.76333506496632e-17
257,120,1670,-0.4577987770038554,-0.1717183417281853,8.54191904724821e-18
257,120,1671,-0.45641150798263164,-0.17429877181815365,-5.2378423339808914e-18
257,120,1672,-0.45502423896140787,-0.1769068336832468,-2.0660568060183766e-17
257,120,1673,-0.4536369699401841,-0.17954263861072006,9.444193608304609e-17
257,120,1674,-0.45224970091896033,-0.18220629545968503,-4.9228099177344396e-17
257,120,1675,-0.45086243189773656,-0.18489791061827937,-4.220251880049717e-18
257,120,1676,-0.4494751628765128,-0.18761758796095243,1.3752178960097803e-17
257,120,1677,-0.448087893855289,-0.19036542880589816,-2.5037000294921806e-17
257,120,1678,-0.44670062483406525,-0.19314153187266825,1.1364879745198796e-16
257,120,1679,-0.4453133558128415,-0.19594599323999828,5.3331618531198883e-17
257,120,1680,-0.4439260867916177,-0.19877890630388723,-4.547584265570056e-17
257,120,1681,-0.44253881777039394,-0.2016403617359636,9.220197779054402e-17
257,120,1682,-0.44115154874916973,-0.20453044744217674,9.639044649249164e-18
257,120,1683,-0.43976427972794596,-0.20744924852184163,1.861161834335517e-17
257,120,1684,-0.4383770107067222,-0.21039684722708307,4.386049957083828e-18
257,120,1685,-0.4369897416854984,-0.2133733229226924,4.868774389298604e-17
257,120,1686,-0.43560247266427465,-0.21637875204643223,2.4366257287645576e-17
257,120,1687,-0.4342152036430509,-0.21941320806980968,2.456319858651576e-17
257,120,1688,-0.4328279346218271,-0.2224767614593335,-4.8356890097142234e-17
257,120,1689,-0.43144066560060335,-0.22556947963826685,-2.5033130508176045e-17
257,120,1690,-0.4300533965793796,-0.22869142694888434,5.815343632316799e-17
257,120,1691,-0.4286661275581558,-0.23184266461523445,1.4039837741760848e-18
257,120,1692,-0.42727885853693204,-0.23502325070640523,-5.538220789006219e-17
257,120,1693,-0.42589158951570827,-0.23823324010028404,-3.1209589179735484e-17
257,120,1694,-0.4245043204944845,-0.24147268444780537,-7.517112710453093e-17
257,120,1695,-0.4231170514732603,-0.24474163213766728,-4.946922179051764e-17
257,120,1696,-0.4217297824520365,-0.24804012826149974,-1.0547221974631966e-17
257,120,1697,-0.42034251343081275,-0.25136821457947944,-4.2887712903890545e-17
257,120,1698,-0.418955244409589,-0.254725929486352,-4.315699691215737e-18
257,120,1699,-0.4175679753883652,-0.2581133079778595,-4.8099299415195617e-17
257,120,1700,-0.41618070636714144,-0.2615303816175521,-5.558579128065922e-17
257,120,1701,-0.41479343734591767,-0.2649771785039666,-4.0467419600829107e-17
257,120,1702,-0.4134061683246939,-0.26845372323816485,5.765793631975267e-17
257,120,1703,-0.41201889930347013,-0.2719600368916213,1.3840098800123232e-17
257,120,1704,-0.41063163028224636,-0.27549613697445946,-6.511429661476386e-17
257,120,1705,-0.4092443612610226,-0.2790620374040356,3.142237332560637e-17
257,120,1706,-0.4078570922397988,-0.2826577484738835,-5.989239835899072e-17
257,120,1707,-0.4064698232185746,-0.28628327682302507,4.7820546175521645e-17
257,120,1708,-0.40508255419735084,-0.28993862540566756,-3.240656669196885e-17
257,120,1709,-0.40369528517612707,-0.2936237934613208,-5.4883532329155293e-17
257,120,1710,-0.4023080161549033,-0.2973387764853418,3.845966577702202e-17
257,120,1711,-0.40092074713367953,-0.30108356619995835,-1.9671507441403727e-17
257,120,1712,-0.39953347811245576,-0.3048581505257951,-1.278407606369601e-16
257,120,1713,-0.398146209091232,-0.3086625135539456,-8.170138251718802e-17
257,120,1714,-0.3967589400700082,-0.312496635518628,1.1101867274339604e-17
257,120,1715,-0.39537167104878446,-0.31636049277046385,-2.778580438479134e-17
257,120,1716,-0.3939844020275607,-0.3202540577504207,-7.553979520110667e-18
257,120,1717,-0.3925971330063369,-0.32417729896445624,-8.216115130512398e-17
257,120,1718,-0.39120986398511315,-0.3281301809588998,-1.527475334193454e-17
257,120,1719,-0.3898225949638894,-0.3321126642966013,7.502156624668623e-17
257,120,1720,-0.38843532594266517,-0.3361247055338807,-4.749578910150879e-17
257,120,1721,-0.3870480569214414,-0.3401662571982874,3.15911249134597e-17
257,120,1722,-0.3856607879002176,-0.3442372677672152,1.5294304175086203e-17
257,120,1723,-0.38427351887899386,-0.3483376816473466,-4.908262662360582e-17
257,120,1724,-0.3828862498577701,-0.35246743915496476,8.862546680143989e-17
257,120,1725,-0.3814989808365463,-0.35662647649711365,-2.1062946490303912e-17
257,120,1726,-0.38011171181532255,-0.36081472575361173,-1.2531673249836105e-17
257,120,1727,-0.3787244427940988,-0.36503211485989917,5.5065076485210144e-17
257,120,1728,-0.377337173772875,-0.36927856759071176,7.050673144293034e-17
257,120,1729,-0.37594990475165124,-0.37355400354455454,-8.270178020328062e-18
257,120,1730,-0.3745626357304275,-0.3778583381289589,1.4803394531280526e-17
257,120,1731,-0.3731753667092037,-0.38219148254649266,8.347642821076038e-18
257,120,1732,-0.3717880976879795,-0.3865533437815071,2.7032529487884907e-17
257,120,1733,-0.3704008286667557,-0.3909438245875772,-5.465940975780976e-17
257,120,1734,-0.36901355964553195,-0.39536282347564394,2.9709927890081334e-17
257,120,1735,-0.3676262906243082,-0.39981023470279525,-9.053372231625138e-18
257,120,1736,-0.3662390216030844,-0.4042859482617029,7.912147195688293e-19
257,120,1737,-0.36485175258186064,-0.40878984987067657,9.848095833064692e-17
257,120,1738,-0.3634644835606369,-0.41332182096434134,1.427171486598189e-17
257,120,1739,-0.3620772145394131,-0.4178817386849199,3.103691262359292e-17
257,120,1740,-0.36068994551818934,-0.4224694758741323,3.000983665860585e-17
257,120,1741,-0.35930267649696557,-0.42708490106570757,1.757913921253313e-17
257,120,1742,-0.3579154074757418,-0.4317278784785297,2.2652925350795153e-17
257,120,1743,-0.35652813845451803,-0.4363982680104258,4.559969542391921e-17
257,120,1744,-0.3551408694332938,-0.4410959252326267,-2.036014250448123e-17
257,120,1745,-0.35375360041207005,-0.4458207013849087,-3.8219409709201285e-18
257,120,1746,-0.3523663313908463,-0.4505724433714799,3.5731422245900636e-17
257,120,1747,-0.3509790623696225,-0.4553509937575981,5.138387910131563e-17
257,120,1748,-0.34959179334839874,-0.4601561907669902,3.1035743442216615e-17
257,120,1749,-0.34820452432717497,-0.46498786828008565,-1.944290720168527e-17
257,120,1750,-0.3468172553059512,-0.4698458558331077,1.1887866321581095e-17
257,120,1751,-0.34542998628472743,-0.47472997861804556,1.8877855293288543e-17
257,120,1752,-0.34404271726350366,-0.47964005748354344,7.813223083439579e-17
257,120,1753,-0.3426554482422799,-0.48457590893672314,1.2880374658652293e-17
257,120,1754,-0.3412681792210561,-0.4895373451459678,2.3538666963094066e-17
257,120,1755,-0.33988091019983235,-0.49452417394467524,3.3325116419933614e-17
257,120,1756,-0.3384936411786086,-0.49953619883599437,-4.589968557094449e-18
257,120,1757,-0.33710637215738437,-0.504573218998548,-2.0597158321809803e-18
257,120,1758,-0.3357191031361606,-0.5096350292931304,2.348742268688571e-17
257,120,1759,-0.33433183411493683,-0.5147214202703913,-1.615992789956573e-17
257,120,1760,-0.33294456509371306,-0.5198321781794681,1.4282356945780097e-17
257,120,1761,-0.3315572960724893,-0.5249670849775617,3.428703934721369e-18
257,120,1762,-0.3301700270512655,-0.5301259183404273,-1.3454883124307068e-17
257,120,1763,-0.32878275803004176,-0.5353084516737557,4.0204024926717067e-17
257,120,1764,-0.327395489008818,-0.5405144541254115,-4.7362744518185144e-17
257,120,1765,-0.3260082199875942,-0.5457436905984961,6.20915979017487e-18
257,120,1766,-0.32462095096637045,-0.5509959217652094,1.1922120317384405e-16
257,120,1767,-0.3232336819451467,-0.5562709040814701,-3.3665028057592576e-18
257,120,1768,-0.3218464129239229,-0.5615683898022703,4.606820015264279e-17
257,120,1769,-0.3204591439026987,-0.5668881269977364,-4.0373802726967124e-17
257,120,1770,-0.3190718748814749,-0.5722298595698629,-3.1515615452835593e-17
257,120,1771,-0.31768460586025116,-0.577593327269924,-9.264980730557311e-17
257,120,1772,-0.3162973368390274,-0.5829782657165151,-4.127800533716073e-17
257,120,1773,-0.3149100678178036,-0.5883844064142405,-9.498558608720306e-17
257,120,1774,-0.31352279879657985,-0.5938114767730321,-1.3172107951223673e-17
257,120,1775,-0.3121355297753561,-0.5992592001281045,-3.0439726978693487e-17
257,120,1776,-0.3107482607541323,-0.6047272957605518,-3.482588892387529e-17
257,120,1777,-0.30936099173290854,-0.6102154789185992,-9.937179152731179e-18
257,120,1778,-0.30797372271168477,-0.6157234608395266,2.283697319785675e-17
257,120,1779,-0.306586453690461,-0.621250948772286,-3.95737357955275e-17
257,120,1780,-0.30519918466923723,-0.6267976460008318,4.9424928973692656e-18
257,120,1781,-0.30381191564801346,-0.6323632518681946,-3.194068476326236e-17
257,120,1782,-0.30242464662678925,-0.6379474618013241,-3.4348437957165544e-17
257,120,1783,-0.3010373776055655,-0.6435499673367158,-6.2100955871241554e-18
257,120,1784,-0.2996501085843417,-0.6491704561468745,-2.5509748466083062e-17
257,120,1785,-0.29826283956311794,-0.6548086120676017,3.787578834135636e-17
257,120,1786,-0.2968755705418942,-0.6604641151261502,1.398247239117613e-17
257,120,1787,-0.2954883015206704,-0.6661366415702537,2.376307762034213e-17
257,120,1788,-0.29410103249944664,-0.6718258638980393,-1.9527725909179404e-18
257,120,1789,-0.29271376347822287,-0.6775314508888319,1.0254444014552588e-16
257,120,1790,-0.2913264944569991,-0.6832530676348467,3.8158676461197494e-17
257,120,1791,-0.2899392254357753,-0.6889903755737632,2.4103215390925014e-17
257,120,1792,-0.28855195641455156,-0.6947430325221663,3.278149297737263e-17
257,120,1793,-0.2871646873933278,-0.7005106927098441,1.7587393150313854e-17
257,120,1794,-0.2857774183721036,-0.706293006814908,3.5273804165873027e-17
257,120,1795,-0.2843901493508798,-0.7120896219997088,7.170285523060825e-17
257,120,1796,-0.28300288032965604,-0.7179001819475372,4.2806396001027124e-17
257,120,1797,-0.28161561130843227,-0.7237243269000415,4.6318252022820886e-17
257,120,1798,-0.2802283422872085,-0.7295616936953536,3.45197527067041e-17
257,120,1799,-0.27884107326598473,-0.7354119158068749,9.944592990570794e-19
257,120,1800,-0.27745380424476096,-0.7412746233826921,3.067699101944024e-17
257,120,1801,-0.2760665352235372,-0.7471494432855839,-2.199624215726217e-17
257,120,1802,-0.2746792662023134,-0.7530359991335889,-2.7260565527961533e-18
257,120,1803,-0.27329199718108965,-0.7589339113411123,2.180201168270627e-17
257,120,1804,-0.2719047281598659,-0.764842797160535,1.8288255549296646e-17
257,120,1805,-0.2705174591386421,-0.7707622707243211,1.3606036755878041e-17
257,120,1806,-0.2691301901174179,-0.7766919430875978,-2.83770551872862e-17
257,120,1807,-0.26774292109619413,-0.7826314222712013,-3.67123041386814e-17
257,120,1808,-0.26635565207497036,-0.7885803133052004,-7.088461331453816e-17
257,120,1809,-0.2649683830537466,-0.7945382182728752,-3.8366658074135604e-17
257,120,1810,-0.2635811140325228,-0.8005047363551745,-9.010885743910632e-17
257,120,1811,-0.26219384501129905,-0.806479463875658,-2.4796101556166297e-17
257,120,1812,-0.2608065759900753,-0.8124619943459388,-8.154405685399138e-17
257,120,1813,-0.2594193069688515,-0.8184519185116365,1.6872771416765781e-18
257,120,1814,-0.25803203794762775,-0.824448824398867,8.406322667545234e-18
257,120,1815,-0.256644768926404,-0.8304522973612777,-5.2978921147703344e-17
257,120,1816,-0.2552574999051802,-0.8364619201276512,-3.558051661243761e-17
257,120,1817,-0.25387023088395644,-0.8424772728500873,-8.33955173353584e-17
257,120,1818,-0.25248296186273267,-0.8484979331527769,-3.602279442900103e-17
257,120,1819,-0.25109569284150846,-0.8545234761813748,-8.344505990412771e-17
257,120,1820,-0.2497084238202847,-0.8605534746529647,-3.42921328019714e-17
257,120,1821,-0.24832115479906092,-0.8665874989066402,2.093185983182504e-17
257,120,1822,-0.24693388577783715,-0.8726251169546518,-9.79237729360751e-18
257,120,1823,-0.24554661675661338,-0.8786658945341416,1.437347026320277e-17
257,120,1824,-0.2441593477353896,-0.8847093951594222,-4.997715519689884e-17
257,120,1825,-0.24277207871416584,-0.8907551801747865,-1.7757098142543613e-17
257,120,1826,-0.24138480969294207,-0.8968028088078094,-2.0563964362807794e-17
257,120,1827,-0.2399975406717183,-0.9028518382231067,-2.6438199539756862e-17
257,120,1828,-0.23861027165049453,-0.9089018235765168,1.6595108475233024e-20
257,120,1829,-0.23722300262927076,-0.9149523180696607,4.385381835597957e-17
257,120,1830,-0.235835733608047,-0.9210028730048366,-1.4177348724132147e-17
257,120,1831,-0.23444846458682278,-0.9270530378402165,2.838629898891835e-17
257,120,1832,-0.233061195565599,-0.9331023602452877,4.470602279680441e-19
257,120,1833,-0.23167392654437524,-0.9391503861565329,2.797807745791449e-17
257,120,1834,-0.23028665752315147,-0.9451966598332823,3.8018599751655494e-18
257,120,1835,-0.2288993885019277,-0.951240723913737,2.1541002788473783e-17
257,120,1836,-0.22751211948070393,-0.9572821194711335,5.0330488130944074e-17
257,120,1837,-0.22612485045948016,-0.9633203860700379,1.115555083039974e-17
257,120,1838,-0.2247375814382564,-0.96935506182277,4.8735106884928256e-17
257,120,1839,-0.22335031241703263,-0.97538568344595,9.136347986547876e-18
257,120,1840,-0.22196304339580886,-0.9814117863171964,-3.6069030977027116e-17
257,120,1841,-0.2205757743745851,-0.9874329045319725,2.6813088364966557e-17
257,120,1842,-0.21918850535336132,-0.9934485709606261,3.758416492347467e-17
257,120,1843,-0.21780123633213755,-0.9994583173056424,3.1157101073387924e-17
257,120,1844,-0.21641396731091334,-1.0054616741591518,-4.1553955568060835e-17
257,120,1845,-0.21502669828968957,-1.0114581710607191,-8.960349805086738e-18
257,120,1846,-0.2136394292684658,-1.0174473365554857,1.676675911578861e-17
257,120,1847,-0.21225216024724203,-1.0234286982526588,-1.8327841069828407e-17
257,120,1848,-0.21086489122601826,-1.029401782884429,-2.3525071111780935e-17
257,120,1849,-0.2094776222047945,-1.0353661163653185,-2.4279448714565688e-17
257,120,1850,-0.20809035318357072,-1.0413212238520089,2.5512575496128526e-17
257,120,1851,-0.20670308416234695,-1.0472666298036528,2.3053001034211523e-17
257,120,1852,-0.20531581514112318,-1.053201858042693,1.7468420998657586e-17
257,120,1853,-0.2039285461198994,-1.059126431816182,-1.690289809079666e-17
257,120,1854,-0.20254127709867564,-1.0650398738575912,-1.0007033979961005e-17
257,120,1855,-0.20115400807745187,-1.0709417064490945,5.569525203271159e-17
257,120,1856,-0.19976673905622766,-1.0768314514842832,2.510666916947064e-17
257,120,1857,-0.1983794700350039,-1.0827086305312628,2.2919537904017813e-17
257,120,1858,-0.19699220101378012,-1.088572764896098,4.0182539768508366e-17
257,120,1859,-0.19560493199255635,-1.0944233756864972,2.1333127688738953e-17
257,120,1860,-0.19421766297133258,-1.100259983875694,1.0216970628137575e-17
257,120,1861,-0.1928303939501088,-1.1060821103664231,1.1617990003775143e-17
257,120,1862,-0.19144312492888504,-1.111889276054905,8.05231368081742e-18
257,120,1863,-0.19005585590766128,-1.1176810018947438,-3.049349623206445e-17
257,120,1864,-0.1886685868864375,-1.1234568089606485,2.1434193678799637e-17
257,120,1865,-0.18728131786521374,-1.1292162185118806,1.4485362297689514e-17
257,120,1866,-0.18589404884398997,-1.1349587520553448,2.572719007336493e-17
257,120,1867,-0.1845067798227662,-1.1406839314082406,-5.1171579947061794e-17
257,120,1868,-0.18311951080154243,-1.1463912787602033,3.549674249296495e-18
257,120,1869,-0.18173224178031822,-1.152080316734883,-3.6201545248610094e-17
257,120,1870,-0.18034497275909445,-1.157750568450897,-5.337264076768163e-20
257,120,1871,-0.17895770373787068,-1.1634015575821626,-6.297788037923369e-17
257,120,1872,-0.1775704347166469,-1.1690328084175563,-5.086102803180544e-17
257,120,1873,-0.17618316569542314,-1.174643845919931,-8.028085700970345e-19
257,120,1874,-0.17479589667419937,-1.1802341957845068,1.1193713565125763e-17
257,120,1875,-0.1734086276529756,-1.1858033844966682,-6.810056234039596e-17
257,120,1876,-0.17202135863175183,-1.1913509393892332,-2.19431894641208e-20
257,120,1877,-0.17063408961052806,-1.1968763886992544,-1.956906397897453e-17
257,120,1878,-0.1692468205893043,-1.2023792616244413,-2.841897960925432e-17
257,120,1879,-0.16785955156808052,-1.2078590883792988,-1.6224174892878404e-17
257,120,1880,-0.16647228254685675,-1.2133154002510746,-3.7870593132597523e-17
257,120,1881,-0.16508501352563254,-1.2187477296556344,-5.0359041479222346e-17
257,120,1882,-0.16369774450440877,-1.224155610193355,-5.506048635932431e-17
257,120,1883,-0.162310475483185,-1.2295385767051699,-1.7232815463190068e-17
257,120,1884,-0.16092320646196123,-1.2348961653288346,-5.160518951535909e-17
257,120,1885,-0.15953593744073746,-1.24022791355553,-1.9468421542442327e-17
257,120,1886,-0.1581486684195137,-1.2455333602868712,7.872877855590101e-19
257,120,1887,-0.15676139939828992,-1.2508120458923944,-1.1285484981217507e-17
257,120,1888,-0.15537413037706616,-1.2560635122675703,-3.0103339267655224e-17
257,120,1889,-0.15398686135584239,-1.2612873028923692,-7.366324939149363e-18
257,120,1890,-0.15259959233461862,-1.266482962890396,2.2074949530769263e-17
257,120,1891,-0.15121232331339485,-1.2716500390885759,1.9676215542351327e-17
257,120,1892,-0.14982505429217108,-1.2767880800773588,3.725978286237164e-17
257,120,1893,-0.14843778527094686,-1.2818966362713908,-9.818682280626779e-19
257,120,1894,-0.1470505162497231,-1.286975259970567,5.75420932148526e-17
257,120,1895,-0.14566324722849933,-1.2920235054213836,2.145306924837898e-17
257,120,1896,-0.14427597820727556,-1.2970409288784654,7.835788748191761e-17
257,120,1897,-0.1428887091860518,-1.3020270886661458,3.818299325054545e-17
257,120,1898,-0.14150144016482802,-1.3069815452399622,5.0591080306509405e-17
257,120,1899,-0.14011417114360425,-1.3119038612479195,7.56688378819097e-17
257,120,1900,-0.13872690212238048,-1.3167936015913746,4.6381996083413043e-17
257,120,1901,-0.1373396331011567,-1.3216503334853908,9.106531697483146e-17
257,120,1902,-0.13595236407993294,-1.326473626518415,1.0045250506737128e-16
257,120,1903,-0.13456509505870917,-1.3312630527111438,4.096770854451115e-17
257,120,1904,-0.1331778260374854,-1.3360181865744511,2.7367989455414046e-17
257,120,1905,-0.13179055701626163,-1.3407386051662706,8.528678008889049e-17
257,120,1906,-0.13040328799503742,-1.345423888147332,3.1636661213541134e-17
257,120,1907,-0.12901601897381365,-1.35007361783569,4.403162522192074e-17
257,120,1908,-0.12762874995258988,-1.3546873792600007,5.511644620552037e-17
257,120,1909,-0.1262414809313661,-1.3592647602115078,2.0247428291474805e-18
257,120,1910,-0.12485421191014234,-1.3638053512947519,-1.680193447138583e-17
257,120,1911,-0.12346694288891857,-1.3683087459770273,-4.7962231405696083e-17
257,120,1912,-0.1220796738676948,-1.3727745406366334,-3.1927976461481014e-17
257,120,1913,-0.12069240484647104,-1.3772023346100004,-4.834154166848391e-17
257,120,1914,-0.11930513582524727,-1.3815917302377738,-2.566268510976104e-17
257,120,1915,-0.1179178668040235,-1.385942332909982,-6.435566523000814e-17
257,120,1916,-0.11653059778279973,-1.3902537511104038,-7.200915698188797e-17
257,120,1917,-0.11514332876157596,-1.3945255964602759,-4.963013473696157e-17
257,120,1918,-0.11375605974035174,-1.3987574837614887,-8.34385371293969e-17
257,120,1919,-0.11236879071912798,-1.4029490310394086,-1.0420967956757542e-16
257,120,1920,-0.1109815216979042,-1.4070998595854918,-7.750218541637866e-17
257,120,1921,-0.10959425267668044,-1.4112095939998028,-8.366916797375261e-17
257,120,1922,-0.10820698365545667,-1.4152778622335875,-7.251628291453764e-17
257,120,1923,-0.1068197146342329,-1.4193042956320105,-9.054103113786077e-17
257,120,1924,-0.10543244561300913,-1.4232885289771537,-8.231552605277645e-17
257,120,1925,-0.10404517659178536,-1.4272302005313593,-8.858185303988568e-17
257,120,1926,-0.10265790757056159,-1.431128952080966,-6.185999867757365e-17
257,120,1927,-0.10127063854933782,-1.4349844289804785,-2.978084207951327e-17
257,120,1928,-0.09988336952811405,-1.4387962801971699,-3.7540819895483464e-17
257,120,1929,-0.09849610050689028,-1.4425641583561004,-1.2749575997092562e-17
257,120,1930,-0.09710883148566651,-1.44628771978551,-3.512587678395192e-18
257,120,1931,-0.0957215624644423,-1.4499666245625122,-2.2699153243921325e-18
257,120,1932,-0.09433429344321853,-1.4536005365589995,3.593120250574012e-17
257,120,1933,-0.09294702442199476,-1.4571891234876593,2.1879116144409122e-17
257,120,1934,-0.09155975540077099,-1.4607320569479614,3.7432141466590934e-17
257,120,1935,-0.09017248637954722,-1.4642290124719832,9.072198953324781e-17
257,120,1936,-0.08878521735832345,-1.4676796695699303,8.56665446859983e-17
257,120,1937,-0.08739794833709968,-1.4710837117751898,7.410427886226279e-17
257,120,1938,-0.08601067931587592,-1.474440826688771,8.676754666126081e-17
257,120,1939,-0.08462341029465215,-1.4777507060229802,6.386423714028502e-17
257,120,1940,-0.08323614127342838,-1.4810130456441883,1.0068080684340577e-16
257,120,1941,-0.08184887225220461,-1.4842275456145613,1.1955177784716185e-16
257,120,1942,-0.08046160323098084,-1.487393910232642,8.573970708995877e-17
257,120,1943,-0.07907433420975662,-1.4905118480726818,1.0555122350870896e-16
257,120,1944,-0.07768706518853286,-1.493581072022648,7.886963707753462e-17
257,120,1945,-0.07629979616730909,-1.4966012993208622,8.001509013887211e-17
257,120,1946,-0.07491252714608532,-1.4995722515912284,7.09610819537616e-17
257,120,1947,-0.07352525812486155,-1.5024936548770549,6.199315522388635e-17
257,120,1948,-0.07213798910363778,-1.5053652396734858,5.147215063654225e-17
257,120,1949,-0.07075072008241401,-1.5081867409585916,5.219781353388632e-17
257,120,1950,-0.06936345106119024,-1.5109578982231715,4.776583290826603e-17
257,120,1951,-0.06797618203996647,-1.5136784554993676,2.1086354226992907e-17
257,120,1952,-0.0665889130187427,-1.5163481613881749,2.221069968399539e-17
257,120,1953,-0.06520164399751893,-1.5189667690859747,-8.913424652556917e-18
257,120,1954,-0.06381437497629516,-1.5215340364102097,-1.1877400169291524e-17
257,120,1955,-0.06242710595507095,-1.5240497258243306,-3.63869111777961e-18
257,120,1956,-0.06103983693384718,-1.5265136044621435,-2.52818122695289e-17
257,120,1957,-0.05965256791262341,-1.5289254441517008,-3.175560396345805e-17
257,120,1958,-0.05826529889139964,-1.5312850214388436,-5.1393827237100834e-17
257,120,1959,-0.05687802987017587,-1.533592117610521,-5.812599277170259e-17
257,120,1960,-0.0554907608489521,-1.5358465187179862,-6.035002253853725e-17
257,120,1961,-0.054103491827728334,-1.5380480155999554,-6.661453974199594e-17
257,120,1962,-0.052716222806504565,-1.5401964039058,-7.449947394564221e-17
257,120,1963,-0.051328953785280795,-1.542291484118819,-7.222931612280349e-17
257,120,1964,-0.049941684764057026,-1.5443330615796211,-6.227469483031516e-17
257,120,1965,-0.04855441574283326,-1.5463209465096268,-8.311770608320169e-17
257,120,1966,-0.04716714672160949,-1.5482549540346664,-7.271840060658494e-17
257,120,1967,-0.04577987770038572,-1.5501349042086494,-7.400540064419144e-17
257,120,1968,-0.044392608679161505,-1.551960622037247,-6.828968971588714e-17
257,120,1969,-0.043005339657937736,-1.5537319375015122,-5.645929739829264e-17
257,120,1970,-0.041618070636713966,-1.5554486855813574,-5.911474894801526e-17
257,120,1971,-0.0402308016154902,-1.5571107062787928,-4.513228696310596e-17
257,120,1972,-0.03884353259426643,-1.5587178446408043,-4.578778914355531e-17
257,120,1973,-0.03745626357304266,-1.5602699507817805,-3.6526368319725396e-17
257,120,1974,-0.03606899455181889,-1.5617668799053535,-2.263470341078344e-17
257,120,1975,-0.03468172553059512,-1.5632084923255536,-1.847279988520678e-17
257,120,1976,-0.03329445650937135,-1.564594653487165,-6.95924631927721e-18
257,120,1977,-0.03190718748814758,-1.5659252339851835,3.3402939497252255e-18
257,120,1978,-0.030519918466923812,-1.5672001095832824,1.4298233925613605e-17
257,120,1979,-0.029132649445700043,-1.56841916123122,1.8379188249477312e-17
257,120,1980,-0.02774538042447583,-1.5695822750811161,3.4024822650282394e-17
257,120,1981,-0.02635811140325206,-1.570689342502564,3.7253441635430374e-17
257,120,1982,-0.02497084238202829,-1.571740260096545,3.977405742643115e-17
257,120,1983,-0.02358357336080452,-1.5727349297081394,4.4770718845078556e-17
257,120,1984,-0.022196304339580752,-1.5736732584380446,5.516018227380168e-17
257,120,1985,-0.020809035318356983,-1.574555158652924,4.641306716432484e-17
257,120,1986,-0.019421766297133214,-1.5753805479946348,5.332567801933901e-17
257,120,1987,-0.018034497275909445,-1.5761493493883842,6.105570831223359e-17
257,120,1988,-0.016647228254685675,-1.5768614910498897,6.035421689613285e-17
257,120,1989,-0.015259959233461906,-1.5775169064916175,6.114754614639736e-17
257,120,1990,-0.013872690212238137,-1.5781155345281832,6.065942326731904e-17
257,120,1991,-0.012485421191014368,-1.5786573192810098,5.846750496972942e-17
257,120,1992,-0.011098152169790598,-1.5791422101823214,5.4783748128417934e-17
257,120,1993,-0.009710883148566385,-1.5795701619785738,5.02980212128905e-17
257,120,1994,-0.008323614127342616,-1.579941134733393,4.806206163595405e-17
257,120,1995,-0.006936345106118846,-1.5802550938301028,4.265134997744104e-17
257,120,1996,-0.005549076084895077,-1.5805120099739098,3.920686827359024e-17
257,120,1997,-0.004161807063671308,-1.5807118591937908,3.1946571443236256e-17
257,120,1998,-0.0027745380424475385,-1.5808546228441323,2.3993327725149076e-17
257,120,1999,-0.0013872690212237693,-1.5809402876061487,1.8204135027747963e-17
257,120,2000,0.0,-1.5809688454890845,1.0555104516962086e-17
257,120,2001,0.0013872690212237693,-1.5809402938312054,2.721661475324416e-18
257,120,2002,0.0027745380424475385,-1.5808546353005601,-3.616409408295271e-18
257,120,2003,0.004161807063671308,-1.5807118778954805,-1.2468723744917162e-17
257,120,2004,0.005549076084895077,-1.5805120349447792,-2.095496493761084e-17
257,120,2005,0.0069363451061192904,-1.5802551251075951,-2.5622562036026564e-17
257,120,2006,0.00832361412734306,-1.579941172372822,-3.235833566229063e-17
257,120,2007,0.009710883148566829,-1.579570206058055,-3.935039864141531e-17
257,120,2008,0.011098152169790598,-1.5791422608079857,-4.3980998629279704e-17
257,120,2009,0.012485421191014368,-1.5786573765921694,-4.993488727198153e-17
257,120,2010,0.013872690212238137,-1.5781155987021034,-5.445841911555757e-17
257,120,2011,0.015259959233461906,-1.5775169777475364,-5.728809063924695e-17
257,120,2012,0.016647228254685675,-1.5768615696519592,-5.87973309020356e-17
257,120,2013,0.018034497275909445,-1.5761494356472188,-6.171725245559502e-17
257,120,2014,0.019421766297133214,-1.5753806422672079,-5.608170506002446e-17
257,120,2015,0.020809035318356983,-1.57455526134061,-5.110635228477186e-17
257,120,2016,0.022196304339580752,-1.5736733699826622,-6.160728801984209e-17
257,120,2017,0.023583573360804966,-1.5727350505859425,-4.85572571397685e-17
257,120,2018,0.024970842382028735,-1.5717403908101784,-4.9324400312751556e-17
257,120,2019,0.026358111403252504,-1.5706894835710878,-4.7588321585377984e-17
257,120,2020,0.027745380424476274,-1.5695824270282954,-4.579430312732488e-17
257,120,2021,0.029132649445700043,-1.5684193245723492,-3.0494738200923684e-17
257,120,2022,0.030519918466923812,-1.5672002848108892,-2.6965075109569908e-17
257,120,2023,0.03190718748814758,-1.5659254215540215,-1.6407084305809558e-17
257,120,2024,0.03329445650937135,-1.5645948537989605,-6.383701680597641e-18
257,120,2025,0.03468172553059512,-1.563208705714002,4.94828465388129e-18
257,120,2026,0.03606899455181889,-1.561767106621884,8.99398594095159e-18
257,120,2027,0.03745626357304266,-1.560270190982609,2.280686054218787e-17
257,120,2028,0.03884353259426643,-1.5587180983757778,3.2001871437644893e-17
257,120,2029,0.0402308016154902,-1.5571109734824975,3.127224380793781e-17
257,120,2030,0.04161807063671441,-1.5554489660669015,3.763244350804096e-17
257,120,2031,0.04300533965793818,-1.5537322309573307,4.629062735549818e-17
257,120,2032,0.04439260867916195,-1.5519609280271949,6.714930859044638e-17
257,120,2033,0.04577987770038572,-1.5501352221755376,5.95893205021089e-17
257,120,2034,0.04716714672160949,-1.548255283307313,5.811989226989957e-17
257,120,2035,0.04855441574283326,-1.5463212863133666,6.835602873769094e-17
257,120,2036,0.049941684764057026,-1.5443334110501068,4.740052222114782e-17
257,120,2037,0.051328953785280795,-1.5422918423188388,5.733068986472696e-17
257,120,2038,0.052716222806504565,-1.5401967698447303,5.970668368177674e-17
257,120,2039,0.054103491827728334,-1.5380483882553624,5.210312420837426e-17
257,120,2040,0.0554907608489521,-1.535846897058816,4.63416101413256e-17
257,120,2041,0.05687802987017587,-1.5335925006212416,4.488722386756312e-17
257,120,2042,0.058265298891400086,-1.53128540814385,3.55364001260842e-17
257,120,2043,0.059652567912623855,-1.5289258336392737,2.763396887561965e-17
257,120,2044,0.061039836933847624,-1.5265139959072327,2.4418926478591922e-17
257,120,2045,0.062427105955071394,-1.5240501185094535,1.0859388032914083e-17
257,120,2046,0.06381437497629516,-1.5215344297437998,7.709818271618851e-18
257,120,2047,0.06520164399751893,-1.518967162617559,7.72391567549823e-18
257,120,2048,0.0665889130187427,-1.5163485548198603,-2.0050991594841242e-17
257,120,2049,0.06797618203996647,-1.5136788486931931,-1.5242014292651738e-17
257,120,2050,0.06936345106119024,-1.510958291204015,-3.795274986348129e-17
257,120,2051,0.07075072008241401,-1.508187133912439,-3.819804357586075e-17
257,120,2052,0.07213798910363778,-1.505365632941013,-3.3148025012378575e-17
257,120,2053,0.07352525812486155,-1.502494048942602,-3.9300079869110914e-17
257,120,2054,0.07491252714608532,-1.4995726470674022,-4.395845822021258e-17
257,120,2055,0.07629979616730953,-1.4966016969291265,-5.170234826974606e-17
257,120,2056,0.0776870651885333,-1.4935814725703969,-3.708617891083275e-17
257,120,2057,0.07907433420975707,-1.4905122524274044,-6.621832355240692e-17
257,120,2058,0.08046160323098084,-1.4873943192938843,-4.440579032653731e-17
257,120,2059,0.08184887225220461,-1.4842279602844732,-7.595444390531513e-17
257,120,2060,0.08323614127342838,-1.4810134667975026,-5.557079539079348e-17
257,120,2061,0.08462341029465215,-1.4777511344772938,-1.808672006350965e-17
257,120,2062,0.08601067931587592,-1.474441263176011,-4.1246195317840526e-17
257,120,2063,0.08739794833709968,-1.4710841569151298,-2.982267345203979e-17
257,120,2064,0.08878521735832345,-1.4676801238465633,-4.364626995690844e-17
257,120,2065,0.09017248637954722,-1.4642294762134989,-5.19986284540932e-17
257,120,2066,0.09155975540077099,-1.4607325303109715,-3.0292276007072944e-18
257,120,2067,0.0929470244219952,-1.4571896064462024,6.053471872549248e-18
257,120,2068,0.09433429344321898,-1.4536010288987231,-5.3706095482767626e-18
257,120,2069,0.09572156246444274,-1.4499671258802798,4.465795397494754e-18
257,120,2070,0.09710883148566651,-1.4462882294945274,1.1584403030828465e-17
257,120,2071,0.09849610050689028,-1.4425646756964956,1.2505391378965751e-17
257,120,2072,0.09988336952811405,-1.438796804251802,2.8583138447504755e-17
257,120,2073,0.10127063854933782,-1.4349849586955903,1.1894953236290773e-17
257,120,2074,0.10265790757056159,-1.431129486291148,3.502761956949724e-17
257,120,2075,0.10404517659178536,-1.4272307379881746,5.2990645414580604e-17
257,120,2076,0.10543244561300913,-1.4232890683806465,3.8363487600729825e-17
257,120,2077,0.1068197146342329,-1.419304835664231,3.8835414547782755e-17
257,120,2078,0.10820698365545667,-1.4152784015932136,1.386739897541531e-17
257,120,2079,0.10959425267668044,-1.4112101314368741,1.9078461044582263e-17
257,120,2080,0.11098152169790465,-1.4071003939352857,1.237614132341588e-17
257,120,2081,0.11236879071912842,-1.4029495612544918,2.6133364442513758e-17
257,120,2082,0.11375605974035219,-1.398758008941015,-1.8281914299386656e-18
257,120,2083,0.11514332876157596,-1.3945261158756934,-2.5595867851261276e-17
257,120,2084,0.11653059778279973,-1.39025426422681,-2.0531123454625515e-18
257,120,2085,0.1179178668040235,-1.3859428394025095,-6.914354901384635e-18
257,120,2086,0.11930513582524727,-1.381592230002497,-4.1201951107049e-17
257,120,2087,0.12069240484647104,-1.3772028277690296,-1.2559139653235451e-17
257,120,2088,0.1220796738676948,-1.3727750275372166,-2.15430637916993e-17
257,120,2089,0.12346694288891857,-1.368309227184645,3.2558207787570306e-18
257,120,2090,0.12485421191014234,-1.3638058275803722,-1.7970123402532817e-17
257,120,2091,0.1262414809313661,-1.35926523253331,-2.58899510147878e-17
257,120,2092,0.12762874995259033,-1.3546878487400558,-6.062959960797312e-17
257,120,2093,0.1290160189738141,-1.350074085732215,-6.096216017307677e-17
257,120,2094,0.13040328799503786,-1.3454243558232504,-1.849838978841465e-17
257,120,2095,0.13179055701626163,-1.3407390740549354,-6.059097335238358e-17
257,120,2096,0.1331778260374854,-1.3360186581434412,9.369135802412997e-18
257,120,2097,0.13456509505870917,-1.3312635284251177,7.220002680312085e-18
257,120,2098,0.13595236407993294,-1.3264741078020146,-4.167084594919563e-17
257,120,2099,0.1373396331011567,-1.32165082168718,-2.2796110704361505e-17
257,120,2100,0.13872690212238048,-1.3167940979497852,3.00412334034551e-17
257,120,2101,0.14011417114360425,-1.311904366860096,7.37617454079157e-18
257,120,2102,0.14150144016482802,-1.3069820610343272,3.7378355832341023e-17
257,120,2103,0.1428887091860518,-1.3020276153793886,5.2886145694704476e-17
257,120,2104,0.144275978207276,-1.2970414670375428,2.893024247285901e-17
257,120,2105,0.14566324722849977,-1.2920240553309754,6.444774526100997e-17
257,120,2106,0.14705051624972354,-1.286975821706268,2.859288048119706e-17
257,120,2107,0.1484377852709473,-1.281897209678777,1.0833176636356041e-16
257,120,2108,0.14982505429217108,-1.2767886647768982,4.048359279136348e-17
257,120,2109,0.15121232331339485,-1.2716506344861898,4.997031472054768e-17
257,120,2110,0.15259959233461862,-1.2664835681933417,3.7975307644989143e-17
257,120,2111,0.15398686135584239,-1.2612879171299534,5.653007635618555e-17
257,120,2112,0.15537413037706616,-1.2560641343161012,6.732974201299186e-17
257,120,2113,0.15676139939828992,-1.2508126745036585,3.5787230638925285e-17
257,120,2114,0.1581486684195137,-1.2455339941193428,1.0483883548678304e-17
257,120,2115,0.15953593744073746,-1.240228551207463,1.7295394361892074e-17
257,120,2116,0.16092320646196123,-1.2348968053723428,3.6070960329378887e-17
257,120,2117,0.16231047548318545,-1.2295392177204,-2.3260503730575212e-17
257,120,2118,0.16369774450440921,-1.2241562508018693,-2.2014705106881303e-17
257,120,2119,0.16508501352563298,-1.2187483685521434,6.068210259180689e-18
257,120,2120,0.16647228254685675,-1.2133160362327513,-2.4608252218346086e-17
257,120,2121,0.16785955156808052,-1.2078597203719559,-5.5105698507486946e-17
257,120,2122,0.1692468205893043,-1.2023798887049855,-5.020011543022176e-17
257,120,2123,0.17063408961052806,-1.1968770101139128,-6.463511246174686e-17
257,120,2124,0.17202135863175183,-1.1913515545671949,-8.796151959392543e-17
257,120,2125,0.1734086276529756,-1.1858039930589073,-2.1797462449428943e-17
257,120,2126,0.17479589667419937,-1.1802347975476892,-1.0112618778420912e-16
257,120,2127,0.17618316569542314,-1.1746444408954446,-8.731184021031957e-17
257,120,2128,0.1775704347166469,-1.169033396805826,-3.365304989529101e-17
257,120,2129,0.17895770373787112,-1.163402139762537,-2.910078146490735e-18
257,120,2130,0.1803449727590949,-1.157751144967514,-6.786936800718245e-17
257,120,2131,0.18173224178031866,-1.1520808882789852,-5.0075948662999077e-17
257,120,2132,0.18311951080154243,-1.1463918461494933,-5.85313177827554e-17
257,120,2133,0.1845067798227662,-1.1406844955638853,6.4135689845668624e-18
257,120,2134,0.18589404884398997,-1.1349593139773226,-5.958041522922456e-17
257,120,2135,0.18728131786521374,-1.1292167792533356,-3.700283209570914e-17
257,120,2136,0.1886685868864375,-1.1234573696019574,-3.2437997688550397e-17
257,120,2137,0.19005585590766128,-1.1176815635179598,3.0931244979144935e-17
257,120,2138,0.19144312492888504,-1.1118898397192098,3.514240316316423e-18
257,120,2139,0.1928303939501088,-1.1060826770851726,1.053834597811405e-17
257,120,2140,0.19421766297133258,-1.1002605545955624,2.1784146773311566e-17
257,120,2141,0.19560493199255635,-1.094423951269158,1.9585450427985697e-17
257,120,2142,0.19699220101378057,-1.088573346102779,2.073935799182765e-17
257,120,2143,0.19837947003500433,-1.082709218010439,4.4630445024586364e-17
257,120,2144,0.1997667390562281,-1.0768320457626426,2.7161293449760823e-17
257,120,2145,0.20115400807745187,-1.0709423079258549,8.998011686407226e-18
257,120,2146,0.20254127709867564,-1.0650404828021132,7.729539440679956e-17
257,120,2147,0.2039285461198994,-1.059127048368776,8.541209591606727e-17
257,120,2148,0.20531581514112318,-1.0532024822184032,5.0925376278512154e-17
257,120,2149,0.20670308416234695,-1.047267261498745,4.3955131463660405e-17
257,120,2150,0.20809035318357072,-1.041321862852846,3.893100111865597e-17
257,120,2151,0.2094776222047945,-1.035366762359235,8.509247141636945e-17
257,120,2152,0.21086489122601826,-1.029402435472203,7.977172515318898e-17
257,120,2153,0.21225216024724203,-1.0234293569621615,6.921616308265703e-17
257,120,2154,0.21363942926846624,-1.0174480008560696,1.9185023123966805e-17
257,120,2155,0.21502669828969,-1.0114588403779414,4.499940716012393e-17
257,120,2156,0.21641396731091378,-1.0054623478894056,1.707167647010149e-17
257,120,2157,0.21780123633213755,-0.999458994830358,-6.539273801349126e-18
257,120,2158,0.21918850535336132,-0.9934492516596798,-1.9979127266732684e-17
257,120,2159,0.2205757743745851,-0.9874335877960516,-1.611756413556213e-17
257,120,2160,0.22196304339580886,-0.9814124715588641,4.00776903146647e-17
257,120,2161,0.22335031241703263,-0.9753863701092397,-1.148809800234027e-17
257,120,2162,0.2247375814382564,-0.9693557493911895,-5.703471962938136e-17
257,120,2163,0.22612485045948016,-0.9633210740729162,-2.492232767226681e-17
257,120,2164,0.22751211948070393,-0.9572828074882883,-6.903399855635354e-17
257,120,2165,0.2288993885019277,-0.9512414115785072,-4.461867940736879e-17
257,120,2166,0.23028665752315192,-0.9451973468339858,-3.353914380055332e-17
257,120,2167,0.23167392654437569,-0.939151072236482,-3.873726071611525e-17
257,120,2168,0.23306119556559945,-0.9331030452014784,-2.8601630930738224e-17
257,120,2169,0.23444846458682322,-0.9270537215208737,-7.044044761860149e-17
257,120,2170,0.235835733608047,-0.9210035553059815,-2.2289645794393144e-17
257,120,2171,0.23722300262927076,-0.9149529989308809,-8.145774806584816e-17
257,120,2172,0.23861027165049453,-0.9089025029761341,-3.832982655220088e-17
257,120,2173,0.2399975406717183,-0.9028525161729026,-1.2199336206786491e-17
257,120,2174,0.24138480969294207,-0.8968034853474799,-1.8053123814745214e-17
257,120,2175,0.24277207871416584,-0.8907558553662733,-2.0531976727023918e-17
257,120,2176,0.2441593477353896,-0.8847100690812475,1.2292279292544081e-17
257,120,2177,0.24554661675661338,-0.8786665672758566,-5.1202976285189956e-17
257,120,2178,0.24693388577783715,-0.8726257886114837,-2.5947920605284677e-17
257,120,2179,0.24832115479906136,-0.866588169574403,-5.439745875139544e-17
257,120,2180,0.24970842382028513,-0.860554144423289,-5.869715543209994e-19
257,120,2181,0.2510956928415089,-0.8545241451372689,2.6761247089135716e-17
257,120,2182,0.25248296186273267,-0.848498601364555,6.8926453993786006e-18
257,120,2183,0.25387023088395644,-0.842477940371652,5.651697530713781e-17
257,120,2184,0.2552574999051802,-0.8364625869931486,1.1223005878342107e-17
257,120,2185,0.256644768926404,-0.8304529635821072,3.142965534610001e-17
257,120,2186,0.25803203794762775,-0.8244494899610455,-2.6844215532126948e-17
257,120,2187,0.2594193069688515,-0.8184525833735229,-1.6698771500377325e-17
257,120,2188,0.2608065759900753,-0.812462658436321,7.0279479694623e-17
257,120,2189,0.26219384501129905,-0.8064801270922198,1.7596346401167295e-17
257,120,2190,0.2635811140325228,-0.8005053985633667,8.727883880996798e-17
257,120,2191,0.26496838305374704,-0.7945388793052234,5.400622743210378e-17
257,120,2192,0.2663556520749708,-0.7885809729610973,4.1338576387409217e-17
257,120,2193,0.2677429210961946,-0.7826320803172169,5.05429610071311e-17
257,120,2194,0.26913019011741834,-0.7766925992583742,3.12192584443733e-17
257,120,2195,0.2705174591386421,-0.7707629247240977,8.678522542468873e-18
257,120,2196,0.2719047281598659,-0.7648434486653471,9.228818898851996e-18
257,120,2197,0.27329199718108965,-0.758934560001718,1.081320261956737e-17
257,120,2198,0.2746792662023134,-0.7530366445791395,4.0198300674415797e-17
257,120,2199,0.2760665352235372,-0.7471500851280553,6.397214337166459e-17
257,120,2200,0.27745380424476096,-0.7412752612220711,1.5334276666938954e-17
257,120,2201,0.27884107326598473,-0.7354125492370647,4.846985294030672e-17
257,120,2202,0.2802283422872085,-0.7295623223107451,1.7705282549982816e-17
257,120,2203,0.28161561130843227,-0.7237249503026626,7.872984766516814e-18
257,120,2204,0.2830028803296565,-0.7179007997546624,2.9221230803023415e-17
257,120,2205,0.28439014935088025,-0.7120902338517981,-1.5747333423864862e-17
257,120,2206,0.285777418372104,-0.7062936123836875,1.9779098647675136e-17
257,120,2207,0.2871646873933278,-0.7005112917063532,3.4944047729956866e-17
257,120,2208,0.28855195641455156,-0.6947436247045473,1.671921940411345e-17
257,120,2209,0.2899392254357753,-0.6889909607545835,2.1304947750808204e-17
257,120,2210,0.2913264944569991,-0.6832536456877073,2.1309732055610956e-18
257,120,2211,0.29271376347822287,-0.6775320217540357,-6.833678962145182e-17
257,120,2212,0.29410103249944664,-0.671826427587098,2.920336530292415e-17
257,120,2213,0.2954883015206704,-0.6661371981690192,-4.2313823060264225e-18
257,120,2214,0.2968755705418942,-0.6604646647963914,-2.795004006989383e-18
257,120,2215,0.29826283956311794,-0.6548091550468694,-3.550119813244793e-17
257,120,2216,0.29965010858434216,-0.6491709927465421,1.2256689534043064e-17
257,120,2217,0.3010373776055659,-0.6435504979381321,7.317819651552517e-18
257,120,2218,0.3024246466267897,-0.6379479868500455,-3.12748365427829e-18
257,120,2219,0.30381191564801346,-0.6323637718663481,-1.9632644784930604e-18
257,120,2220,0.30519918466923723,-0.626798161497685,-4.718733583715751e-17
257,120,2221,0.306586453690461,-0.6212514603531907,-1.0324799375153681e-17
257,120,2222,0.30797372271168477,-0.6157239691134205,-7.951758913654269e-17
257,120,2223,0.30936099173290854,-0.610215984504333,-5.2484858917632996e-17
257,120,2224,0.3107482607541323,-0.6047277992723378,-3.214844267875685e-17
257,120,2225,0.3121355297753561,-0.5992597021604308,-3.9773371952156544e-17
257,120,2226,0.31352279879657985,-0.5938119778854167,-5.887006480417273e-17
257,120,2227,0.3149100678178036,-0.5883849071162172,2.258917919631515e-17
257,120,2228,0.31629733683902783,-0.5829787664532581,-5.3713713081626096e-17
257,120,2229,0.3176846058602516,-0.5775938284089219,-2.8751270863691774e-17
257,120,2230,0.31907187488147537,-0.5722303613890203,2.040508360185467e-18
257,120,2231,0.32045914390269914,-0.566888629675281,-3.604420880889483e-17
257,120,2232,0.3218464129239229,-0.5615688934087958,-9.821333897575022e-17
257,120,2233,0.3232336819451467,-0.5562714085743816,-4.082480569665015e-17
257,120,2234,0.32462095096637045,-0.550996426985819,-1.5447402019051515e-16
257,120,2235,0.3260082199875942,-0.5457441962719055,-3.1728810602773164e-17
257,120,2236,0.327395489008818,-0.540514959863275,3.216072871831795e-17
257,120,2237,0.32878275803004176,-0.5353089569799305,-4.472881223505246e-17
257,120,2238,0.3301700270512655,-0.5301264226194363,1.973184475715174e-17
257,120,2239,0.3315572960724893,-0.5249675875457176,1.3535792905363397e-17
257,120,2240,0.33294456509371306,-0.5198326782784267,1.3018139728120311e-17
257,120,2241,0.3343318341149373,-0.5147219170828308,3.540849080056179e-17
257,120,2242,0.33571910313616105,-0.5096355219601946,2.2673594114890262e-17
257,120,2243,0.3371063721573848,-0.5045737066386125,6.207540114137359e-17
257,120,2244,0.3384936411786086,-0.49953668056430184,6.535392657736602e-17
257,120,2245,0.33988091019983235,-0.494524648893323,3.2909739615865346e-17
257,120,2246,0.3412681792210561,-0.48953781248373973,4.673066116667316e-17
257,120,2247,0.3426554482422799,-0.48457636788822656,5.990362916231186e-17
257,120,2248,0.34404271726350366,-0.4796405073471418,-4.402025466186718e-18
257,120,2249,0.34542998628472743,-0.47473041878209854,5.42182044490799e-17
257,120,2250,0.3468172553059512,-0.46984628579006865,5.901813222625029e-17
257,120,2251,0.34820452432717497,-0.46498828763806127,8.66629362086037e-17
257,120,2252,0.34959179334839874,-0.4601565992584352,3.109577315823647e-17
257,120,2253,0.35097906236962295,-0.45535139124488944,-1.3306980226840005e-17
257,120,2254,0.3523663313908467,-0.4505728298492106,3.0154251394571074e-17
257,120,2255,0.3537536004120705,-0.44582107697880524,6.72033328078256e-17
257,120,2256,0.35514086943329426,-0.4410962901951218,7.45528810367994e-17
257,120,2257,0.35652813845451803,-0.4363986227129859,-2.4681715962005034e-17
257,120,2258,0.3579154074757418,-0.4317282234009296,-1.1784193252493853e-17
257,120,2259,0.35930267649696557,-0.4270852367825502,-1.6854756003398546e-17
257,120,2260,0.36068994551818934,-0.4224698030389621,-3.9301596363388e-17
257,120,2261,0.3620772145394131,-0.4178820580123632,-4.999973676500085e-17
257,120,2262,0.3634644835606369,-0.41332213321076006,-4.235492024185581e-17
257,120,2263,0.36485175258186064,-0.40879015581386124,-1.3494449334083418e-16
257,120,2264,0.3662390216030844,-0.40428624868015983,-4.472542523345371e-17
257,120,2265,0.3676262906243082,-0.3998105303551914,-4.129609128781054e-17
257,120,2266,0.3690135596455324,-0.39536311508096955,-6.169466049171455e-17
257,120,2267,0.37040082866675617,-0.39094411280657115,-1.6479923655977502e-17
257,120,2268,0.37178809768797993,-0.3865536291998329,-1.0688219316719836e-16
257,120,2269,0.3731753667092037,-0.3821917656601293,-7.185103064625253e-17
257,120,2270,0.3745626357304275,-0.3778586193321814,-7.82412041413038e-17
257,120,2271,0.37594990475165124,-0.37355428312082906,-5.377534244655292e-17
257,120,2272,0.377337173772875,-0.3692788457067178,-1.2989140462464146e-16
257,120,2273,0.3787244427940988,-0.3650323915628244,-1.1060447667618253e-16
257,120,2274,0.38011171181532255,-0.36081500097176067,-3.808588412591015e-17
257,120,2275,0.3814989808365463,-0.35662675004377903,-2.3683973876677043e-17
257,120,2276,0.3828862498577701,-0.3524677107354182,-1.2669778528547707e-16
257,120,2277,0.38427351887899386,-0.3483379508687181,1.8331171737590034e-17
257,120,2278,0.38566078790021807,-0.3442375341509485,-7.290111042860507e-17
257,120,2279,0.38704805692144184,-0.3401665201947958,-3.415191750684179e-17
257,120,2280,0.3884353259426656,-0.33612496453894974,-7.014493172628373e-18
257,120,2281,0.3898225949638894,-0.33211291866906784,-7.342345726791299e-17
257,120,2282,0.39120986398511315,-0.3281304300390748,2.4872207801701848e-17
257,120,2283,0.3925971330063369,-0.324177542092777,9.939873674070169e-17
257,120,2284,0.3939844020275607,-0.3202542942857843,3.1928649775104524e-17
257,120,2285,0.39537167104878446,-0.3163607221077352,5.866511530623884e-17
257,120,2286,0.3967589400700082,-0.3124968571048337,2.553679320751886e-17
257,120,2287,0.398146209091232,-0.3086627269027152,1.232596296210481e-16
257,120,2288,0.39953347811245576,-0.30485835522966587,1.7340350756120217e-16
257,120,2289,0.40092074713367953,-0.3010837619402287,6.826824126120118e-17
257,120,2290,0.4023080161549033,-0.297338963039233,1.216538000164656e-17
257,120,2291,0.4036952851761275,-0.29362397070628965,1.0780969855782126e-16
257,120,2292,0.4050825541973513,-0.28993879332080486,4.943703365994229e-17
257,120,2293,0.40646982321857505,-0.28628343548753904,1.473915466461801e-17
257,120,2294,0.4078570922397988,-0.28265789806278546,1.085520290729307e-16
257,120,2295,0.4092443612610226,-0.2790621781811916,1.4378977741372213e-17
257,120,2296,0.41063163028224636,-0.275496269283275,1.0722746312302964e-16
257,120,2297,0.41201889930347013,-0.2719601611436666,2.3836928257004534e-17
257,120,2298,0.4134061683246939,-0.26845383990011606,-2.5072701947541116e-17
257,120,2299,0.41479343734591767,-0.26497728808327853,6.740621102842747e-17
257,120,2300,0.41618070636714144,-0.26153048464730505,7.643128447301782e-17
257,120,2301,0.4175679753883652,-0.25811340500123836,6.25170761715497e-17
257,120,2302,0.418955244409589,-0.25472602104121894,1.2087142516174999e-17
257,120,2303,0.4203425134308132,-0.2513683011834855,-3.3380296835697897e-18
257,120,2304,0.42172978245203696,-0.24804021039816412,2.915288680585711e-17
257,120,2305,0.42311705147326073,-0.24474171024379646,2.52499442944691e-17
257,120,2306,0.4245043204944845,-0.24147275890260078,5.649696151814342e-17
257,120,2307,0.42589158951570827,-0.23823331121640537,6.522527244316333e-18
257,120,2308,0.42727885853693204,-0.23502331872321547,2.5131922818869494e-17
257,120,2309,0.4286661275581558,-0.23184272969436007,-3.667352634378612e-17
257,120,2310,0.4300533965793796,-0.22869148917216708,-9.781220077110538e-17
257,120,2311,0.43144066560060335,-0.2255695390081067,-1.8308057318971698e-17
257,120,2312,0.4328279346218271,-0.2224768179013501,2.107087298174476e-18
257,120,2313,0.4342152036430509,-0.21941326143768278,-7.289233625558343e-17
257,120,2314,0.43560247266427465,-0.21637880212872299,-7.390152116592878e-17
257,120,2315,0.43698974168549887,-0.21337336945138807,-7.656196095885394e-17
257,120,2316,0.43837701070672264,-0.2103968898875744,-4.066586930077553e-17
257,120,2317,0.4397642797279464,-0.20744928696398768,-6.424400395493474e-17
257,120,2318,0.4411515487491702,-0.2045304812921138,-3.013518206805368e-17
257,120,2319,0.44253881777039394,-0.20164039060828381,-1.3406058524549728e-16
257,120,2320,0.4439260867916177,-0.19877892981381626,7.815364397723314e-18
257,120,2321,0.4453133558128415,-0.19594601101522366,-8.600237516433382e-17
257,120,2322,0.44670062483406525,-0.19314154356447244,-1.406097141843266e-16
257,120,2323,0.448087893855289,-0.19036543409929627,4.4200741217490786e-18
257,120,2324,0.4494751628765128,-0.18761758658356695,-2.749137301866619e-17
257,120,2325,0.45086243189773656,-0.18489790234773276,-2.220194556813569e-18
257,120,2326,0.45224970091896033,-0.1822062801293411,5.038245705842839e-17
257,120,2327,0.4536369699401841,-0.17954261611366076,-8.553144222989549e-17
257,120,2328,0.4550242389614083,-0.17690680397442626,2.4461466762779826e-17
257,120,2329,0.4564115079826321,-0.17429873491473305,4.092923537301728e-17
257,120,2330,0.45779877700385585,-0.17171829770809346,4.6994656092443197e-17
257,120,2331,0.4591860460250796,-0.16916537873969298,8.624796128420657e-17
257,120,2332,0.4605733150463034,-0.16663986204785697,6.837152604707951e-17
257,120,2333,0.46196058406752716,-0.16414162936575213,-3.430064985775832e-17
257,120,2334,0.4633478530887509,-0.16167056016333758,1.7306811878037332e-17
257,120,2335,0.4647351221099747,-0.1592265316895762,-3.8620037230654875e-17
257,120,2336,0.46612239113119847,-0.15680941901491705,1.6378060047188282e-16
257,120,2337,0.46750966015242224,-0.15441909507404686,9.498540055992847e-17
257,120,2338,0.468896929173646,-0.15205543070891245,1.7016664515738404e-18
257,120,2339,0.4702841981948698,-0.1497182947120001,8.454470688065818e-17
257,120,2340,0.471671467216094,-0.14740755386986457,7.401049184687921e-17
257,120,2341,0.47305873623731776,-0.14512307300688781,-1.1100921973908411e-17
257,120,2342,0.4744460052585415,-0.14286471502923553,4.515707534308624e-17
257,120,2343,0.4758332742797653,-0.14063234096899938,1.8950697034654677e-17
257,120,2344,0.47722054330098906,-0.1384258100284824,5.248354271520695e-17
257,120,2345,0.47860781232221283,-0.13624497962459778,9.378208022959591e-17
257,120,2346,0.4799950813434366,-0.1340897054333459,4.738526364658785e-18
257,120,2347,0.48138235036466037,-0.13195984143433118,3.464614035338197e-17
257,120,2348,0.48276961938588414,-0.12985523995528264,-2.781391620128891e-17
257,120,2349,0.4841568884071079,-0.12777575171654046,-6.996563534401661e-17
257,120,2350,0.4855441574283317,-0.12572122587547244,6.428367804627303e-18
257,120,2351,0.48693142644955545,-0.12369151007078681,6.967993188375441e-17
257,120,2352,0.4883186954707792,-0.12168645046671046,-5.291744488600661e-17
257,120,2353,0.48970596449200343,-0.11970589179700024,-4.8017121353189714e-17
257,120,2354,0.4910932335132272,-0.11774967740877072,-8.763079366539054e-17
257,120,2355,0.49248050253445097,-0.11581764930610232,-3.3239394849138194e-17
257,120,2356,0.49386777155567474,-0.11390964819342787,-1.2132823959941935e-16
257,120,2357,0.4952550405768985,-0.1120255135186737,-2.900061342313816e-17
257,120,2358,0.4966423095981223,-0.11016508351614725,3.1180926662660446e-18
257,120,2359,0.49802957861934605,-0.10832819524916619,-8.102028013731494e-17
257,120,2360,0.4994168476405698,-0.10651468465242522,-1.980654397728e-17
257,120,2361,0.5008041166617936,-0.1047243865740994,4.518018059162596e-18
257,120,2362,0.5021913856830174,-0.10295713481768788,-1.119147333319523e-16
257,120,2363,0.5035786547042411,-0.10121276218360245,-1.6121171459740297e-17
257,120,2364,0.5049659237254649,-0.09949110051050555,-3.7315818508887434e-17
257,120,2365,0.5063531927466891,-0.09779198071640512,-6.630703537146626e-17
257,120,2366,0.5077404617679129,-0.0961152328395177,-1.0910397252419067e-16
257,120,2367,0.5091277307891366,-0.09446068607889856,2.6129801056028053e-17
257,120,2368,0.5105149998103604,-0.09282816883485462,-3.6795478596452775e-17
257,120,2369,0.5119022688315842,-0.09121750874914215,3.839814904305957e-17
257,120,2370,0.513289537852808,-0.089628532744952,-3.768720130957792e-17
257,120,2371,0.5146768068740317,-0.08806106706668862,-6.391822512864343e-17
257,120,2372,0.5160640758952555,-0.0865149373195427,2.528320781082102e-17
257,120,2373,0.5174513449164793,-0.08498996850885332,3.058435325893379e-17
257,120,2374,0.518838613937703,-0.08348598507926203,1.7546244512953293e-18
257,120,2375,0.5202258829589268,-0.08200281095364799,6.645351465556215e-17
257,120,2376,0.5216131519801506,-0.08054026957183956,3.539503337710414e-17
257,120,2377,0.5230004210013748,-0.07909818392909185,5.0514851107416974e-17
257,120,2378,0.5243876900225986,-0.07767637661432235,3.107085642034807e-17
257,120,2379,0.5257749590438223,-0.07627466984808348,3.0875408744053736e-17
257,120,2380,0.5271622280650461,-0.07489288552026972,4.444462496959774e-17
257,120,2381,0.5285494970862699,-0.07353084522753567,-2.4996763732898352e-17
257,120,2382,0.5299367661074936,-0.07218837031041485,1.0229683684595669e-16
257,120,2383,0.5313240351287174,-0.07086528189011919,2.0233715520254332e-17
257,120,2384,0.5327113041499412,-0.0695614009050092,1.0027896946739454e-16
257,120,2385,0.5340985731711649,-0.0682765481467145,7.121067500457306e-17
257,120,2386,0.5354858421923887,-0.06701054429589201,6.832353586198753e-17
257,120,2387,0.5368731112136125,-0.06576320995760901,-4.346482736219912e-17
257,120,2388,0.5382603802348362,-0.06453436569633461,9.248847437385558e-17
257,120,2389,0.53964764925606,-0.06332383207053074,4.078827323427251e-17
257,120,2390,0.5410349182772842,-0.06213142966682995,-1.1035207912862958e-17
257,120,2391,0.542422187298508,-0.060956979133791805,7.537146000064307e-17
257,120,2392,0.5438094563197318,-0.05980030121522329,1.0205596813003692e-17
257,120,2393,0.5451967253409555,-0.05866121678306619,-2.857490091668968e-17
257,120,2394,0.5465839943621793,-0.0575395468698343,5.824257021297387e-17
257,120,2395,0.5479712633834031,-0.05643511270060057,-5.288817004187456e-17
257,120,2396,0.5493585324046268,-0.05534773572452798,4.818556603458131e-19
257,120,2397,0.5507458014258506,-0.054277237645939794,-3.3108457805545093e-18
257,120,2398,0.5521330704470744,-0.0532234404549247,1.705201458631559e-17
257,120,2399,0.5535203394682982,-0.05218616645747662,-6.754554195466612e-17
257,120,2400,0.5549076084895219,-0.051165238305162536,-8.239622554505189e-17
257,120,2401,0.5562948775107457,-0.05016047902431931,-8.200485136140507e-17
257,120,2402,0.5576821465319699,-0.049171712044774725,-2.0104160248277647e-16
257,120,2403,0.5590694155531937,-0.048198761228093905,-9.536762671860589e-17
257,120,2404,0.5604566845744174,-0.047241450895343415,9.453039674813658e-17
257,120,2405,0.5618439535956412,-0.046299605854378534,-1.0033898363260268e-19
257,120,2406,0.563231222616865,-0.045373051426646945,-1.073859208526709e-17
257,120,2407,0.5646184916380887,-0.044461613473508126,-9.076108077065367e-17
257,120,2408,0.5660057606593125,-0.04356511842207002,-4.955547564424819e-18
257,120,2409,0.5673930296805363,-0.04268339329053841,-5.519943413765911e-17
257,120,2410,0.5687802987017601,-0.04181626571308155,-4.95507382158204e-17
257,120,2411,0.5701675677229838,-0.040963563964208326,-3.660961254825768e-17
257,120,2412,0.5715548367442076,-0.040125116982659914,-4.367811945891464e-17
257,120,2413,0.5729421057654314,-0.03930075439481906,7.149687686821754e-17
257,120,2414,0.5743293747866551,-0.038490306537635265,-2.4503093252784988e-17
257,120,2415,0.5757166438078793,-0.03769360448106841,-6.023074041781793e-17
257,120,2416,0.5771039128291031,-0.03691048005005699,-5.307416547267775e-17
257,120,2417,0.5784911818503269,-0.03614076584600896,-8.796780821908217e-17
257,120,2418,0.5798784508715507,-0.03538429526782349,4.243701320279878e-17
257,120,2419,0.5812657198927744,-0.03464090253244597,5.378172537158955e-17
257,120,2420,0.5826529889139982,-0.03391042269495948,9.601611196182969e-17
257,120,2421,0.584040257935222,-0.033192691668219636,4.4913880662396836e-17
257,120,2422,0.5854275269564457,-0.03248754624203481,1.813183712300415e-17
257,120,2423,0.5868147959776695,-0.03179482410189787,3.1445253761669856e-17
257,120,2424,0.5882020649988933,-0.031114363847270773,2.879447222536983e-17
257,120,2425,0.589589334020117,-0.03044600500942839,-6.547393854755346e-17
257,120,2426,0.5909766030413408,-0.029789588068860597,7.645838548642571e-17
257,120,2427,0.592363872062565,-0.029144954472236792,2.9485255239651373e-17
257,120,2428,0.5937511410837888,-0.028511946648932657,5.5349320470153785e-17
257,120,2429,0.5951384101050126,-0.02789040802711716,9.544238575623696e-17
257,120,2430,0.5965256791262363,-0.027280183049401333,6.097255318755649e-17
257,120,2431,0.5979129481474601,-0.02668111718804336,-4.408789548328308e-17
257,120,2432,0.5993002171686839,-0.026093056959707334,4.093321153179638e-17
257,120,2433,0.6006874861899076,-0.02551584993977289,-9.94177230327411e-17
257,120,2434,0.6020747552111314,-0.024949344776185312,5.766969486397924e-17
257,120,2435,0.6034620242323552,-0.024393391202846604,5.602813932705806e-17
257,120,2436,0.604849293253579,-0.023847840052534288,-4.4502719636351565e-17
257,120,2437,0.6062365622748027,-0.023312543269345985,8.379943681893737e-17
257,120,2438,0.6076238312960265,-0.022787353920661925,-1.8442778195826468e-17
257,120,2439,0.6090111003172507,-0.022272126208614823,-1.9973814112944556e-17
257,120,2440,0.6103983693384745,-0.02176671548106957,-1.1497704936508766e-17
257,120,2441,0.6117856383596982,-0.021270978242098903,9.328102116700285e-18
257,120,2442,0.613172907380922,-0.02078477216195715,-4.4931372899781114e-17
257,120,2443,0.6145601764021458,-0.020307956086547476,-1.9069956050671396e-17
257,120,2444,0.6159474454233695,-0.01984039004638262,2.4816888237835818e-17
257,120,2445,0.6173347144445933,-0.019381935265040243,-6.025740354437764e-17
257,120,2446,0.6187219834658171,-0.018932454167113453,-2.793401661190888e-17
257,120,2447,0.6201092524870409,-0.018491810385667728,-4.3528473670755267e-17
257,120,2448,0.6214965215082646,-0.01805986876920228,-2.3043304753446908e-17
257,120,2449,0.6228837905294884,-0.0176364953881341,-2.0211460880010666e-17
257,120,2450,0.6242710595507122,-0.017221557540807612,-5.424803218419159e-17
257,120,2451,0.6256583285719359,-0.0168149237590492,-3.351422236582131e-17
257,120,2452,0.6270455975931601,-0.016416463813274197,4.669027545592548e-18
257,120,2453,0.6284328666143839,-0.01602604871716718,2.5956902690334837e-17
257,120,2454,0.6298201356356077,-0.015643550731946974,-5.389005570117677e-17
257,120,2455,0.6312074046568315,-0.01526884337023492,-3.7406534146737805e-17
257,120,2456,0.6325946736780552,-0.014901801399544565,-2.7580262168960094e-17
257,120,2457,0.633981942699279,-0.014542300845405032,-8.859720150946399e-18
257,120,2458,0.6353692117205028,-0.014190218994137808,-2.055811261032058e-17
257,120,2459,0.6367564807417265,-0.013845434395298593,-1.2474803519103838e-18
257,120,2460,0.6381437497629503,-0.013507826863800698,-6.339192001532075e-19
257,120,2461,0.6395310187841741,-0.013177277481729104,2.666586756235166e-17
257,120,2462,0.6409182878053978,-0.012853668599856233,-4.1816626629323456e-17
257,120,2463,0.6423055568266216,-0.012536883838869103,-3.7077714314493705e-17
257,120,2464,0.6436928258478458,-0.01222680809031005,5.0707262250262996e-17
257,120,2465,0.6450800948690696,-0.01192332751723866,-3.6952099452615173e-17
257,120,2466,0.6464673638902934,-0.011626329554613013,-1.030979406282442e-16
257,120,2467,0.6478546329115171,-0.011335702909393234,-1.4501223830982842e-18
257,120,2468,0.6492419019327409,-0.011051337560360584,-6.146599044256793e-17
257,120,2469,0.6506291709539647,-0.010773124757652703,2.080498891492756e-18
257,120,2470,0.6520164399751884,-0.01050095702200547,-5.73306238194864e-17
257,120,2471,0.6534037089964122,-0.010234728143697061,3.6542543953406166e-17
257,120,2472,0.654790978017636,-0.009974333181186755,1.7891623711552124e-17
257,120,2473,0.6561782470388597,-0.009719668459440453,6.770834247719919e-17
257,120,2474,0.6575655160600835,-0.009470631567935893,3.5023140849898844e-18
257,120,2475,0.6589527850813073,-0.009227121358340558,-2.3821698497805372e-17
257,120,2476,0.660340054102531,-0.008989037941857084,5.460578283603224e-17
257,120,2477,0.6617273231237553,-0.008756282686230339,5.3068938684174696e-17
257,120,2478,0.663114592144979,-0.00852875821241465,9.829661677223593e-18
257,120,2479,0.6645018611662028,-0.008306368390899554,3.5819775839719605e-17
257,120,2480,0.6658891301874266,-0.008089018337695549,1.4624131114867704e-17
257,120,2481,0.6672763992086503,-0.00787661440998241,6.198503032842861e-17
257,120,2482,0.6686636682298741,-0.007669064201427838,3.816689689403892e-17
257,120,2483,0.6700509372510979,-0.007466276537182471,3.4131762768739885e-17
257,120,2484,0.6714382062723216,-0.007268161468564169,1.0480976296534103e-17
257,120,2485,0.6728254752935454,-0.007074630267440621,7.808861397567959e-17
257,120,2486,0.6742127443147692,-0.006885595420329398,3.155121152877283e-17
257,120,2487,0.675600013335993,-0.006700970622227765,7.566422715691655e-17
257,120,2488,0.6769872823572167,-0.00652067077019153,-2.2274933293805413e-17
257,120,2489,0.6783745513784409,-0.006344611956680246,-2.84339346458435e-17
257,120,2490,0.6797618203996647,-0.006172711462689034,-3.201670733593294e-17
257,120,2491,0.6811490894208885,-0.0060048877506835565,1.035232073358271e-16
257,120,2492,0.6825363584421122,-0.0058410604573588985,-6.851447082573869e-17
257,120,2493,0.683923627463336,-0.0056811503862383315,6.873572099443705e-17
257,120,2494,0.6853108964845598,-0.005525079500128301,-7.267480164902903e-18
257,120,2495,0.6866981655057836,-0.005372770913447263,-1.2848339281158839e-17
257,120,2496,0.6880854345270073,-0.005224148884436148,-1.7889424059429502e-17
257,120,2497,0.6894727035482311,-0.005079138807267833,-7.119872808243061e-17
257,120,2498,0.6908599725694549,-0.004937667204059056,1.880583144232085e-17
257,120,2499,0.6922472415906786,-0.004799661716793418,-8.97092940986052e-18
257,120,2500,0.6936345106119024,-0.0046650510991611506,-1.309235082500423e-16
257,120,2501,0.6950217796331262,-0.004533765208313816,-1.1084149341510566e-16
257,120,2502,0.6964090486543504,-0.004405734996535894,-6.650170073700887e-17
257,120,2503,0.6977963176755742,-0.004280892502832655,-2.066847105671669e-17
257,120,2504,0.6991835866967979,-0.004159170844425726,-7.015337382373447e-17
257,120,2505,0.7005708557180217,-0.004040504208155985,-7.100158144221835e-17
257,120,2506,0.7019581247392455,-0.003924827841784121,2.480177053577878e-19
257,120,2507,0.7033453937604692,-0.0038120780451856135,-9.218188355848525e-17
257,120,2508,0.704732662781693,-0.003702192161428091,-6.710884895876286e-17
257,120,2509,0.7061199318029168,-0.0035951085677311204,9.930101585585891e-17
257,120,2510,0.7075072008241405,-0.0034907666662962323,-4.0002395198811434e-17
257,120,2511,0.7088944698453643,-0.003389106875006708,-8.022016549442916e-17
257,120,2512,0.7102817388665881,-0.003290070617990815,-1.2435725996069652e-16
257,120,2513,0.7116690078878118,-0.0031936003160490576,-4.981042553663518e-17
257,120,2514,0.7130562769090361,-0.003099639376943231,3.4026164866254522e-18
257,120,2515,0.7144435459302598,-0.0030081321855510487,-1.1139729423640071e-17
257,120,2516,0.7158308149514836,-0.0029190240938897333,-2.2241650153918682e-18
257,120,2517,0.7172180839727074,-0.0028322614110148437,2.5820141893636215e-17
257,120,2518,0.7186053529939311,-0.0027477913928031844,-1.6359599033164254e-17
257,120,2519,0.7199926220151549,-0.0026655622316306654,5.928711538910494e-17
257,120,2520,0.7213798910363787,-0.0025855230459553573,-5.220600067215259e-17
257,120,2521,0.7227671600576024,-0.0025076238698214276,4.877578319289969e-17
257,120,2522,0.7241544290788262,-0.0024318156422965913,8.017668060125125e-17
257,120,2523,0.72554169810005,-0.0023580501968602815,-3.336274914782625e-17
257,120,2524,0.7269289671212738,-0.0022862802507567738,1.7467987927649406e-17
257,120,2525,0.7283162361424975,-0.0022164593943296653,1.1772913178633088e-16
257,120,2526,0.7297035051637217,-0.002148542080352989,2.3171526890264586e-17
257,120,2527,0.7310907741849455,-0.0020824836133740807,9.791322163685477e-17
257,120,2528,0.7324780432061693,-0.002018240139079202,4.271051026995298e-18
257,120,2529,0.733865312227393,-0.0019557686336971088,3.405457362474294e-17
257,120,2530,0.7352525812486168,-0.0018950268934472116,7.33850796853389e-17
257,120,2531,0.7366398502698406,-0.0018359735240436887,1.0312797615053573e-16
257,120,2532,0.7380271192910643,-0.0017785679302589257,4.5806197120488614e-17
257,120,2533,0.7394143883122881,-0.0017227703055512215,2.6124101676531083e-17
257,120,2534,0.7408016573335119,-0.0016685416217582952,-7.120869373235829e-17
257,120,2535,0.7421889263547357,-0.0016158436188570486,-2.7257014810539122e-17
257,120,2536,0.7435761953759594,-0.001564638794785815,8.486548566471969e-17
257,120,2537,0.7449634643971832,-0.0015148903953260528,2.87531214185709e-17
257,120,2538,0.746350733418407,-0.001466562404036494,-2.801355686761149e-17
257,120,2539,0.7477380024396312,-0.0014196195322368327,-3.0996597889738315e-17
257,120,2540,0.749125271460855,-0.0013740272090284572,-1.5969051909241428e-17
257,120,2541,0.7505125404820787,-0.0013297515713489763,-5.060149352407609e-17
257,120,2542,0.7518998095033025,-0.001286759454049403,-1.2144695969393704e-17
257,120,2543,0.7532870785245263,-0.0012450183799889705,-1.6442694357768585e-17
257,120,2544,0.75467434754575,-0.0012044965501398055,2.2448994731451582e-17
257,120,2545,0.7560616165669738,-0.0011651628336950433,-7.232497658977992e-17
257,120,2546,0.7574488855881976,-0.0011269867581787398,-8.126920949272992e-17
257,120,2547,0.7588361546094213,-0.0010899384995509125,-2.3184288447019788e-17
257,120,2548,0.7602234236306451,-0.0010539888723117505,-7.849522918760405e-17
257,120,2549,0.7616106926518689,-0.0010191093196004041,4.164060239306732e-18
257,120,2550,0.7629979616730926,-0.0009852719032970524,4.01691647503798e-17
257,120,2551,0.7643852306943169,-0.0009524492941281109,-8.17173595843995e-17
257,120,2552,0.7657724997155406,-0.0009206147617844756,-4.3356342632700686e-17
257,120,2553,0.7671597687367644,-0.0008897421650599201,1.421876111798911e-17
257,120,2554,0.7685470377579882,-0.0008598059420188236,-5.754924136221606e-17
257,120,2555,0.7699343067792119,-0.0008307811002054747,-7.99808016693069e-17
257,120,2556,0.7713215758004357,-0.0008026432069049639,-1.8517311234140923e-17
257,120,2557,0.7727088448216595,-0.0007753683794705151,8.369357370506177e-18
257,120,2558,0.7740961138428832,-0.0007489332757252676,-9.179508435799855e-17
257,120,2559,0.775483382864107,-0.0007233150844550551,1.7868121448314883e-17
257,120,2560,0.7768706518853308,-0.0006984915160007859,-2.094022971248788e-17
257,120,2561,0.7782579209065545,-0.0006744407929610813,-7.256063097148855e-17
257,120,2562,0.7796451899277783,-0.000651141641016669,-3.897611901825159e-17
257,120,2563,0.7810324589490021,-0.0006285732798799691,3.198303939158415e-17
257,120,2564,0.7824197279702263,-0.0006067154143795716,1.3329772499875452e-17
257,120,2565,0.7838069969914501,-0.0005855482256815543,5.884759710285626e-17
257,120,2566,0.7851942660126738,-0.0005650523626496447,1.936792125078229e-17
257,120,2567,0.7865815350338976,-0.0005452089333457302,-4.033547525102773e-17
257,120,2568,0.7879688040551214,-0.0005259994966662826,2.6732555933882987e-17
257,120,2569,0.7893560730763451,-0.0005074060541117833,5.012057841598488e-17
257,120,2570,0.7907433420975689,-0.0004894110416851425,1.6355126358211934e-16
257,120,2571,0.7921306111187927,-0.0004719973219090299,9.477642522328794e-17
257,120,2572,0.7935178801400165,-0.00045514817595678354,7.179790032846478e-17
257,120,2573,0.7949051491612402,-0.0004388472958877335,4.749299359059223e-18
257,120,2574,0.796292418182464,-0.00042307877697357924,1.1758620176967644e-16
257,120,2575,0.7976796872036878,-0.0004078271101128305,-3.1465658572234807e-17
257,120,2576,0.799066956224912,-0.0003930771743181027,5.696915333436843e-17
257,120,2577,0.8004542252461357,-0.0003788142292723286,2.452416556606728e-18
257,120,2578,0.8018414942673595,-0.00036502390794065784,1.1986332272254543e-17
257,120,2579,0.8032287632885833,-0.00035169220923880366,9.418352059698256e-18
257,120,2580,0.804616032309807,-0.0003388054907458846,1.0438625417896925e-16
257,120,2581,0.8060033013310308,-0.0003263504614620407,1.002832508222641e-16
257,120,2582,0.8073905703522546,-0.0003143141746091825,-1.8105813679727468e-17
257,120,2583,0.8087778393734784,-0.0003026840204742186,-6.7626520691693955e-18
257,120,2584,0.8101651083947021,-0.0002914477192964095,9.973273860401488e-18
257,120,2585,0.8115523774159259,-0.00028059331420405453,-3.8403796721183703e-17
257,120,2586,0.8129396464371497,-0.0002701091642065332,2.434357640879626e-17
257,120,2587,0.8143269154583734,-0.00025998393724497134,4.028939831268831e-17
257,120,2588,0.8157141844795976,-0.00025020660331530255,-7.452891380417145e-17
257,120,2589,0.8171014535008214,-0.00024076642766698706,6.6047814789368325e-18
257,120,2590,0.8184887225220452,-0.0002316529640920467,-3.511828165785673e-17
257,120,2591,0.819875991543269,-0.0002228560483116766,-4.192801356227697e-17
257,120,2592,0.8212632605644927,-0.000214365791468898,-5.956643605038712e-18
257,120,2593,0.8226505295857165,-0.0002061725737400659,1.4734823589820574e-17
257,120,2594,0.8240377986069403,-0.0001982670380716865,-9.736671974394501e-17
257,120,2595,0.825425067628164,-0.00019064008404858464,5.415758131026783e-17
257,120,2596,0.8268123366493878,-0.00018328286190267057,-7.40318010840383e-18
257,120,2597,0.8281996056706116,-0.00017618676666313063,-3.225926748010401e-17
257,120,2598,0.8295868746918353,-0.00016934343245419625,-1.153038421241624e-16
257,120,2599,0.8309741437130591,-0.0001627447269378376,-2.049063949388038e-17
257,120,2600,0.8323614127342829,-0.000156382745901637,6.576108998553171e-18
257,120,2601,0.8337486817555071,-0.00015024980799112657,-2.666588500031445e-17
257,120,2602,0.8351359507767309,-0.00014433844957628032,-4.7324261333112e-17
257,120,2603,0.8365232197979546,-0.00013864141975187223,-3.318393232796861e-17
257,120,2604,0.8379104888191784,-0.00013315167545864166,6.3564244079415285e-18
257,120,2605,0.8392977578404022,-0.00012786237672112417,-1.539026283441791e-16
257,120,2606,0.8406850268616259,-0.00012276688198676445,-8.740817214190633e-18
257,120,2607,0.8420722958828497,-0.0001178587435614806,-6.369907420939986e-17
257,120,2608,0.8434595649040735,-0.00011313170312664112,-3.605404215813348e-17
257,120,2609,0.8448468339252972,-0.00010857968733121947,-1.8839907723453753e-17
257,120,2610,0.846234102946521,-0.00010419680344445982,2.1039937571701775e-17
257,120,2611,0.8476213719677448,-9.997733506481049e-05,-6.935560335738846e-17
257,120,2612,0.8490086409889686,-9.59157378739642e-05,-5.366378848808848e-17
257,120,2613,0.8503959100101928,-9.200663543106822e-05,1.82347459846472e-17
257,120,2614,0.8517831790314165,-8.824481500250345e-05,8.183714677897737e-17
257,120,2615,0.8531704480526403,-8.462522342101582e-05,-7.073002894953106e-17
257,120,2616,0.8545577170738641,-8.114296297816152e-05,8.516386641141848e-17
257,120,2617,0.8559449860950878,-7.779328734481293e-05,-5.5306667365612104e-17
257,120,2618,0.8573322551163116,-7.4571597526582e-05,-3.1522811980313175e-17
257,120,2619,0.8587195241375354,-7.147343785418218e-05,-5.193580556566737e-18
257,120,2620,0.8601067931587592,-6.849449201685545e-05,3.086173018840175e-17
257,120,2621,0.8614940621799829,-6.563057914507929e-05,7.571195120597112e-17
257,120,2622,0.8628813312012067,-6.287764994704382e-05,2.83230291334634e-17
257,120,2623,0.8642686002224305,-6.0231782913517165e-05,1.7230715167484364e-17
257,120,2624,0.8656558692436542,-5.768918059080138e-05,8.683263299526321e-17
257,120,2625,0.867043138264878,-5.524616594085159e-05,3.341671052391825e-18
257,120,2626,0.8684304072861022,-5.2899178786815494e-05,1.0914097173380006e-16
257,120,2627,0.869817676307326,-5.064477236061034e-05,3.0130795494291555e-18
257,120,2628,0.8712049453285498,-4.8479609950747836e-05,2.4864177061931344e-17
257,120,2629,0.8725922143497735,-4.6400461664665646e-05,-4.636978337064256e-17
257,120,2630,0.8739794833709973,-4.440420130163214e-05,7.253614989950536e-17
257,120,2631,0.8753667523922211,-4.248780334493673e-05,2.383525052610013e-17
257,120,2632,0.8767540214134448,-4.064834007006029e-05,-9.087105102249463e-19
257,120,2633,0.8781412904346686,-3.888297876958505e-05,2.304622456341102e-17
257,120,2634,0.8795285594558924,-3.7188979092217956e-05,-3.714048689774122e-17
257,120,2635,0.8809158284771161,-3.5563690490159134e-05,1.164645282986789e-17
257,120,2636,0.8823030974983399,-3.400454976994566e-05,9.376984087405225e-17
257,120,2637,0.8836903665195637,-3.250907873791359e-05,-6.261159410123595e-17
257,120,2638,0.8850776355407879,-3.107488193308064e-05,-2.5998283021105153e-17
257,120,2639,0.8864649045620117,-2.969964443683257e-05,1.150737071844277e-16
257,120,2640,0.8878521735832354,-2.8381129749894922e-05,-2.7498963635126188e-17
257,120,2641,0.8892394426044592,-2.7117177725008272e-05,-3.0466197188273866e-17
257,120,2642,0.890626711625683,-2.5905702548090853e-05,1.5541402977460718e-17
257,120,2643,0.8920139806469067,-2.4744690751464466e-05,1.3173785269153474e-18
257,120,2644,0.8934012496681305,-2.3632199260883964e-05,-1.0607834398577834e-17
257,120,2645,0.8947885186893543,-2.256635345432067e-05,-2.336134092634831e-18
257,120,2646,0.896175787710578,-2.1545345239094482e-05,2.0533889992910963e-17
257,120,2647,0.8975630567318018,-2.0567431131872256e-05,-4.022262059114611e-17
257,120,2648,0.8989503257530256,-1.9630930343620644e-05,-1.1390325744466221e-16
257,120,2649,0.9003375947742494,-1.8734222864581824e-05,-1.4961138458105343e-20
257,120,2650,0.9017248637954736,-1.7875747550412405e-05,-4.728403493671665e-17
257,120,2651,0.9031121328166973,-1.7054000210778697e-05,-2.6594139728329957e-17
257,120,2652,0.9044994018379211,-1.626753170172796e-05,-1.7868987825723353e-17
257,120,2653,0.9058866708591449,-1.551494602932673e-05,-8.007382082613084e-17
257,120,2654,0.9072739398803686,-1.4794898467865146e-05,-1.0133669578699875e-17
257,120,2655,0.9086612089015924,-1.4106093701158098e-05,-4.546320045822833e-17
257,120,2656,0.9100484779228162,-1.344728399318502e-05,-2.5186186164293118e-17
257,120,2657,0.91143574694404,-1.2817267398166653e-05,6.97650250349836e-17
257,120,2658,0.9128230159652637,-1.2214886015870611e-05,4.7333080798670986e-17
257,120,2659,0.9142102849864875,-1.1639024302687556e-05,4.727454699408642e-17
257,120,2660,0.9155975540077113,-1.1088607445228623e-05,-1.2187603648416342e-17
257,120,2661,0.916984823028935,-1.0562599800228583e-05,2.6268565483240006e-17
257,120,2662,0.9183720920501588,-1.0060003413792908e-05,-1.8706529327694202e-17
257,120,2663,0.919759361071383,-9.579856615760041e-06,6.6836881835575725e-18
257,120,2664,0.9211466300926068,-9.121232698616272e-06,-3.526962647155423e-18
257,120,2665,0.9225338991138305,-8.683238678892107e-06,2.3820652951152862e-17
257,120,2666,0.9239211681350543,-8.265014142192029e-06,-4.3779939298521616e-17
257,120,2667,0.9253084371562781,-7.86573016868458e-06,-8.676130303170128e-17
257,120,2668,0.9266957061775019,-7.484588338223739e-06,6.007000106515794e-17
257,120,2669,0.9280829751987256,-7.12081980363762e-06,-8.776540531626822e-18
257,120,2670,0.9294702442199494,-6.77368443503577e-06,9.491068243469935e-18
257,120,2671,0.9308575132411732,-6.442470016754769e-06,1.2900817897272645e-16
257,120,2672,0.9322447822623969,-6.126491497448167e-06,-1.8475081701802437e-17
257,120,2673,0.9336320512836207,-5.8250902784458926e-06,4.132269214875818e-17
257,120,2674,0.9350193203048445,-5.537633532560332e-06,-1.4131329652901395e-17
257,120,2675,0.9364065893260687,-5.263513544654273e-06,1.2981102342955676e-16
257,120,2676,0.9377938583472925,-5.002147061494936e-06,-2.1118231848797867e-17
257,120,2677,0.9391811273685162,-4.752974647634659e-06,-4.3617937826426774e-17
257,120,2678,0.94056839638974,-4.515460032891388e-06,-1.2541669940110499e-17
257,120,2679,0.9419556654109638,-4.2890894508606064e-06,-5.3761577478189034e-17
257,120,2680,0.9433429344321875,-4.07337095864828e-06,1.0424447319550427e-16
257,120,2681,0.9447302034534113,-3.867833737334688e-06,-9.241060829188689e-17
257,120,2682,0.9461174724746351,-3.672027367948619e-06,-4.745702309857427e-17
257,120,2683,0.9475047414958588,-3.485521085712382e-06,8.8154177815026e-18
257,120,2684,0.9488920105170826,-3.3079030115111447e-06,5.3855111596808714e-17
257,120,2685,0.9502792795383064,-3.138779363189661e-06,-9.870798155002183e-18
257,120,2686,0.9516665485595301,-2.97777365352792e-06,-2.241518770734987e-18
257,120,2687,0.9530538175807539,-2.8245258760963467e-06,5.4109032490661244e-17
257,120,2688,0.9544410866019781,-2.678691691276128e-06,1.3797079411852299e-17
257,120,2689,0.9558283556232019,-2.5399416134499398e-06,4.6808658346915914e-17
257,120,2690,0.9572156246444257,-2.4079602134160563e-06,-8.690381947690081e-17
257,120,2691,0.9586028936656494,-2.2824453386405e-06,-4.326757558748386e-17
257,120,2692,0.9599901626868732,-2.163107364724619e-06,7.091377533906696e-17
257,120,2693,0.961377431708097,-2.0496684814735994e-06,-5.211263230805341e-17
257,120,2694,0.9627647007293207,-1.9418620227931105e-06,1.737588538311369e-17
257,120,2695,0.9641519697505445,-1.8394318456636538e-06,3.9126611493325866e-17
257,120,2696,0.9655392387717683,-1.7421317639120744e-06,3.7241105625869405e-17
257,120,2697,0.966926507792992,-1.6497250401334954e-06,-4.5489008318176536e-17
257,120,2698,0.9683137768142158,-1.5619839347249653e-06,9.581157617115517e-17
257,120,2699,0.9697010458354396,-1.478689319439228e-06,-3.354283139773429e-17
257,120,2700,0.9710883148566638,-1.3996303460284329e-06,-2.064373706998308e-17
257,120,2701,0.9724755838778876,-1.3246041735639981e-06,4.030097561500883e-17
257,120,2702,0.9738628528991113,-1.253415746681406e-06,-5.255777307481384e-17
257,120,2703,0.9752501219203351,-1.185877620630898e-06,9.559519569002289e-18
257,120,2704,0.9766373909415589,-1.121809826071723e-06,1.4621276345539598e-19
257,120,2705,0.9780246599627826,-1.0610397650320143e-06,-2.0080231742411685e-17
257,120,2706,0.9794119289840064,-1.0034021320536505e-06,-3.936706522617168e-17
257,120,2707,0.9807991980052302,-9.487388476349767e-07,-4.027717803668068e-19
257,120,2708,0.982186467026454,-8.968990018288748e-07,-3.2470396353129724e-17
257,120,2709,0.9835737360476777,-8.477387892381879e-07,4.901174921195779e-18
257,120,2710,0.9849610050689015,-8.011214395638538e-07,-1.5686261933706745e-17
257,120,2711,0.9863482740901253,-7.569171258926552e-07,-2.3681041592144386e-17
257,120,2712,0.987735543111349,-7.150028494696225e-07,9.56766199211531e-17
257,120,2713,0.9891228121325732,-6.752622971677635e-07,6.183791223486754e-17
257,120,2714,0.990510081153797,-6.375856628703102e-07,5.162163272357137e-17
257,120,2715,0.9918973501750208,-6.018694353363452e-07,-5.4940829695392686e-17
257,120,2716,0.9932846191962446,-5.680161514566391e-07,6.363755505928216e-17
257,120,2717,0.9946718882174683,-5.359341115206214e-07,-8.496866508606607e-18
257,120,2718,0.9960591572386921,-5.055370657716731e-07,4.922298880739393e-17
257,120,2719,0.9974464262599159,-4.767438719273332e-07,1.3459124770168432e-17
257,120,2720,0.9988336952811396,-4.4947812706362e-07,1.1346808565240486e-17
257,120,2721,1.0002209643023634,-4.236677884378703e-07,-2.714485786839592e-17
257,120,2722,1.0016082333235872,-3.992447787595467e-07,-5.277151151042511e-17
257,120,2723,1.002995502344811,-3.7614459509877667e-07,4.9568940903110247e-17
257,120,2724,1.0043827713660347,-3.543059211873227e-07,-3.6223449985507406e-17
257,120,2725,1.005770040387259,-3.3367025392300245e-07,-2.6968393752965843e-17
257,120,2726,1.0071573094084827,-3.141815544419223e-07,4.0900003618726916e-17
257,120,2727,1.0085445784297065,-2.9578592571719277e-07,-1.5059515996906507e-16
257,120,2728,1.0099318474509302,-2.784313261697281e-07,-1.1992215313868141e-17
257,120,2729,1.011319116472154,-2.6206732532700406e-07,-1.3889978938113223e-17
257,120,2730,1.0127063854933778,-2.4664490147686545e-07,-3.644454939666516e-18
257,120,2731,1.0140936545146015,-2.3211628858384885e-07,-3.991336044382797e-17
257,120,2732,1.0154809235358253,-2.1843487037057002e-07,-5.2601191893117824e-18
257,120,2733,1.016868192557049,-2.0555511990470104e-07,-2.9330224169138997e-17
257,120,2734,1.0182554615782728,-1.9343258904493653e-07,7.025316727006236e-18
257,120,2735,1.0196427305994966,-1.820239347741157e-07,-6.274142045515518e-17
257,120,2736,1.0210299996207204,-1.7128698594032708e-07,-3.798746152388707e-17
257,120,2737,1.0224172686419446,-1.6118084098870066e-07,-7.10125455813186e-17
257,120,2738,1.0238045376631684,-1.5166598779146116e-07,2.069400803600587e-18
257,120,2739,1.0251918066843921,-1.4270444136008675e-07,4.064619346523452e-17
257,120,2740,1.026579075705616,-1.3425989164189077e-07,-1.5405147092506136e-17
257,120,2741,1.0279663447268397,-1.262978486777858e-07,1.1662676722865654e-17
257,120,2742,1.0293536137480634,-1.1878578243674271e-07,3.882762101381766e-17
257,120,2743,1.0307408827692872,-1.116932456922491e-07,4.215317235204405e-17
257,120,2744,1.032128151790511,-1.0499197597375963e-07,6.907668404851083e-17
257,120,2745,1.0335154208117348,-9.865596911210836e-08,-1.0268429584587768e-17
257,120,2746,1.0349026898329585,-9.266151716257721e-08,4.235577801325551e-18
257,120,2747,1.0362899588541823,-8.69872139404884e-08,6.6791534000535376e-18
257,120,2748,1.037677227875406,-8.161391707115713e-08,8.616725918891755e-18
257,120,2749,1.0390644968966298,-7.652467399370966e-08,2.1894280590386034e-17
257,120,2750,1.040451765917854,-7.170460612268934e-08,-7.915205131608024e-19
257,120,2751,1.0418390349390778,-6.71407596649053e-08,2.3081007864496353e-17
257,120,2752,1.0432263039603016,-6.282192063371267e-08,4.630282356622828e-17
257,120,2753,1.0446135729815254,-5.873840429585177e-08,2.1809300052290298e-17
257,120,2754,1.0460008420027491,-5.488182078121548e-08,2.0307022868282984e-17
257,120,2755,1.047388111023973,-5.124482749449792e-08,-8.789589012105317e-17
257,120,2756,1.0487753800451967,-4.7820872018180286e-08,3.968498264669606e-18
257,120,2757,1.0501626490664204,-4.460393645319788e-08,2.4597531944000328e-17
257,120,2758,1.0515499180876442,-4.1588289027002296e-08,9.344013500818882e-18
257,120,2759,1.052937187108868,-3.87682505703685e-08,4.0845075362498583e-17
257,120,2760,1.0543244561300917,-3.6137983587633005e-08,-1.5959630977564396e-17
257,120,2761,1.0557117251513155,-3.369131153730162e-08,2.1649484617118325e-17
257,120,2762,1.0570989941725397,-3.142156858575529e-08,5.902216698952681e-17
257,120,2763,1.0584862631937635,-2.9321491151732403e-08,3.7448578290387684e-17
257,120,2764,1.0598735322149873,-2.7383147682257343e-08,-1.2870032998719233e-17
257,120,2765,1.061260801236211,-2.5597911300908448e-08,4.8273125074188625e-17
257,120,2766,1.0626480702574348,-2.3956474368881057e-08,-6.646808928018619e-17
257,120,2767,1.0640353392786586,-2.2448905856290323e-08,-2.7338934075150918e-17
257,120,2768,1.0654226082998823,-2.1064741005864966e-08,-5.91389587736929e-17
257,120,2769,1.066809877321106,-1.979311125441963e-08,-2.4642557433804568e-17
257,120,2770,1.0681971463423299,-1.8622895676311935e-08,-4.3021620229129295e-17
257,120,2771,1.0695844153635536,-1.7542898467601277e-08,9.582351391696464e-18
257,120,2772,1.0709716843847774,-1.6542039833622777e-08,-7.814588414138189e-17
257,120,2773,1.0723589534060012,-1.5609552414863825e-08,-4.636334036651651e-19
257,120,2774,1.073746222427225,-1.4735180552068696e-08,-4.035807227165588e-17
257,120,2775,1.0751334914484492,-1.3909367163335082e-08,2.7188472725246884e-18
257,120,2776,1.076520760469673,-1.3123428467545642e-08,2.3127443069468667e-17
257,120,2777,1.0779080294908967,-1.236970549285172e-08,-7.436856868411484e-17
257,120,2778,1.0792952985121205,-1.164168611340641e-08,-2.916121027562494e-17
257,120,2779,1.0806825675333442,-1.0934096816412186e-08,-6.178409989504668e-17
257,120,2780,1.082069836554568,-1.0242955945600724e-08,-2.9008593578255523e-17
257,120,2781,1.0834571055757918,-9.565588936774449e-09,2.180912094423049e-17
257,120,2782,1.0848443745970155,-8.900604563148357e-09,-8.624099483479266e-18
257,120,2783,1.0862316436182393,-8.24783132511868e-09,6.7043922503562e-18
257,120,2784,1.087618912639463,-7.608216735916036e-09,-2.6391639469164274e-17
257,120,2785,1.0890061816606869,-6.983695066452737e-09,-1.0339825872858336e-17
257,120,2786,1.0903934506819106,-6.377022440786538e-09,-6.749758012249403e-17
257,120,2787,1.0917807197031348,-5.791591872943474e-09,1.7426301751480117e-17
257,120,2788,1.0931679887243586,-5.2312290471436445e-09,-6.30248956367281e-17
257,120,2789,1.0945552577455824,-4.699978107226541e-09,-2.049384878782329e-17
257,120,2790,1.0959425267668061,-4.201887136693676e-09,-1.6603228475358002e-18
257,120,2791,1.09732979578803,-3.740794565353902e-09,-5.786241405363791e-18
257,120,2792,1.0987170648092537,-3.320131105186846e-09,-5.170020085349298e-19
257,120,2793,1.1001043338304775,-2.942738957336996e-09,-3.0570080312401227e-17
257,120,2794,1.1014916028517012,-2.610716350903443e-09,-2.5356413425522626e-17
257,120,2795,1.102878871872925,-2.3252922039736957e-09,5.5235695910771227e-17
257,120,2796,1.1042661408941488,-2.0867372753972875e-09,1.2504753473140251e-17
257,120,2797,1.1056534099153725,-1.8943091281838215e-09,1.6303697691022765e-17
257,120,2798,1.1070406789365963,-1.746240854719308e-09,4.3963685514383464e-17
257,120,2799,1.1084279479578205,-1.6397641459751443e-09,3.004798392804048e-17
257,120,2800,1.1098152169790443,-1.5711758782373716e-09,4.981453720857405e-17
257,120,2801,1.111202486000268,-1.5359351829596125e-09,-4.054852255782517e-17
257,120,2802,1.1125897550214918,-1.5287963863455063e-09,3.942413307207438e-17
257,120,2803,1.1139770240427156,-1.5439660488280395e-09,1.239400909955109e-17
257,120,2804,1.1153642930639394,-1.5752838690525002e-09,-2.0181812241422522e-17
257,120,2805,1.1167515620851631,-1.616414510888036e-09,-4.5590834483708037e-17
257,120,2806,1.118138831106387,-1.6610502221310815e-09,-1.2607826788889598e-17
257,120,2807,1.1195261001276107,-1.7031121349702906e-09,6.244423948994495e-17
257,120,2808,1.1209133691488344,-1.7369436393940527e-09,5.2160632417882925e-18
257,120,2809,1.1223006381700582,-1.7574911973792018e-09,-1.903273840404304e-17
257,120,2810,1.123687907191282,-1.7604624828370819e-09,-8.388256551009882e-18
257,120,2811,1.1250751762125057,-1.7424607870393454e-09,5.983030825499699e-17
257,120,2812,1.12646244523373,-1.701085457770933e-09,1.2617193791912485e-17
257,120,2813,1.1278497142549537,-1.6349992416378029e-09,-3.9435805152680506e-18
257,120,2814,1.1292369832761775,-1.5439577355917287e-09,-8.838038304280226e-19
257,120,2815,1.1306242522974013,-1.4288024883116987e-09,6.178241596666746e-18
257,120,2816,1.132011521318625,-1.29141217300085e-09,-7.017028537718674e-17
257,120,2817,1.1333987903398488,-1.1346228374460391e-09,-2.2201881857402783e-17
257,120,2818,1.1347860593610726,-9.621101574796927e-10,-6.13878738878292e-17
257,120,2819,1.1361733283822963,-7.782468801010496e-10,-6.119774018157649e-17
257,120,2820,1.1375605974035201,-5.879331553835699e-10,-4.1140930615785834e-17
257,120,2821,1.1389478664247439,-3.9641112024219983e-10,-2.6699819303612038e-17
257,120,2822,1.1403351354459677,-2.090675529390158e-10,-3.1754625786790507e-18
257,120,2823,1.1417224044671914,-3.123272121448593e-11,-5.944988267575299e-17
257,120,2824,1.1431096734884156,1.3201749537487048e-10,2.2112603377752842e-18
257,120,2825,1.1444969425096394,2.760500270830774e-10,2.3083003441052016e-18
257,120,2826,1.1458842115308632,3.9684511927198356e-10,2.8543149918966067e-17
257,120,2827,1.147271480552087,4.911452465956418e-10,-3.3155155359609445e-17
257,120,2828,1.1486587495733107,5.565744873672773e-10,9.834863588891616e-17
257,120,2829,1.1500460185945345,5.917278926720752e-10,-6.5741255783397244e-18
257,120,2830,1.1514332876157582,5.962224712790505e-10,3.691609250584501e-17
257,120,2831,1.152820556636982,5.707138570288542e-10,7.311462887841865e-17
257,120,2832,1.1542078256582058,5.168741342417016e-10,3.926452901142233e-17
257,120,2833,1.1555950946794296,4.373330689626039e-10,-1.447305564015677e-18
257,120,2834,1.1569823637006533,3.3558603642995875e-10,5.263430307594191e-17
257,120,2835,1.158369632721877,2.1586855462401604e-10,1.7330327609137824e-17
257,120,2836,1.1597569017431009,8.300818904597528e-11,5.244226999788613e-17
257,120,2837,1.161144170764325,-5.7748729966824104e-11,-6.993499773821856e-18
257,120,2838,1.1625314397855488,-2.0092187089760832e-10,-2.2683225793699628e-17
257,120,2839,1.1639187088067726,-3.409918418884208e-10,-2.4986080703527658e-17
257,120,2840,1.1653059778279964,-4.725944480722744e-10,-3.6615973385716016e-17
257,120,2841,1.1666932468492202,-5.907107849382466e-10,1.541497721905008e-17
257,120,2842,1.168080515870444,-6.908436368878667e-10,-3.45248714079416e-18
257,120,2843,1.1694677848916677,-7.691751210668082e-10,4.9950706044572854e-17
257,120,2844,1.1708550539128915,-8.226993748286794e-10,-9.727001985791658e-18
257,120,2845,1.1722423229341152,-8.493271113894668e-10,5.057453093419127e-19
257,120,2846,1.173629591955339,-8.47955434240004e-10,9.4396417186648e-17
257,120,2847,1.1750168609765628,-8.185044066223779e-10,9.128826467960364e-17
257,120,2848,1.1764041299977865,-7.619155394681633e-10,1.413372972692699e-17
257,120,2849,1.1777913990190108,-6.801136219406488e-10,4.7549531706853726e-17
257,120,2850,1.1791786680402345,-5.7593527934082e-10,-5.528871805628908e-19
257,120,2851,1.1805659370614583,-4.53023306364727e-10,-1.8304513471404423e-17
257,120,2852,1.181953206082682,-3.1569263246162824e-10,-1.87777528443523e-17
257,120,2853,1.1833404751039058,-1.6877538121157993e-10,-1.4251128036304295e-17
257,120,2854,1.1847277441251296,-1.7443029256647093e-11,9.776607909838944e-17
257,120,2855,1.1861150131463534,1.3297775491626662e-10,-6.404122539084693e-17
257,120,2856,1.1875022821675771,2.7719934916436124e-10,-3.332056257430929e-17
257,120,2857,1.188889551188801,4.101612617688995e-10,3.792719122150792e-19
257,120,2858,1.1902768202100247,5.272117449855893e-10,-5.4102874110151766e-17
257,120,2859,1.1916640892312484,6.242744823613986e-10,-2.380636090060088e-17
257,120,2860,1.1930513582524722,6.979926747935415e-10,4.040888094676058e-17
257,120,2861,1.1944386272736964,7.458490234877109e-10,-1.249720234365469e-17
257,120,2862,1.1958258962949202,7.662526268926835e-10,-1.1956173673593487e-17
257,120,2863,1.197213165316144,7.58595547909551e-10,-1.752849702081405e-17
257,120,2864,1.1986004343373677,7.232717054680211e-10,4.991455528968141e-18
257,120,2865,1.1999877033585915,6.616609093819598e-10,4.596487202004716e-17
257,120,2866,1.2013749723798153,5.760769182674892e-10,-7.599772676926442e-17
257,120,2867,1.202762241401039,4.696834580746146e-10,1.849302416575451e-17
257,120,2868,1.2041495104222628,3.463772990644807e-10,5.871515585159074e-17
257,120,2869,1.2055367794434866,2.1064969104335497e-10,-9.837226280504013e-17
257,120,2870,1.2069240484647104,6.742198160716185e-11,6.362237920476211e-18
257,120,2871,1.2083113174859341,-7.813004124407993e-11,-6.746179781998375e-17
257,120,2872,1.209698586507158,-2.207628322998125e-10,1.55058156462734e-17
257,120,2873,1.2110858555283817,-3.553519709221853e-10,-3.229127084043459e-17
257,120,2874,1.2124731245496059,-4.77076176209724e-10,6.292542418832326e-17
257,120,2875,1.2138603935708296,-5.81588188953432e-10,1.1081719905932978e-16
257,120,2876,1.2152476625920534,-6.65169859474019e-10,1.0588364497804176e-17
257,120,2877,1.2166349316132772,-7.248633123457048e-10,-5.4480232969094776e-17
257,120,2878,1.218022200634501,-7.585752946646106e-10,5.882367010269575e-17
257,120,2879,1.2194094696557247,-7.651492651852343e-10,1.5558628321178427e-17
257,120,2880,1.2207967386769485,-7.444046844657947e-10,2.7575003111111752e-17
257,120,2881,1.2221840076981723,-6.971419990994384e-10,-4.762766254995003e-17
257,120,2882,1.223571276719396,-6.25109825727598e-10,1.2566603887821252e-18
257,120,2883,1.2249585457406198,-5.309411784557656e-10,1.5097791716842307e-18
257,120,2884,1.2263458147618436,-4.1805642006248256e-10,4.7858691517053875e-17
257,120,2885,1.2277330837830678,-2.905396355588938e-10,-9.222198257702877e-18
257,120,2886,1.229120352804291,-1.5298851723032311e-10,-5.2115633318872047e-17
257,120,2887,1.2305076218255153,-1.0351490169054035e-11,-1.5971194733934742e-17
257,120,2888,1.2318948908467386,1.3225354181365637e-10,5.765005924150114e-17
257,120,2889,1.2332821598679629,2.69720606028477e-10,-3.138896804085914e-17
257,120,2890,1.2346694288891862,3.9714047794165287e-10,5.7935511731437965e-18
257,120,2891,1.2360566979104104,5.09974330748207e-10,1.2492653432593434e-17
257,120,2892,1.2374439669316337,6.042173613482025e-10,-6.255828479980406e-19
257,120,2893,1.238831235952858,6.765396437073653e-10,-2.8154707143481064e-18
257,120,2894,1.2402185049740821,7.244047089992958e-10,-1.401423609717788e-17
257,120,2895,1.2416057739953055,7.461584090815413e-10,-7.30882068797438e-17
257,120,2896,1.2429930430165297,7.410858466108311e-10,-2.6524563660715292e-17
257,120,2897,1.244380312037753,7.09434816679546e-10,2.051441511478834e-17
257,120,2898,1.2457675810589772,6.524053406963315e-10,-1.5237307294580413e-18
257,120,2899,1.2471548500802005,5.72103666231224e-10,-5.2999654575861766e-17
257,120,2900,1.2485421191014248,4.714654859306921e-10,7.014517619151162e-17
257,120,2901,1.249929388122648,3.5414787829439414e-10,3.40469541161105e-17
257,120,2902,1.2513166571438723,2.243973644458609e-10,-8.421742661932917e-17
257,120,2903,1.2527039261650956,8.689635399868485e-11,2.2876823659703126e-18
257,120,2904,1.2540911951863198,-5.3406644683482e-11,-3.389740985906162e-17
257,120,2905,1.255478464207544,-1.914735046931552e-10,5.46231284964138e-17
257,120,2906,1.2568657332287674,-3.2235872241743983e-10,5.956737254641792e-17
257,120,2907,1.2582530022499916,-4.413852911392213e-10,5.123210235382565e-17
257,120,2908,1.259640271271215,-5.443123698291285e-10,-3.400129219512876e-17
257,120,2909,1.2610275402924391,-6.274860350661921e-10,2.814432768475792e-17
257,120,2910,1.2624148093136625,-6.879693680876984e-10,5.66727297544497e-17
257,120,2911,1.2638020783348867,-7.236453360940978e-10,1.1106482783054502e-17
257,120,2912,1.26518934735611,-7.33291517535277e-10,2.866480648363452e-17
257,120,2913,1.2665766163773342,-7.166208659189055e-10,7.314853018412091e-18
257,120,2914,1.2679638853985575,-6.742918898601797e-10,-1.1410359660394805e-16
257,120,2915,1.2693511544197817,-6.078805571791585e-10,-7.340652124858802e-17
257,120,2916,1.270738423441005,-5.198232141822955e-10,-2.4082860562389226e-17
257,120,2917,1.2721256924622293,-4.1332698491718435e-10,3.532063510739424e-17
257,120,2918,1.2735129614834535,-2.922524352779558e-10,-1.3298245873913328e-17
257,120,2919,1.2749002305046768,-1.6097466894050327e-10,1.4808652622950227e-17
257,120,2920,1.276287499525901,-2.4225381199282556e-11,-3.483469766890087e-17
257,120,2921,1.2776747685471244,1.130791652452884e-10,2.5843102933668062e-17
257,120,2922,1.2790620375683486,2.4601336190647956e-10,1.8705054367210725e-17
257,120,2923,1.280449306589572,3.6981916437905694e-10,3.9382424954451084e-17
257,120,2924,1.2818365756107961,4.800769317398388e-10,2.893248088439745e-17
257,120,2925,1.2832238446320194,5.728618107828542e-10,-1.0589115351033045e-17
257,120,2926,1.2846111136532437,6.448854132504102e-10,-6.307138822513645e-17
257,120,2927,1.285998382674467,6.936101879428003e-10,-7.84456241299906e-17
257,120,2928,1.2873856516956912,7.173409688006206e-10,-2.859213346926508e-17
257,120,2929,1.2887729207169145,7.1528185525558e-10,-5.171107868387311e-17
257,120,2930,1.2901601897381387,6.875638005291682e-10,-4.982348750393152e-17
257,120,2931,1.291547458759363,6.352382414520085e-10,4.243050567368137e-17
257,120,2932,1.2929347277805863,5.602368461830159e-10,-6.006105936918462e-18
257,120,2933,1.2943219968018105,4.6529982249209605e-10,4.996663110648678e-17
257,120,2934,1.2957092658230338,3.5387782326741866e-10,1.0148466179784395e-16
257,120,2935,1.297096534844258,2.3000402448954371e-10,-4.013799479973155e-17
257,120,2936,1.2984838038654813,9.814979013420442e-11,2.825937800304216e-17
257,120,2937,1.2998710728867056,-3.6936121988174155e-11,3.017806699658223e-18
257,120,2938,1.3012583419079289,-1.703999130866913e-10,-3.7329838025714064e-17
257,120,2939,1.302645610929153,-2.9745683041569617e-10,7.553080307176012e-17
257,120,2940,1.3040328799503764,-4.1356148180963755e-10,-4.9873708966854615e-18
257,120,2941,1.3054201489716006,-5.145718316647199e-10,-5.32427865858363e-17
257,120,2942,1.3068074179928248,-5.9689570566532e-10,7.445302771094284e-17
257,120,2943,1.3081946870140482,-6.576194033905371e-10,3.9722205701087235e-17
257,120,2944,1.3095819560352724,-6.946097564688643e-10,-3.035677286148976e-17
257,120,2945,1.3109692250564957,-7.065913489237722e-10,4.0854470695300803e-17
257,120,2946,1.31235649407772,-6.931867978458835e-10,2.4394433886240944e-17
257,120,2947,1.3137437630989433,-6.549319532556161e-10,7.995426992508831e-17
257,120,2948,1.3151310321201675,-5.932520262999753e-10,-1.8156992707846382e-17
257,120,2949,1.3165183011413908,-5.104111324040032e-10,-3.7298965553570117e-17
257,120,2950,1.317905570162615,-4.094267405739728e-10,-2.8135769202839197e-17
257,120,2951,1.3192928391838383,-2.939617309107668e-10,1.976978602261477e-17
257,120,2952,1.3206801082050625,-1.681904657571261e-10,-5.3882422291710376e-17
257,120,2953,1.3220673772262859,-3.664898890703267e-11,2.311787109036519e-18
257,120,2954,1.32345464624751,9.592926977695937e-11,-9.425804661423565e-17
257,120,2955,1.3248419152687343,2.247835469092451e-10,-1.0764904360268271e-16
257,120,2956,1.3262291842899576,3.452965909886339e-10,3.116169443424976e-17
257,120,2957,1.3276164533111818,4.531604016734259e-10,-7.069431757131449e-17
257,120,2958,1.3290037223324052,5.445288010824072e-10,-1.2790058906557556e-16
257,120,2959,1.3303909913536294,6.161567679787433e-10,6.244210968566025e-17
257,120,2960,1.3317782603748527,6.655140034392999e-10,-8.160581977008873e-17
257,120,2961,1.333165529396077,6.908745908983078e-10,7.250279957086694e-18
257,120,2962,1.3345527984173002,6.913778320864125e-10,1.0267128923361378e-17
257,120,2963,1.3359400674385244,6.670568260993117e-10,-2.419591087146766e-19
257,120,2964,1.3373273364597478,6.18835420545525e-10,1.5905307510686338e-17
257,120,2965,1.338714605480972,5.484939468416874e-10,-7.980982401828552e-17
257,120,2966,1.3401018745021953,4.5860291878793404e-10,1.9548821226139976e-17
257,120,2967,1.3414891435234195,3.524299849903492e-10,1.3635379998742407e-17
257,120,2968,1.3428764125446437,2.3381942270880586e-10,8.67197169721759e-18
257,120,2969,1.344263681565867,1.0705564065026633e-10,-2.017895342825804e-17
257,120,2970,1.3456509505870913,-2.329379360765687e-11,-2.1326137440416093e-17
257,120,2971,1.3470382196083146,-1.525411336168711e-10,3.337914209273804e-17
257,120,2972,1.3484254886295388,-2.7604756648796537e-10,-1.0291903075093088e-16
257,120,2973,1.3498127576507621,-3.8939050180400765e-10,-5.5008682970808325e-17
257,120,2974,1.3512000266719864,-4.885198525454906e-10,5.813885453954802e-18
257,120,2975,1.3525872956932097,-5.699046594895521e-10,9.332884416215932e-18
257,120,2976,1.353974564714434,-6.306579646601757e-10,1.0525768699582947e-17
257,120,2977,1.3553618337356572,-6.686390867150774e-10,2.1648310348915317e-17
257,120,2978,1.3567491027568814,-6.825288707631425e-10,2.1010944412655364e-17
257,120,2979,1.3581363717781056,-6.71877048554839e-10,2.6269178217043474e-17
257,120,2980,1.359523640799329,-6.371138274759093e-10,7.778701893943604e-17
257,120,2981,1.3609109098205532,-5.795361284866685e-10,-1.1142617592115066e-17
257,120,2982,1.3622981788417765,-5.01255933748267e-10,8.691939553895894e-17
257,120,2983,1.3636854478630007,-4.0512527516503796e-10,4.1621292962711295e-17
257,120,2984,1.365072716884224,-2.94632472311238e-10,4.0293230986730166e-17
257,120,2985,1.3664599859054483,-1.7377316751194243e-10,-6.03137224480107e-18
257,120,2986,1.3678472549266716,-4.690891486948838e-11,8.432617596060229e-17
257,120,2987,1.3692345239478958,8.139178876753015e-11,-1.1808944368293588e-17
257,120,2988,1.3706217929691191,2.0651798106744646e-10,3.406774584061331e-17
257,120,2989,1.3720090619903433,3.2398069218483347e-10,3.1640623638264613e-17
257,120,2990,1.3733963310115667,4.2957656808256014e-10,2.434268332465379e-17
257,120,2991,1.3747836000327909,5.195336441513153e-10,2.07486924361731e-17
257,120,2992,1.376170869054015,5.906523305847179e-10,1.8777633079462207e-17
257,120,2993,1.3775581380752384,6.404126185476958e-10,1.4272118905473397e-17
257,120,2994,1.3789454070964626,6.670679251798917e-10,-8.62825806712848e-17
257,120,2995,1.380332676117686,6.697049269305557e-10,3.4101075937995227e-18
257,120,2996,1.3817199451389102,6.482742735965484e-10,-9.660214521511055e-17
257,120,2997,1.3831072141601335,6.035914432801915e-10,-5.244598276872017e-17
257,120,2998,1.3844944831813577,5.373056922916513e-10,-1.1048221348706913e-17
257,120,2999,1.385881752202581,4.518394929111049e-10,-1.496297024066695e-17
257,120,3000,1.3872690212238052,3.5029911042591947e-10,-1.875697586338063e-17
257,120,3001,1.3886562902450286,2.363633379485099e-10,-2.2014121831836545e-17
257,120,3002,1.3900435592662528,1.1414885411692496e-10,-2.486820882075681e-17
257,120,3003,1.391430828287476,-1.1937199632963926e-11,-7.524122696337185e-17
257,120,3004,1.3928180973087003,-1.3735849309069915e-10,-1.219865667726857e-16
257,120,3005,1.3942053663299245,-2.5760788346831404e-10,1.7635035321672766e-17
257,120,3006,1.3955926353511479,-3.683756180312062e-10,-1.2531262867147423e-16
257,120,3007,1.396979904372372,-4.656979671915774e-10,-3.1507851022747876e-17
257,120,3008,1.3983671733935954,-5.461027229527522e-10,-3.1256517403566863e-17
257,120,3009,1.3997544424148196,-6.067313811909071e-10,1.9735584380565427e-17
257,120,3010,1.401141711436043,-6.454416270238943e-10,-7.246451054606748e-17
257,120,3011,1.4025289804572671,-6.608818510087831e-10,-2.7465643105086847e-17
257,120,3012,1.4039162494784905,-6.525403896097353e-10,2.4731992520042e-17
257,120,3013,1.4053035184997147,-6.207594358978711e-10,-6.641970216213698e-17
257,120,3014,1.406690787520938,-5.667244525233747e-10,-6.457130147186397e-17
257,120,3015,1.4080780565421622,-4.924167758452265e-10,-1.9140662499703995e-17
257,120,3016,1.4094653255633856,-4.005439436980804e-10,-6.235757000351797e-17
257,120,3017,1.4108525945846098,-2.9443977918762227e-10,-1.2287628929850742e-17
257,120,3018,1.412239863605834,-1.7794305395109693e-10,3.617165929012031e-17
257,120,3019,1.4136271326270573,-5.5259802972099096e-11,-5.90339187957025e-18
257,120,3020,1.4150144016482815,6.918892035653629e-11,-3.1504874040019675e-19
257,120,3021,1.4164016706695048,1.909272216899758e-10,-4.472198687994171e-17
257,120,3022,1.417788939690729,3.055836312628005e-10,5.246167273215974e-17
257,120,3023,1.4191762087119524,4.0904938213450987e-10,5.3572987235541505e-17
257,120,3024,1.4205634777331766,4.976252499748741e-10,7.720308147879763e-18
257,120,3025,1.4219507467544,5.681534184061194e-10,8.518444850901798e-18
257,120,3026,1.4233380157756241,6.181291698086654e-10,1.3207983469586763e-17
257,120,3027,1.4247252847968475,6.457925102265884e-10,-2.6391501018515e-17
257,120,3028,1.4261125538180717,6.501878783967383e-10,-2.915264671947173e-17
257,120,3029,1.4274998228392959,6.31197429436285e-10,1.1194937999739566e-16
257,120,3030,1.4288870918605192,5.895445139500749e-10,2.2659812126333702e-17
257,120,3031,1.4302743608817434,5.26765968212404e-10,6.517020763011353e-17
257,120,3032,1.4316616299029667,4.4515484691011816e-10,3.1769492915280757e-17
257,120,3033,1.433048898924191,3.476784502911946e-10,2.3872036721399007e-17
257,120,3034,1.4344361679454143,2.3786771394783017e-10,6.579430081618326e-17
257,120,3035,1.4358234369666385,1.1969328111303315e-10,-8.033534340785598e-17
257,120,3036,1.4372107059878618,-2.5826570550701904e-12,1.4738714277432436e-17
257,120,3037,1.438597975009086,-1.2455582353059532e-10,1.2732419174331976e-16
257,120,3038,1.4399852440303094,-2.4184083703352754e-10,2.3754479723147427e-17
257,120,3039,1.4413725130515336,-3.502290826211195e-10,7.950402950204436e-17
257,120,3040,1.442759782072757,-4.458363574742741e-10,2.040649381606746e-17
257,120,3041,1.4441470510939811,-5.252472755158557e-10,2.5050217605911485e-17
257,120,3042,1.4455343201152053,-5.856335975002405e-10,2.5972492973923304e-17
257,120,3043,1.4469215891364287,-6.248541705049155e-10,1.2405534737648791e-17
257,120,3044,1.4483088581576529,-6.415350329354477e-10,1.0281417179804588e-17
257,120,3045,1.4496961271788762,-6.351125416662263e-10,-8.322240889403524e-17
257,120,3046,1.4510833962001004,-6.058570223014739e-10,-9.487638694763877e-17
257,120,3047,1.4524706652213237,-5.548576372282588e-10,1.0633776545062545e-17
257,120,3048,1.453857934242548,-4.839842749030705e-10,-4.2740444840833204e-17
257,120,3049,1.4552452032637713,-3.9581870584867925e-10,-5.935486661237195e-17
257,120,3050,1.4566324722849955,-2.935600866650785e-10,-5.424646764765063e-17
257,120,3051,1.4580197413062188,-1.8090955627891628e-10,-5.83857532213437e-17
257,120,3052,1.459407010327443,-6.193628637621147e-11,-6.523146824904304e-17
257,120,3053,1.4607942793486663,5.907062526192364e-11,-1.4953607486334497e-17
257,120,3054,1.4621815483698906,1.777551682287462e-10,3.6422717482292315e-17
257,120,3055,1.4635688173911148,2.898520654203051e-10,-2.968805329688602e-17
257,120,3056,1.464956086412338,3.9133888961256285e-10,-1.3726460228638107e-17
257,120,3057,1.4663433554335623,4.785825327345548e-10,-8.555750697365087e-17
257,120,3058,1.4677306244547856,5.484669005620682e-10,-2.97064149037904e-17
257,120,3059,1.4691178934760099,5.985060586790588e-10,-1.420081960166049e-16
257,120,3060,1.4705051624972332,6.269307927113641e-10,-5.806774937094937e-17
257,120,3061,1.4718924315184574,6.327526286543763e-10,-3.496591123895668e-17
257,120,3062,1.4732797005396807,6.157976857921228e-10,-2.996264819776424e-17
257,120,3063,1.474666969560905,5.767123233011798e-10,-6.296110173236993e-17
257,120,3064,1.4760542385821283,5.169367326814978e-10,-3.3115477004559066e-18
257,120,3065,1.4774415076033525,4.386537650226633e-10,-2.8837148711890684e-17
257,120,3066,1.4788287766245767,3.447091030248902e-10,-3.82355860233466e-17
257,120,3067,1.4802160456458,2.385070159655555e-10,6.661208185749836e-17
257,120,3068,1.4816033146670242,1.2388729196713305e-10,-2.0992870810435235e-17
257,120,3069,1.4829905836882475,4.9877762218393625e-12,1.9443332768464098e-17
257,120,3070,1.4843778527094718,-1.1390668476587171e-10,-6.864696401353838e-17
257,120,3071,1.485765121730695,-2.2851857511161878e-10,3.274987313485554e-17
257,120,3072,1.4871523907519193,-3.3472949541708464e-10,2.665426283044409e-18
257,120,3073,1.4885396597731426,-4.28729995044605e-10,-7.9808920903182e-17
257,120,3074,1.4899269287943668,-5.071571429166133e-10,1.1360033492647873e-17
257,120,3075,1.4913141978155902,-5.672104647122604e-10,4.114928471736225e-18
257,120,3076,1.4927014668368144,-6.067574189631066e-10,1.7389640244854704e-17
257,120,3077,1.4940887358580377,-6.244056762647672e-10,-2.2058279935638413e-17
257,120,3078,1.495476004879262,-6.195521760508447e-10,1.2045507973351518e-16
257,120,3079,1.4968632739004861,-5.924053215676673e-10,8.86011365403533e-17
257,120,3080,1.4982505429217094,-5.439753095830047e-10,1.1330207143694183e-16
257,120,3081,1.4996378119429337,-4.760361681255027e-10,5.053844574648477e-17
257,120,3082,1.501025080964157,-3.9106256359304906e-10,4.482972002838543e-17
257,120,3083,1.5024123499853812,-2.921373577435781e-10,5.911404081804589e-17
257,120,3084,1.5037996190066045,-1.8284198858963473e-10,5.253776182436058e-17
257,120,3085,1.5051868880278287,-6.712510990395103e-11,1.914506507579383e-17
257,120,3086,1.506574157049052,5.08380665522987e-11,-4.210686814013487e-17
257,120,3087,1.5079614260702763,1.6679849517704888e-10,-1.3123038071206755e-17
257,120,3088,1.5093486950914996,2.765850522441962e-10,-2.837701575652573e-17
257,120,3089,1.5107359641127238,3.7625409718235067e-10,7.369350639244311e-17
257,120,3090,1.5121232331339471,4.6223208682795857e-10,7.526722323094917e-17
257,120,3091,1.5135105021551714,5.314441702155894e-10,8.885492189886542e-18
257,120,3092,1.5148977711763956,5.814215236887244e-10,-1.857165218620594e-17
257,120,3093,1.516285040197619,6.10392607510529e-10,6.851571836497523e-17
257,120,3094,1.517672309218843,6.173443032715637e-10,1.0766874438728996e-16
257,120,3095,1.5190595782400664,6.02056761309047e-10,-6.062919522560368e-18
257,120,3096,1.5204468472612906,5.651120172935974e-10,-5.4035991220033676e-17
257,120,3097,1.521834116282514,5.078704762513391e-10,-1.4922407088880497e-17
257,120,3098,1.5232213853037382,4.3242053138707185e-10,-5.882092644153516e-17
257,120,3099,1.5246086543249615,3.4150480256030695e-10,-4.827046530145048e-17
257,120,3100,1.5259959233461857,2.384173555059296e-10,-3.502792801727788e-17
257,120,3101,1.527383192367409,1.2688726235179213e-10,-1.1919364198487134e-16
257,120,3102,1.5287704613886333,1.0942325863307386e-11,-3.034675854758035e-17
257,120,3103,1.5301577304098566,-1.0523727639596696e-10,-2.184347558075974e-17
257,120,3104,1.5315449994310808,-2.1746719866901282e-10,-2.0245431073029273e-18
257,120,3105,1.532932268452305,-3.2171105136408963e-10,-3.1870142224101376e-18
257,120,3106,1.5343195374735283,-4.1422616435087147e-10,-7.573486907039879e-17
257,120,3107,1.5357068064947526,-4.916956332605443e-10,-1.0509950958875927e-16
257,120,3108,1.5370940755159759,-5.513512106165306e-10,-4.296313995548762e-17
257,120,3109,1.5384813445372,-5.910674194710758e-10,-7.527184046509869e-18
257,120,3110,1.5398686135584234,-6.094400537109077e-10,-5.031809236141078e-17
257,120,3111,1.5412558825796476,-6.058359378299406e-10,2.998727744027643e-17
257,120,3112,1.542643151600871,-5.804135253901672e-10,-3.616895339140454e-17
257,120,3113,1.5440304206220952,-5.341174179182292e-10,-3.145138742707713e-17
257,120,3114,1.5454176896433185,-4.68642148073116e-10,-1.3111820232130635e-17
257,120,3115,1.5468049586645427,-3.863705075754409e-10,-5.905131727342457e-18
257,120,3116,1.548192227685767,-2.9028808196750215e-10,-2.3128680121180744e-17
257,120,3117,1.5495794967069902,-1.8387347112167e-10,5.211553434807722e-17
257,120,3118,1.5509667657282145,-7.097246493409548e-11,-3.451618096784808e-17
257,120,3119,1.5523540347494378,4.433876695682223e-11,-1.1320624979676709e-17
257,120,3120,1.553741303770662,1.579046793612792e-10,1.1253763760374256e-16
257,120,3121,1.5551285727918853,2.65635769327288e-10,-6.435835224901598e-19
257,120,3122,1.5565158418131095,3.636582217112491e-10,1.5922394816842428e-17
257,120,3123,1.5579031108343329,4.4845389691940403e-10,6.833708879736283e-17
257,120,3124,1.559290379855557,5.16983199515116e-10,3.0029971458779185e-17
257,120,3125,1.5606776488767804,5.667988897337531e-10,1.4703966932952882e-17
257,120,3126,1.5620649178980046,5.961286644215368e-10,1.1192190647489347e-17
257,120,3127,1.563452186919228,6.039411340890594e-10,1.1378739687349838e-16
257,120,3128,1.5648394559404522,5.899815873418948e-10,1.2269137287631182e-17
257,120,3129,1.5662267249616764,5.547792856625336e-10,-2.7701300602295636e-17
257,120,3130,1.5676139939828997,4.996282256267353e-10,1.3212398811933233e-17
257,120,3131,1.569001263004124,4.2654069781056487e-10,-7.275873761785333e-17
257,120,3132,1.5703885320253472,3.3817045547129044e-10,2.572506944558285e-17
257,120,3133,1.5717758010465714,2.377210144659195e-10,1.8017168746770526e-17
257,120,3134,1.5731630700677948,1.288256858047345e-10,-2.7507670700573312e-17
257,120,3135,1.574550339089019,1.5419029746044982e-11,3.828225790678206e-17
257,120,3136,1.5759376081102423,-9.840685336769272e-11,1.9024957761232528e-17
257,120,3137,1.5773248771314665,-2.0855027495074212e-10,-2.6314386620700073e-17
257,120,3138,1.5787121461526898,-3.110462862889361e-10,2.0511685086217118e-17
257,120,3139,1.580099415173914,-4.0220987641865405e-10,2.303590259294055e-17
257,120,3140,1.5814866841951374,-4.787689328605171e-10,9.77626252614026e-17
257,120,3141,1.5828739532163616,-5.379807440235109e-10,1.764355784385083e-17
257,120,3142,1.5842612222375858,-5.777315778341584e-10,-9.82439718185148e-17
257,120,3143,1.5856484912588091,-5.966116543570635e-10,-2.6668798445275674e-17
257,120,3144,1.5870357602800333,-5.939632511166439e-10,-7.615902572410734e-17
257,120,3145,1.5884230293012567,-5.699066781846647e-10,-6.736730060092986e-18
257,120,3146,1.5898102983224809,-5.253333297147367e-10,-7.228163953818612e-17
257,120,3147,1.5911975673437042,-4.618725459731695e-10,-5.5347564979047537e-17
257,120,3148,1.5925848363649284,-3.818330590374405e-10,-6.264776418531408e-17
257,120,3149,1.5939721053861517,-2.8811804230816136e-10,-1.7432275571571718e-17
257,120,3150,1.595359374407376,-1.8412091096034956e-10,-6.470191432271538e-17
257,120,3151,1.5967466434285993,-7.360195093684651e-11,-5.2320035340916075e-17
257,120,3152,1.5981339124498235,3.944816795890647e-11,-2.841263901822628e-17
257,120,3153,1.5995211814710477,1.509512272165047e-10,9.023520964280252e-17
257,120,3154,1.600908450492271,2.56888763518612e-10,-2.0675118885697275e-17
257,120,3155,1.6022957195134953,3.5344853513713465e-10,-1.9509515095201613e-17
257,120,3156,1.6036829885347186,4.3715855703906426e-10,-3.0170037869990936e-17
257,120,3157,1.6050702575559428,5.050149426750565e-10,3.046226918489238e-17
257,120,3158,1.6064575265771661,5.545884991946529e-10,-5.727026300411722e-17
257,120,3159,1.6078447955983903,5.841104836087379e-10,-2.7301619263113777e-18
257,120,3160,1.6092320646196137,5.925380341040203e-10,4.919458406673188e-17
257,120,3161,1.6106193336408379,5.795887511691207e-10,-2.0932529717913247e-17
257,120,3162,1.6120066026620612,5.457516559150711e-10,-2.020423030482562e-17
257,120,3163,1.6133938716832854,4.922686364032475e-10,1.6744791617337803e-17
257,120,3164,1.6147811407045087,4.210881011510736e-10,5.986745659410675e-17
257,120,3165,1.616168409725733,3.347951305960043e-10,-7.085048454171167e-17
257,120,3166,1.6175556787469572,2.3651630098547893e-10,4.884606940438537e-17
257,120,3167,1.6189429477681805,1.2980755883154424e-10,-4.5305297665843965e-18
257,120,3168,1.6203302167894047,1.8525743789862512e-11,-9.9139714246437e-18
257,120,3169,1.621717485810628,-9.331150831391331e-11,1.263464452156767e-16
257,120,3170,1.6231047548318522,-2.0167094285871375e-10,5.539772598148092e-17
257,120,3171,1.6244920238530756,-3.02647598236107e-10,-8.518649182870313e-18
257,120,3172,1.6258792928742998,-3.926079080519948e-10,-2.693140357308973e-18
257,120,3173,1.627266561895523,-4.683168413229215e-10,-1.8866867577124976e-17
257,120,3174,1.6286538309167473,-5.270582844442867e-10,5.2362484013844136e-17
257,120,3175,1.6300410999379706,-5.667304597873637e-10,4.0982597071801706e-17
257,120,3176,1.6314283689591949,-5.859193785823319e-10,-8.497839178926171e-18
257,120,3177,1.6328156379804182,-5.83953263358633e-10,5.500312681930598e-17
257,120,3178,1.6342029070016424,-5.609227574376989e-10,-1.1698375888069175e-17
257,120,3179,1.6355901760228666,-5.17677732925398e-10,2.4792406310544572e-17
257,120,3180,1.63697744504409,-4.5579712820411774e-10,7.724831178576556e-17
257,120,3181,1.6383647140653141,-3.7753104601945357e-10,4.121725183091587e-18
257,120,3182,1.6397519830865375,-2.8571656186415413e-10,4.6289537883136386e-17
257,120,3183,1.6411392521077617,-1.8367881410708577e-10,6.350172629076821e-17
257,120,3184,1.642526521128985,-7.510756211750945e-11,-6.300233206584301e-18
257,120,3185,1.6439137901502092,3.6073868094404373e-11,-1.586979547272581e-17
257,120,3186,1.6453010591714325,1.4585250496060742e-10,-5.032551232291348e-17
257,120,3187,1.6466883281926568,2.502694828865868e-10,2.525412145433435e-17
257,120,3188,1.64807559721388,3.455617186532513e-10,-1.428069996704429e-17
257,120,3189,1.6494628662351043,4.2829976942270436e-10,1.4225703829075145e-17
257,120,3190,1.6508501352563285,4.955088864207989e-10,-1.5005379015181494e-17
257,120,3191,1.6522374042775518,5.447776898943618e-10,-1.6424481661579627e-17
257,120,3192,1.653624673298776,5.743443540944998e-10,6.671706978800736e-17
257,120,3193,1.6550119423199994,5.831581517896145e-10,4.7495930392794596e-17
257,120,3194,1.6563992113412236,5.70918585767432e-10,-1.0158881580971378e-16
257,120,3195,1.657786480362447,5.380849497269116e-10,-1.146114151322682e-16
257,120,3196,1.6591737493836711,4.858592873839483e-10,-4.0013885940255946e-17
257,120,3197,1.6605610184048945,4.161425207946992e-10,-6.203181126146119e-18
257,120,3198,1.6619482874261187,3.3146369746934054e-10,-3.215313701890078e-17
257,120,3199,1.663335556447342,2.348914217437279e-10,-2.280361681956917e-17
257,120,3200,1.6647228254685662,1.2992082684808582e-10,3.877928465634814e-17
257,120,3201,1.6661100944897895,2.0345601724883835e-11,-3.884578632048077e-17
257,120,3202,1.6674973635110137,-8.987456445628944e-11,-3.559988054865186e-17
257,120,3203,1.668884632532238,-1.9676230833630986e-10,3.793009413411701e-17
257,120,3204,1.6702719015534613,-2.9646201792476574e-10,5.972514214862271e-17
257,120,3205,1.6716591705746855,-3.853813759982773e-10,2.845646514050583e-17
257,120,3206,1.6730464395959088,-4.603187087251315e-10,-2.4854910482072612e-17
257,120,3207,1.674433708617133,-5.185801827392644e-10,-5.610649628704909e-17
257,120,3208,1.6758209776383564,-5.580752594990964e-10,-3.8432283338333305e-17
257,120,3209,1.6772082466595806,-5.773927049899184e-10,-9.15405686607789e-18
257,120,3210,1.678595515680804,-5.758502421055606e-10,7.25957704980776e-18
257,120,3211,1.679982784702028,-5.535184731684077e-10,5.0098725526179263e-17
257,120,3212,1.6813700537232514,-5.112189844133087e-10,1.4223730952141277e-17
257,120,3213,1.6827573227444756,-4.504929455801073e-10,8.620026191315733e-17
257,120,3214,1.684144591765699,-3.7354585582783285e-10,1.1585602620516478e-17
257,120,3215,1.6855318607869232,-2.831667128330405e-10,6.059942055391976e-17
257,120,3216,1.6869191298081474,-1.8262839702897313e-10,-2.4398091057913998e-18
257,120,3217,1.6883063988293707,-7.556706486023015e-11,1.605393788847791e-17
257,120,3218,1.689693667850595,3.414704496510587e-11,2.394143784225639e-17
257,120,3219,1.6910809368718183,1.4255123810580616e-10,2.6917441219155258e-17
257,120,3220,1.6924682058930425,2.457324879421124e-10,-1.2014103403787338e-17
257,120,3221,1.6938554749142658,3.3996912479239576e-10,7.762631566085313e-17
257,120,3222,1.69524274393549,4.2186419197107305e-10,6.827933197997761e-17
257,120,3223,1.6966300129567133,4.884685178809962e-10,2.789518220178685e-17
257,120,3224,1.6980172819779376,5.373876219127131e-10,1.1950820945810377e-17
257,120,3225,1.6994045509991609,5.668661040097427e-10,3.602566182814393e-17
257,120,3226,1.700791820020385,5.758521806427558e-10,1.9168641831838483e-17
257,120,3227,1.7021790890416084,5.640340851786632e-10,7.829284365424905e-17
257,120,3228,1.7035663580628326,5.318515706388937e-10,-1.546184678737015e-17
257,120,3229,1.7049536270840568,4.804793699477714e-10,-2.7612591109599296e-17
257,120,3230,1.7063408961052802,4.11784639890561e-10,-1.0724843445252423e-17
257,120,3231,1.7077281651265044,3.282584910331825e-10,1.8021657698834538e-17
257,120,3232,1.7091154341477277,2.3292623664709214e-10,-5.890447748157601e-18
257,120,3233,1.710502703168952,1.2923804431117006e-10,-7.468220436511414e-18
257,120,3234,1.7118899721901752,2.0943306369732618e-11,1.451812669009989e-17
257,120,3235,1.7132772412113995,-8.804351162492517e-11,-4.458912962900634e-18
257,120,3236,1.7146645102326228,-1.9378604811383184e-10,-7.661243422148692e-17
257,120,3237,1.716051779253847,-2.924659740172393e-10,-1.1024763426163888e-18
257,120,3238,1.7174390482750703,-3.805236131640366e-10,-1.97849829508144e-17
257,120,3239,1.7188263172962945,-4.5478361656684906e-10,-5.025491628685601e-17
257,120,3240,1.7202135863175188,-5.125711671077365e-10,2.532394565413496e-17
257,120,3241,1.721600855338742,-5.518076593595427e-10,-3.9772628216129746e-17
257,120,3242,1.7229881243599663,-5.710859245593705e-10,-1.1066176678237518e-16
257,120,3243,1.7243753933811896,-5.697192878718512e-10,-5.1833387678089586e-17
257,120,3244,1.7257626624024138,-5.477679558076695e-10,-6.316001909728153e-17
257,120,3245,1.7271499314236372,-5.060353535343594e-10,-7.420361319485057e-17
257,120,3246,1.7285372004448614,-4.4603933682564027e-10,9.202755865225653e-18
257,120,3247,1.7299244694660847,-3.6995621170745377e-10,-4.829956137391502e-17
257,120,3248,1.731311738487309,-2.805427443786175e-10,3.604066290807252e-19
257,120,3249,1.7326990075085322,-1.8103584907744792e-10,-9.695629706536447e-18
257,120,3250,1.7340862765297564,-7.503506819348563e-11,2.7524710198042523e-17
257,120,3251,1.7354735455509798,3.3626128439408854e-11,-5.302424266933627e-17
257,120,3252,1.736860814572204,1.4102020405630596e-10,-3.937517186814057e-18
257,120,3253,1.7382480835934282,2.432679179717219e-10,-2.068191207340168e-18
257,120,3254,1.7396353526146515,3.366764126106231e-10,3.5010186872356846e-17
257,120,3255,1.7410226216358757,4.178739467388839e-10,2.4766592292614382e-17
257,120,3256,1.742409890657099,4.839323517198224e-10,1.4208643270629555e-17
257,120,3257,1.7437971596783233,5.324704805900696e-10,1.2103570612569088e-16
257,120,3258,1.7451844286995466,5.61741621041071e-10,3.686252273654238e-18
257,120,3259,1.7465716977207708,5.706955763759551e-10,2.7159013279160418e-17
257,120,3260,1.7479589667419941,5.590170293773846e-10,5.041629365744282e-17
257,120,3261,1.7493462357632183,5.271364862927965e-10,4.942376972432258e-17
257,120,3262,1.7507335047844417,4.762134076328838e-10,3.609723851730656e-17
257,120,3263,1.7521207738056659,4.080963605643162e-10,-2.4802559865665177e-17
257,120,3264,1.7535080428268892,3.252528371203963e-10,8.307965274842559e-18
257,120,3265,1.7548953118481134,2.3068232153776187e-10,1.7332968631105e-17
257,120,3266,1.7562825808693376,1.278084373263326e-10,1.414502375176668e-17
257,120,3267,1.757669849890561,2.0351145644740834e-11,-1.2687554457139988e-17
257,120,3268,1.7590571189117852,-8.780335394757833e-11,8.95993322788908e-17
257,120,3269,1.7604443879330085,-1.9274475028838762e-10,2.7723804175328217e-17
257,120,3270,1.7618316569542327,-2.9068120898703993e-10,2.3805218766687844e-17
257,120,3271,1.763218925975456,-3.7807495221984675e-10,-1.5106254792617327e-17
257,120,3272,1.7646061949966803,-4.517693568947648e-10,-1.857529819670011e-17
257,120,3273,1.7659934640179036,-5.09104716840717e-10,6.098286057265597e-17
257,120,3274,1.7673807330391278,-5.480133121289622e-10,-5.890903200301096e-17
257,120,3275,1.7687680020603511,-5.670936396974319e-10,-6.157558150656517e-17
257,120,3276,1.7701552710815753,-5.65661331861925e-10,8.077777081862775e-18
257,120,3277,1.7715425401027995,-5.437746145828268e-10,-5.239800672639743e-17
257,120,3278,1.7729298091240229,-5.022292374305181e-10,-2.831872909320638e-17
257,120,3279,1.774317078145247,-4.4253268562557125e-10,-2.8360967423685336e-17
257,120,3280,1.7757043471664704,-3.66848579020692e-10,-8.678131548247079e-17
257,120,3281,1.7770916161876946,-2.7791726918553703e-10,-9.642738148955927e-17
257,120,3282,1.778478885208918,-1.7895696594086666e-10,-2.2318659883831655e-17
257,120,3283,1.7798661542301422,-7.354860418547103e-11,-1.3821261305273874e-16
257,120,3284,1.7812534232513655,3.449465413772805e-11,1.862634259484824e-17
257,120,3285,1.7826406922725897,1.4126505308445426e-10,-8.330093687393898e-17
257,120,3286,1.784027961293813,2.4290233420209995e-10,-4.2195517115552194e-17
257,120,3287,1.7854152303150372,3.357316549165226e-10,-6.210665818698026e-17
257,120,3288,1.7868024993362606,4.163978550363393e-10,-4.486123321557505e-17
257,120,3289,1.7881897683574848,4.819857468437617e-10,-8.625740352046795e-17
257,120,3290,1.789577037378709,5.301255807332958e-10,-1.168382887032632e-17
257,120,3291,1.7909643063999323,5.590797017734341e-10,-6.762587972133233e-18
257,120,3292,1.7923515754211565,5.678040181589349e-10,2.1843561468753795e-17
257,120,3293,1.7937388444423799,5.559857152592365e-10,-3.3849179506602384e-17
257,120,3294,1.795126113463604,5.240553686968143e-10,5.5728144640477705e-18
257,120,3295,1.7965133824848274,4.73170565700616e-10,8.020656535276696e-18
257,120,3296,1.7979006515060516,4.051741475052898e-10,-1.3460936086492261e-17
257,120,3297,1.799287920527275,3.2252777341768536e-10,5.87561338032474e-17
257,120,3298,1.8006751895484991,2.2822307334114606e-10,1.2629697876665518e-17
257,120,3299,1.8020624585697225,1.2567226505743074e-10,1.1779400542078982e-17
257,120,3300,1.8034497275909467,1.8585420937901002e-11,-3.699773047556675e-17
257,120,3301,1.80483699661217,-8.91622672722856e-11,8.808586549162144e-18
257,120,3302,1.8062242656333942,-1.9367302171107645e-10,4.151797329801449e-17
257,120,3303,1.8076115346546184,-2.911671522397944e-10,-4.3628305396908385e-17
257,120,3304,1.8089988036758418,-3.781166007506606e-10,3.5013108765833205e-17
257,120,3305,1.810386072697066,-4.5137700733534293e-10,7.030102706188709e-18
257,120,3306,1.8117733417182893,-5.08298463077849e-10,-6.941185314929607e-17
257,120,3307,1.8131606107395135,-5.468219276803312e-10,3.2710170993045803e-17
257,120,3308,1.8145478797607368,-5.655538434540781e-10,2.71244102069033e-17
257,120,3309,1.815935148781961,-5.638174427054276e-10,-1.4313781910526735e-17
257,120,3310,1.8173224178031844,-5.416755782796321e-10,6.162487789170671e-18
257,120,3311,1.8187096868244086,-4.999298894315928e-10,2.2302147365017347e-17
257,120,3312,1.820096955845632,-4.4009037844999543e-10,-5.262724740304664e-18
257,120,3313,1.8214842248668561,-3.643226173339277e-10,-3.387054088287391e-17
257,120,3314,1.8228714938880795,-2.7536784244176504e-10,-4.8734279649402953e-17
257,120,3315,1.8242587629093037,-1.7644476817230335e-10,4.395217125704499e-17
257,120,3316,1.8256460319305279,-7.11336429591299e-11,-4.81568260499237e-18
257,120,3317,1.8270333009517512,3.675552534469002e-11,9.207945282631236e-17
257,120,3318,1.8284205699729754,1.4331811164551384e-10,-5.722582903918298e-17
257,120,3319,1.8298078389941987,2.446969897246316e-10,-7.826843510172637e-18
257,120,3320,1.831195108015423,3.372230678436873e-10,-1.6062199904893417e-17
257,120,3321,1.8325823770366463,4.1754666046230414e-10,-6.101751749043268e-17
257,120,3322,1.8339696460578705,4.827592808613313e-10,-4.665222671210145e-17
257,120,3323,1.8353569150790938,5.3049972235284e-10,-1.5654054723956858e-17
257,120,3324,1.836744184100318,5.590378625814987e-10,-3.453085745724751e-17
257,120,3325,1.8381314531215414,5.673383965396862e-10,-1.9941694444891622e-17
257,120,3326,1.8395187221427656,5.550984924871941e-10,-4.011122885782875e-18
257,120,3327,1.8409059911639898,5.22758762817943e-10,1.1662467959796361e-17
257,120,3328,1.842293260185213,4.714870009617337e-10,-5.717404344727254e-17
257,120,3329,1.8436805292064373,4.031363840484847e-10,-7.697140640869556e-17
257,120,3330,1.8450677982276606,3.2017901417441686e-10,-3.72771956040897e-17
257,120,3331,1.8464550672488849,2.2561534994206133e-10,-1.0275696713005894e-17
257,120,3332,1.8478423362701082,1.2286704940828392e-10,-4.157755193773242e-17
257,120,3333,1.8492296052913324,1.565247497225544e-11,-1.321295457053226e-16
257,120,3334,1.8506168743125557,-9.21473708413676e-11,2.6027428141219628e-18
257,120,3335,1.85200414333378,-1.966301147833243e-10,4.9667931819827356e-17
257,120,3336,1.8533914123550033,-2.940116481869764e-10,-1.7268111147415717e-17
257,120,3337,1.8547786813762275,-3.807645503322913e-10,-5.1208401554545603e-17
257,120,3338,1.8561659503974508,-4.5374558269547744e-10,-2.5846588424323892e-17
257,120,3339,1.857553219418675,-5.10308730811728e-10,3.291487048795887e-17
257,120,3340,1.8589404884398992,-5.484013864558241e-10,3.3927046788585476e-17
257,120,3341,1.8603277574611226,-5.666404635882155e-10,8.825838292707962e-18
257,120,3342,1.8617150264823468,-5.6436001227109e-10,-2.5415131189418743e-17
257,120,3343,1.86310229550357,-5.416363592154659e-10,-3.196451954493167e-18
257,120,3344,1.8644895645247943,-4.992872927233353e-10,3.037889459715622e-17
257,120,3345,1.8658768335460176,-4.3884075846238455e-10,-2.9922636795451544e-17
257,120,3346,1.8672641025672418,-3.6248048173942475e-10,3.470555149047448e-18
257,120,3347,1.8686513715884652,-2.7296713211015286e-10,1.260416996261401e-18
257,120,3348,1.8700386406096894,-1.7353827208817013e-10,1.3062287308940947e-17
257,120,3349,1.8714259096309127,-6.779222210011536e-11,1.0479859969465855e-16
257,120,3350,1.872813178652137,4.044420290677281e-11,6.597218027781246e-17
257,120,3351,1.8742004476733602,1.4725023510927637e-10,3.052530578951194e-17
257,120,3352,1.8755877166945845,2.487573071949588e-10,7.57736294156966e-17
257,120,3353,1.8769749857158087,3.4128680521445185e-10,8.512545204398857e-17
257,120,3354,1.878362254737032,4.214839391960735e-10,3.4700353733013267e-17
257,120,3355,1.8797495237582562,4.864386848055238e-10,-5.985679542221437e-17
257,120,3356,1.8811367927794795,5.337922978476453e-10,4.5721154502082455e-17
257,120,3357,1.8825240618007038,5.618222397999009e-10,-3.795174223218512e-17
257,120,3358,1.883911330821927,5.695053843388817e-10,-4.109067260878583e-17
257,120,3359,1.8852985998431513,5.56554918725973e-10,4.064255944950396e-17
257,120,3360,1.8866858688643746,5.234312454451298e-10,5.969994841715158e-18
257,120,3361,1.8880731378855988,4.713248713473002e-10,-6.591418021471363e-17
257,120,3362,1.8894604069068222,4.0211613673724e-10,2.784976771802683e-17
257,120,3363,1.8908476759280464,3.1830448302228364e-10,5.055668054497989e-17
257,120,3364,1.8922349449492706,2.229188689607343e-10,-7.682033448708903e-18
257,120,3365,1.893622213970494,1.194109376557942e-10,1.4658698288592613e-17
257,120,3366,1.8950094829917181,1.1526700448814984e-11,2.6429413794157187e-18
257,120,3367,1.8963967520129414,-9.682710918015311e-11,-6.885452349667001e-17
257,120,3368,1.8977840210341657,-2.017244820349056e-10,-1.0929742141022141e-17
257,120,3369,1.899171290055389,-2.9936228060990054e-10,-4.603161748345103e-17
257,120,3370,1.9005585590766132,-3.86198930892937e-10,-1.6187938774569762e-19
257,120,3371,1.9019458280978365,-4.590818592977077e-10,-2.4884795227365878e-17
257,120,3372,1.9033330971190607,-5.153625268712751e-10,3.606560144544223e-17
257,120,3373,1.904720366140284,-5.529918122504254e-10,-3.5213195194097877e-17
257,120,3374,1.9061076351615083,-5.705964195844973e-10,-3.5417709623392396e-17
257,120,3375,1.9074949041827316,-5.675254250877869e-10,-9.388047885673166e-17
257,120,3376,1.9088821732039558,-5.43879143289477e-10,-2.3387348277981838e-17
257,120,3377,1.91026944222518,-5.005022268764149e-10,-4.644694799376237e-17
257,120,3378,1.9116567112464034,-4.389547728615701e-10,-2.1894096347244608e-17
257,120,3379,1.9130439802676276,-3.614567207017353e-10,-2.1121827136747333e-17
257,120,3380,1.914431249288851,-2.7080667306934095e-10,-7.970707378361498e-17
257,120,3381,1.915818518310075,-1.7028239153439135e-10,4.97858119632662e-18
257,120,3382,1.9172057873312984,-6.352107809186813e-11,-5.231373226547658e-17
257,120,3383,1.9185930563525226,4.561096443077718e-11,-1.7524540222561544e-17
257,120,3384,1.919980325373746,1.5315968600025343e-10,8.449318029112512e-18
257,120,3385,1.9213675943949702,2.552264733894495e-10,-4.774709294517218e-17
257,120,3386,1.9227548634161935,3.481056674467557e-10,1.4328378848015557e-17
257,120,3387,1.9241421324374177,4.284251766681499e-10,6.340899233250806e-18
257,120,3388,1.925529401458641,4.932642261840349e-10,-1.0957347837754188e-16
257,120,3389,1.9269166704798653,5.402606240918619e-10,5.708818753805599e-17
257,120,3390,1.9283039395010895,5.676983231682841e-10,3.5876070950275555e-17
257,120,3391,1.9296912085223128,5.745679431667043e-10,-9.61216553700022e-18
257,120,3392,1.931078477543537,5.606050740141048e-10,5.243768627649669e-17
257,120,3393,1.9324657465647603,5.263003402983162e-10,1.3792196248589945e-16
257,120,3394,1.9338530155859845,4.728815731518521e-10,8.13621318383638e-17
257,120,3395,1.9352402846072079,4.022717154510642e-10,5.8585685113537e-17
257,120,3396,1.936627553628432,3.170168424433144e-10,-1.0533163328327067e-18
257,120,3397,1.9380148226496554,2.201963614877846e-10,6.942004791368565e-17
257,120,3398,1.9394020916708796,1.1531325652396849e-10,-3.6087061812163565e-17
257,120,3399,1.940789360692103,6.1620731542577385e-12,-3.5379459356611215e-17
257,120,3400,1.9421766297133272,-1.033006872705065e-10,1.0007322767018676e-17
257,120,3401,1.9435638987345514,-2.0910661324280268e-10,6.672740024368245e-17
257,120,3402,1.9449511677557747,-3.074152870695122e-10,4.076962898519554e-17
257,120,3403,1.946338436776999,-3.946555795033071e-10,3.7383781225721265e-17
257,120,3404,1.9477257057982222,-4.676533263985667e-10,5.760263366209493e-17
257,120,3405,1.9491129748194465,-5.237489058412685e-10,-8.630761507222282e-17
257,120,3406,1.9505002438406698,-5.608925998458965e-10,4.095527388594811e-18
257,120,3407,1.951887512861894,-5.777202595488002e-10,-5.765861976551097e-17
257,120,3408,1.9532747818831173,-5.736029317773851e-10,-1.4850016017620757e-17
257,120,3409,1.9546620509043415,-5.486711744677986e-10,8.984784039167077e-18
257,120,3410,1.9560493199255649,-5.038092790063247e-10,-1.718165538994085e-17
257,120,3411,1.957436588946789,-4.406245365905439e-10,-3.359584990711993e-17
257,120,3412,1.9588238579680124,-3.6139371845578383e-10,-9.662182684992508e-17
257,120,3413,1.9602111269892366,-2.6897339234345107e-10,1.388317571360106e-17
257,120,3414,1.9615983960104608,-1.6670420956058593e-10,-1.3570810692197939e-17
257,120,3415,1.9629856650316841,-5.82856833105354e-11,-1.437978679393158e-17
257,120,3416,1.9643729340529084,5.2354984284430855e-11,-1.1785255026155519e-17
257,120,3417,1.9657602030741317,1.6120638247984794e-10,4.181017300241723e-17
257,120,3418,1.967147472095356,2.6431752709897464e-10,-4.0617089365218545e-17
257,120,3419,1.9685347411165792,3.579415869735299e-10,-5.189754208558493e-18
257,120,3420,1.9699220101378034,4.386722378443161e-10,-3.321751840765189e-17
257,120,3421,1.9713092791590268,5.035669908961041e-10,-5.0208628295498166e-17
257,120,3422,1.972696548180251,5.502533132953787e-10,3.0367317516552574e-19
257,120,3423,1.9740838172014743,5.770193137926231e-10,-1.0095608302435604e-17
257,120,3424,1.9754710862226985,5.82871013089995e-10,1.2202489149273476e-17
257,120,3425,1.9768583552439218,5.675733219356406e-10,1.581364323927863e-17
257,120,3426,1.978245624265146,5.316578340967733e-10,-3.538425379192612e-18
257,120,3427,1.9796328932863703,4.764043748581908e-10,-5.31207910087793e-17
257,120,3428,1.9810201623075936,4.0379640709037516e-10,2.7750399456578778e-17
257,120,3429,1.9824074313288178,3.164477959115277e-10,-4.3564022693698487e-17
257,120,3430,1.9837947003500411,2.1751231632849498e-10,4.1529290576953334e-17
257,120,3431,1.9851819693712653,1.1056603826799504e-10,4.160148905296729e-17
257,120,3432,1.9865692383924887,-5.197471233911867e-13,8.276737080320627e-18
257,120,3433,1.9879565074137129,-1.1171676278226137e-10,5.991505934069e-17
257,120,3434,1.9893437764349362,-2.1899181133833101e-10,-9.093621007353768e-17
257,120,3435,1.9907310454561604,-3.184460024904113e-10,6.899981346313709e-18
257,120,3436,1.9921183144773837,-4.064595105197416e-10,5.660493514583871e-17
257,120,3437,1.993505583498608,-4.798241893806917e-10,-7.095570441614025e-19
257,120,3438,1.9948928525198313,-5.358587669943261e-10,-6.533214325270363e-18
257,120,3439,1.9962801215410555,-5.725078552260605e-10,6.401632498423163e-17
257,120,3440,1.9976673905622797,-5.884161900789292e-10,-1.9421729799196165e-17
257,120,3441,1.999054659583503,-5.829793135329972e-10,-4.321276799267372e-17
257,120,3442,2.0004419286047272,-5.563673239126105e-10,-1.1610111250940352e-17
257,120,3443,2.0018291976259506,-5.095178336114036e-10,-2.400808248246903e-17
257,120,3444,2.003216466647175,-4.4410545737312157e-10,-2.6852292319871125e-18
257,120,3445,2.004603735668398,-3.6247995371810733e-10,2.922323782914375e-17
257,120,3446,2.0059910046896223,-2.6758060060855513e-10,-1.56941583327288e-17
257,120,3447,2.0073782737108457,-1.6283754208815542e-10,-4.7842010364388035e-17
257,120,3448,2.00876554273207,-5.203728407385724e-11,-4.200835558990383e-18
257,120,3449,2.010152811753293,6.080490997635753e-11,-7.256492932038207e-17
257,120,3450,2.0115400807745174,1.7159483726297831e-10,5.881352031844156e-17
257,120,3451,2.0129273497957416,2.7630841566561825e-10,-5.700043854243389e-17
257,120,3452,2.014314618816965,3.7113429652262004e-10,-4.270676465541778e-17
257,120,3453,2.015701887838189,4.5261528177614e-10,-4.0091904014054225e-18
257,120,3454,2.0170891568594125,5.17774279533099e-10,-3.6359618101579504e-17
257,120,3455,2.0184764258806367,5.642205384211476e-10,-2.1027711445543774e-17
257,120,3456,2.01986369490186,5.902413600370518e-10,-7.910523893995095e-18
257,120,3457,2.0212509639230842,5.948600941642908e-10,-8.081842326662041e-17
257,120,3458,2.0226382329443076,5.778784099111133e-10,1.8153049046451425e-17
257,120,3459,2.0240255019655318,5.398798727365668e-10,-5.78599910726413e-18
257,120,3460,2.025412770986755,4.822114131605602e-10,1.4316537350289012e-17
257,120,3461,2.0268000400079793,4.069382484920905e-10,-1.475779742033599e-16
257,120,3462,2.0281873090292026,3.167665325374482e-10,-7.260121039390756e-17
257,120,3463,2.029574578050427,2.149473410159987e-10,-2.8677897550636305e-17
257,120,3464,2.030961847071651,1.0515987540557087e-10,-3.0913370104601233e-17
257,120,3465,2.0323491160928744,-8.621053871346056e-12,1.8074327858595562e-17
257,120,3466,2.0337363851140986,-1.222692078310352e-10,-5.1110652864129615e-17
257,120,3467,2.035123654135322,-2.316568588340564e-10,-7.272555339102707e-17
257,120,3468,2.036510923156546,-3.3280473083416766e-10,7.569703356952107e-17
257,120,3469,2.0378981921777695,-4.2202495877517053e-10,-4.859565528433691e-17
257,120,3470,2.0392854611989937,-4.960585470089766e-10,7.701139117899315e-17
257,120,3471,2.040672730220217,-5.521890171640431e-10,6.920919141115396e-17
257,120,3472,2.042059999241441,-5.883488121730105e-10,4.827754600939991e-17
257,120,3473,2.0434472682626645,-6.031905112403601e-10,-1.8443130741275994e-17
257,120,3474,2.0448345372838888,-5.961385780601641e-10,7.488364917394765e-17
257,120,3475,2.046221806305112,-5.674116383046344e-10,-2.6038474806311155e-17
257,120,3476,2.0476090753263363,-5.180165063004094e-10,-4.519564129987899e-17
257,120,3477,2.0489963443475605,-4.4971063414334046e-10,-7.330223171337636e-17
257,120,3478,2.050383613368784,-3.649423807857516e-10,-6.901068084896485e-17
257,120,3479,2.051770882390008,-2.667622515837969e-10,-2.370484819377307e-17
257,120,3480,2.0531581514112314,-1.587140941654951e-10,-8.680839505863548e-20
257,120,3481,2.0545454204324556,-4.470382190812789e-11,2.3530551683513848e-17
257,120,3482,2.055932689453679,7.113578328169794e-11,-1.0002928780000561e-18
257,120,3483,2.057319958474903,1.8460015225383823e-10,1.986053267856812e-17
257,120,3484,2.0587072274961264,2.9156241004049975e-10,-2.960681102428494e-17
257,120,3485,2.0600944965173507,3.881237921896788e-10,-9.734122941107621e-17
257,120,3486,2.061481765538574,4.707575769865579e-10,4.730476077215002e-17
257,120,3487,2.062869034559798,5.364339850722105e-10,-6.928069586932001e-17
257,120,3488,2.0642563035810224,5.827346489620813e-10,2.0931606566663354e-18
257,120,3489,2.0656435726022457,6.079411553873643e-10,-3.3137482239883345e-20
257,120,3490,2.06703084162347,6.110962771996215e-10,3.3829227652002203e-18
257,120,3491,2.0684181106446933,5.920430915022259e-10,-6.747509703482744e-17
257,120,3492,2.0698053796659175,5.514307852987205e-10,5.070037310171759e-17
257,120,3493,2.071192648687141,4.906922480524852e-10,5.045066081367388e-18
257,120,3494,2.072579917708365,4.11997217321527e-10,3.064725038667993e-17
257,120,3495,2.0739671867295884,3.181667963172616e-10,-3.8999153907253934e-17
257,120,3496,2.0753544557508126,2.1258247910030304e-10,9.727656567366395e-18
257,120,3497,2.076741724772036,9.905800617802143e-11,9.058244680239307e-18
257,120,3498,2.07812899379326,-1.829708159797591e-11,1.037761938597774e-17
257,120,3499,2.0795162628144834,-1.352265509325447e-10,1.06124740480484e-17
257,120,3500,2.0809035318357076,-2.474788194043896e-10,1.0525810359167747e-17
257,120,3501,2.082290800856932,-3.5096457080913834e-10,1.0439362477201657e-16
257,120,3502,2.083678069878155,-4.419037562747116e-10,1.0370057181270464e-16
257,120,3503,2.0850653388993794,-5.169656635411477e-10,-3.8305215887090986e-17
257,120,3504,2.0864526079206027,-5.733874362572196e-10,-4.0227289235467125e-17
257,120,3505,2.087839876941827,-6.090793820932677e-10,2.9102087244553614e-17
257,120,3506,2.0892271459630503,-6.226987819723919e-10,2.936343353972328e-18
257,120,3507,2.0906144149842745,-6.137032047243972e-10,2.657913020353391e-18
257,120,3508,2.092001684005498,-5.823717498784845e-10,4.863204203897105e-17
257,120,3509,2.093388953026722,-5.297926512799372e-10,-7.388954330250045e-17
257,120,3510,2.0947762220479453,-4.5783130703304253e-10,-3.005382217050953e-17
257,120,3511,2.0961634910691695,-3.69061358965768e-10,8.782140233355678e-17
257,120,3512,2.097550760090393,-2.6667097559687737e-10,6.012231258125063e-17
257,120,3513,2.098938029111617,-1.5435331799337375e-10,-1.434554229717743e-17
257,120,3514,2.1003252981328413,-3.616856013785525e-11,-1.6160562662688227e-17
257,120,3515,2.1017125671540646,8.359925442377525e-11,-8.654873223086631e-17
257,120,3516,2.103099836175289,2.0060103353915713e-10,-6.204576835285044e-17
257,120,3517,2.104487105196512,3.105753294847843e-10,-1.7667714709946878e-17
257,120,3518,2.1058743742177364,4.095063471249701e-10,2.7070244635233627e-17
257,120,3519,2.1072616432389597,4.937735537397485e-10,-4.457829122799367e-17
257,120,3520,2.108648912260184,5.60277481865953e-10,2.6759312378247473e-17
257,120,3521,2.1100361812814072,6.065585561654999e-10,-4.328807138751171e-17
257,120,3522,2.1114234503026315,6.308850380367707e-10,-9.02024051398358e-17
257,120,3523,2.112810719323855,6.323202272964959e-10,-3.9593852120502964e-17
257,120,3524,2.114197988345079,6.107567888009181e-10,-3.831391866298878e-17
257,120,3525,2.1155852573663023,5.669228186469298e-10,-1.0472557069235993e-16
257,120,3526,2.1169725263875265,5.023580419127459e-10,1.1768922317725389e-17
257,120,3527,2.1183597954087507,4.1935941624952504e-10,-3.3470030695510075e-17
257,120,3528,2.119747064429974,3.2089955977032235e-10,2.2374739876637538e-17
257,120,3529,2.1211343334511983,2.105209988005185e-10,2.34760156280363e-17
257,120,3530,2.1225216024724216,9.220727611936227e-11,2.6140394195288846e-17
257,120,3531,2.123908871493646,-2.975894253290726e-11,1.0263609304258477e-17
257,120,3532,2.125296140514869,-1.5095019848029485e-10,1.006790100253573e-16
257,120,3533,2.1266834095360934,-2.6695832403336254e-10,1.5720204827820596e-17
257,120,3534,2.1280706785573167,-3.7354991572603943e-10,1.9234916997025066e-17
257,120,3535,2.129457947578541,-4.668241525691128e-10,6.930792448183382e-17
257,120,3536,2.1308452165997642,-5.433541552138025e-10,1.117557921472537e-18
257,120,3537,2.1322324856209884,-6.003133241212685e-10,6.75057353722304e-17
257,120,3538,2.1336197546422127,-6.355777809551849e-10,-2.2508041103134327e-18
257,120,3539,2.135007023663436,-6.478075831819864e-10,5.374341917564566e-19
257,120,3540,2.13639429268466,-6.364964757677115e-10,2.29706510390623e-17
257,120,3541,2.1377815617058835,-6.019939321588466e-10,4.489130198329644e-17
257,120,3542,2.1391688307271077,-5.454904791735393e-10,1.996859701502829e-17
257,120,3543,2.140556099748331,-4.689844549042717e-10,1.6648311953268078e-18
257,120,3544,2.1419433687695553,-3.7520193895287596e-10,6.971876611263197e-17
257,120,3545,2.1433306377907786,-2.67508256719499e-10,-7.090832363378609e-17
257,120,3546,2.144717906812003,-1.4978211590636895e-10,1.891119559218587e-17
257,120,3547,2.146105175833226,-2.6278609015648338e-11,-1.4071750801210476e-17
257,120,3548,2.1474924448544503,9.852480980020389e-11,4.5230878224754925e-17
257,120,3549,2.1488797138756737,2.2009281528790462e-10,-1.3906142132236946e-17
257,120,3550,2.150266982896898,3.3399327315913727e-10,-4.21538091702093e-17
257,120,3551,2.151654251918122,4.3605995326171096e-10,-7.146168892222627e-17
257,120,3552,2.1530415209393454,5.225472122049644e-10,1.1933163130832885e-17
257,120,3553,2.1544287899605696,5.902621311704076e-10,-1.0412109970389428e-17
257,120,3554,2.155816058981793,6.366881562291488e-10,-9.067283596463828e-17
257,120,3555,2.157203328003017,6.600738964250909e-10,-1.2162617105915546e-17
257,120,3556,2.1585905970242405,6.595003694448198e-10,-7.505186093288389e-17
257,120,3557,2.1599778660454647,6.349189752894525e-10,-5.556542203514422e-17
257,120,3558,2.161365135066688,5.871529222200524e-10,1.9043328914325244e-17
257,120,3559,2.1627524040879123,5.178709405946141e-10,-5.404150194121021e-18
257,120,3560,2.1641396731091356,4.295301902425932e-10,-3.50923585864475e-17
257,120,3561,2.16552694213036,3.25286985697107e-10,-6.537583481581757e-18
257,120,3562,2.166914211151583,2.0888679266164737e-10,-7.108411798755441e-17
257,120,3563,2.1683014801728073,8.452780962181355e-11,-2.8887430996583907e-17
257,120,3564,2.1696887491940315,-4.328817446228127e-11,-1.7742020080656704e-17
257,120,3565,2.171076018215255,-1.699214574495924e-10,-6.301231982807172e-17
257,120,3566,2.172463287236479,-2.9076109928273295e-10,-1.720604977774634e-17
257,120,3567,2.1738505562577024,-4.013892796266271e-10,3.1360304471341204e-17
257,120,3568,2.1752378252789266,-4.977497714697142e-10,9.626277007107308e-19
257,120,3569,2.17662509430015,-5.762908867429209e-10,-2.1600320381894766e-17
257,120,3570,2.178012363321374,-6.340976914868816e-10,3.7987115219224603e-17
257,120,3571,2.1793996323425975,-6.690005414693152e-10,3.433647637497779e-17
257,120,3572,2.1807869013638217,-6.796565487543798e-10,3.3364325728297045e-17
257,120,3573,2.182174170385045,-6.655986688500283e-10,1.9685147272552756e-17
257,120,3574,2.1835614394062692,-6.272599259881212e-10,-1.1119122071316742e-17
257,120,3575,2.1849487084274934,-5.659555720810316e-10,2.252789315108387e-17
257,120,3576,2.1863359774487168,-4.838424568777186e-10,4.985263337789603e-17
257,120,3577,2.187723246469941,-3.838402504448557e-10,5.4786976765292e-19
257,120,3578,2.1891105154911643,-2.695302982601707e-10,6.220187035151229e-17
257,120,3579,2.1904977845123885,-1.4502520710877006e-10,-4.158597625694642e-18
257,120,3580,2.191885053533612,-1.4822300713400388e-11,-4.344498967082659e-17
257,120,3581,2.193272322554836,1.1635796763303352e-10,2.4368117778425325e-17
257,120,3582,2.1946595915760594,2.437440235044625e-10,-3.2621668103591796e-17
257,120,3583,2.1960468605972836,3.626859768701632e-10,-1.856660187794268e-17
257,120,3584,2.197434129618507,4.688259149368065e-10,3.978234182054057e-17
257,120,3585,2.198821398639731,5.582560828048849e-10,-2.7773348133850126e-17
257,120,3586,2.2002086676609545,6.276631121305352e-10,-4.362811891134167e-18
257,120,3587,2.2015959366821787,6.744513735870651e-10,1.982624840117008e-17
257,120,3588,2.202983205703403,6.96838724679177e-10,1.408511133691202e-17
257,120,3589,2.204370474724626,6.939235254256257e-10,-4.5901796643486625e-17
257,120,3590,2.2057577437458504,6.657246056148722e-10,3.5641305922320206e-17
257,120,3591,2.2071450127670738,6.131770458622314e-10,8.28580098689502e-17
257,120,3592,2.208532281788298,5.381086736034555e-10,9.64921744216706e-17
257,120,3593,2.2099195508095213,4.431704571840573e-10,5.869124473582064e-19
257,120,3594,2.2113068198307455,3.317474379721338e-10,5.759222813047351e-17
257,120,3595,2.212694088851969,2.0783670705759382e-10,-4.189175076307377e-18
257,120,3596,2.214081357873193,7.590370927118829e-11,-1.7551624276505866e-17
257,120,3597,2.2154686268944164,-5.927731933285042e-11,2.4103859471964842e-18
257,120,3598,2.2168558959156406,-1.9279672538659158e-10,-1.4969432977710523e-17
257,120,3599,2.218243164936864,-3.197871988145593e-10,5.1710894598114496e-17
257,120,3600,2.219630433958088,-4.356001436295053e-10,-9.222112825937755e-17
257,120,3601,2.2210177029793123,-5.359785480829097e-10,-1.312629960179677e-16
257,120,3602,2.2224049720005357,-6.172079189493565e-10,-6.635860636742609e-17
257,120,3603,2.22379224102176,-6.762590895705451e-10,3.584390773580614e-17
257,120,3604,2.225179510042983,-7.108985947476147e-10,7.52837147534266e-18
257,120,3605,2.2265667790642074,-7.197707672538438e-10,1.6654062764548925e-17
257,120,3606,2.2279540480854307,-7.024538145386145e-10,-1.1619290785013801e-17
257,120,3607,2.229341317106655,-6.594780501094939e-10,-5.053112241378101e-17
257,120,3608,2.2307285861278783,-5.923084958339491e-10,-4.540216158284884e-18
257,120,3609,2.2321158551491025,-5.032972306156401e-10,-7.539212697788676e-18
257,120,3610,2.233503124170326,-3.9559938578882994e-10,-5.851118782995195e-17
257,120,3611,2.23489039319155,-2.730638711658629e-10,-1.3412153843912345e-17
257,120,3612,2.2362776622127742,-1.4009371382702525e-10,-3.66786506174943e-17
257,120,3613,2.2376649312339976,-1.4899870337756414e-12,-8.512708741323729e-17
257,120,3614,2.239052200255222,1.377223128988445e-10,-4.8682132900996155e-17
257,120,3615,2.240439469276445,2.7247604888862805e-10,2.1210925648962276e-17
257,120,3616,2.2418267382976693,3.9784597932719156e-10,-7.187613724699717e-17
257,120,3617,2.2432140073188926,5.09228412417578e-10,1.3037798566054211e-17
257,120,3618,2.244601276340117,6.02509429763476e-10,-5.435063417385313e-17
257,120,3619,2.24598854536134,6.742182792491309e-10,6.619579644195219e-17
257,120,3620,2.2473758143825644,7.216537046223043e-10,-4.817351739745004e-17
257,120,3621,2.2487630834037877,7.429885777354898e-10,5.2753177237913236e-17
257,120,3622,2.250150352425012,7.373367310909572e-10,-3.564712676481622e-18
257,120,3623,2.2515376214462353,7.047910847481268e-10,2.0857792786409894e-18
257,120,3624,2.2529248904674595,6.464240345014993e-10,7.715070032531318e-18
257,120,3625,2.2543121594886837,5.64252987974664e-10,-2.238120079428062e-17
257,120,3626,2.255699428509907,4.6116908255034363e-10,-4.506677848277901e-18
257,120,3627,2.2570866975311312,3.4083755720903727e-10,6.057358758433467e-17
257,120,3628,2.2584739665523546,2.0756787805631752e-10,5.3785656947204464e-17
257,120,3629,2.2598612355735788,6.615815424011919e-11,-7.0362676634438155e-19
257,120,3630,2.261248504594802,-7.827580994038759e-11,1.6435163539664205e-17
257,120,3631,2.2626357736160263,-2.204867131763616e-10,7.831609868024414e-18
257,120,3632,2.2640230426372496,-3.552842635669092e-10,9.36891551109333e-17
257,120,3633,2.265410311658474,-4.777263440853847e-10,6.341477408813047e-17
257,120,3634,2.266797580679697,-5.83298145836626e-10,-1.7521713866246754e-17
257,120,3635,2.2681848497009214,-6.680785402942929e-10,8.911725354422038e-17
257,120,3636,2.2695721187221447,-7.288873432605106e-10,-2.944663017784729e-17
257,120,3637,2.270959387743369,-7.634020965366606e-10,8.663426672686845e-17
257,120,3638,2.272346656764593,-7.702458316867788e-10,2.8337732225182046e-17
257,120,3639,2.2737339257858165,-7.490454338621708e-10,-5.70566279614988e-17
257,120,3640,2.2751211948070407,-7.004443376929696e-10,3.4280630744148623e-17
257,120,3641,2.276508463828264,-6.260883373482683e-10,2.898715322413811e-17
257,120,3642,2.277895732849488,-5.285679806358342e-10,1.413230746373345e-17
257,120,3643,2.2792830018707115,-4.113289086292083e-10,3.1740190664128464e-17
257,120,3644,2.2806702708919357,-2.7855057322453267e-10,6.364108880035836e-17
257,120,3645,2.282057539913159,-1.3499756844973083e-10,-3.826639586956985e-17
257,120,3646,2.2834448089343833,1.415009857268424e-11,4.961216561725098e-17
257,120,3647,2.2848320779556066,1.6348579828054266e-10,-4.9741943338875984e-17
257,120,3648,2.286219346976831,3.075696192369392e-10,2.946214404525302e-17
257,120,3649,2.287606615998054,4.411268672065202e-10,-7.403042200433852e-19
257,120,3650,2.2889938850192784,5.59241784485359e-10,6.562903914322679e-17
257,120,3651,2.2903811540405026,6.575365757822946e-10,-2.2711388990393253e-17
257,120,3652,2.291768423061726,7.323343467143468e-10,-4.989202350941992e-17
257,120,3653,2.29315569208295,7.807961245432211e-10,-5.102655882611175e-17
257,120,3654,2.2945429611041734,8.010279609060271e-10,3.5150435006349665e-18
257,120,3655,2.2959302301253977,7.921551349610108e-10,-4.318181620204175e-17
257,120,3656,2.297317499146621,7.543564073952413e-10,-8.50845672609986e-18
257,120,3657,2.298704768167845,6.888671984452225e-10,-5.670899913092498e-17
257,120,3658,2.3000920371890685,5.979350301353669e-10,-3.2763509381450125e-17
257,120,3659,2.3014793062102927,4.847467110877528e-10,-8.365017331949755e-18
257,120,3660,2.302866575231516,3.533156499672646e-10,-6.339867985425483e-17
257,120,3661,2.3042538442527403,2.0833790931099724e-10,-3.8980462587793e-18
257,120,3662,2.3056411132739645,5.502814172278112e-11,-1.1127336221766898e-17
257,120,3663,2.307028382295188,-1.0107011068330405e-10,-5.398607147846324e-17
257,120,3664,2.308415651316412,-2.542825134562376e-10,4.2499536444057204e-17
257,120,3665,2.3098029203376353,-3.99011727165034e-10,-4.671173311979629e-17
257,120,3666,2.3111901893588596,-5.299400758467739e-10,2.989278123125857e-17
257,120,3667,2.312577458380083,-6.422247183589204e-10,-9.64403556230368e-17
257,120,3668,2.313964727401307,-7.316770703738205e-10,-1.0458656207438771e-17
257,120,3669,2.3153519964225304,-7.94917882320082e-10,1.1139296538715958e-16
257,120,3670,2.3167392654437546,-8.295038289273397e-10,-2.710260993106608e-17
257,120,3671,2.318126534464978,-8.340241383090333e-10,1.1375650163990251e-17
257,120,3672,2.319513803486202,-8.081537136580168e-10,2.505959851596574e-17
257,120,3673,2.3209010725074255,-7.526733978559465e-10,-7.847182846619782e-17
257,120,3674,2.3222883415286497,-6.694459845727167e-10,2.8127062858601086e-17
257,120,3675,2.323675610549874,-5.613545753403215e-10,-1.9606572546200203e-17
257,120,3676,2.3250628795710973,-4.3220456245751753e-10,5.3508488309921643e-17
257,120,3677,2.3264501485923215,-2.865877093516214e-10,-3.068191804682011e-17
257,120,3678,2.327837417613545,-1.2972025626884844e-10,-7.373066333941562e-18
257,120,3679,2.329224686634769,3.274178942922913e-11,2.559951483252578e-17
257,120,3680,2.3306119556559923,1.9490877413178376e-10,-3.642926870194114e-17
257,120,3681,2.3319992246772165,3.508687159227953e-10,2.0735577104588578e-17
257,120,3682,2.33338649369844,4.949028929785124e-10,-5.2742428332872825e-17
257,120,3683,2.334773762719664,6.216956903058511e-10,-4.220444557421592e-17
257,120,3684,2.3361610317408874,7.265282118194763e-10,-1.0438360747838971e-17
257,120,3685,2.3375483007621116,8.054555559699016e-10,-2.294516468180575e-19
257,120,3686,2.338935569783335,8.554541697444874e-10,2.1213181525718652e-17
257,120,3687,2.340322838804559,8.745368862633014e-10,-4.053054154337418e-17
257,120,3688,2.3417101078257834,8.618297806132164e-10,-5.220913109096876e-17
257,120,3689,2.3430973768470067,8.176140133401877e-10,-1.81084469303331e-17
257,120,3690,2.344484645868231,7.433183302142767e-10,-6.600909396233798e-18
257,120,3691,2.3458719148894542,6.414754441406342e-10,-5.487097770807635e-17
257,120,3692,2.3472591839106784,5.156362692189135e-10,-3.015380417438831e-17
257,120,3693,2.3486464529319018,3.702472271805831e-10,-6.519636072521219e-17
257,120,3694,2.350033721953126,2.1049172608617688e-10,-2.906039844718329e-17
257,120,3695,2.3514209909743493,4.21082262240396e-11,-3.472457393458963e-18
257,120,3696,2.3528082599955735,-1.2881732720895421e-10,4.449818625904445e-17
257,120,3697,2.354195529016797,-2.9606969949944897e-10,1.2056974268924392e-17
257,120,3698,2.355582798038021,-4.5353042157532023e-10,-5.635425347079034e-17
257,120,3699,2.3569700670592453,-5.953999666215308e-10,-7.230978312249225e-18
257,120,3700,2.3583573360804686,-7.164127882518926e-10,3.0387302055447055e-17
257,120,3701,2.359744605101693,-8.120304384124604e-10,-2.5874916448067533e-17
257,120,3702,2.361131874122916,-8.786114536434412e-10,-2.3476146264796056e-17
257,120,3703,2.3625191431441404,-9.135506390024192e-10,-8.666891344873073e-18
257,120,3704,2.3639064121653637,-9.153771525667822e-10,-7.896497269150277e-17
257,120,3705,2.365293681186588,-8.838187386543034e-10,1.8023360777434607e-17
257,120,3706,2.366680950207811,-8.198181848757264e-10,1.8434908920770592e-17
257,120,3707,2.3680682192290354,-7.255044886100901e-10,-1.7484902690487187e-17
257,120,3708,2.3694554882502588,-6.041240883806362e-10,7.661081072353788e-17
257,120,3709,2.370842757271483,-4.5993052405181806e-10,5.3125627487847824e-17
257,120,3710,2.3722300262927063,-2.980354298793245e-10,1.5014993525650516e-17
257,120,3711,2.3736172953139305,-1.2422705219354054e-10,-3.422035475086624e-17
257,120,3712,2.3750045643351547,5.5234867803474584e-11,4.6764528767585656e-17
257,120,3713,2.376391833356378,2.3384428798731744e-10,-6.329959215305512e-17
257,120,3714,2.3777791023776023,4.0508347893379966e-10,-3.106850521575029e-17
257,120,3715,2.3791663713988256,5.626626672011597e-10,6.032362531239919e-17
257,120,3716,2.38055364042005,7.007471304084997e-10,-5.0370424977089134e-17
257,120,3717,2.381940909441273,8.141731509031444e-10,-6.589817813979633e-17
257,120,3718,2.3833281784624973,8.986431898370961e-10,-1.1948231230698238e-17
257,120,3719,2.3847154474837207,9.5088482211264e-10,-7.393228257987428e-17
257,120,3720,2.386102716504945,9.687786417149638e-10,-7.045889609892997e-18
257,120,3721,2.387489985526168,9.514408388393876e-10,-3.471850147389247e-17
257,120,3722,2.3888772545473924,8.992659558624368e-10,-3.821078774979018e-17
257,120,3723,2.3902645235686157,8.139200422043843e-10,-4.953630778589899e-18
257,120,3724,2.39165179258984,6.982896924978516e-10,-6.4093001410295446e-18
257,120,3725,2.393039061611064,5.56382765466894e-10,-6.683455206898722e-17
257,120,3726,2.3944263306322875,3.9319257494151953e-10,-1.4420830237316176e-16
257,120,3727,2.3958135996535117,2.1452233247780051e-10,2.1041992851781394e-17
257,120,3728,2.397200868674735,2.6779142772426784e-11,-7.226790414926956e-17
257,120,3729,2.3985881376959592,-1.6325530169220873e-10,-5.865443778974442e-17
257,120,3730,2.3999754067171826,-3.486683637479704e-10,-7.99892538789468e-17
257,120,3731,2.401362675738407,-5.226656583014419e-10,-1.786000185601569e-17
257,120,3732,2.40274994475963,-6.788225814963617e-10,-3.8540718280442804e-17
257,120,3733,2.4041372137808543,-8.113191847192359e-10,-2.8608831974947276e-17
257,120,3734,2.4055244828020776,-9.151539428989468e-10,-1.189134924955596e-17
257,120,3735,2.406911751823302,-9.863343354968818e-10,3.439945585383951e-17
257,120,3736,2.408299020844525,-1.0220301516978681e-09,-2.0162376105198866e-17
257,120,3737,2.4096862898657494,-1.0206822025787752e-09,6.191201126188513e-17
257,120,3738,2.4110735588869736,-9.820699069445684e-10,3.1597963200696456e-17
257,120,3739,2.412460827908197,-9.07327238440532e-10,-5.1773853501068277e-17
257,120,3740,2.413848096929421,-7.98914671375521e-10,7.638331019393255e-17
257,120,3741,2.4152353659506445,-6.605357015181924e-10,5.729918443804287e-17
257,120,3742,2.4166226349718687,-4.970143897383727e-10,3.753765735750217e-17
257,120,3743,2.418009903993092,-3.14125446863604e-10,6.442888637292379e-17
257,120,3744,2.4193971730143162,-1.1839312526755716e-10,3.19181760056035e-17
257,120,3745,2.4207844420355396,8.314174335497533e-11,2.2222369506548894e-17
257,120,3746,2.4221717110567638,2.831733780227783e-10,3.5259074859977496e-17
257,120,3747,2.423558980077987,4.743965652468147e-10,1.8235335230489472e-17
257,120,3748,2.4249462490992113,6.497699099714723e-10,7.709977051425904e-17
257,120,3749,2.4263335181204355,8.027754736245974e-10,1.0574003863290156e-16
257,120,3750,2.427720787141659,9.276612858845527e-10,2.175076090537065e-17
257,120,3751,2.429108056162883,1.0196540268421475e-09,1.9586296858063473e-17
257,120,3752,2.4304953251841064,1.0751414504380371e-09,1.1003358499623441e-17
257,120,3753,2.4318825942053306,1.0918138880668687e-09,-2.7586209758636577e-17
257,120,3754,2.433269863226554,1.0687565701292796e-09,4.075972071496303e-18
257,120,3755,2.434657132247778,1.0064966015155518e-09,-1.777681819176837e-17
257,120,3756,2.4360444012690015,9.069912039722284e-10,-4.5535729493009544e-17
257,120,3757,2.4374316702902257,7.735721968102037e-10,2.0606954858932947e-17
257,120,3758,2.438818939311449,6.108322929702133e-10,-5.464617920695145e-17
257,120,3759,2.440206208332673,4.2446935195249576e-10,-1.8006494124942844e-17
257,120,3760,2.4415934773538965,2.210891497006533e-10,-4.505101215647858e-18
257,120,3761,2.4429807463751207,7.96944024130692e-12,-7.942469807794733e-17
257,120,3762,2.444368015396345,-2.0719507683747213e-10,-7.178624311879539e-17
257,120,3763,2.4457552844175683,-4.1657492389785753e-10,-3.396233174980949e-17
257,120,3764,2.4471425534387925,-6.124853580040274e-10,-4.929277219243336e-17
257,120,3765,2.448529822460016,-7.876675377312037e-10,8.828153738883904e-19
257,120,3766,2.44991709148124,-9.355582852451504e-10,-7.755283356153212e-17
257,120,3767,2.4513043605024634,-1.0505340439192813e-09,-1.385221973017719e-16
257,120,3768,2.4526916295236876,-1.128122874585198e-09,-8.622183211095113e-17
257,120,3769,2.454078898544911,-1.1651761088998055e-09,-5.17078584589823e-17
257,120,3770,2.455466167566135,-1.1599948852316637e-09,-1.6916992861156126e-17
257,120,3771,2.4568534365873584,-1.1124062438810877e-09,-2.8567685962580636e-17
257,120,3772,2.4582407056085827,-1.0237799493906302e-09,4.8921581651452856e-17
257,120,3773,2.459627974629806,-8.969912209881833e-10,-8.833787482240381e-18
257,120,3774,2.46101524365103,-7.363323339296225e-10,-1.6782839735283102e-18
257,120,3775,2.4624025126722544,-5.47367879496314e-10,-6.035133363371597e-18
257,120,3776,2.4637897816934777,-3.367395618244765e-10,5.549235338697101e-17
257,120,3777,2.465177050714702,-1.1193943475183027e-10,6.892252273437757e-17
257,120,3778,2.4665643197359253,1.189583732660234e-10,-2.8005321630047296e-17
257,120,3779,2.4679515887571495,3.475851357750512e-10,3.5738405068612045e-18
257,120,3780,2.469338857778373,5.655808102753673e-10,8.956663606471603e-17
257,120,3781,2.470726126799597,7.648965729492339e-10,6.866027063484101e-17
257,120,3782,2.4721133958208203,9.380910423558934e-10,4.7227339826250197e-17
257,120,3783,2.4735006648420446,1.0786067742390642e-09,-9.901081745466179e-18
257,120,3784,2.474887933863268,1.1810171726711886e-09,-1.912833038176477e-17
257,120,3785,2.476275202884492,1.2412342014012278e-09,6.727578762018412e-17
257,120,3786,2.4776624719057163,1.2566685490991837e-09,-7.83776393769814e-18
257,120,3787,2.4790497409269396,1.2263382113558593e-09,-2.2685478297626317e-17
257,120,3788,2.480437009948164,1.1509211573980138e-09,1.3608574699367773e-17
257,120,3789,2.481824278969387,1.03274153166787e-09,3.339788088756026e-17
257,120,3790,2.4832115479906114,8.757052151616197e-10,4.0987946280762144e-17
257,120,3791,2.4845988170118347,6.85171423563684e-10,2.803887296031198e-17
257,120,3792,2.485986086033059,4.677699254875014e-10,-1.703484862346985e-17
257,120,3793,2.4873733550542823,2.311730011034789e-10,2.470983380035064e-17
257,120,3794,2.4887606240755065,-1.6173069656468663e-11,1.76055673528296e-17
257,120,3795,2.49014789309673,-2.653478692924415e-10,-1.1295821870421253e-17
257,120,3796,2.491535162117954,-5.072778717701298e-10,-1.1110385729401254e-17
257,120,3797,2.4929224311391773,-7.330645357933023e-10,-4.2732953026233855e-17
257,120,3798,2.4943097001604015,-9.343097135472683e-10,-5.9507859752682375e-18
257,120,3799,2.4956969691816258,-1.1034246701698076e-09,-3.0294956942219364e-17
257,120,3800,2.497084238202849,-1.2339167848867743e-09,3.229314203504618e-17
257,120,3801,2.4984715072240733,-1.3206351484524462e-09,-3.4000480651160416e-18
257,120,3802,2.4998587762452966,-1.3599713949198205e-09,4.6325439228758e-17
257,120,3803,2.501246045266521,-1.3500065018238159e-09,7.459545714724094e-18
257,120,3804,2.502633314287744,-1.2905990049255348e-09,2.175255502107249e-17
257,120,3805,2.5040205833089684,-1.183408219740003e-09,-3.763439007122683e-17
257,120,3806,2.5054078523301917,-1.0318478183710056e-09,-2.794015124447754e-17
257,120,3807,2.506795121351416,-8.409874455153113e-10,-3.9134654644586325e-17
257,120,3808,2.5081823903726392,-6.173795576276248e-10,4.436572556525227e-17
257,120,3809,2.5095696593938634,-3.6883946096609646e-10,-1.941422790380844e-17
257,120,3810,2.5109569284150868,-1.0417258982078457e-10,4.241465320297966e-18
257,120,3811,2.512344197436311,1.6713484697557538e-10,-2.692800969389463e-17
257,120,3812,2.513731466457535,4.352508767070558e-10,-1.6156825286585163e-17
257,120,3813,2.5151187354787585,6.903575391630292e-10,2.6847006063581898e-17
257,120,3814,2.5165060044999827,9.230026377393585e-10,1.665890611472714e-17
257,120,3815,2.517893273521206,1.1244489927418386e-09,1.755154356567538e-17
257,120,3816,2.5192805425424303,1.2870026220217739e-09,-1.6957550112741288e-17
257,120,3817,2.5206678115636536,1.4043005632492072e-09,-8.330118028030952e-19
257,120,3818,2.522055080584878,1.471559225962931e-09,-2.6126758441701754e-17
257,120,3819,2.523442349606101,1.4857630495277402e-09,-5.3029044983033354e-17
257,120,3820,2.5248296186273254,1.4457971380792004e-09,-6.161419977991534e-17
257,120,3821,2.5262168876485487,1.3525087364537269e-09,-3.6090648011286426e-17
257,120,3822,2.527604156669773,1.20869522938562e-09,-2.76805272204789e-17
257,120,3823,2.528991425690997,1.0190279923947177e-09,-1.0675557666176222e-16
257,120,3824,2.5303786947122204,7.899008446261212e-10,-1.7546908787553676e-17
257,120,3825,2.5317659637334446,5.292228093576953e-10,3.073058229236368e-17
257,120,3826,2.533153232754668,2.461407841964935e-10,-2.7063281372118682e-17
257,120,3827,2.534540501775892,-4.9273962632130404e-11,-1.2497096673064985e-17
257,120,3828,2.5359277707971155,-3.463829356182403e-10,2.3237762169388646e-17
257,120,3829,2.5373150398183397,-6.343583625572461e-10,1.9289108244098708e-17
257,120,3830,2.538702308839563,-9.025795862591829e-10,-4.686796730660949e-17
257,120,3831,2.5400895778607873,-1.1410147756811614e-09,-2.6451580396032188e-18
257,120,3832,2.5414768468820106,-1.3406005877883476e-09,3.1749174956878495e-17
257,120,3833,2.542864115903235,-1.4935757780944e-09,-1.1345912419170081e-18
257,120,3834,2.544251384924458,-1.5937835894583929e-09,-2.2936328634357112e-17
257,120,3835,2.5456386539456823,-1.6369158308074323e-09,2.7513905977554205e-17
257,120,3836,2.5470259229669066,-1.6206887780685664e-09,-2.7983664786713565e-18
257,120,3837,2.54841319198813,-1.5449530336905757e-09,-3.082484042093533e-17
257,120,3838,2.549800461009354,-1.4117269718586732e-09,5.114794692537805e-17
257,120,3839,2.5511877300305774,-1.225147687344018e-09,-2.04541737770623e-17
257,120,3840,2.5525749990518016,-9.913492995616835e-10,1.4287532402571793e-17
257,120,3841,2.553962268073025,-7.182629882978182e-10,5.2196613918551314e-17
257,120,3842,2.555349537094249,-4.153557464914262e-10,5.330660328943348e-17
257,120,3843,2.5567368061154725,-9.330156123810051e-11,4.271651477217737e-17
257,120,3844,2.5581240751366967,2.363885137687812e-10,2.832972311533037e-17
257,120,3845,2.55951134415792,5.617740321232115e-10,1.7834949678955192e-17
257,120,3846,2.5608986131791442,8.709151101934623e-10,1.774754487382849e-17
257,120,3847,2.5622858822003676,1.152304034421669e-09,-2.2816629220187523e-17
257,120,3848,2.563673151221592,1.3952897635147142e-09,1.4438283214674735e-17
257,120,3849,2.565060420242816,1.5904798713295052e-09,2.9696415521664336e-17
257,120,3850,2.5664476892640393,1.7300930015024773e-09,4.6654727746103534e-17
257,120,3851,2.5678349582852635,1.8082679886873046e-09,4.140253675329858e-17
257,120,3852,2.569222227306487,1.8213021666698468e-09,1.7860745565696165e-17
257,120,3853,2.570609496327711,1.7678131483977452e-09,-6.681111736948658e-18
257,120,3854,2.5719967653489344,1.648823849388098e-09,1.5776782270464964e-17
257,120,3855,2.5733840343701586,1.4677578124823552e-09,-1.0872717009055077e-17
257,120,3856,2.574771303391382,1.2303505237561178e-09,4.4261169223368425e-17
257,120,3857,2.576158572412606,9.444680651159659e-10,1.1076687783982883e-17
257,120,3858,2.5775458414338295,6.198576824763987e-10,-3.294982308687907e-17
257,120,3859,2.5789331104550537,2.678182622038899e-10,2.4909294200805077e-17
257,120,3860,2.580320379476277,-9.91885242419097e-11,-2.832695018133039e-17
257,120,3861,2.5817076484975012,-4.679726436803608e-10,4.0992702961860054e-17
257,120,3862,2.5830949175187254,-8.250852074577155e-10,-7.605879920854708e-18
257,120,3863,2.5844821865399488,-1.1573027887082484e-09,2.311306153696074e-18
257,120,3864,2.585869455561173,-1.4521096273606355e-09,-5.7371291972993e-17
257,120,3865,2.5872567245823963,-1.6981666408241056e-09,-4.782813103238621e-18
257,120,3866,2.5886439936036205,-1.8857361416817673e-09,-7.256039757316233e-17
257,120,3867,2.590031262624844,-2.0070628062982226e-09,-2.2178294836434975e-17
257,120,3868,2.591418531646068,-2.056685633692334e-09,-3.441168951784592e-17
257,120,3869,2.5928058006672914,-2.0316707549184706e-09,-5.659693518790876e-17
257,120,3870,2.5941930696885156,-1.9317568689507428e-09,-3.78684339030934e-17
257,120,3871,2.595580338709739,-1.7594078197804295e-09,-3.164771871577564e-17
257,120,3872,2.596967607730963,-1.5197643485591664e-09,3.650649952271705e-19
257,120,3873,2.5983548767521873,-1.2205047985431823e-09,-1.5858524082423093e-17
257,120,3874,2.5997421457734107,-8.715977584589484e-10,-2.9868265826791855e-17
257,120,3875,2.601129414794635,-4.849874336430634e-10,-7.11479652002342e-17
257,120,3876,2.602516683815858,-7.418613840505035e-11,-2.4075660279043078e-17
257,120,3877,2.6039039528370824,3.4618799214798675e-10,-2.8896463255686163e-18
257,120,3878,2.6052912218583058,7.60925338105146e-10,1.4138776128357937e-17
257,120,3879,2.60667849087953,1.1547651238708067e-09,-2.3824002047995013e-17
257,120,3880,2.6080657599007533,1.5129479849176997e-09,1.7054998599844004e-17
257,120,3881,2.6094530289219775,1.8217613653460416e-09,1.8943254011714197e-17
257,120,3882,2.610840297943201,2.069054988705574e-09,-3.0286089343100032e-18
257,120,3883,2.612227566964425,2.244707026627328e-09,-3.4040838135006795e-18
257,120,3884,2.6136148359856484,2.3410288025154188e-09,6.11805343353325e-17
257,120,3885,2.6150021050068726,2.353083854165863e-09,5.540072845640258e-18
257,120,3886,2.616389374028097,2.278918685510446e-09,6.462498447347033e-17
257,120,3887,2.61777664304932,2.119684298785467e-09,2.4677073335207933e-17
257,120,3888,2.6191639120705443,1.8796502908036085e-09,7.547827839849447e-18
257,120,3889,2.6205511810917677,1.5661099029131672e-09,-7.768112765104904e-18
257,120,3890,2.621938450112992,1.189166718653675e-09,5.381337641125929e-17
257,120,3891,2.623325719134215,7.614247062010006e-10,2.4652506373514755e-17
257,120,3892,2.6247129881554394,2.9757235517709273e-10,5.40210336261215e-17
257,120,3893,2.6261002571766627,-1.8610463633200406e-10,1.8515183260143248e-17
257,120,3894,2.627487526197887,-6.722870825444586e-10,3.3282504782834926e-17
257,120,3895,2.6288747952191103,-1.143227979522072e-09,1.6336413447083338e-17
257,120,3896,2.6302620642403345,-1.5813900304226088e-09,9.289306363361258e-17
257,120,3897,2.631649333261558,-1.970081205684628e-09,1.9442798100923842e-17
257,120,3898,2.633036602282782,-2.2940800921203375e-09,1.4249579762473275e-17
257,120,3899,2.6344238713040062,-2.540213547150275e-09,-7.374107451542476e-18
257,120,3900,2.6358111403252296,-2.6978782979990663e-09,4.235447256808033e-17
257,120,3901,2.6371984093464538,-2.759472014301112e-09,3.87816414241247e-17
257,120,3902,2.638585678367677,-2.720734833036565e-09,5.292023619082884e-19
257,120,3903,2.6399729473889013,-2.5809726697673837e-09,7.059804052636458e-18
257,120,3904,2.6413602164101246,-2.3431515061913453e-09,-1.529565296735532e-17
257,120,3905,2.642747485431349,-2.0138741918624584e-09,3.7471538996061385e-17
257,120,3906,2.644134754452572,-1.6032158228172227e-09,-3.186182970587537e-17
257,120,3907,2.6455220234737964,-1.1244332808721633e-09,8.823813349360021e-18
257,120,3908,2.6469092924950197,-5.935583998020697e-10,-1.3367514931963367e-18
257,120,3909,2.648296561516244,-2.8874347778740808e-11,-2.6037197379778972e-17
257,120,3910,2.649683830537468,5.496910910023357e-10,-1.8009482114891847e-18
257,120,3911,2.6510710995586915,1.121250255731731e-09,-4.609833407804068e-17
257,120,3912,2.6524583685799157,1.6646907823039908e-09,-4.259964880923045e-17
257,120,3913,2.653845637601139,2.1594303887176067e-09,-6.752750063135292e-17
257,120,3914,2.655232906622363,2.5861746764671974e-09,-5.731900835015379e-17
257,120,3915,2.6566201756435865,2.927644013435058e-09,-2.0524104497228203e-17
257,120,3916,2.6580074446648108,3.169245673595723e-09,-7.027376448938397e-17
257,120,3917,2.659394713686034,3.2996658717625263e-09,-1.894136464172402e-17
257,120,3918,2.6607819827072583,3.3113554433784227e-09,-5.2309474155079695e-17
257,120,3919,2.6621692517284816,3.2008983905215854e-09,-3.6480050538319354e-17
257,120,3920,2.663556520749706,2.96923767716973e-09,-3.2754881320820146e-17
257,120,3921,2.664943789770929,2.621747283366117e-09,1.3565415616254128e-17
257,120,3922,2.6663310587921534,2.1681563178315223e-09,-1.4861347668295678e-17
257,120,3923,2.6677183278133776,1.622307108493324e-09,-1.5044535096532795e-17
257,120,3924,2.669105596834601,1.0017680240620673e-09,-1.0288197399348585e-17
257,120,3925,2.670492865855825,3.2729541291460493e-10,-1.2074819937516595e-17
257,120,3926,2.6718801348770485,-3.7782601264827445e-10,-1.2613133597242894e-17
257,120,3927,2.6732674038982727,-1.0885542140794756e-09,7.569238854223789e-18
257,120,3928,2.674654672919496,-1.7789405343295985e-09,1.2576231317324614e-17
257,120,3929,2.67604194194072,-2.4230391885476105e-09,1.7929896191073856e-17
257,120,3930,2.6774292109619435,-2.9958389551388756e-09,1.5531559315518075e-17
257,120,3931,2.6788164799831677,-3.4741916398554298e-09,-3.2782109326279315e-18
257,120,3932,2.680203749004391,-3.837692647210262e-09,2.2542213474575213e-18
257,120,3933,2.6815910180256153,-4.069499181094667e-09,4.09822239075504e-17
257,120,3934,2.6829782870468386,-4.157039222404867e-09,4.4504179900648153e-17
257,120,3935,2.684365556068063,-4.092591477636949e-09,4.33067024121375e-18
257,120,3936,2.685752825089287,-3.873711081537246e-09,3.697125083257479e-17
257,120,3937,2.6871400941105104,-3.503483259472422e-09,3.2098890212432054e-17
257,120,3938,2.6885273631317346,-2.9905880598969272e-09,3.1914180468239326e-17
257,120,3939,2.689914632152958,-2.3491678801214075e-09,2.8967401948972576e-17
257,120,3940,2.691301901174182,-1.5985017899406468e-09,2.1361102080052472e-17
257,120,3941,2.6926891701954054,-7.624885437554849e-10,2.6436672779776878e-17
257,120,3942,2.6940764392166296,1.310527195546954e-10,1.3083218024628404e-17
257,120,3943,2.695463708237853,1.0512401016636449e-09,1.612174461401478e-17
257,120,3944,2.696850977259077,1.9651213311631544e-09,-8.174815868452122e-19
257,120,3945,2.6982382462803005,2.8387740441075046e-09,4.2875792869601756e-18
257,120,3946,2.6996255153015247,3.6384775020985155e-09,2.8699921171232854e-18
257,120,3947,2.701012784322748,4.331917628622811e-09,6.961155876327639e-18
257,120,3948,2.7024000533439723,4.889387075201508e-09,1.8325962776137595e-17
257,120,3949,2.7037873223651965,5.2849336203598805e-09,1.2154299248352664e-17
257,120,3950,2.70517459138642,5.497428977827735e-09,1.6467826853079558e-17
257,120,3951,2.706561860407644,5.511500999552575e-09,2.614262939756585e-17
257,120,3952,2.7079491294288673,5.31830982517266e-09,-3.1246368637101786e-17
257,120,3953,2.7093363984500916,4.916125695144893e-09,4.6685346858669695e-18
257,120,3954,2.710723667471315,4.310685861939552e-09,2.1514936353408744e-18
257,120,3955,2.712110936492539,3.5153111418238833e-09,1.7262066678500018e-17
257,120,3956,2.7134982055137624,2.5507687123123968e-09,1.4972970422445847e-18
257,120,3957,2.7148854745349866,1.4448731699340758e-09,7.06394086768274e-18
257,120,3958,2.71627274355621,2.3183863599958055e-10,5.7409050726939044e-18
257,120,3959,2.717660012577434,-1.0486190199173105e-09,6.6884242821486964e-18
257,120,3960,2.7190472815986584,-2.3524011872614043e-09,4.313385945330113e-18
257,120,3961,2.7204345506198817,-3.632339172731705e-09,4.697665737070793e-18
257,120,3962,2.721821819641106,-4.839671797321629e-09,-1.0502933837120521e-17
257,120,3963,2.7232090886623292,-5.925641866310488e-09,1.2734306130608403e-17
257,120,3964,2.7245963576835535,-6.843163560642987e-09,-7.492224517092747e-18
257,120,3965,2.725983626704777,-7.548521395325888e-09,9.078632434793122e-19
257,120,3966,2.727370895726001,-8.00303560815666e-09,2.867352899864619e-18
257,120,3967,2.7287581647472243,-8.174650313698129e-09,-9.099291678641913e-18
257,120,3968,2.7301454337684485,-8.039389365015268e-09,-9.74689687287171e-18
257,120,3969,2.731532702789672,-7.582632930536679e-09,-2.113381523029196e-17
257,120,3970,2.732919971810896,-6.800164691738793e-09,-3.2331364936873385e-17
257,120,3971,2.7343072408321194,-5.6989580259471025e-09,-1.559470131806994e-17
257,120,3972,2.7356945098533436,-4.297659625313382e-09,-1.654105697371258e-17
257,120,3973,2.737081778874568,-2.6267551347253104e-09,-1.8697726894751576e-17
257,120,3974,2.738469047895791,-7.283924479104681e-10,-4.007336710588106e-17
257,120,3975,2.7398563169170154,1.3441368484189939e-09,-2.3400085386693843e-17
257,120,3976,2.7412435859382387,3.527255045463677e-09,-3.2224628913124474e-17
257,120,3977,2.742630854959463,5.748283669103203e-09,-2.888582357561696e-17
257,120,3978,2.7440181239806862,7.92692954228628e-09,-2.6870557875826e-17
257,120,3979,2.7454053930019104,9.977038780432854e-09,-3.075925318366821e-17
257,120,3980,2.7467926620231338,1.1808576536876526e-08,-2.901472173924927e-17
257,120,3981,2.748179931044358,1.3329785077526666e-08,-3.7132529205314694e-17
257,120,3982,2.7495672000655813,1.4449461011015848e-08,-2.613754451013439e-17
257,120,3983,2.7509544690868055,1.5079294740901324e-08,-1.57762592001796e-17
257,120,3984,2.752341738108029,1.5136207263221832e-08,-9.454620320635342e-18
257,120,3985,2.753729007129253,1.4544621147074889e-08,-4.897227947258829e-18
257,120,3986,2.7551162761504773,1.3238600472640667e-08,-4.7421299117373504e-18
257,120,3987,2.7565035451717006,1.1163801430500284e-08,-1.024758283682307e-18
257,120,3988,2.757890814192925,8.279174663507515e-09,1.0327529457036957e-17
257,120,3989,2.759278083214148,4.558369744438789e-09,1.8660891108779317e-17
257,120,3990,2.7606653522353723,-9.199831337412748e-12,2.238875544760289e-17
257,120,3991,2.7620526212565957,-5.4176689660217966e-09,3.398118144999203e-17
257,120,3992,2.76343989027782,-1.164442736436057e-08,3.6997174886114395e-17
257,120,3993,2.764827159299043,-1.8650244223712257e-08,4.2741780955109833e-17
257,120,3994,2.7662144283202674,-2.637980121851471e-08,4.537466462436885e-17
257,120,3995,2.7676016973414908,-3.4762634059827685e-08,5.258305527010343e-17
257,120,3996,2.768988966362715,-4.371445518436956e-08,5.3240967754376545e-17
257,120,3997,2.770376235383939,-5.313883313324697e-08,5.673072212833101e-17
257,120,3998,2.7717635044051625,-6.292917977062071e-08,5.777320393866124e-17
257,120,3999,2.7731507734263867,-7.297100368160302e-08,5.649618475373875e-17
257,120,4000,2.77453804244761,-8.314436391645088e-08,5.5087056158716965e-17
