m,level,r,u_left,u_right,positive_points,negative_points,zero_points,max_positive_log10,max_abs_log10,min_abs_log10
13,P1,1,1.8027756377319946,3.605551275463989,0,65,0,,-2.118894864930563,-25.537771372898735
13,P1,2,1.2018504251546631,1.8027756377319946,0,65,0,,-0.2845435557260939,-1.960567482244695
13,P1,3,0.9013878188659973,1.2018504251546631,0,65,0,,-0.12401248426193948,-0.2656326843425673
13,P1,4,0.7211102550927978,0.9013878188659973,0,65,0,,-0.1730844457124958,-0.604685266514669
13,P1,5,0.6009252125773316,0.7211102550927978,0,65,0,,-0.6250804585482775,-1.4300054939547941
13,P1,6,0.5150787536377127,0.6009252125773316,0,65,0,,-1.4614949852809584,-2.618622715904168
13,P1,7,0.45069390943299864,0.5150787536377127,0,65,0,,-2.6612960174106126,-4.193459808014079
13,P1,8,0.40061680838488767,0.45069390943299864,0,65,0,,-4.248560690441575,-6.214973058870891
13,P1,9,0.3605551275463989,0.40061680838488767,0,65,0,,-6.285056367437999,-8.799480998380169
13,P1,10,0.32777738867854445,0.3605551275463989,0,65,0,,-8.889432868622192,-12.190059292585234
13,P1,11,0.3004626062886658,0.32777738867854445,19,46,0,-13.791540295675452,-12.298538842341149,-15.320056454390569
13,P1,12,0.2773500981126146,0.3004626062886658,38,27,0,-13.556638790726808,-13.556638790726808,-16.00166585348453
13,P2,1,1.8027756377319946,3.605551275463989,0,65,0,,-2.118894864930563,-25.537771372549194
13,P2,2,1.2018504251546631,1.8027756377319946,0,65,0,,-0.28454355572610623,-1.9605674822447074
13,P2,3,0.9013878188659973,1.2018504251546631,0,65,0,,-0.12401248426195181,-0.26563268434257964
13,P2,4,0.7211102550927978,0.9013878188659973,0,65,0,,-0.17308444571249598,-0.6046852665146941
13,P2,5,0.6009252125773316,0.7211102550927978,0,65,0,,-0.6250804585483126,-1.4300054939550333
13,P2,6,0.5150787536377127,0.6009252125773316,0,65,0,,-1.4614949852810846,-2.618622715904396
13,P2,7,0.45069390943299864,0.5150787536377127,0,65,0,,-2.66129601741093,-4.193459808137725
13,P2,8,0.40061680838488767,0.45069390943299864,0,65,0,,-4.248560690722654,-6.214973058519809
13,P2,9,0.3605551275463989,0.40061680838488767,0,65,0,,-6.28505637439056,-8.799482902692445
13,P2,10,0.32777738867854445,0.3605551275463989,0,65,0,,-8.889432673217264,-12.19107852556773
13,P2,11,0.3004626062886658,0.32777738867854445,33,32,0,-13.507420023273164,-12.314194375264128,-16.34674779615843
13,P2,12,0.2773500981126146,0.3004626062886658,61,4,0,-13.333521620752867,-13.333521620752867,-15.292028556027784
13,P3,1,1.8027756377319946,3.605551275463989,0,65,0,,-2.118894864930563,-25.537771372555028
13,P3,2,1.2018504251546631,1.8027756377319946,0,65,0,,-0.2845435557260939,-1.9605674822446828
13,P3,3,0.9013878188659973,1.2018504251546631,0,65,0,,-0.12401248426195181,-0.26563268434255494
13,P3,4,0.7211102550927978,0.9013878188659973,0,65,0,,-0.17308444571250794,-0.6046852665147135
13,P3,5,0.6009252125773316,0.7211102550927978,0,65,0,,-0.6250804585483404,-1.430005493954897
13,P3,6,0.5150787536377127,0.6009252125773316,0,65,0,,-1.461494985280946,-2.6186227159038795
13,P3,7,0.45069390943299864,0.5150787536377127,0,65,0,,-2.661296017407054,-4.193459808073255
13,P3,8,0.40061680838488767,0.45069390943299864,0,65,0,,-4.248560690506632,-6.214973032698528
13,P3,9,0.3605551275463989,0.40061680838488767,0,65,0,,-6.285056379423108,-8.799476511025297
13,P3,10,0.32777738867854445,0.3605551275463989,0,65,0,,-8.889430754576933,-12.170060661309625
13,P3,11,0.3004626062886658,0.32777738867854445,11,54,0,-13.657926415887637,-12.309560470694096,-16.860777986685623
13,P3,12,0.2773500981126146,0.3004626062886658,31,34,0,-13.680587936464159,-13.680587936464159,-15.258056730738428
53,P1,1,3.640054944640259,7.280109889280518,0,65,0,,-15.791635522304086,-119.8959311962718
53,P1,2,2.4267032964268394,3.640054944640259,0,65,0,,-5.107386077928782,-14.990073960737703
53,P1,3,1.8200274723201295,2.4267032964268394,0,65,0,,-1.9760573218663393,-4.937984997201278
53,P1,4,1.4560219778561037,1.8200274723201295,0,65,0,,-0.7766172490869809,-1.9181306849080249
53,P1,5,1.2133516482134197,1.4560219778561037,0,65,0,,-0.29196434241943536,-0.7535528633012265
53,P1,6,1.0400156984686455,1.2133516482134197,0,65,0,,-0.13644851014521034,-0.2832777959760096
53,P1,7,0.9100137361600648,1.0400156984686455,0,65,0,,-0.12927065045484354,-0.1643760846062663
53,P1,8,0.8089010988089465,0.9100137361600648,0,65,0,,-0.16738734765595203,-0.3162478908940677
53,P1,9,0.7280109889280518,0.8089010988089465,0,65,0,,-0.32253780849213276,-0.5659137142295687
53,P1,10,0.6618281717527744,0.7280109889280518,0,65,0,,-0.5749368766438759,-0.9004604509595165
53,P1,11,0.6066758241067098,0.6618281717527744,0,65,0,,-0.9119289658471106,-1.3127171055366507
53,P1,12,0.5600084530215783,0.6066758241067098,0,65,0,,-1.3264635221567531,-1.7983810291634306
53,P1,13,0.5200078492343227,0.5600084530215783,0,65,0,,-1.8143027240439462,-2.3547836248105085
53,P1,14,0.48534065928536785,0.5200078492343227,0,65,0,,-2.372817061538147,-2.9802880371722136
53,P1,15,0.4550068680800324,0.48534065928536785,0,65,0,,-3.0003954382202265,-3.673964317050947
53,P1,16,0.42824175819297167,0.4550068680800324,0,65,0,,-3.696126174119844,-4.435401312884056
53,P1,17,0.4044505494044732,0.42824175819297167,0,65,0,,-4.459611928829127,-5.264592324590189
53,P1,18,0.38316367838318516,0.4044505494044732,0,65,0,,-5.290857031966804,-6.161865030951513
53,P1,19,0.3640054944640259,0.38316367838318516,0,65,0,,-6.190198831131802,-7.127831486738467
53,P1,20,0.34667189948954846,0.3640054944640259,0,65,0,,-7.158256389983951,-8.163293610255218
53,P1,21,0.3309140858763872,0.34667189948954846,0,65,0,,-8.195817049144356,-9.269707833414488
53,P1,22,0.3165265169252399,0.3309140858763872,0,65,0,,-9.30438641533802,-10.429087778753356
53,P1,23,0.3033379120533549,0.3165265169252399,0,65,0,,-10.460655383797514,-11.699128757881251
53,P1,24,0.29120439557122074,0.3033379120533549,7,58,0,-13.04284060431242,-11.768008665865281,-15.755843291739096
53,P1,25,0.28000422651078916,0.29120439557122074,22,43,0,-12.210234351664694,-12.210234351664694,-13.837942897942302
53,P1,26,0.26963369960298217,0.28000422651078916,49,16,0,-12.045222365077947,-12.045222365077947,-14.232821688110162
53,P1,27,0.2600039246171614,0.26963369960298217,0,65,0,,-11.721322247582405,-13.409631869001906
53,P1,28,0.2510382720441558,0.2600039246171614,29,36,0,-11.999974437878773,-11.999974437878773,-14.920797480907051
53,P1,29,0.24267032964268392,0.2510382720441558,43,22,0,-12.07698095071368,-12.07698095071368,-13.589431625180891
53,P1,30,0.23484225449291993,0.24267032964268392,18,47,0,-12.611223923579535,-11.726764252270891,-13.603780788103018
53,P1,31,0.2275034340400162,0.23484225449291993,7,58,0,-12.55773861319498,-12.210053689694783,-14.35432440453997
53,P1,32,0.22060939058425813,0.2275034340400162,38,27,0,-11.97681741526599,-11.876631559662675,-14.173705032092313
53,P1,33,0.21412087909648583,0.22060939058425813,45,20,0,-12.3394460801213,-12.097044289409807,-14.713454645769357
53,P1,34,0.20800313969372908,0.21412087909648583,15,50,0,-12.72009467136097,-12.149786443098861,-14.029054361962896
53,P1,35,0.2022252747022366,0.20800313969372908,39,26,0,-11.868440044258728,-11.868440044258728,-13.714616141295764
53,P1,36,0.1967597267373113,0.2022252747022366,25,40,0,-12.300610807743787,-11.722797821045882,-14.607427579005638
53,P1,37,0.19158183919159258,0.1967597267373113,40,25,0,-12.079490768589322,-12.079490768589322,-14.89445503478165
53,P1,38,0.1866694843405261,0.19158183919159258,35,30,0,-11.851219676022152,-11.767313260326103,-13.858907235390584
53,P1,39,0.18200274723201296,0.1866694843405261,32,33,0,-12.367778631374243,-11.686796739413156,-13.430773379063519
53,P1,40,0.1775636558361102,0.18200274723201296,65,0,0,-12.44950511099745,-12.44950511099745,-13.283366947600928
53,P1,41,0.17333594974477423,0.1775636558361102,48,17,0,-11.931207966185383,-11.931207966185383,-14.135037115640833
53,P1,42,0.16930488114605857,0.17333594974477423,16,49,0,-12.099275966656808,-11.7204339613895,-13.407080516490039
53,P1,43,0.1654570429381936,0.16930488114605857,21,44,0,-12.167748943916742,-12.059067981347594,-13.275835352143156
53,P1,44,0.1617802197617893,0.1654570429381936,59,6,0,-11.961437822820642,-11.961437822820642,-13.46155254861545
53,P1,45,0.15826325846261996,0.1617802197617893,36,29,0,-11.907130925350204,-11.907130925350204,-14.237040249537028
53,P1,46,0.15489595509107484,0.15826325846261996,0,65,0,,-11.618092934131651,-13.42813862404908
53,P1,47,0.15166895602667746,0.15489595509107484,63,2,0,-12.022696071960814,-12.022696071960814,-14.069859081003067
53,P1,48,0.1485736712098065,0.15166895602667746,55,10,0,-11.907568503297874,-11.907568503297874,-13.33625631036566
53,P1,49,0.14560219778561037,0.1485736712098065,21,44,0,-12.8226348113636,-11.969125989031962,-14.478353550203922
53,P1,50,0.14274725273099054,0.14560219778561037,21,44,0,-13.064925164282144,-12.259297035654896,-15.478198512488369
53,P1,51,0.14000211325539458,0.14274725273099054,56,9,0,-12.12058136317348,-12.12058136317348,-15.001592883793876
53,P1,52,0.137360563948689,0.14000211325539458,65,0,0,-11.939971791482044,-11.939971791482044,-12.939470564353426
53,P2,1,3.640054944640259,7.280109889280518,0,65,0,,-15.791635522583046,-119.8959311984676
53,P2,2,2.4267032964268394,3.640054944640259,0,65,0,,-5.107386077959442,-14.990073960998496
53,P2,3,1.8200274723201295,2.4267032964268394,0,65,0,,-1.9760573218663393,-4.93798499722162
53,P2,4,1.4560219778561037,1.8200274723201295,0,65,0,,-0.7766172490878203,-1.9181306849081237
53,P2,5,1.2133516482134197,1.4560219778561037,0,65,0,,-0.2919643424196347,-0.7535528633013746
53,P2,6,1.0400156984686455,1.2133516482134197,0,65,0,,-0.1364485101453195,-0.28327779597615504
53,P2,7,0.9100137361600648,1.0400156984686455,0,65,0,,-0.1292706504549446,-0.1643760846062725
53,P2,8,0.8089010988089465,0.9100137361600648,0,65,0,,-0.1673873476557196,-0.31624789089415567
53,P2,9,0.7280109889280518,0.8089010988089465,0,65,0,,-0.3225378084922336,-0.5659137142296147
53,P2,10,0.6618281717527744,0.7280109889280518,0,65,0,,-0.5749368766441324,-0.9004604509599566
53,P2,11,0.6066758241067098,0.6618281717527744,0,65,0,,-0.9119289658477013,-1.3127171055385423
53,P2,12,0.5600084530215783,0.6066758241067098,0,65,0,,-1.3264635221591177,-1.798381029179348
53,P2,13,0.5200078492343227,0.5600084530215783,0,65,0,,-1.8143027240604142,-2.3547836248395253
53,P2,14,0.48534065928536785,0.5200078492343227,0,65,0,,-2.372817061558328,-2.980288037221166
53,P2,15,0.4550068680800324,0.48534065928536785,0,65,0,,-3.000395438119055,-3.6739643163518405
53,P2,16,0.42824175819297167,0.4550068680800324,0,65,0,,-3.6961261724222325,-4.435401320631407
53,P2,17,0.4044505494044732,0.42824175819297167,0,65,0,,-4.459611934439763,-5.2645924427814625
53,P2,18,0.38316367838318516,0.4044505494044732,0,65,0,,-5.2908571774292765,-6.16186429919964
53,P2,19,0.3640054944640259,0.38316367838318516,0,65,0,,-6.190197901746221,-7.127832026570595
53,P2,20,0.34667189948954846,0.3640054944640259,0,65,0,,-7.158257672193405,-8.163370831829141
53,P2,21,0.3309140858763872,0.34667189948954846,0,65,0,,-8.195918652794056,-9.26958019761161
53,P2,22,0.3165265169252399,0.3309140858763872,0,65,0,,-9.304327693362776,-10.448414706030226
53,P2,23,0.3033379120533549,0.3165265169252399,0,65,0,,-10.484895523963921,-11.699006507093829
53,P2,24,0.29120439557122074,0.3033379120533549,0,65,0,,-11.741703382995674,-13.191104429780701
53,P2,25,0.28000422651078916,0.29120439557122074,25,40,0,-13.034901972686802,-13.013940694463786,-14.513033887745891
53,P2,26,0.26963369960298217,0.28000422651078916,44,21,0,-13.106883073016876,-13.106883073016876,-14.717094196895799
53,P2,27,0.2600039246171614,0.26963369960298217,46,19,0,-12.989397835018265,-12.989397835018265,-15.264342135635944
53,P2,28,0.2510382720441558,0.2600039246171614,41,24,0,-13.03464355172797,-13.03464355172797,-16.045243664386874
53,P2,29,0.24267032964268392,0.2510382720441558,31,34,0,-13.156393590747275,-13.037638426490487,-15.722419567441897
53,P2,30,0.23484225449291993,0.24267032964268392,36,29,0,-13.210794101730556,-13.035608501413254,-16.00265316626176
53,P2,31,0.2275034340400162,0.23484225449291993,42,23,0,-13.080461347270392,-13.00431905305433,-15.520750198674047
53,P2,32,0.22060939058425813,0.2275034340400162,42,23,0,-13.049163151339394,-13.04843840317328,-15.340233705137967
53,P2,33,0.21412087909648583,0.22060939058425813,44,21,0,-13.022555604806696,-13.022555604806696,-15.691178251058204
53,P2,34,0.20800313969372908,0.21412087909648583,53,12,0,-12.912589197671185,-12.912589197671185,-14.848710453031668
53,P2,35,0.2022252747022366,0.20800313969372908,49,16,0,-12.982267351690663,-12.982267351690663,-14.995649508544135
53,P2,36,0.1967597267373113,0.2022252747022366,47,18,0,-13.00734413530277,-13.00734413530277,-79.08824962691365
53,P2,37,0.19158183919159258,0.1967597267373113,40,25,0,-13.046423381584978,-13.046423381584978,-15.106421789419679
53,P2,38,0.1866694843405261,0.19158183919159258,44,21,0,-12.940755431874228,-12.940755431874228,-15.540799057932034
53,P2,39,0.18200274723201296,0.1866694843405261,45,20,0,-12.898147184515269,-12.898147184515269,-15.120924871208121
53,P2,40,0.1775636558361102,0.18200274723201296,51,14,0,-12.924912257355585,-12.924912257355585,-15.189943071172165
53,P2,41,0.17333594974477423,0.1775636558361102,54,11,0,-12.797405966142707,-12.797405966142707,-14.83947458352773
53,P2,42,0.16930488114605857,0.17333594974477423,52,13,0,-12.997451794900373,-12.989812316049271,-14.858489429920082
53,P2,43,0.1654570429381936,0.16930488114605857,43,22,0,-12.958013840048661,-12.958013840048661,-15.075006652864442
53,P2,44,0.1617802197617893,0.1654570429381936,47,18,0,-13.029989873025837,-13.029989873025837,-15.482894085607947
53,P2,45,0.15826325846261996,0.1617802197617893,40,25,0,-12.986810784417715,-12.986810784417715,-15.190520268666994
53,P2,46,0.15489595509107484,0.15826325846261996,56,9,0,-12.99294603122244,-12.99294603122244,-14.940903711945843
53,P2,47,0.15166895602667746,0.15489595509107484,50,15,0,-12.902200315797272,-12.902200315797272,-15.307156431243815
53,P2,48,0.1485736712098065,0.15166895602667746,55,10,0,-12.911708999579044,-12.911708999579044,-15.481125298573689
53,P2,49,0.14560219778561037,0.1485736712098065,53,12,0,-12.890110585070246,-12.890110585070246,-14.30289295714146
53,P2,50,0.14274725273099054,0.14560219778561037,45,20,0,-12.945085534095837,-12.945085534095837,-15.177168516824386
53,P2,51,0.14000211325539458,0.14274725273099054,48,17,0,-12.970408556192371,-12.970408556192371,-15.178555258856532
53,P2,52,0.137360563948689,0.14000211325539458,45,20,0,-12.974575602778176,-12.974575602778176,-15.385210517206154
53,P3,1,3.640054944640259,7.280109889280518,0,65,0,,-15.791635522585022,-119.89593119848521
53,P3,2,2.4267032964268394,3.640054944640259,0,65,0,,-5.107386077959541,-14.990073961000224
53,P3,3,1.8200274723201295,2.4267032964268394,0,65,0,,-1.9760573218662898,-4.937984997221473
53,P3,4,1.4560219778561037,1.8200274723201295,0,65,0,,-0.7766172490878697,-1.9181306849080744
53,P3,5,1.2133516482134197,1.4560219778561037,0,65,0,,-0.2919643424195853,-0.7535528633013746
53,P3,6,1.0400156984686455,1.2133516482134197,0,65,0,,-0.1364485101453688,-0.2832777959762044
53,P3,7,0.9100137361600648,1.0400156984686455,0,65,0,,-0.12927065045499378,-0.16437608460622427
53,P3,8,0.8089010988089465,0.9100137361600648,0,65,0,,-0.1673873476557196,-0.3162478908942008
53,P3,9,0.7280109889280518,0.8089010988089465,0,65,0,,-0.3225378084922336,-0.56591371422962
53,P3,10,0.6618281717527744,0.7280109889280518,0,65,0,,-0.5749368766440566,-0.9004604509599566
53,P3,11,0.6066758241067098,0.6618281717527744,0,65,0,,-0.9119289658477984,-1.3127171055385423
53,P3,12,0.5600084530215783,0.6066758241067098,0,65,0,,-1.326463522159125,-1.798381029180785
53,P3,13,0.5200078492343227,0.5600084530215783,0,65,0,,-1.8143027240618645,-2.3547836248400946
53,P3,14,0.48534065928536785,0.5200078492343227,0,65,0,,-2.372817061570941,-2.980288037274787
53,P3,15,0.4550068680800324,0.48534065928536785,0,65,0,,-3.000395438144607,-3.6739643163131173
53,P3,16,0.42824175819297167,0.4550068680800324,0,65,0,,-3.6961261725417813,-4.435401318362488
53,P3,17,0.4044505494044732,0.42824175819297167,0,65,0,,-4.459611934439486,-5.2645924429341955
53,P3,18,0.38316367838318516,0.4044505494044732,0,65,0,,-5.29085718652573,-6.161864328362369
53,P3,19,0.3640054944640259,0.38316367838318516,0,65,0,,-6.190197874397046,-7.127832026240426
53,P3,20,0.34667189948954846,0.3640054944640259,0,65,0,,-7.158257044240545,-8.163374283997983
53,P3,21,0.3309140858763872,0.34667189948954846,0,65,0,,-8.195918128967136,-9.26962710416647
53,P3,22,0.3165265169252399,0.3309140858763872,0,65,0,,-9.304369934026585,-10.447707022272587
53,P3,23,0.3033379120533549,0.3165265169252399,0,65,0,,-10.485053550352504,-11.705783392706586
53,P3,24,0.29120439557122074,0.3033379120533549,0,65,0,,-11.741427400190036,-13.42606682425813
53,P3,25,0.28000422651078916,0.29120439557122074,36,29,0,-13.05807100473208,-13.004804879129146,-14.401510080465108
53,P3,26,0.26963369960298217,0.28000422651078916,55,10,0,-12.966414185675177,-12.966414185675177,-14.972399018502394
53,P3,27,0.2600039246171614,0.26963369960298217,41,24,0,-13.024726316919281,-13.024726316919281,-14.88098910797373
53,P3,28,0.2510382720441558,0.2600039246171614,52,13,0,-12.953022845708642,-12.953022845708642,-15.071009812864515
53,P3,29,0.24267032964268392,0.2510382720441558,47,18,0,-12.9834348220799,-12.9834348220799,-14.492167162254592
53,P3,30,0.23484225449291993,0.24267032964268392,52,13,0,-12.962243981994437,-12.962243981994437,-14.417612408480636
53,P3,31,0.2275034340400162,0.23484225449291993,48,17,0,-13.028591300816661,-13.028591300816661,-15.999067409680434
53,P3,32,0.22060939058425813,0.2275034340400162,51,14,0,-12.978440716783378,-12.978440716783378,-15.515510415103726
53,P3,33,0.21412087909648583,0.22060939058425813,48,17,0,-12.994057259656513,-12.994057259656513,-15.691254905065236
53,P3,34,0.20800313969372908,0.21412087909648583,52,13,0,-12.874802087763426,-12.874802087763426,-15.51553096693061
53,P3,35,0.2022252747022366,0.20800313969372908,56,9,0,-12.967081236028395,-12.967081236028395,-14.601435846448132
53,P3,36,0.1967597267373113,0.2022252747022366,45,20,0,-12.949814638789178,-12.949814638789178,-16.00526357270599
53,P3,37,0.19158183919159258,0.1967597267373113,45,20,0,-13.014107612469806,-13.014107612469806,-71.49508980788869
53,P3,38,0.1866694843405261,0.19158183919159258,56,9,0,-12.892621790496268,-12.892621790496268,-16.017269727485836
53,P3,39,0.18200274723201296,0.1866694843405261,54,11,0,-12.948467896807486,-12.948467896807486,-15.728018669722603
53,P3,40,0.1775636558361102,0.18200274723201296,42,23,0,-13.043632013720893,-13.043632013720893,-14.784167922083563
53,P3,41,0.17333594974477423,0.1775636558361102,51,14,0,-12.920426977582053,-12.920426977582053,-15.265603594343498
53,P3,42,0.16930488114605857,0.17333594974477423,52,13,0,-13.014011065274513,-13.014011065274513,-14.439360122178108
53,P3,43,0.1654570429381936,0.16930488114605857,50,15,0,-12.918597404324476,-12.918597404324476,-15.46816416215332
53,P3,44,0.1617802197617893,0.1654570429381936,49,16,0,-13.02090752814111,-13.02090752814111,-14.736569413490818
53,P3,45,0.15826325846261996,0.1617802197617893,51,14,0,-13.015777586828078,-13.010407328800161,-15.094181835413103
53,P3,46,0.15489595509107484,0.15826325846261996,53,12,0,-12.878097961686958,-12.878097961686958,-15.012469454453736
53,P3,47,0.15166895602667746,0.15489595509107484,42,23,0,-13.050885784344873,-13.050885784344873,-15.005017012630939
53,P3,48,0.1485736712098065,0.15166895602667746,49,16,0,-12.953203079282362,-12.951998210989638,-14.667799106609364
53,P3,49,0.14560219778561037,0.1485736712098065,55,10,0,-12.899849339084614,-12.899849339084614,-15.302770679712527
53,P3,50,0.14274725273099054,0.14560219778561037,62,3,0,-12.824507772762603,-12.824507772762603,-14.135810967539607
53,P3,51,0.14000211325539458,0.14274725273099054,54,11,0,-12.807051450760149,-12.807051450760149,-14.780026751315214
53,P3,52,0.137360563948689,0.14000211325539458,54,11,0,-12.912442555358759,-12.912442555358759,-14.90808926248649
257,P1,1,8.0156097709407,16.0312195418814,0,65,0,,-91.27311156661106,-606.6255511347614
257,P1,2,5.3437398472938,8.0156097709407,0,65,0,,-35.86890196873853,-87.20265765475122
257,P1,3,4.00780488547035,5.3437398472938,0,65,0,,-18.2356114976513,-34.95171234495422
257,P1,4,3.2062439083762797,4.00780488547035,0,65,0,,-10.47539599883969,-17.8860416906462
257,P1,5,2.6718699236469,3.2062439083762797,0,65,0,,-6.44126092831756,-10.307440643986954
257,P1,6,2.290174220268771,2.6718699236469,0,65,0,,-4.120170988804811,-6.3492309517209105
257,P1,7,2.003902442735175,2.290174220268771,0,65,0,,-2.693110633632238,-4.065374854371282
257,P1,8,1.7812466157645999,2.003902442735175,0,65,0,,-1.7762176725580054,-2.6586438269942962
257,P1,9,1.6031219541881399,1.7812466157645999,0,65,0,,-1.1705777139693783,-1.7537488388386322
257,P1,10,1.4573835947164908,1.6031219541881399,0,65,0,,-0.765098158799531,-1.155624801018414
257,P1,11,1.33593496182345,1.4573835947164908,0,65,0,,-0.49406981828809715,-0.755084871763926
257,P1,12,1.2331707339908768,1.33593496182345,0,65,0,,-0.3168763389659073,-0.48743803704969924
257,P1,13,1.1450871101343856,1.2331707339908768,0,65,0,,-0.20757716961837266,-0.31264672127399584
257,P1,14,1.0687479694587598,1.1450871101343856,0,65,0,,-0.14922776483465047,-0.2051169479912352
257,P1,15,1.0019512213675874,1.0687479694587598,0,65,0,,-0.13059981561774722,-0.14812064222567253
257,P1,16,0.9430129142283176,1.0019512213675874,0,65,0,,-0.13056424147757048,-0.14417660349242917
257,P1,17,0.8906233078822999,0.9430129142283176,0,65,0,,-0.14503513093065512,-0.18486969144131607
257,P1,18,0.8437483969411262,0.8906233078822999,0,65,0,,-0.18649083889235826,-0.24917827655440034
257,P1,19,0.8015609770940699,0.8437483969411262,0,65,0,,-0.25147370956779774,-0.33463896519640307
257,P1,20,0.763391406756257,0.8015609770940699,0,65,0,,-0.33754566672331515,-0.4394704191636033
257,P1,21,0.7286917973582454,0.763391406756257,0,65,0,,-0.44294212574534264,-0.5623467411904999
257,P1,22,0.6970095452991912,0.7286917973582454,0,65,0,,-0.5663485057339391,-0.7022534166501089
257,P1,23,0.667967480911725,0.6970095452991912,0,65,0,,-0.706758142773431,-0.8583948889778998
257,P1,24,0.6412487816752559,0.667967480911725,0,65,0,,-0.8633810867591971,-1.0301340756310073
257,P1,25,0.6165853669954384,0.6412487816752559,0,65,0,,-1.0355843730885437,-1.216951743113615
257,P1,26,0.5937488719215332,0.6165853669954384,0,65,0,,-1.222851871294352,-1.4184184438600331
257,P1,27,0.5725435550671928,0.5937488719215332,0,65,0,,-1.424756525112774,-1.6341745938864436
257,P1,28,0.5528006738579793,0.5725435550671928,0,65,0,,-1.6409406296149105,-1.8639159858411534
257,P1,29,0.5343739847293799,0.5528006738579793,0,65,0,,-1.871101479661086,-2.1073830053796447
257,P1,30,0.5171361142542387,0.5343739847293799,0,65,0,,-2.1149806794160524,-2.364352486386118
257,P1,31,0.5009756106837937,0.5171361142542387,0,65,0,,-2.372356065176533,-2.6346313695923405
257,P1,32,0.48579453157216357,0.5009756106837937,0,65,0,,-2.6430354120499735,-2.918051783396261
257,P1,33,0.4715064571141588,0.48579453157216357,0,65,0,,-2.926851547226049,-3.2144672656100055
257,P1,34,0.4580348440537542,0.4715064571141588,0,65,0,,-3.2236586027186225,-3.5237493876981394
257,P1,35,0.44531165394114997,0.4580348440537542,0,65,0,,-3.53332867385885,-3.8457851663472287
257,P1,36,0.4332762038346324,0.44531165394114997,0,65,0,,-3.8557492006003398,-4.180475533825332
257,P1,37,0.4218741984705631,0.4332762038346324,0,65,0,,-4.190821491879806,-4.527733282650367
257,P1,38,0.41105691133029226,0.4218741984705631,0,65,0,,-4.538458730922084,-4.887480098984533
257,P1,39,0.40078048854703496,0.41105691133029226,0,65,0,,-4.8985826789420495,-5.259645497630491
257,P1,40,0.3910053546800341,0.40078048854703496,0,65,0,,-5.271123314791815,-5.644183826727744
257,P1,41,0.3816957033781285,0.3910053546800341,0,65,0,,-5.656034359105427,-6.041017290569968
257,P1,42,0.3728190591135209,0.3816957033781285,0,65,0,,-6.053240098823305,-6.450109978211726
257,P1,43,0.3643458986791227,0.3728190591135209,0,65,0,,-6.462711699174425,-6.871520591591879
257,P1,44,0.35624932315291996,0.3643458986791227,0,65,0,,-6.884462538589192,-7.304678924478196
257,P1,45,0.3485047726495956,0.35624932315291996,0,65,0,,-7.317996013347309,-7.750170435285449
257,P1,46,0.3410897774868383,0.3485047726495956,0,65,0,,-7.763955107483857,-8.213672363072815
257,P1,47,0.3339837404558625,0.3410897774868383,0,65,0,,-8.227803864940434,-8.672539258641262
257,P1,48,0.3271677457526816,0.3339837404558625,0,65,0,,-8.687801017509225,-9.163203798624313
257,P1,49,0.32062439083762795,0.3271677457526816,0,65,0,,-9.177473742842347,-9.638355535593421
257,P1,50,0.3143376380761059,0.32062439083762795,0,65,0,,-9.652606365853513,-10.162866757061241
257,P1,51,0.3082926834977192,0.3143376380761059,0,65,0,,-10.178150521135683,-10.361025400874635
257,P1,52,0.3024758404128566,0.3082926834977192,27,38,0,-11.08548726342656,-10.278092697852252,-12.169722006187067
257,P1,53,0.2968744359607666,0.3024758404128566,65,0,0,-10.378786892884547,-10.378786892884547,-11.036718581323692
257,P1,54,0.29147671894329813,0.2968744359607666,51,14,0,-10.298293288178229,-10.298293288178229,-13.654977566482765
257,P1,55,0.2862717775335964,0.29147671894329813,0,65,0,,-10.26028649103677,-10.870415628665263
257,P1,56,0.28124946564704206,0.2862717775335964,0,65,0,,-10.04690693952641,-10.25043373150613
257,P1,57,0.27640033692898963,0.28124946564704206,0,65,0,,-10.081774491425085,-11.780035766291695
257,P1,58,0.2717155854556169,0.27640033692898963,63,2,0,-10.679977108278184,-10.679977108278184,-12.902609665355689
257,P1,59,0.26718699236468996,0.2717155854556169,0,65,0,,-10.08406151079879,-11.811083026061375
257,P1,60,0.2628068777357606,0.26718699236468996,16,49,0,-10.43299115105123,-10.170449147929064,-12.491797212914404
257,P1,61,0.25856805712711933,0.2628068777357606,65,0,0,-10.238098246647786,-10.238098246647786,-10.6131491774378
257,P1,62,0.2544638022520857,0.25856805712711933,65,0,0,-10.642349396453543,-10.642349396453543,-11.081597851059541
257,P1,63,0.25048780534189685,0.2544638022520857,65,0,0,-10.712261594318099,-10.712261594318099,-11.110061890907197
257,P1,64,0.24663414679817536,0.25048780534189685,65,0,0,-10.368897092473548,-10.368897092473548,-10.836607289211594
257,P1,65,0.24289726578608178,0.24663414679817536,48,17,0,-10.360280735628866,-10.360280735628866,-12.145734118131383
257,P1,66,0.2392719334609164,0.24289726578608178,0,65,0,,-10.188015662218117,-10.363034160947711
257,P1,67,0.2357532285570794,0.2392719334609164,0,65,0,,-10.20003928214245,-10.451416935427655
257,P1,68,0.2323365150997304,0.2357532285570794,0,65,0,,-10.009627179192652,-10.183012983705998
257,P1,69,0.2290174220268771,0.2323365150997304,24,41,0,-10.28991635216633,-10.163677996126433,-11.983890234698421
257,P1,70,0.22579182453354082,0.2290174220268771,65,0,0,-10.056623093200416,-10.056623093200416,-10.492278090560081
257,P1,71,0.22265582697057498,0.22579182453354082,10,55,0,-10.571085625287028,-10.391053687298935,-12.035096580619694
257,P1,72,0.21960574714906025,0.22265582697057498,0,65,0,,-10.478087912994418,-11.083124351027582
257,P1,73,0.2166381019173162,0.21960574714906025,0,65,0,,-10.434861055094654,-10.629639043584321
257,P1,74,0.213749593891752,0.2166381019173162,0,65,0,,-10.638987392160061,-10.810028969665286
257,P1,75,0.21093709923528156,0.213749593891752,4,61,0,-11.492333065646225,-10.695788923161242,-12.386886932466277
257,P1,76,0.2081976563880701,0.21093709923528156,65,0,0,-10.31074355079909,-10.31074355079909,-11.311053389172395
257,P1,77,0.20552845566514613,0.2081976563880701,57,8,0,-10.311570566974288,-10.311570566974288,-12.341093954063423
257,P1,78,0.20292682964406833,0.20552845566514613,27,38,0,-11.263996437127105,-10.951096308726209,-12.679846379023772
257,P1,79,0.20039024427351748,0.20292682964406833,0,65,0,,-10.22808095807397,-11.977326946107873
257,P1,80,0.19791629064051108,0.20039024427351748,5,60,0,-11.26713704317875,-10.23743869475378,-12.529294276003725
257,P1,81,0.19550267734001706,0.19791629064051108,65,0,0,-10.476373178802564,-10.476373178802564,-11.105271671205397
257,P1,82,0.19314722339616142,0.19550267734001706,16,49,0,-10.829317842225436,-10.499794566285134,-12.734853824016797
257,P1,83,0.19084785168906426,0.19314722339616142,0,65,0,,-10.341952775202154,-10.616772181622753
257,P1,84,0.1886025828456635,0.19084785168906426,0,65,0,,-10.39362664030057,-10.711123508243064
257,P1,85,0.18640952955676046,0.1886025828456635,0,65,0,,-10.402141645024916,-11.12161353496329
257,P1,86,0.18426689128599308,0.18640952955676046,60,5,0,-10.159264891618067,-10.159264891618067,-13.161840664853257
257,P1,87,0.18217294933956135,0.18426689128599308,65,0,0,-10.125696339176816,-10.125696339176816,-10.53764397613244
257,P1,88,0.18012606226833033,0.18217294933956135,29,36,0,-10.57685812485229,-10.57685812485229,-12.345571651510488
257,P1,89,0.17812466157645998,0.18012606226833033,0,65,0,,-10.495710048907293,-10.63042685663633
257,P1,90,0.1761672477129824,0.17812466157645998,0,65,0,,-10.124113263620307,-10.491522412194826
257,P1,91,0.1742523863247978,0.1761672477129824,0,65,0,,-10.114212790862076,-10.768260581588924
257,P1,92,0.1723787047514129,0.1742523863247978,44,21,0,-10.529580783831232,-10.529580783831232,-12.626284692995258
257,P1,93,0.17054488874341914,0.1723787047514129,65,0,0,-10.304947933067496,-10.304947933067496,-10.518085137307665
257,P1,94,0.16874967938822524,0.17054488874341914,57,8,0,-10.309776246015488,-10.309776246015488,-13.179090821148721
257,P1,95,0.16699187022793124,0.16874967938822524,16,49,0,-10.881426491025493,-10.822947837845952,-12.945533344739413
257,P1,96,0.16527030455547834,0.16699187022793124,65,0,0,-10.705884565818081,-10.705884565818081,-10.97585909635861
257,P1,97,0.1635838728763408,0.16527030455547834,54,11,0,-10.892823155273604,-10.892823155273604,-12.894049856661585
257,P1,98,0.16193151052405452,0.1635838728763408,0,65,0,,-10.195837116894758,-11.006688398916495
257,P1,99,0.16031219541881397,0.16193151052405452,0,65,0,,-10.188244113145135,-10.27979455183658
257,P1,100,0.15872494595922176,0.16031219541881397,15,50,0,-10.772712617190722,-10.294002434005593,-12.25853259871649
257,P1,101,0.15716881903805294,0.15872494595922176,65,0,0,-10.346800859453886,-10.346800859453886,-10.720869495791769
257,P1,102,0.15564290817360582,0.15716881903805294,40,25,0,-10.415439908627153,-10.415439908627153,-12.926350839254189
257,P1,103,0.1541463417488596,0.15564290817360582,0,65,0,,-10.7923105318951,-11.179994234510769
257,P1,104,0.15267828135125142,0.1541463417488596,22,43,0,-10.792831917875372,-10.792831917875372,-12.676121449526288
257,P1,105,0.1512379202064283,0.15267828135125142,65,0,0,-10.611025536287663,-10.611025536287663,-10.827222396991234
257,P1,106,0.14982448169982615,0.1512379202064283,40,25,0,-10.846458721260579,-10.846458721260579,-13.1125837234341
257,P1,107,0.1484372179803833,0.14982448169982615,47,18,0,-10.25016204916576,-10.25016204916576,-14.576189592722825
257,P1,108,0.14707540864111374,0.1484372179803833,65,0,0,-10.123852264664698,-10.123852264664698,-10.247304287789422
257,P1,109,0.14573835947164906,0.14707540864111374,45,20,0,-10.26303803309692,-10.26303803309692,-12.570051704154421
257,P1,110,0.1444254012782108,0.14573835947164906,0,65,0,,-10.525733219371256,-10.698089036979088
257,P1,111,0.1431358887667982,0.1444254012782108,0,65,0,,-10.373487258043118,-10.58556650472232
257,P1,112,0.14186919948567608,0.1431358887667982,0,65,0,,-10.196066550261511,-10.3727283115907
257,P1,113,0.14062473282352103,0.14186919948567608,0,65,0,,-10.128136089901538,-10.190474588616484
257,P1,114,0.13940190905983824,0.14062473282352103,0,65,0,,-10.136949394065626,-10.519580380851345
257,P1,115,0.13820016846449482,0.13940190905983824,22,43,0,-11.059194804957524,-10.535585493756917,-12.455013222360936
257,P1,116,0.13701897044343075,0.13820016846449482,65,0,0,-10.392049010678525,-10.392049010678525,-11.015643202574948
257,P1,117,0.13585779272780846,0.13701897044343075,65,0,0,-10.33602393799857,-10.33602393799857,-10.527879185973283
257,P1,118,0.13471613060404536,0.13585779272780846,24,41,0,-10.558173085303066,-10.307561540463947,-12.647062256469743
257,P1,119,0.13359349618234498,0.13471613060404536,0,65,0,,-10.173432183351114,-10.297887281156495
257,P1,120,0.13248941770149916,0.13359349618234498,0,65,0,,-10.188179267076064,-10.313566938001767
257,P1,121,0.1314034388678803,0.13248941770149916,18,47,0,-10.77972199561892,-10.329802371595791,-12.430701368831677
257,P1,122,0.13033511822667804,0.1314034388678803,65,0,0,-10.444047890286056,-10.444047890286056,-10.734207331924878
257,P1,123,0.12928402856355967,0.13033511822667804,65,0,0,-10.480873556977127,-10.480873556977127,-10.902738695635998
257,P1,124,0.1282497563350512,0.12928402856355967,24,41,0,-10.921098016188203,-10.832089158405443,-12.611790344897555
257,P1,125,0.12723190112604285,0.1282497563350512,0,65,0,,-10.807814871585489,-12.932977814073299
257,P1,126,0.1262300751329244,0.12723190112604285,65,0,0,-11.142044529073193,-11.142044529073193,-12.236563772381903
257,P1,127,0.12524390267094843,0.1262300751329244,65,0,0,-11.42531170295935,-11.42531170295935,-11.955492570650618
257,P1,128,0.12427301970450697,0.12524390267094843,65,0,0,-10.68388898098694,-10.68388898098694,-11.672039281992031
257,P1,129,0.12331707339908768,0.12427301970450697,65,0,0,-10.520153771153405,-10.520153771153405,-10.671654072000278
257,P1,130,0.12237572169375113,0.12331707339908768,42,23,0,-10.590229362079281,-10.590229362079281,-12.707140469099603
257,P1,131,0.12144863289304089,0.12237572169375113,0,65,0,,-10.246854071709095,-10.724727190971302
257,P1,132,0.12053548527730375,0.12144863289304089,0,65,0,,-10.14851377006137,-10.241130001767443
257,P1,133,0.1196359667304582,0.12053548527730375,0,65,0,,-10.147425861214323,-10.259675890842166
257,P1,134,0.11874977438430666,0.1196359667304582,0,65,0,,-10.253905459695263,-10.318151209027592
257,P1,135,0.1178766142785397,0.11874977438430666,0,65,0,,-10.090811615476815,-10.251196843619816
257,P1,136,0.11701620103563065,0.1178766142785397,0,65,0,,-10.040422736613436,-10.087706618422589
257,P1,137,0.1161682575498652,0.11701620103563065,0,65,0,,-10.056845482104368,-10.287112937483696
257,P1,138,0.11533251468979423,0.1161682575498652,0,65,0,,-10.29924662996458,-10.986355889148307
257,P1,139,0.11450871101343855,0.11533251468979423,45,20,0,-10.543988254774138,-10.543988254774138,-12.877383112636174
257,P1,140,0.11369659249561276,0.11450871101343855,65,0,0,-10.155263186712803,-10.155263186712803,-10.525133387253039
257,P1,141,0.11289591226677041,0.11369659249561276,65,0,0,-10.143724221330421,-10.143724221330421,-10.361600368057472
257,P1,142,0.11210643036280699,0.11289591226677041,44,21,0,-10.380212739842278,-10.380212739842278,-14.652708153454435
257,P1,143,0.11132791348528749,0.11210643036280699,0,65,0,,-10.712472464634017,-10.982762358500247
257,P1,144,0.11056013477159585,0.11132791348528749,51,14,0,-10.850598306829024,-10.850598306829024,-12.453935527297961
257,P1,145,0.10980287357453013,0.11056013477159585,65,0,0,-10.8224313196572,-10.8224313196572,-10.864634698281648
257,P1,146,0.10905591525089386,0.10980287357453013,65,0,0,-10.789536961159621,-10.789536961159621,-10.956858841154844
257,P1,147,0.1083190509586581,0.10905591525089386,28,37,0,-10.989351317638477,-10.840421892272749,-12.64585498499893
257,P1,148,0.10759207746229127,0.1083190509586581,0,65,0,,-10.71090522791354,-10.827893198163448
257,P1,149,0.106874796945876,0.10759207746229127,0,65,0,,-10.824174277000168,-10.887312750851963
257,P1,150,0.10616701683365165,0.106874796945876,10,55,0,-11.249002031795902,-10.823959574542847,-12.76661493748889
257,P1,151,0.10546854961764078,0.10616701683365165,65,0,0,-10.179309145919875,-10.179309145919875,-11.179059706525619
257,P1,152,0.10477921269203529,0.10546854961764078,65,0,0,-9.972054068661517,-9.972054068661517,-10.166565748643164
257,P1,153,0.10409882819403506,0.10477921269203529,65,0,0,-9.972806875418836,-9.972806875418836,-10.149487585727396
257,P1,154,0.10342722285084774,0.10409882819403506,65,0,0,-10.158547021183866,-10.158547021183866,-10.533363992148313
257,P1,155,0.10276422783257307,0.10342722285084774,65,0,0,-10.547795548586715,-10.547795548586715,-10.762539090849726
257,P1,156,0.10210967861070955,0.10276422783257307,65,0,0,-10.493815009153233,-10.493815009153233,-10.722091146966436
257,P1,157,0.10146341482203416,0.10210967861070955,65,0,0,-10.375390853665515,-10.375390853665515,-10.479872524117221
257,P1,158,0.10082528013761886,0.10146341482203416,65,0,0,-10.424713898794892,-10.424713898794892,-10.975254097747255
257,P1,159,0.10019512213675874,0.10082528013761886,25,40,0,-11.01040646758694,-11.01040646758694,-12.672694896204167
257,P1,160,0.09957279218559875,0.10019512213675874,10,55,0,-11.527824057951888,-11.04393326427468,-13.184210237763397
257,P1,161,0.09895814532025554,0.09957279218559875,65,0,0,-10.366827766521611,-10.366827766521611,-11.458464339932789
257,P1,162,0.09835104013424172,0.09895814532025554,65,0,0,-10.149442793434408,-10.149442793434408,-10.351364731440457
257,P1,163,0.09775133867000853,0.09835104013424172,65,0,0,-10.1471371491283,-10.1471371491283,-10.34487592865094
257,P1,164,0.09715890631443272,0.09775133867000853,58,7,0,-10.358662963232343,-10.358662963232343,-12.778977555834677
257,P1,165,0.09657361169808071,0.09715890631443272,0,65,0,,-10.321061760493356,-11.331640759856283
257,P1,166,0.0959953265980922,0.09657361169808071,0,65,0,,-10.205895287801779,-10.312069277613832
257,P1,167,0.09542392584453213,0.0959953265980922,0,65,0,,-10.207698189732797,-10.345473442508103
257,P1,168,0.09485928723006745,0.09542392584453213,0,65,0,,-10.271416521739084,-10.37815528926509
257,P1,169,0.09430129142283175,0.09485928723006745,0,65,0,,-10.184668478698123,-10.267746912133521
257,P1,170,0.09374982188234736,0.09430129142283175,0,65,0,,-10.184996744199601,-10.250730037643102
257,P1,171,0.09320476477838023,0.09374982188234736,0,65,0,,-10.253271857166169,-10.626116046928024
257,P1,172,0.09266600891260925,0.09320476477838023,35,30,0,-10.689410860258798,-10.65792134209749,-13.51158357298471
257,P1,173,0.09213344564299654,0.09266600891260925,65,0,0,-10.349143199469577,-10.349143199469577,-10.662537780258413
257,P1,174,0.09160696881075085,0.09213344564299654,65,0,0,-10.237786358891173,-10.237786358891173,-10.34225788954304
257,P1,175,0.09108647466978068,0.09160696881075085,65,0,0,-10.239234887585052,-10.239234887585052,-10.379861053199248
257,P1,176,0.09057186181853898,0.09108647466978068,65,0,0,-10.389570444168786,-10.389570444168786,-10.853159115523464
257,P1,177,0.09006303113416517,0.09057186181853898,24,41,0,-10.879633386441737,-10.643832735903255,-13.038206531359256
257,P1,178,0.08955988570883462,0.09006303113416517,0,65,0,,-10.328974557122397,-10.622144084426465
257,P1,179,0.08906233078822999,0.08955988570883462,0,65,0,,-10.28879134789369,-10.326140672732715
257,P1,180,0.08857027371205192,0.08906233078822999,0,65,0,,-10.23509861624842,-10.308751747963411
257,P1,181,0.0880836238564912,0.08857027371205192,0,65,0,,-10.170379967975736,-10.231809813484062
257,P1,182,0.08760229257858687,0.0880836238564912,0,65,0,,-10.172340976721518,-10.371450109868748
257,P1,183,0.0871261931623989,0.08760229257858687,0,65,0,,-10.388048134645576,-11.654332350235508
257,P1,184,0.08665524076692648,0.0871261931623989,60,5,0,-11.109023155963698,-11.109023155963698,-13.126062797802133
257,P1,185,0.08618935237570645,0.08665524076692648,65,0,0,-10.735460122743104,-10.735460122743104,-11.108234511294118
257,P1,186,0.08572844674802887,0.08618935237570645,65,0,0,-10.497869707348034,-10.497869707348034,-10.735778457388953
257,P1,187,0.08527244437170957,0.08572844674802887,65,0,0,-10.33086366076738,-10.33086366076738,-10.48898483837769
257,P1,188,0.0848212674173619,0.08527244437170957,65,0,0,-10.32998278733423,-10.32998278733423,-10.477248165493858
257,P1,189,0.08437483969411262,0.0848212674173619,65,0,0,-10.49239283078603,-10.49239283078603,-12.199853512087856
257,P1,190,0.0839330866067089,0.08437483969411262,1,64,0,-13.309419380500819,-11.181657973761418,-13.309419380500819
257,P1,191,0.08349593511396562,0.0839330866067089,40,25,0,-10.949262984275501,-10.949262984275501,-13.028095592263467
257,P1,192,0.08306331368850466,0.08349593511396562,65,0,0,-10.829131782153128,-10.829131782153128,-11.010116096203289
257,P1,193,0.08263515227773917,0.08306331368850466,65,0,0,-11.013925495794469,-11.013925495794469,-11.25648161762984
257,P1,194,0.08221138226605845,0.08263515227773917,65,0,0,-10.795198479124316,-10.795198479124316,-11.141551406344
257,P1,195,0.0817919364381704,0.08221138226605845,65,0,0,-10.744244912794793,-10.744244912794793,-10.828122088043035
257,P1,196,0.0813767489435604,0.0817919364381704,45,20,0,-10.838022770623667,-10.838022770623667,-13.772591701630935
257,P1,197,0.08096575526202726,0.0813767489435604,0,65,0,,-10.39487863116209,-10.99094758677866
257,P1,198,0.08055889217025829,0.08096575526202726,0,65,0,,-10.329949153208466,-10.38962338712364
257,P1,199,0.08015609770940699,0.08055889217025829,0,65,0,,-10.347441261266875,-10.378698024497073
257,P1,200,0.0797573111536388,0.08015609770940699,0,65,0,,-10.345116768105525,-10.371569011401288
257,P1,201,0.07936247297961088,0.0797573111536388,0,65,0,,-10.344471425830461,-10.378505529452298
257,P1,202,0.07897152483685418,0.07936247297961088,0,65,0,,-10.378562284781877,-10.433276140872888
257,P1,203,0.07858440951902647,0.07897152483685418,0,65,0,,-10.437925836685112,-10.58509624548344
257,P1,204,0.07820107093600683,0.07858440951902647,0,65,0,,-10.3291219849098,-10.584291167214873
257,P1,205,0.07782145408680291,0.07820107093600683,0,65,0,,-10.172182871655746,-10.32126314203698
257,P1,206,0.07744550503324348,0.07782145408680291,0,65,0,,-10.163235857449685,-10.178996931015346
257,P1,207,0.0770731708744298,0.07744550503324348,0,65,0,,-10.159619330913817,-10.209725711423635
257,P1,208,0.07670439972192057,0.0770731708744298,0,65,0,,-10.213676588345848,-10.487829208010782
257,P1,209,0.07633914067562571,0.07670439972192057,19,46,0,-10.97776576992547,-10.502869018145013,-12.859640083853913
257,P1,210,0.07597734380038577,0.07633914067562571,65,0,0,-10.56009156138857,-10.56009156138857,-10.933176565174813
257,P1,211,0.07561896010321414,0.07597734380038577,65,0,0,-10.557924268447932,-10.557924268447932,-10.750585472903426
257,P1,212,0.07526394151118028,0.07561896010321414,53,12,0,-10.763867708270821,-10.763867708270821,-13.21961733160848
257,P1,213,0.07491224084991308,0.07526394151118028,0,65,0,,-10.721017997474672,-11.349605965594774
257,P1,214,0.07456381182270418,0.07491224084991308,0,65,0,,-10.71301709229475,-11.017566669589407
257,P1,215,0.07421860899019166,0.07456381182270418,42,23,0,-10.701441817768861,-10.701441817768861,-12.753944262442197
257,P1,216,0.07387658775060553,0.07421860899019166,65,0,0,-10.460421910769035,-10.460421910769035,-10.678975383337857
257,P1,217,0.07353770432055687,0.07387658775060553,65,0,0,-10.461076761075242,-10.461076761075242,-10.614103934346835
257,P1,218,0.07320191571635341,0.07353770432055687,46,19,0,-10.627490397866707,-10.627490397866707,-12.74620995155517
257,P1,219,0.07286917973582453,0.07320191571635341,0,65,0,,-10.325797388479742,-10.926410658148788
257,P1,220,0.07253945494063982,0.07286917973582453,0,65,0,,-10.225969214062768,-10.317288744843642
257,P1,221,0.0722127006391054,0.07253945494063982,0,65,0,,-10.235790772616836,-10.361109132866003
257,P1,222,0.07188887686942332,0.0722127006391054,0,65,0,,-10.366846355638112,-10.594340418050345
257,P1,223,0.0715679443833991,0.07188887686942332,0,65,0,,-10.602175363614474,-10.719870511406825
257,P1,224,0.071249864630584,0.0715679443833991,0,65,0,,-10.385292887079151,-10.675554468104687
257,P1,225,0.07093459974283804,0.071249864630584,0,65,0,,-10.11842968802659,-10.376001319689706
257,P1,226,0.07062211251930131,0.07093459974283804,0,65,0,,-10.047598251864459,-10.112978223945868
257,P1,227,0.07031236641176052,0.07062211251930131,0,65,0,,-10.049032491465885,-10.121504055918184
257,P1,228,0.07000532551039912,0.07031236641176052,0,65,0,,-10.123802152796276,-10.24404216861191
257,P1,229,0.06970095452991912,0.07000532551039912,0,65,0,,-10.246928302087897,-10.400503318689372
257,P1,230,0.06939921879602337,0.06970095452991912,0,65,0,,-10.401502317211023,-10.580643106333577
257,P1,231,0.06910008423224741,0.06939921879602337,0,65,0,,-10.583168184798543,-10.68675339967348
257,P1,232,0.06880351734713047,0.06910008423224741,0,65,0,,-10.677172706853513,-10.777228613054184
257,P1,233,0.06850948522171538,0.06880351734713047,0,65,0,,-10.778441901675281,-11.009157873029755
257,P1,234,0.06821795549736766,0.06850948522171538,21,44,0,-11.359794930793504,-11.027918231912942,-12.92822878299361
257,P1,235,0.06792889636390423,0.06821795549736766,65,0,0,-11.023267231789797,-11.023267231789797,-11.344372506486751
257,P1,236,0.06764227654802278,0.06792889636390423,41,24,0,-11.103326289862654,-11.103326289862654,-13.280037831656921
257,P1,237,0.06735806530202268,0.06764227654802278,0,65,0,,-10.62312114342652,-11.119068315268686
257,P1,238,0.0670762323928092,0.06735806530202268,0,65,0,,-10.54253802865003,-10.624607034221498
257,P1,239,0.06679674809117249,0.0670762323928092,0,65,0,,-10.5389986674427,-10.641250573137155
257,P1,240,0.0665195831613336,0.06679674809117249,0,65,0,,-10.641690596132916,-10.79488632111726
257,P1,241,0.06624470885074958,0.0665195831613336,0,65,0,,-10.781837264717998,-10.83453712652667
257,P1,242,0.06597209688017036,0.06624470885074958,4,61,0,-11.986172256565746,-10.832778272071929,-12.723212149193932
257,P1,243,0.06570171943394015,0.06597209688017036,65,0,0,-10.561336826549608,-10.561336826549608,-11.666113612725733
257,P1,244,0.06543354915053633,0.06570171943394015,65,0,0,-10.346644983013173,-10.346644983013173,-10.548199405781316
257,P1,245,0.06516755911333902,0.06543354915053633,65,0,0,-10.318106547501682,-10.318106547501682,-10.345509371518103
257,P1,246,0.0649037228416251,0.06516755911333902,65,0,0,-10.327555348669792,-10.327555348669792,-10.390262134670952
257,P1,247,0.06464201428177983,0.0649037228416251,65,0,0,-10.389885333243729,-10.389885333243729,-10.485149803065985
257,P1,248,0.06438240779872048,0.06464201428177983,65,0,0,-10.491224718223311,-10.491224718223311,-10.833020967746863
257,P1,249,0.0641248781675256,0.06438240779872048,44,21,0,-10.857073600192765,-10.857073600192765,-12.86842298953698
257,P1,250,0.06386940056526454,0.0641248781675256,0,65,0,,-10.637478088005158,-11.115013056822828
257,P1,251,0.06361595056302143,0.06386940056526454,0,65,0,,-10.617628696565596,-10.803493196888073
257,P1,252,0.06336450411810829,0.06361595056302143,0,65,0,,-10.814032358491263,-11.16643335056129
257,P1,253,0.0631150375664622,0.06336450411810829,0,65,0,,-11.173297315937551,-12.012595802030376
257,P1,254,0.06286752761522117,0.0631150375664622,46,19,0,-11.460458249953133,-11.460458249953133,-13.408022706450017
257,P1,255,0.06262195133547421,0.06286752761522117,65,0,0,-10.957802278348277,-10.957802278348277,-11.480465330087172
257,P1,256,0.06237828615518054,0.06262195133547421,65,0,0,-10.569502286837903,-10.569502286837903,-10.957734202263653
257,P2,1,8.0156097709407,16.0312195418814,0,65,0,,-91.27311156839937,-606.6255511464135
257,P2,2,5.3437398472938,8.0156097709407,0,65,0,,-35.86890196946412,-87.20265765646015
257,P2,3,4.00780488547035,5.3437398472938,0,65,0,,-18.235611498124495,-34.95171234557099
257,P2,4,3.2062439083762797,4.00780488547035,0,65,0,,-10.475395999090113,-17.886041691092732
257,P2,5,2.6718699236469,3.2062439083762797,0,65,0,,-6.441260928444351,-10.30744064433573
257,P2,6,2.290174220268771,2.6718699236469,0,65,0,,-4.120170988632399,-6.349230951640135
257,P2,7,2.003902442735175,2.290174220268771,0,65,0,,-2.6931106336452726,-4.065374854429543
257,P2,8,1.7812466157645999,2.003902442735175,0,65,0,,-1.776217672618241,-2.658643826997851
257,P2,9,1.6031219541881399,1.7812466157645999,0,65,0,,-1.1705777139766855,-1.753748838848902
257,P2,10,1.4573835947164908,1.6031219541881399,0,65,0,,-0.7650981588676666,-1.1556248010245365
257,P2,11,1.33593496182345,1.4573835947164908,0,65,0,,-0.4940698183566279,-0.7550848718008575
257,P2,12,1.2331707339908768,1.33593496182345,0,65,0,,-0.3168763390158737,-0.48743803706944866
257,P2,13,1.1450871101343856,1.2331707339908768,0,65,0,,-0.2075771696276468,-0.3126467213320609
257,P2,14,1.0687479694587598,1.1450871101343856,0,65,0,,-0.14922776484599803,-0.20511694799992966
257,P2,15,1.0019512213675874,1.0687479694587598,0,65,0,,-0.13059981562725234,-0.14812064223921945
257,P2,16,0.9430129142283176,1.0019512213675874,0,65,0,,-0.13056424148605072,-0.14417660349823905
257,P2,17,0.8906233078822999,0.9430129142283176,0,65,0,,-0.14503513093549533,-0.18486969144512153
257,P2,18,0.8437483969411262,0.8906233078822999,0,65,0,,-0.18649083889220364,-0.24917827655248248
257,P2,19,0.8015609770940699,0.8437483969411262,0,65,0,,-0.25147370955962195,-0.3346389652430076
257,P2,20,0.763391406756257,0.8015609770940699,0,65,0,,-0.33754566676727943,-0.43947041917378976
257,P2,21,0.7286917973582454,0.763391406756257,0,65,0,,-0.44294212576148007,-0.562346741147738
257,P2,22,0.6970095452991912,0.7286917973582454,0,65,0,,-0.5663485057124044,-0.7022534167864734
257,P2,23,0.667967480911725,0.6970095452991912,0,65,0,,-0.7067581428998699,-0.8583948890853521
257,P2,24,0.6412487816752559,0.667967480911725,0,65,0,,-0.8633810868260684,-1.0301340756968442
257,P2,25,0.6165853669954384,0.6412487816752559,0,65,0,,-1.0355843731541752,-1.2169517434652053
257,P2,26,0.5937488719215332,0.6165853669954384,0,65,0,,-1.2228518716799397,-1.418418443966533
257,P2,27,0.5725435550671928,0.5937488719215332,0,65,0,,-1.4247565252149075,-1.6341745941908217
257,P2,28,0.5528006738579793,0.5725435550671928,0,65,0,,-1.640940629917789,-1.8639159854854022
257,P2,29,0.5343739847293799,0.5528006738579793,0,65,0,,-1.871101479254542,-2.107383008208112
257,P2,30,0.5171361142542387,0.5343739847293799,0,65,0,,-2.1149806824468214,-2.3643524836719814
257,P2,31,0.5009756106837937,0.5171361142542387,0,65,0,,-2.3723560628261344,-2.634631366249694
257,P2,32,0.48579453157216357,0.5009756106837937,0,65,0,,-2.6430354084649297,-2.918051813597019
257,P2,33,0.4715064571141588,0.48579453157216357,0,65,0,,-2.926851577884173,-3.2144672772889415
257,P2,34,0.4580348440537542,0.4715064571141588,0,65,0,,-3.223658616920616,-3.523749361931497
257,P2,35,0.44531165394114997,0.4580348440537542,0,65,0,,-3.5333286402703115,-3.84578528063691
257,P2,36,0.4332762038346324,0.44531165394114997,0,65,0,,-3.855749299430217,-4.18047576137338
257,P2,37,0.4218741984705631,0.4332762038346324,0,65,0,,-4.190821708352266,-4.527733329108256
257,P2,38,0.41105691133029226,0.4218741984705631,0,65,0,,-4.53845872393074,-4.887480858377212
257,P2,39,0.40078048854703496,0.41105691133029226,0,65,0,,-4.898583501368604,-5.259650378426035
257,P2,40,0.3910053546800341,0.40078048854703496,0,65,0,,-5.271128377323524,-5.644181994057077
257,P2,41,0.3816957033781285,0.3910053546800341,0,65,0,,-5.656033625810555,-6.0410232561810595
257,P2,42,0.3728190591135209,0.3816957033781285,0,65,0,,-6.053247077063757,-6.4501284241399865
257,P2,43,0.3643458986791227,0.3728190591135209,0,65,0,,-6.462723057496073,-6.871454806490178
257,P2,44,0.35624932315291996,0.3643458986791227,0,65,0,,-6.8844198694296015,-7.3049790318004275
257,P2,45,0.3485047726495956,0.35624932315291996,0,65,0,,-7.318313236167476,-7.750624097265357
257,P2,46,0.3410897774868383,0.3485047726495956,0,65,0,,-7.764323448933219,-8.208464835202678
257,P2,47,0.3339837404558625,0.3410897774868383,0,65,0,,-8.222524364565263,-8.678451086216567
257,P2,48,0.3271677457526816,0.3339837404558625,0,65,0,,-8.692868628158863,-9.160332625420159
257,P2,49,0.32062439083762795,0.3271677457526816,0,65,0,,-9.17515437738524,-9.654145304185768
257,P2,50,0.3143376380761059,0.32062439083762795,0,65,0,,-9.669754013318864,-10.160909838678883
257,P2,51,0.3082926834977192,0.3143376380761059,0,65,0,,-10.175490197878736,-10.686402278898125
257,P2,52,0.3024758404128566,0.3082926834977192,0,65,0,,-10.698368179665932,-11.203505428164936
257,P2,53,0.2968744359607666,0.3024758404128566,0,65,0,,-11.206972333202243,-11.65273033445712
257,P2,54,0.29147671894329813,0.2968744359607666,0,65,0,,-11.656978658699868,-12.359329910343689
257,P2,55,0.2862717775335964,0.29147671894329813,8,57,0,-12.799288418225004,-12.078808182343323,-14.723603160635355
257,P2,56,0.28124946564704206,0.2862717775335964,24,41,0,-12.427734019487332,-12.344498944482877,-14.425707412970706
257,P2,57,0.27640033692898963,0.28124946564704206,45,20,0,-12.145289394484184,-12.145289394484184,-14.31933558054618
257,P2,58,0.2717155854556169,0.27640033692898963,0,65,0,,-11.891642274026703,-13.215607394627018
257,P2,59,0.26718699236468996,0.2717155854556169,9,56,0,-12.658170095255736,-11.990080674255173,-14.835515252501521
257,P2,60,0.2628068777357606,0.26718699236468996,16,49,0,-12.467576942410806,-12.160435852414569,-13.548755868338676
257,P2,61,0.25856805712711933,0.2628068777357606,23,42,0,-11.929106274897599,-11.929106274897599,-15.752047175852072
257,P2,62,0.2544638022520857,0.25856805712711933,46,19,0,-11.908455948023839,-11.908455948023839,-16.040350326766738
257,P2,63,0.25048780534189685,0.2544638022520857,9,56,0,-12.653526032268786,-12.150245376781951,-14.416029381439008
257,P2,64,0.24663414679817536,0.25048780534189685,48,17,0,-12.207481142443838,-12.207481142443838,-13.570676780296626
257,P2,65,0.24289726578608178,0.24663414679817536,0,65,0,,-11.985738446853496,-12.801344536328893
257,P2,66,0.2392719334609164,0.24289726578608178,13,52,0,-12.25510543181529,-12.21021101907083,-14.032701850064834
257,P2,67,0.2357532285570794,0.2392719334609164,40,25,0,-12.141859338973985,-12.141859338973985,-13.897431231197752
257,P2,68,0.2323365150997304,0.2357532285570794,27,38,0,-12.437797876620614,-12.341673538185443,-14.698679432423491
257,P2,69,0.2290174220268771,0.2323365150997304,23,42,0,-12.371293546025182,-12.18072673765436,-14.416744789254894
257,P2,70,0.22579182453354082,0.2290174220268771,23,42,0,-12.338033509318219,-12.338033509318219,-14.953475161254252
257,P2,71,0.22265582697057498,0.22579182453354082,8,57,0,-12.793927242069216,-12.19526819239026,-13.862917423544696
257,P2,72,0.21960574714906025,0.22265582697057498,10,55,0,-12.971621508980935,-12.172614221178609,-14.276563879487925
257,P2,73,0.2166381019173162,0.21960574714906025,9,56,0,-12.501832476585202,-12.127903877132608,-13.983328769800966
257,P2,74,0.213749593891752,0.2166381019173162,20,45,0,-12.534563060915975,-12.177155741362991,-14.878073378514076
257,P2,75,0.21093709923528156,0.213749593891752,24,41,0,-12.57623777974055,-12.316338249961754,-14.992417192600612
257,P2,76,0.2081976563880701,0.21093709923528156,16,49,0,-12.493169617094127,-12.346974877800093,-15.215466675839348
257,P2,77,0.20552845566514613,0.2081976563880701,33,32,0,-12.487526772095551,-12.39740836726725,-14.673792369302294
257,P2,78,0.20292682964406833,0.20552845566514613,13,52,0,-12.421769736709468,-12.234021703058106,-13.918343074983145
257,P2,79,0.20039024427351748,0.20292682964406833,28,37,0,-12.505391386764641,-12.466070999123994,-14.768576947459412
257,P2,80,0.19791629064051108,0.20039024427351748,21,44,0,-12.344222359287278,-12.06845612858656,-14.723621139087058
257,P2,81,0.19550267734001706,0.19791629064051108,0,65,0,,-11.933225298376968,-12.49517643736521
257,P2,82,0.19314722339616142,0.19550267734001706,56,9,0,-11.863394193958515,-11.863394193958515,-13.662756753141416
257,P2,83,0.19084785168906426,0.19314722339616142,28,37,0,-12.266856375109615,-12.266856375109615,-15.312098672710201
257,P2,84,0.1886025828456635,0.19084785168906426,15,50,0,-12.48367365531262,-12.171472442521,-15.537511790114563
257,P2,85,0.18640952955676046,0.1886025828456635,20,45,0,-12.479077938736577,-12.214899986634762,-13.720213951722839
257,P2,86,0.18426689128599308,0.18640952955676046,26,39,0,-12.360713753059963,-12.290779816058267,-14.560109556111817
257,P2,87,0.18217294933956135,0.18426689128599308,28,37,0,-12.506052157883227,-12.286197835215358,-15.124691330896402
257,P2,88,0.18012606226833033,0.18217294933956135,0,65,0,,-12.062356754424448,-12.88865227442738
257,P2,89,0.17812466157645998,0.18012606226833033,57,8,0,-11.9982322767221,-11.9982322767221,-13.865213380821055
257,P2,90,0.1761672477129824,0.17812466157645998,62,3,0,-12.11440663976389,-12.11440663976389,-13.942791594983822
257,P2,91,0.1742523863247978,0.1761672477129824,10,55,0,-12.56491443879268,-12.093623014434865,-14.967083103381055
257,P2,92,0.1723787047514129,0.1742523863247978,0,65,0,,-11.924684573011525,-12.455138330944848
257,P2,93,0.17054488874341914,0.1723787047514129,2,63,0,-13.355905935093952,-12.115579131609378,-14.082755796283621
257,P2,94,0.16874967938822524,0.17054488874341914,1,64,0,-12.836445682539974,-12.187390332010876,-13.769220149930973
257,P2,95,0.16699187022793124,0.16874967938822524,34,31,0,-12.226848043653233,-12.142159603282947,-14.334381297087763
257,P2,96,0.16527030455547834,0.16699187022793124,56,9,0,-12.236440728633914,-12.236440728633914,-14.731061781744863
257,P2,97,0.1635838728763408,0.16527030455547834,4,61,0,-13.245117539423832,-12.03442691395342,-14.412142235960168
257,P2,98,0.16193151052405452,0.1635838728763408,4,61,0,-12.538853930603079,-11.982941367340267,-14.369468511513064
257,P2,99,0.16031219541881397,0.16193151052405452,16,49,0,-12.373673606733744,-12.269492482664473,-14.707891372121098
257,P2,100,0.15872494595922176,0.16031219541881397,11,54,0,-12.685201801235337,-12.331906007047484,-14.713913021714708
257,P2,101,0.15716881903805294,0.15872494595922176,2,63,0,-13.181146023916229,-11.931849842923484,-14.37674092761243
257,P2,102,0.15564290817360582,0.15716881903805294,26,39,0,-12.07604805963377,-11.957582113891329,-13.40605614807878
257,P2,103,0.1541463417488596,0.15564290817360582,63,2,0,-11.89519611748711,-11.89519611748711,-13.772075420872586
257,P2,104,0.15267828135125142,0.1541463417488596,19,46,0,-12.643675842111524,-12.207292995344446,-14.483707517584296
257,P2,105,0.1512379202064283,0.15267828135125142,20,45,0,-12.511504788995335,-12.178586046863646,-14.058490715992946
257,P2,106,0.14982448169982615,0.1512379202064283,0,65,0,,-11.888500421178934,-12.362761924887405
257,P2,107,0.1484372179803833,0.14982448169982615,11,54,0,-12.551511978451792,-12.137133932330958,-14.348526694499931
257,P2,108,0.14707540864111374,0.1484372179803833,8,57,0,-12.944971963922761,-12.214828222874242,-14.247899160698301
257,P2,109,0.14573835947164906,0.14707540864111374,0,65,0,,-12.055692218114084,-12.603828805423934
257,P2,110,0.1444254012782108,0.14573835947164906,0,65,0,,-11.974750436018972,-13.452620489427673
257,P2,111,0.1431358887667982,0.1444254012782108,47,18,0,-12.19494706623053,-12.19494706623053,-14.779070541293393
257,P2,112,0.14186919948567608,0.1431358887667982,52,13,0,-12.15493384815468,-12.15493384815468,-14.01600463423166
257,P2,113,0.14062473282352103,0.14186919948567608,49,16,0,-12.280391054875514,-12.280391054875514,-14.167080316828764
257,P2,114,0.13940190905983824,0.14062473282352103,63,2,0,-12.2092598714875,-12.2092598714875,-14.224301346033709
257,P2,115,0.13820016846449482,0.13940190905983824,20,45,0,-12.55725538308682,-12.30512201946714,-14.4489794040833
257,P2,116,0.13701897044343075,0.13820016846449482,36,29,0,-12.379565532420235,-12.379565532420235,-15.305134746069363
257,P2,117,0.13585779272780846,0.13701897044343075,0,65,0,,-11.98412416846333,-12.849945675856599
257,P2,118,0.13471613060404536,0.13585779272780846,1,64,0,-12.877757485032719,-12.0661135190151,-13.688992747420935
257,P2,119,0.13359349618234498,0.13471613060404536,9,56,0,-12.661324787665448,-12.261308020788151,-14.189810653233113
257,P2,120,0.13248941770149916,0.13359349618234498,25,40,0,-12.393143201094311,-12.393143201094311,-14.584047384860805
257,P2,121,0.1314034388678803,0.13248941770149916,0,65,0,,-12.121399385408418,-13.180283229625703
257,P2,122,0.13033511822667804,0.1314034388678803,0,65,0,,-12.08691816336277,-12.94436449551647
257,P2,123,0.12928402856355967,0.13033511822667804,50,15,0,-11.98302724230002,-11.98302724230002,-14.504019185425927
257,P2,124,0.1282497563350512,0.12928402856355967,45,20,0,-12.048895385816905,-12.048895385816905,-14.320936685912837
257,P2,125,0.12723190112604285,0.1282497563350512,36,29,0,-12.390473398931121,-12.390473398931121,-14.30827238582845
257,P2,126,0.1262300751329244,0.12723190112604285,38,27,0,-12.41329188929512,-12.15817944187769,-14.926799677056646
257,P2,127,0.12524390267094843,0.1262300751329244,0,65,0,,-12.082982755539453,-13.101203751663313
257,P2,128,0.12427301970450697,0.12524390267094843,18,47,0,-12.705758418726203,-12.198240745769688,-14.46477725116463
257,P2,129,0.12331707339908768,0.12427301970450697,10,55,0,-12.569173642987176,-12.061013303153683,-14.662797936983315
257,P2,130,0.12237572169375113,0.12331707339908768,0,65,0,,-11.888930769477314,-12.59882679839464
257,P2,131,0.12144863289304089,0.12237572169375113,0,65,0,,-11.988841736579209,-12.645702069649209
257,P2,132,0.12053548527730375,0.12144863289304089,0,65,0,,-11.98568228883204,-12.440233413924778
257,P2,133,0.1196359667304582,0.12053548527730375,15,50,0,-12.4050966024796,-12.079341658410948,-14.248373829246303
257,P2,134,0.11874977438430666,0.1196359667304582,64,1,0,-12.199144272381318,-12.199144272381318,-13.361194882876307
257,P2,135,0.1178766142785397,0.11874977438430666,55,10,0,-12.184360239174314,-12.184360239174314,-13.931261486839736
257,P2,136,0.11701620103563065,0.1178766142785397,28,37,0,-12.494084875042544,-12.36471421147731,-15.15468796115902
257,P2,137,0.1161682575498652,0.11701620103563065,1,64,0,-13.147124016293802,-12.171532884391453,-13.24411081680009
257,P2,138,0.11533251468979423,0.1161682575498652,0,65,0,,-12.061418067803018,-13.175680897340015
257,P2,139,0.11450871101343855,0.11533251468979423,32,33,0,-12.305333017172309,-12.196605406284458,-13.891655190388507
257,P2,140,0.11369659249561276,0.11450871101343855,49,16,0,-12.3107589172347,-12.3107589172347,-15.145527042956113
257,P2,141,0.11289591226677041,0.11369659249561276,39,26,0,-12.375529160533384,-12.375529160533384,-15.331861849180559
257,P2,142,0.11210643036280699,0.11289591226677041,0,65,0,,-12.037292479965846,-12.834520815917514
257,P2,143,0.11132791348528749,0.11210643036280699,32,33,0,-12.109595990961907,-12.109595990961907,-14.165944280180682
257,P2,144,0.11056013477159585,0.11132791348528749,65,0,0,-11.88607618126969,-11.88607618126969,-12.284869564664096
257,P2,145,0.10980287357453013,0.11056013477159585,40,25,0,-12.09020231321658,-12.09020231321658,-13.556582942575549
257,P2,146,0.10905591525089386,0.10980287357453013,4,61,0,-12.880107537896231,-12.121124026063113,-14.035340519597884
257,P2,147,0.1083190509586581,0.10905591525089386,0,65,0,,-12.116438516262669,-13.208212317690613
257,P2,148,0.10759207746229127,0.1083190509586581,0,65,0,,-12.126194160650106,-13.666891693232094
257,P2,149,0.106874796945876,0.10759207746229127,5,60,0,-12.905041999250546,-12.152666322049187,-13.739735914097256
257,P2,150,0.10616701683365165,0.106874796945876,60,5,0,-12.271039373868506,-12.271039373868506,-14.268054532751457
257,P2,151,0.10546854961764078,0.10616701683365165,29,36,0,-12.444824889305268,-12.444824889305268,-14.44017278520511
257,P2,152,0.10477921269203529,0.10546854961764078,31,34,0,-12.388604238132787,-12.388604238132787,-15.403660756711592
257,P2,153,0.10409882819403506,0.10477921269203529,22,43,0,-12.433468412337279,-12.311888067193802,-14.458761505133454
257,P2,154,0.10342722285084774,0.10409882819403506,0,65,0,,-12.123156460847433,-14.566106777028347
257,P2,155,0.10276422783257307,0.10342722285084774,14,51,0,-12.601116656957478,-12.399868070668738,-16.146542655845142
257,P2,156,0.10210967861070955,0.10276422783257307,59,6,0,-12.157012748610809,-12.157012748610809,-15.217646316542377
257,P2,157,0.10146341482203416,0.10210967861070955,48,17,0,-12.277909076600565,-12.277909076600565,-15.245618231501014
257,P2,158,0.10082528013761886,0.10146341482203416,4,61,0,-12.806530673725351,-12.26712559918248,-14.04058812196441
257,P2,159,0.10019512213675874,0.10082528013761886,0,65,0,,-12.120636974092331,-13.265444684843475
257,P2,160,0.09957279218559875,0.10019512213675874,0,65,0,,-12.023047040022083,-13.23319262022374
257,P2,161,0.09895814532025554,0.09957279218559875,0,65,0,,-11.995939593261014,-12.539076159439846
257,P2,162,0.09835104013424172,0.09895814532025554,0,65,0,,-11.998958889067685,-12.510584883322762
257,P2,163,0.09775133867000853,0.09835104013424172,0,65,0,,-11.889051707201899,-12.35773940457678
257,P2,164,0.09715890631443272,0.09775133867000853,16,49,0,-12.387019313828123,-12.09588673550002,-14.309992927351884
257,P2,165,0.09657361169808071,0.09715890631443272,63,2,0,-12.169294173702884,-12.169294173702884,-14.488079667464508
257,P2,166,0.0959953265980922,0.09657361169808071,12,53,0,-12.573858326816136,-12.287495575154116,-13.838399411763561
257,P2,167,0.09542392584453213,0.0959953265980922,3,62,0,-13.341945466797561,-12.21802600474843,-16.065889347275103
257,P2,168,0.09485928723006745,0.09542392584453213,11,54,0,-12.823842401766004,-12.333123321604386,-14.390271625360638
257,P2,169,0.09430129142283175,0.09485928723006745,0,65,0,,-12.049295051189747,-12.921343289713526
257,P2,170,0.09374982188234736,0.09430129142283175,7,58,0,-12.791816238021337,-12.152067998059167,-14.836106560384708
257,P2,171,0.09320476477838023,0.09374982188234736,61,4,0,-12.25161920709,-12.25161920709,-14.06253399710319
257,P2,172,0.09266600891260925,0.09320476477838023,44,21,0,-12.235936616696508,-12.235936616696508,-14.350554519451698
257,P2,173,0.09213344564299654,0.09266600891260925,0,65,0,,-12.071660564806207,-12.692072414958764
257,P2,174,0.09160696881075085,0.09213344564299654,1,64,0,-13.191292208946699,-12.061415181721753,-13.69299321923913
257,P2,175,0.09108647466978068,0.09160696881075085,0,65,0,,-12.14975306274137,-13.587209817701615
257,P2,176,0.09057186181853898,0.09108647466978068,0,65,0,,-12.011982538878147,-12.555625510123312
257,P2,177,0.09006303113416517,0.09057186181853898,3,62,0,-13.074590417283959,-12.137484679810186,-13.943223385559415
257,P2,178,0.08955988570883462,0.09006303113416517,54,11,0,-12.11570201808851,-12.11570201808851,-13.598226441060289
257,P2,179,0.08906233078822999,0.08955988570883462,65,0,0,-12.001439527010849,-12.001439527010849,-12.533820508357566
257,P2,180,0.08857027371205192,0.08906233078822999,65,0,0,-12.061649351741915,-12.061649351741915,-12.687690484007677
257,P2,181,0.0880836238564912,0.08857027371205192,61,4,0,-12.133996131932697,-12.133996131932697,-13.670682653206327
257,P2,182,0.08760229257858687,0.0880836238564912,15,50,0,-12.58072561134916,-12.172048723275683,-13.866770781834367
257,P2,183,0.0871261931623989,0.08760229257858687,0,65,0,,-12.091028583985977,-12.775137281578614
257,P2,184,0.08665524076692648,0.0871261931623989,2,63,0,-13.546969777556528,-12.063060706310408,-14.15150065193974
257,P2,185,0.08618935237570645,0.08665524076692648,54,11,0,-12.00291744984528,-12.00291744984528,-14.470764363976512
257,P2,186,0.08572844674802887,0.08618935237570645,65,0,0,-11.962608187546241,-11.962608187546241,-13.788060768238335
257,P2,187,0.08527244437170957,0.08572844674802887,54,11,0,-12.361274911071387,-12.361274911071387,-16.191400490717577
257,P2,188,0.0848212674173619,0.08527244437170957,50,15,0,-12.24181027856438,-12.24181027856438,-15.647408139522758
257,P2,189,0.08437483969411262,0.0848212674173619,22,43,0,-12.608896435790534,-12.28937654837735,-15.31690212565648
257,P2,190,0.0839330866067089,0.08437483969411262,6,59,0,-12.897076982412237,-12.28866006945802,-14.120346414586738
257,P2,191,0.08349593511396562,0.0839330866067089,9,56,0,-12.723227819199368,-12.29158871599179,-14.366706834753627
257,P2,192,0.08306331368850466,0.08349593511396562,23,42,0,-12.549872435576791,-12.392007203344333,-14.441567726773078
257,P2,193,0.08263515227773917,0.08306331368850466,39,26,0,-12.428355997235764,-12.428355997235764,-15.717380025472693
257,P2,194,0.08221138226605845,0.08263515227773917,11,54,0,-12.43509734288946,-12.31282361701374,-15.004320098084493
257,P2,195,0.0817919364381704,0.08221138226605845,0,65,0,,-11.930676364493916,-13.431889676692052
257,P2,196,0.0813767489435604,0.0817919364381704,0,65,0,,-11.968383179587315,-12.330801369417392
257,P2,197,0.08096575526202726,0.0813767489435604,6,59,0,-12.904161949328069,-12.091139507263994,-14.152253555852372
257,P2,198,0.08055889217025829,0.08096575526202726,7,58,0,-12.80722824398952,-12.23280054076211,-14.26863935381733
257,P2,199,0.08015609770940699,0.08055889217025829,2,63,0,-13.757311180986594,-12.166935054243412,-15.296559258285935
257,P2,200,0.0797573111536388,0.08015609770940699,24,41,0,-12.547361272473026,-12.33710260868136,-14.34043327254844
257,P2,201,0.07936247297961088,0.0797573111536388,44,21,0,-12.343734623981371,-12.343734623981371,-14.762443148282363
257,P2,202,0.07897152483685418,0.07936247297961088,21,44,0,-12.520900193466016,-12.144721125789145,-13.786852317650277
257,P2,203,0.07858440951902647,0.07897152483685418,0,65,0,,-12.04883460321758,-12.896994707583108
257,P2,204,0.07820107093600683,0.07858440951902647,6,59,0,-12.879941522143625,-12.143113723972718,-14.278523658935582
257,P2,205,0.07782145408680291,0.07820107093600683,31,34,0,-12.444686463497415,-12.444686463497415,-15.00207114962213
257,P2,206,0.07744550503324348,0.07782145408680291,62,3,0,-12.14797947905673,-12.14797947905673,-13.710031293699195
257,P2,207,0.0770731708744298,0.07744550503324348,53,12,0,-12.30454607617623,-12.30454607617623,-14.556138158432049
257,P2,208,0.07670439972192057,0.0770731708744298,40,25,0,-12.329333761786506,-12.329333761786506,-14.497964499819787
257,P2,209,0.07633914067562571,0.07670439972192057,62,3,0,-12.171516354455187,-12.171516354455187,-14.276643730099558
257,P2,210,0.07597734380038577,0.07633914067562571,59,6,0,-12.188944547355826,-12.188944547355826,-15.21364546721877
257,P2,211,0.07561896010321414,0.07597734380038577,9,56,0,-12.49245398089316,-12.144544755011074,-14.250402796958687
257,P2,212,0.07526394151118028,0.07561896010321414,0,65,0,,-12.019568445315214,-12.640645758094701
257,P2,213,0.07491224084991308,0.07526394151118028,0,65,0,,-12.000317098722007,-12.416209952537194
257,P2,214,0.07456381182270418,0.07491224084991308,0,65,0,,-11.96771556469067,-12.403833260524276
257,P2,215,0.07421860899019166,0.07456381182270418,0,65,0,,-11.994338629469654,-12.916029919654008
257,P2,216,0.07387658775060553,0.07421860899019166,0,65,0,,-12.03575790914507,-12.595085772213727
257,P2,217,0.07353770432055687,0.07387658775060553,2,63,0,-13.187293640874511,-12.116045607608479,-13.776956709898108
257,P2,218,0.07320191571635341,0.07353770432055687,0,65,0,,-11.96774397374473,-12.58934872444944
257,P2,219,0.07286917973582453,0.07320191571635341,0,65,0,,-11.95996054007114,-12.384105012455302
257,P2,220,0.07253945494063982,0.07286917973582453,0,65,0,,-11.926433041115947,-12.496889325845421
257,P2,221,0.0722127006391054,0.07253945494063982,0,65,0,,-12.044760792753735,-12.752906647179802
257,P2,222,0.07188887686942332,0.0722127006391054,2,63,0,-13.077425998488595,-12.202083283866603,-14.173662601299515
257,P2,223,0.0715679443833991,0.07188887686942332,10,55,0,-12.649175250869652,-12.350576131117574,-14.718780889448482
257,P2,224,0.071249864630584,0.0715679443833991,6,59,0,-12.456980160389923,-12.269776075201928,-14.772230599315344
257,P2,225,0.07093459974283804,0.071249864630584,32,33,0,-12.463164195934393,-12.391923249173052,-14.657090119544074
257,P2,226,0.07062211251930131,0.07093459974283804,64,1,0,-12.038810656679363,-12.038810656679363,-13.36918801755357
257,P2,227,0.07031236641176052,0.07062211251930131,65,0,0,-11.98454841363923,-11.98454841363923,-12.566549562288586
257,P2,228,0.07000532551039912,0.07031236641176052,35,30,0,-12.262667492921288,-12.13118610863046,-13.537708507442655
257,P2,229,0.06970095452991912,0.07000532551039912,0,65,0,,-12.060030161689681,-12.715941729109772
257,P2,230,0.06939921879602337,0.06970095452991912,0,65,0,,-11.921968394880562,-12.718169631951776
257,P2,231,0.06910008423224741,0.06939921879602337,0,65,0,,-11.93295980224134,-12.305197722992649
257,P2,232,0.06880351734713047,0.06910008423224741,0,65,0,,-12.045637920400958,-12.729595409060906
257,P2,233,0.06850948522171538,0.06880351734713047,0,65,0,,-12.128776023376489,-13.131521808687838
257,P2,234,0.06821795549736766,0.06850948522171538,0,65,0,,-11.999697693208336,-12.507930372003798
257,P2,235,0.06792889636390423,0.06821795549736766,0,65,0,,-12.024371748557162,-12.924837049868916
257,P2,236,0.06764227654802278,0.06792889636390423,0,65,0,,-12.221393251613113,-13.176521613714609
257,P2,237,0.06735806530202268,0.06764227654802278,1,64,0,-14.037138176835105,-12.122893226365283,-14.037138176835105
257,P2,238,0.0670762323928092,0.06735806530202268,1,64,0,-13.086443983210273,-12.190767258765035,-13.45028579940625
257,P2,239,0.06679674809117249,0.0670762323928092,19,46,0,-12.505912801533857,-12.365361193107457,-14.066066793542042
257,P2,240,0.0665195831613336,0.06679674809117249,53,12,0,-12.225368001542604,-12.225368001542604,-14.869035323240388
257,P2,241,0.06624470885074958,0.0665195831613336,21,44,0,-12.337109159579036,-12.197071211856471,-14.550357786957283
257,P2,242,0.06597209688017036,0.06624470885074958,0,65,0,,-11.984772699881331,-12.692330527082241
257,P2,243,0.06570171943394015,0.06597209688017036,0,65,0,,-11.957860224675988,-12.764870968134964
257,P2,244,0.06543354915053633,0.06570171943394015,0,65,0,,-12.113608951565238,-13.302333537391581
257,P2,245,0.06516755911333902,0.06543354915053633,3,62,0,-12.933369448410453,-12.161056407655858,-14.639592268745705
257,P2,246,0.0649037228416251,0.06516755911333902,56,9,0,-12.192087499254209,-12.192087499254209,-14.223184843931472
257,P2,247,0.06464201428177983,0.0649037228416251,65,0,0,-12.022239168408696,-12.022239168408696,-13.163992655253589
257,P2,248,0.06438240779872048,0.06464201428177983,65,0,0,-12.022208944774182,-12.022208944774182,-12.902864492764571
257,P2,249,0.0641248781675256,0.06438240779872048,48,17,0,-12.40888418768412,-12.40888418768412,-14.506289144924827
257,P2,250,0.06386940056526454,0.0641248781675256,45,20,0,-12.324370858396165,-12.324370858396165,-14.21723897581255
257,P2,251,0.06361595056302143,0.06386940056526454,61,4,0,-12.233701483491972,-12.233701483491972,-13.684821984899955
257,P2,252,0.06336450411810829,0.06361595056302143,54,11,0,-12.300986932736565,-12.300986932736565,-13.727482672651497
257,P2,253,0.0631150375664622,0.06336450411810829,16,49,0,-12.64800294958935,-12.25160233615399,-14.408538915108615
257,P2,254,0.06286752761522117,0.0631150375664622,1,64,0,-13.624573028174249,-12.127587755079862,-13.624573028174249
257,P2,255,0.06262195133547421,0.06286752761522117,21,44,0,-12.503278691418906,-12.283279067380295,-14.03830244512706
257,P2,256,0.06237828615518054,0.06262195133547421,59,6,0,-12.178705938179556,-12.178705938179556,-14.178056207465177
257,P3,1,8.0156097709407,16.0312195418814,0,65,0,,-91.27311156841378,-606.6255511464992
257,P3,2,5.3437398472938,8.0156097709407,0,65,0,,-35.86890196947123,-87.20265765647476
257,P3,3,4.00780488547035,5.3437398472938,0,65,0,,-18.23561149812864,-34.95171234557593
257,P3,4,3.2062439083762797,4.00780488547035,0,65,0,,-10.4753959990911,-17.886041691097077
257,P3,5,2.6718699236469,3.2062439083762797,0,65,0,,-6.4412609284461295,-10.307440644337902
257,P3,6,2.290174220268771,2.6718699236469,0,65,0,,-4.120170988633782,-6.349230951641715
257,P3,7,2.003902442735175,2.290174220268771,0,65,0,,-2.6931106336460626,-4.065374854430333
257,P3,8,1.7812466157645999,2.003902442735175,0,65,0,,-1.776217672619031,-2.658643827001011
257,P3,9,1.6031219541881399,1.7812466157645999,0,65,0,,-1.1705777139770805,-1.753748838848902
257,P3,10,1.4573835947164908,1.6031219541881399,0,65,0,,-0.7650981588680615,-1.1556248010249315
257,P3,11,1.33593496182345,1.4573835947164908,0,65,0,,-0.49406981835702285,-0.755084871801055
257,P3,12,1.2331707339908768,1.33593496182345,0,65,0,,-0.31687633901626866,-0.4874380370698437
257,P3,13,1.1450871101343856,1.2331707339908768,0,65,0,,-0.2075771696276469,-0.31264672133245597
257,P3,14,1.0687479694587598,1.1450871101343856,0,65,0,,-0.14922776484599834,-0.20511694800032484
257,P3,15,1.0019512213675874,1.0687479694587598,0,65,0,,-0.13059981562705686,-0.14812064223922033
257,P3,16,0.9430129142283176,1.0019512213675874,0,65,0,,-0.13056424148586032,-0.14417660349804537
257,P3,17,0.8906233078822999,0.9430129142283176,0,65,0,,-0.14503513093490955,-0.18486969144474102
257,P3,18,0.8437483969411262,0.8906233078822999,0,65,0,,-0.1864908388918198,-0.24917827655233024
257,P3,19,0.8015609770940699,0.8437483969411262,0,65,0,,-0.2514737095590852,-0.33463896524234116
257,P3,20,0.763391406756257,0.8015609770940699,0,65,0,,-0.3375456667666371,-0.43947041917334956
257,P3,21,0.7286917973582454,0.763391406756257,0,65,0,,-0.4429421257608503,-0.5623467411472579
257,P3,22,0.6970095452991912,0.7286917973582454,0,65,0,,-0.5663485057120656,-0.7022534167858077
257,P3,23,0.667967480911725,0.6970095452991912,0,65,0,,-0.7067581428989601,-0.8583948890836252
257,P3,24,0.6412487816752559,0.667967480911725,0,65,0,,-0.8633810868242577,-1.0301340756949977
257,P3,25,0.6165853669954384,0.6412487816752559,0,65,0,,-1.0355843731524572,-1.2169517434628905
257,P3,26,0.5937488719215332,0.6165853669954384,0,65,0,,-1.2228518716774572,-1.418418443962997
257,P3,27,0.5725435550671928,0.5937488719215332,0,65,0,,-1.4247565252131733,-1.6341745941950416
257,P3,28,0.5528006738579793,0.5725435550671928,0,65,0,,-1.6409406299108718,-1.8639159854657974
257,P3,29,0.5343739847293799,0.5528006738579793,0,65,0,,-1.8711014792479421,-2.1073830082101286
257,P3,30,0.5171361142542387,0.5343739847293799,0,65,0,,-2.114980682436182,-2.364352483680042
257,P3,31,0.5009756106837937,0.5171361142542387,0,65,0,,-2.3723560628313884,-2.634631366180596
257,P3,32,0.48579453157216357,0.5009756106837937,0,65,0,,-2.6430354083498813,-2.918051813650016
257,P3,33,0.4715064571141588,0.48579453157216357,0,65,0,,-2.926851577832467,-3.2144672773739766
257,P3,34,0.4580348440537542,0.4715064571141588,0,65,0,,-3.223658616967221,-3.5237493622502636
257,P3,35,0.44531165394114997,0.4580348440537542,0,65,0,,-3.5333286401647848,-3.8457852796624254
257,P3,36,0.4332762038346324,0.44531165394114997,0,65,0,,-3.855749298426237,-4.1804757595550095
257,P3,37,0.4218741984705631,0.4332762038346324,0,65,0,,-4.190821705871836,-4.5277333237042905
257,P3,38,0.41105691133029226,0.4218741984705631,0,65,0,,-4.538458714886399,-4.88748085870129
257,P3,39,0.40078048854703496,0.41105691133029226,0,65,0,,-4.898583500094888,-5.259650393958209
257,P3,40,0.3910053546800341,0.40078048854703496,0,65,0,,-5.2711283486648455,-5.644182082122748
257,P3,41,0.3816957033781285,0.3910053546800341,0,65,0,,-5.6560336862338545,-6.041023412074019
257,P3,42,0.3728190591135209,0.3816957033781285,0,65,0,,-6.053247133552504,-6.4501281866370475
257,P3,43,0.3643458986791227,0.3728190591135209,0,65,0,,-6.4627226672635,-6.871456319892801
257,P3,44,0.35624932315291996,0.3643458986791227,0,65,0,,-6.884421179993878,-7.304973723767245
257,P3,45,0.3485047726495956,0.35624932315291996,0,65,0,,-7.318305954254984,-7.750648725353511
257,P3,46,0.3410897774868383,0.3485047726495956,0,65,0,,-7.76434596686421,-8.208466437253097
257,P3,47,0.3339837404558625,0.3410897774868383,0,65,0,,-8.222525324841177,-8.678348235441476
257,P3,48,0.3271677457526816,0.3339837404558625,0,65,0,,-8.692780131535947,-9.160527841347498
257,P3,49,0.32062439083762795,0.3271677457526816,0,65,0,,-9.175115736865061,-9.654564161973411
257,P3,50,0.3143376380761059,0.32062439083762795,0,65,0,,-9.66985595734135,-10.160221604262269
257,P3,51,0.3082926834977192,0.3143376380761059,0,65,0,,-10.176496896925883,-10.684116571844612
257,P3,52,0.3024758404128566,0.3082926834977192,0,65,0,,-10.696459220188503,-11.213102740722741
257,P3,53,0.2968744359607666,0.3024758404128566,0,65,0,,-11.231195353544573,-11.763480503243747
257,P3,54,0.29147671894329813,0.2968744359607666,0,65,0,,-11.727856343593755,-12.36709846253871
257,P3,55,0.2862717775335964,0.29147671894329813,1,64,0,-13.8468611153965,-12.126377932192847,-13.8468611153965
257,P3,56,0.28124946564704206,0.2862717775335964,14,51,0,-12.646006410301613,-12.330246117429727,-14.223995772720862
257,P3,57,0.27640033692898963,0.28124946564704206,22,43,0,-12.549091710638157,-12.363970854071686,-14.263918033958454
257,P3,58,0.2717155854556169,0.27640033692898963,16,49,0,-12.618381086114157,-12.324573561469371,-16.340236347615782
257,P3,59,0.26718699236468996,0.2717155854556169,23,42,0,-12.551809802713118,-12.443357040182969,-14.236747469396871
257,P3,60,0.2628068777357606,0.26718699236468996,29,36,0,-12.49079109867276,-12.398742121222876,-14.3760929550507
257,P3,61,0.25856805712711933,0.2628068777357606,33,32,0,-12.481294133584804,-12.408970600679867,-14.530354267410889
257,P3,62,0.2544638022520857,0.25856805712711933,32,33,0,-12.511309593708305,-12.48519036162385,-14.825724814932967
257,P3,63,0.25048780534189685,0.2544638022520857,29,36,0,-12.470546606962731,-12.470546606962731,-14.621055837743466
257,P3,64,0.24663414679817536,0.25048780534189685,31,34,0,-12.416148454738488,-12.416148454738488,-15.321900855836999
257,P3,65,0.24289726578608178,0.24663414679817536,33,32,0,-12.517211195214177,-12.517211195214177,-14.919993141914208
257,P3,66,0.2392719334609164,0.24289726578608178,34,31,0,-12.622969383434654,-12.361054886992275,-14.569371091480235
257,P3,67,0.2357532285570794,0.2392719334609164,29,36,0,-12.54667628747315,-12.354453964648336,-14.493671160838863
257,P3,68,0.2323365150997304,0.2357532285570794,34,31,0,-12.538657489469642,-12.538657489469642,-14.770671731028468
257,P3,69,0.2290174220268771,0.2323365150997304,24,41,0,-12.494276330902544,-12.348806880090745,-15.15143034585725
257,P3,70,0.22579182453354082,0.2290174220268771,29,36,0,-12.4952592626156,-12.391156966150024,-15.040420186269596
257,P3,71,0.22265582697057498,0.22579182453354082,27,38,0,-12.567757709731536,-12.567757709731536,-14.390735240398563
257,P3,72,0.21960574714906025,0.22265582697057498,35,30,0,-12.40584693664079,-12.40584693664079,-14.18632344167751
257,P3,73,0.2166381019173162,0.21960574714906025,39,26,0,-12.436802474924786,-12.436802474924786,-15.99195074713536
257,P3,74,0.213749593891752,0.2166381019173162,27,38,0,-12.50897836904725,-12.495396968153248,-15.5150492520934
257,P3,75,0.21093709923528156,0.213749593891752,36,29,0,-12.4265934771308,-12.4265934771308,-14.87882424871313
257,P3,76,0.2081976563880701,0.21093709923528156,29,36,0,-12.443523049355056,-12.443523049355056,-14.632546931879986
257,P3,77,0.20552845566514613,0.2081976563880701,39,26,0,-12.424712075748964,-12.424712075748964,-14.490890202339513
257,P3,78,0.20292682964406833,0.20552845566514613,34,31,0,-12.493148268690287,-12.493148268690287,-15.15140645993059
257,P3,79,0.20039024427351748,0.20292682964406833,34,31,0,-12.357996510788258,-12.357996510788258,-15.998919472659091
257,P3,80,0.19791629064051108,0.20039024427351748,47,18,0,-12.357193526624117,-12.357193526624117,-14.433510604007667
257,P3,81,0.19550267734001706,0.19791629064051108,42,23,0,-12.456907443680386,-12.304533152607034,-14.703439028411685
257,P3,82,0.19314722339616142,0.19550267734001706,35,30,0,-12.570545633428539,-12.570395515630151,-14.439092617801434
257,P3,83,0.19084785168906426,0.19314722339616142,43,22,0,-12.402162765933173,-12.402162765933173,-15.23382721741959
257,P3,84,0.1886025828456635,0.19084785168906426,39,26,0,-12.39474220188368,-12.39474220188368,-14.570018402176224
257,P3,85,0.18640952955676046,0.1886025828456635,29,36,0,-12.53306429736832,-12.486183370506902,-14.51544074421317
257,P3,86,0.18426689128599308,0.18640952955676046,33,32,0,-12.43786979868233,-12.313311504266288,-16.024471889913293
257,P3,87,0.18217294933956135,0.18426689128599308,41,24,0,-12.370913451278344,-12.370913451278344,-14.458660790311331
257,P3,88,0.18012606226833033,0.18217294933956135,41,24,0,-12.454266609458463,-12.454266609458463,-14.619045855410016
257,P3,89,0.17812466157645998,0.18012606226833033,46,19,0,-12.3799092158074,-12.3799092158074,-13.7994601211245
257,P3,90,0.1761672477129824,0.17812466157645998,43,22,0,-12.450747938077201,-12.450747938077201,-14.009368631398392
257,P3,91,0.1742523863247978,0.1761672477129824,39,26,0,-12.442877650524506,-12.442877650524506,-14.96671024876732
257,P3,92,0.1723787047514129,0.1742523863247978,36,28,1,-12.482481205236741,-12.482481205236741,-inf
257,P3,93,0.17054488874341914,0.1723787047514129,38,27,0,-12.479363974247818,-12.419156061768614,-14.678267835232983
257,P3,94,0.16874967938822524,0.17054488874341914,43,22,0,-12.411153045650225,-12.411153045650225,-14.507178574943584
257,P3,95,0.16699187022793124,0.16874967938822524,41,24,0,-12.479449654503663,-12.439161512026581,-14.425772956741922
257,P3,96,0.16527030455547834,0.16699187022793124,45,20,0,-12.434965063508782,-12.368623917580639,-14.468465608613416
257,P3,97,0.1635838728763408,0.16527030455547834,45,20,0,-12.386116995856238,-12.386116995856238,-14.362884206758483
257,P3,98,0.16193151052405452,0.1635838728763408,44,21,0,-12.496681883570192,-12.496681883570192,-14.880326827131627
257,P3,99,0.16031219541881397,0.16193151052405452,43,22,0,-12.478576704524151,-12.397905590357567,-14.31192194345035
257,P3,100,0.15872494595922176,0.16031219541881397,36,29,0,-12.487088613247318,-12.326389528956469,-15.793776050717796
257,P3,101,0.15716881903805294,0.15872494595922176,48,17,0,-12.397213291071248,-12.397213291071248,-13.8830920338511
257,P3,102,0.15564290817360582,0.15716881903805294,41,24,0,-12.4581801006929,-12.4581801006929,-15.487502498485963
257,P3,103,0.1541463417488596,0.15564290817360582,45,20,0,-12.449309725397264,-12.368095807493338,-15.007721521856304
257,P3,104,0.15267828135125142,0.1541463417488596,36,29,0,-12.394807434626028,-12.394807434626028,-15.00650025184775
257,P3,105,0.1512379202064283,0.15267828135125142,40,25,0,-12.435624358221471,-12.335562285251008,-14.937876931282226
257,P3,106,0.14982448169982615,0.1512379202064283,44,21,0,-12.390743520950508,-12.390743520950508,-14.526017759729864
257,P3,107,0.1484372179803833,0.14982448169982615,38,27,0,-12.432929368070846,-12.432929368070846,-14.666419025768104
257,P3,108,0.14707540864111374,0.1484372179803833,32,33,0,-12.46671179015338,-12.46671179015338,-14.274095376384722
257,P3,109,0.14573835947164906,0.14707540864111374,31,34,0,-12.579081338639416,-12.440377809845739,-15.001021811890014
257,P3,110,0.1444254012782108,0.14573835947164906,36,29,0,-12.570242718000886,-12.570242718000886,-14.5236686098207
257,P3,111,0.1431358887667982,0.1444254012782108,33,32,0,-12.393902784138687,-12.393902784138687,-15.000915594818812
257,P3,112,0.14186919948567608,0.1431358887667982,40,25,0,-12.56256398423962,-12.42141005657369,-14.071661908888439
257,P3,113,0.14062473282352103,0.14186919948567608,43,22,0,-12.41216729690147,-12.41216729690147,-14.333068704317252
257,P3,114,0.13940190905983824,0.14062473282352103,40,25,0,-12.558818104245027,-12.558818104245027,-15.30350771707457
257,P3,115,0.13820016846449482,0.13940190905983824,35,30,0,-12.433965640643015,-12.433965640643015,-15.003075522528086
257,P3,116,0.13701897044343075,0.13820016846449482,37,28,0,-12.534756730174177,-12.388169957134942,-15.606354719282889
257,P3,117,0.13585779272780846,0.13701897044343075,37,28,0,-12.330385159502045,-12.330385159502045,-14.593418156282196
257,P3,118,0.13471613060404536,0.13585779272780846,37,28,0,-12.301935978558786,-12.301935978558786,-15.183012225567088
257,P3,119,0.13359349618234498,0.13471613060404536,39,26,0,-12.532497993094879,-12.532497993094879,-15.787126877980995
257,P3,120,0.13248941770149916,0.13359349618234498,38,27,0,-12.48804007184473,-12.41399446043951,-14.521235440119918
257,P3,121,0.1314034388678803,0.13248941770149916,40,25,0,-12.49893161044883,-12.49893161044883,-14.383766674348612
257,P3,122,0.13033511822667804,0.1314034388678803,47,18,0,-12.406949865910578,-12.406949865910578,-16.093342244924802
257,P3,123,0.12928402856355967,0.13033511822667804,40,25,0,-12.31847979207642,-12.31847979207642,-14.649175187183989
257,P3,124,0.1282497563350512,0.12928402856355967,43,22,0,-12.42080544733808,-12.42080544733808,-15.195081928384123
257,P3,125,0.12723190112604285,0.1282497563350512,38,27,0,-12.455194258061887,-12.455194258061887,-14.844811406401783
257,P3,126,0.1262300751329244,0.12723190112604285,42,22,1,-12.378023979583652,-12.378023979583652,-inf
257,P3,127,0.12524390267094843,0.1262300751329244,44,21,0,-12.378431882705947,-12.378431882705947,-14.442245304307125
257,P3,128,0.12427301970450697,0.12524390267094843,39,26,0,-12.441331780896745,-12.441331780896745,-14.464330946902555
257,P3,129,0.12331707339908768,0.12427301970450697,37,28,0,-12.358561251034871,-12.358561251034871,-14.403008920364796
257,P3,130,0.12237572169375113,0.12331707339908768,40,25,0,-12.481004932692656,-12.365917337898816,-87.61917574907217
257,P3,131,0.12144863289304089,0.12237572169375113,33,32,0,-12.458728060279121,-12.458728060279121,-14.34575426245757
257,P3,132,0.12053548527730375,0.12144863289304089,37,28,0,-12.411106059174811,-12.411106059174811,-13.854929420761437
257,P3,133,0.1196359667304582,0.12053548527730375,43,22,0,-12.201108310380983,-12.201108310380983,-14.867228871535293
257,P3,134,0.11874977438430666,0.1196359667304582,39,26,0,-12.298742496057915,-12.298742496057915,-14.727987316087214
257,P3,135,0.1178766142785397,0.11874977438430666,40,25,0,-12.497146548052754,-12.497146548052754,-14.248179764220515
257,P3,136,0.11701620103563065,0.1178766142785397,47,18,0,-12.360882204791343,-12.360882204791343,-14.009948804141809
257,P3,137,0.1161682575498652,0.11701620103563065,45,20,0,-12.349012769210608,-12.349012769210608,-14.821946089180397
257,P3,138,0.11533251468979423,0.1161682575498652,43,22,0,-12.482430278799258,-12.482430278799258,-14.859306054744513
257,P3,139,0.11450871101343855,0.11533251468979423,40,25,0,-12.332482369545035,-12.332482369545035,-14.82906071063729
257,P3,140,0.11369659249561276,0.11450871101343855,48,17,0,-12.18631825721743,-12.18631825721743,-14.82349532456425
257,P3,141,0.11289591226677041,0.11369659249561276,40,25,0,-12.423982765630532,-12.423982765630532,-14.429029037886949
257,P3,142,0.11210643036280699,0.11289591226677041,43,22,0,-12.372629265019661,-12.372629265019661,-14.792252639799495
257,P3,143,0.11132791348528749,0.11210643036280699,46,19,0,-12.340598174749973,-12.340598174749973,-14.2601395612956
257,P3,144,0.11056013477159585,0.11132791348528749,47,18,0,-12.328145483729164,-12.303150164865285,-14.810636017032326
257,P3,145,0.10980287357453013,0.11056013477159585,46,19,0,-12.249046440668604,-12.249046440668604,-15.213356768927333
257,P3,146,0.10905591525089386,0.10980287357453013,40,25,0,-12.39640290656415,-12.39640290656415,-14.912048686071028
257,P3,147,0.1083190509586581,0.10905591525089386,52,13,0,-12.390390674448199,-12.390390674448199,-14.394256578986877
257,P3,148,0.10759207746229127,0.1083190509586581,43,22,0,-12.304610149197162,-12.304610149197162,-14.503979931704565
257,P3,149,0.106874796945876,0.10759207746229127,45,20,0,-12.36689903599053,-12.36689903599053,-15.48952998350592
257,P3,150,0.10616701683365165,0.106874796945876,39,26,0,-12.418562564681997,-12.399982849830891,-14.745063554143492
257,P3,151,0.10546854961764078,0.10616701683365165,39,26,0,-12.422831401143979,-12.422831401143979,-14.090656132574228
257,P3,152,0.10477921269203529,0.10546854961764078,48,17,0,-12.330065530985324,-12.330065530985324,-14.72088015502561
257,P3,153,0.10409882819403506,0.10477921269203529,45,20,0,-12.443276620917059,-12.443276620917059,-14.682449119163902
257,P3,154,0.10342722285084774,0.10409882819403506,40,25,0,-12.359906288268636,-12.359906288268636,-16.44621024600631
257,P3,155,0.10276422783257307,0.10342722285084774,37,28,0,-12.577496763181612,-12.471466214685426,-14.528680814233706
257,P3,156,0.10210967861070955,0.10276422783257307,34,31,0,-12.333806920968081,-12.333806920968081,-14.281171933614365
257,P3,157,0.10146341482203416,0.10210967861070955,42,23,0,-12.408628783944184,-12.408628783944184,-14.137681202977992
257,P3,158,0.10082528013761886,0.10146341482203416,38,27,0,-12.283033503582459,-12.283033503582459,-14.931936089656395
257,P3,159,0.10019512213675874,0.10082528013761886,36,29,0,-12.372094300672517,-12.372094300672517,-15.607106381047034
257,P3,160,0.09957279218559875,0.10019512213675874,36,29,0,-12.489145337054492,-12.489145337054492,-15.249494409839919
257,P3,161,0.09895814532025554,0.09957279218559875,44,21,0,-12.36062439723935,-12.36062439723935,-15.199770242151379
257,P3,162,0.09835104013424172,0.09895814532025554,52,13,0,-12.527846960705078,-12.527846960705078,-14.875854296777579
257,P3,163,0.09775133867000853,0.09835104013424172,42,23,0,-12.429109400324489,-12.429109400324489,-14.389170660208203
257,P3,164,0.09715890631443272,0.09775133867000853,39,26,0,-12.306424512330947,-12.306424512330947,-15.503972391795623
257,P3,165,0.09657361169808071,0.09715890631443272,34,31,0,-12.51542872321621,-12.47941602454904,-14.356407309210605
257,P3,166,0.0959953265980922,0.09657361169808071,38,27,0,-12.31440983975566,-12.31440983975566,-14.067745553568209
257,P3,167,0.09542392584453213,0.0959953265980922,36,29,0,-12.398687725527054,-12.398687725527054,-14.743996701654005
257,P3,168,0.09485928723006745,0.09542392584453213,42,23,0,-12.421995890973616,-12.421995890973616,-13.89225461432063
257,P3,169,0.09430129142283175,0.09485928723006745,42,23,0,-12.421576496827223,-12.421576496827223,-15.116069518521652
257,P3,170,0.09374982188234736,0.09430129142283175,39,26,0,-12.424177511109747,-12.424177511109747,-15.42771019929986
257,P3,171,0.09320476477838023,0.09374982188234736,45,20,0,-12.360944162347618,-12.360944162347618,-14.785877840551015
257,P3,172,0.09266600891260925,0.09320476477838023,50,15,0,-12.36837081321233,-12.36837081321233,-13.767051968967579
257,P3,173,0.09213344564299654,0.09266600891260925,46,19,0,-12.420643424811672,-12.420643424811672,-14.270515065550699
257,P3,174,0.09160696881075085,0.09213344564299654,42,23,0,-12.372909304210811,-12.372909304210811,-15.347755198560272
257,P3,175,0.09108647466978068,0.09160696881075085,49,16,0,-12.373318138835597,-12.373318138835597,-14.861651398811818
257,P3,176,0.09057186181853898,0.09108647466978068,44,21,0,-12.467065033566662,-12.467065033566662,-14.523981129164252
257,P3,177,0.09006303113416517,0.09057186181853898,42,23,0,-12.289931447817631,-12.289931447817631,-14.883435755473036
257,P3,178,0.08955988570883462,0.09006303113416517,47,18,0,-12.383756256426068,-12.383756256426068,-14.191446664381358
257,P3,179,0.08906233078822999,0.08955988570883462,46,19,0,-12.366181543227093,-12.366181543227093,-14.24695882489743
257,P3,180,0.08857027371205192,0.08906233078822999,45,20,0,-12.498270722844438,-12.498270722844438,-14.546162841175006
257,P3,181,0.0880836238564912,0.08857027371205192,51,14,0,-12.358660326594274,-12.358660326594274,-16.0150452520223
257,P3,182,0.08760229257858687,0.0880836238564912,38,27,0,-12.376881204242697,-12.376881204242697,-15.000779975035847
257,P3,183,0.0871261931623989,0.08760229257858687,49,16,0,-12.368410411028053,-12.368410411028053,-14.243977017909607
257,P3,184,0.08665524076692648,0.0871261931623989,41,24,0,-12.449717116326347,-12.449717116326347,-15.889871581541637
257,P3,185,0.08618935237570645,0.08665524076692648,38,27,0,-12.432358329797912,-12.432358329797912,-14.767706025798006
257,P3,186,0.08572844674802887,0.08618935237570645,36,29,0,-12.364688258227526,-12.364688258227526,-14.176082107959452
257,P3,187,0.08527244437170957,0.08572844674802887,41,24,0,-12.324295358647262,-12.324295358647262,-14.686160241532628
257,P3,188,0.0848212674173619,0.08527244437170957,42,23,0,-12.347679134744789,-12.347679134744789,-15.492510752213475
257,P3,189,0.08437483969411262,0.0848212674173619,33,32,0,-12.380272065349859,-12.380272065349859,-14.820765277359332
257,P3,190,0.0839330866067089,0.08437483969411262,37,28,0,-12.472303423573804,-12.415524898520358,-14.880634345205669
257,P3,191,0.08349593511396562,0.0839330866067089,37,28,0,-12.32515366880157,-12.32515366880157,-14.642927346429424
257,P3,192,0.08306331368850466,0.08349593511396562,48,17,0,-12.263501081961268,-12.263501081961268,-14.596663841648372
257,P3,193,0.08263515227773917,0.08306331368850466,39,26,0,-12.29080603912754,-12.29080603912754,-14.015148385924531
257,P3,194,0.08221138226605845,0.08263515227773917,52,13,0,-12.404128981356392,-12.404128981356392,-14.039261771562684
257,P3,195,0.0817919364381704,0.08221138226605845,49,16,0,-12.278172227400125,-12.278172227400125,-14.2135606280582
257,P3,196,0.0813767489435604,0.0817919364381704,49,16,0,-12.30334274444674,-12.30334274444674,-15.543094639359014
257,P3,197,0.08096575526202726,0.0813767489435604,37,28,0,-12.33943131710673,-12.33943131710673,-14.845352112031463
257,P3,198,0.08055889217025829,0.08096575526202726,44,21,0,-12.325163917691752,-12.325163917691752,-15.800291342019776
257,P3,199,0.08015609770940699,0.08055889217025829,46,19,0,-12.37896835463848,-12.365834713739961,-14.301512252910758
257,P3,200,0.0797573111536388,0.08015609770940699,53,12,0,-12.279291624236594,-12.279291624236594,-14.898902522595586
257,P3,201,0.07936247297961088,0.0797573111536388,44,21,0,-12.35436782309236,-12.342949389053755,-15.548735291053417
257,P3,202,0.07897152483685418,0.07936247297961088,50,15,0,-12.434783146766943,-12.434783146766943,-14.435468938979414
257,P3,203,0.07858440951902647,0.07897152483685418,50,15,0,-12.452702061840968,-12.452702061840968,-14.214531322900799
257,P3,204,0.07820107093600683,0.07858440951902647,45,20,0,-12.487613542528821,-12.487613542528821,-14.46456102919695
257,P3,205,0.07782145408680291,0.07820107093600683,45,20,0,-12.399940596037242,-12.399940596037242,-15.002523308213007
257,P3,206,0.07744550503324348,0.07782145408680291,47,18,0,-12.34896883045339,-12.34896883045339,-14.344704997419816
257,P3,207,0.0770731708744298,0.07744550503324348,39,26,0,-12.282971267130304,-12.282971267130304,-14.144787709828648
257,P3,208,0.07670439972192057,0.0770731708744298,49,16,0,-12.382705588300231,-12.382705588300231,-15.33481591102909
257,P3,209,0.07633914067562571,0.07670439972192057,42,23,0,-12.41642678117616,-12.41642678117616,-14.981610812490352
257,P3,210,0.07597734380038577,0.07633914067562571,47,18,0,-12.267186249457758,-12.267186249457758,-14.662363362305841
257,P3,211,0.07561896010321414,0.07597734380038577,43,22,0,-12.321963092917041,-12.321963092917041,-14.127605948996344
257,P3,212,0.07526394151118028,0.07561896010321414,52,13,0,-12.32928126584427,-12.32928126584427,-16.21587626527746
257,P3,213,0.07491224084991308,0.07526394151118028,47,18,0,-12.320394847571048,-12.320394847571048,-15.12915694125883
257,P3,214,0.07456381182270418,0.07491224084991308,42,23,0,-12.500422663044015,-12.500422663044015,-14.725059679075068
257,P3,215,0.07421860899019166,0.07456381182270418,43,22,0,-12.305944976805021,-12.305944976805021,-14.224718463575146
257,P3,216,0.07387658775060553,0.07421860899019166,48,17,0,-12.300482520916193,-12.300482520916193,-15.212597667944147
257,P3,217,0.07353770432055687,0.07387658775060553,38,27,0,-12.308134631336625,-12.308134631336625,-14.351625777169614
257,P3,218,0.07320191571635341,0.07353770432055687,45,20,0,-12.396382645882376,-12.396382645882376,-14.669135357554621
257,P3,219,0.07286917973582453,0.07320191571635341,43,22,0,-12.30365695439897,-12.30365695439897,-14.735969337601132
257,P3,220,0.07253945494063982,0.07286917973582453,41,24,0,-12.355269936401873,-12.355269936401873,-14.309748633604903
257,P3,221,0.0722127006391054,0.07253945494063982,47,18,0,-12.35262990131138,-12.35262990131138,-14.492110575014797
257,P3,222,0.07188887686942332,0.0722127006391054,45,20,0,-12.365201761308377,-12.365201761308377,-14.328799184683842
257,P3,223,0.0715679443833991,0.07188887686942332,45,20,0,-12.417293724851366,-12.417293724851366,-14.70893089927057
257,P3,224,0.071249864630584,0.0715679443833991,43,22,0,-12.362663626489828,-12.362663626489828,-14.37652567452113
257,P3,225,0.07093459974283804,0.071249864630584,51,14,0,-12.419206725338348,-12.419206725338348,-15.341659203557956
257,P3,226,0.07062211251930131,0.07093459974283804,47,18,0,-12.299991826946496,-12.299991826946496,-14.351867993061035
257,P3,227,0.07031236641176052,0.07062211251930131,45,20,0,-12.435144414999447,-12.435144414999447,-14.30211907313601
257,P3,228,0.07000532551039912,0.07031236641176052,44,21,0,-12.447213665228793,-12.439290675796096,-14.425722561281546
257,P3,229,0.06970095452991912,0.07000532551039912,47,18,0,-12.388760933367955,-12.388760933367955,-14.501905871522743
257,P3,230,0.06939921879602337,0.06970095452991912,39,26,0,-12.41056542223655,-12.368720073880636,-16.056717386648522
257,P3,231,0.06910008423224741,0.06939921879602337,47,18,0,-12.442363287954972,-12.442363287954972,-15.035898638841555
257,P3,232,0.06880351734713047,0.06910008423224741,50,15,0,-12.340106832641442,-12.340106832641442,-14.07695823663107
257,P3,233,0.06850948522171538,0.06880351734713047,44,21,0,-12.387691511326784,-12.387691511326784,-14.456404685509614
257,P3,234,0.06821795549736766,0.06850948522171538,48,17,0,-12.354058968207811,-12.354058968207811,-14.846181357831737
257,P3,235,0.06792889636390423,0.06821795549736766,51,14,0,-12.337270189874953,-12.337270189874953,-14.493396821032746
257,P3,236,0.06764227654802278,0.06792889636390423,51,14,0,-12.441805370511704,-12.441805370511704,-16.060583875739713
257,P3,237,0.06735806530202268,0.06764227654802278,47,18,0,-12.355055215829566,-12.355055215829566,-15.176481217570736
257,P3,238,0.0670762323928092,0.06735806530202268,45,20,0,-12.304535141844923,-12.304535141844923,-15.936730250971227
257,P3,239,0.06679674809117249,0.0670762323928092,49,16,0,-12.439890012760285,-12.439890012760285,-14.716946471415902
257,P3,240,0.0665195831613336,0.06679674809117249,48,17,0,-12.471567134894821,-12.471567134894821,-14.465599793921081
257,P3,241,0.06624470885074958,0.0665195831613336,53,12,0,-12.298278975765555,-12.298278975765555,-14.577590577964243
257,P3,242,0.06597209688017036,0.06624470885074958,46,19,0,-12.35039336705916,-12.35039336705916,-14.43555885975926
257,P3,243,0.06570171943394015,0.06597209688017036,54,11,0,-12.310424889747978,-12.310424889747978,-14.579993671690346
257,P3,244,0.06543354915053633,0.06570171943394015,45,20,0,-12.390280104377482,-12.390280104377482,-14.610345429035679
257,P3,245,0.06516755911333902,0.06543354915053633,48,17,0,-12.3683679646723,-12.3683679646723,-15.174414217998665
257,P3,246,0.0649037228416251,0.06516755911333902,38,27,0,-12.311059335309624,-12.311059335309624,-14.689492768674175
257,P3,247,0.06464201428177983,0.0649037228416251,40,25,0,-12.320326314334546,-12.320326314334546,-14.371889336419734
257,P3,248,0.06438240779872048,0.06464201428177983,47,18,0,-12.35955520410499,-12.35955520410499,-14.067949277582683
257,P3,249,0.0641248781675256,0.06438240779872048,44,21,0,-12.378137837156363,-12.378137837156363,-13.953841110179225
257,P3,250,0.06386940056526454,0.0641248781675256,45,20,0,-12.557051696655202,-12.546079735115194,-14.614042450639639
257,P3,251,0.06361595056302143,0.06386940056526454,41,24,0,-12.324416007493896,-12.324416007493896,-16.376670399521
257,P3,252,0.06336450411810829,0.06361595056302143,43,22,0,-12.411924006849723,-12.411924006849723,-14.846361332914825
257,P3,253,0.0631150375664622,0.06336450411810829,43,22,0,-12.234397699333103,-12.234397699333103,-15.049498039348693
257,P3,254,0.06286752761522117,0.0631150375664622,44,21,0,-12.251040013002726,-12.251040013002726,-15.185640817261282
257,P3,255,0.06262195133547421,0.06286752761522117,36,29,0,-12.41439341877121,-12.41439341877121,-15.71269275563232
257,P3,256,0.06237828615518054,0.06262195133547421,48,17,0,-12.361379251320333,-12.361379251320333,-14.227441440356158
