m,lambda,grid_index,t,x,sign_h,log10_abs_h,h_float64
13,3.605551275463989,0,0.5002497502497503,1.8036761250635291,-1,-3.5714854545211896,-0.00026823444437278424
13,3.605551275463989,1,0.5004995004995005,1.8045766123950637,-1,-3.575475558193444,-0.0002657813125312258
13,3.605551275463989,2,0.5007492507492507,1.8054770997265979,-1,-3.579469484106116,-0.0002633482980021136
13,3.605551275463989,3,0.500999000999001,1.8063775870581322,-1,-3.583467233152317,-0.0002609352587208793
13,3.605551275463989,4,0.5012487512487512,1.8072780743896668,-1,-3.5874688062287405,-0.00025854205341169657
13,3.605551275463989,5,0.5014985014985015,1.8081785617212014,-1,-3.5914742042356753,-0.00025616854158503076
13,3.605551275463989,6,0.5017482517482518,1.809079049052736,-1,-3.5954834280770003,-0.0002538145835351931
13,3.605551275463989,7,0.501998001998002,1.8099795363842703,-1,-3.5994964786601784,-0.00025148004033787963
13,3.605551275463989,8,0.5022477522477522,1.8108800237158045,-1,-3.6035133568962565,-0.00024916477384770067
13,3.605551275463989,9,0.5024975024975025,1.811780511047339,-1,-3.6075340636998816,-0.00024686864669568764
13,3.605551275463989,10,0.5027472527472527,1.8126809983788736,-1,-3.611558599989269,-0.0002445915222868184
13,3.605551275463989,11,0.502997002997003,1.8135814857104082,-1,-3.615586966686235,-0.00024233326479749723
13,3.605551275463989,12,0.5032467532467533,1.8144819730419426,-1,-3.619619164716175,-0.0002400937391730545
13,3.605551275463989,13,0.5034965034965035,1.8153824603734772,-1,-3.6236551950080638,-0.000237872811125226
13,3.605551275463989,14,0.5037462537462537,1.8162829477050113,-1,-3.627695058494468,-0.00023567034712961495
13,3.605551275463989,15,0.503996003996004,1.817183435036546,-1,-3.631738756111539,-0.00023348621442315835
13,3.605551275463989,16,0.5042457542457542,1.8180839223680805,-1,-3.6357862887990064,-0.00023132028100158127
13,3.605551275463989,17,0.5044955044955045,1.8189844096996148,-1,-3.63983765750018,-0.00022917241561684073
13,3.605551275463989,18,0.5047452547452548,1.8198848970311494,-1,-3.64389286316196,-0.0002270424877745558
13,3.605551275463989,19,0.504995004995005,1.820785384362684,-1,-3.6479519067348276,-0.00022493036773144027
13,3.605551275463989,20,0.5052447552447552,1.8216858716942181,-1,-3.6520147891728376,-0.0002228359264927266
13,3.605551275463989,21,0.5054945054945055,1.8225863590257527,-1,-3.6560815114336402,-0.0002207590358095668
13,3.605551275463989,22,0.5057442557442557,1.8234868463572873,-1,-3.6601520744784537,-0.0002186995681764521
13,3.605551275463989,23,0.505994005994006,1.8243873336888217,-1,-3.6642264792720844,-0.00021665739682859983
13,3.605551275463989,24,0.5062437562437563,1.8252878210203562,-1,-3.6683047267829187,-0.00021463239573934852
13,3.605551275463989,25,0.5064935064935064,1.8261883083518904,-1,-3.6723868179829213,-0.00021262443961754377
13,3.605551275463989,26,0.5067432567432567,1.827088795683425,-1,-3.676472753847641,-0.00021063340390491182
13,3.605551275463989,27,0.506993006993007,1.8279892830149596,-1,-3.6805625353562026,-0.00020865916477343574
13,3.605551275463989,28,0.5072427572427572,1.828889770346494,-1,-3.6846561634913173,-0.00020670159912271406
13,3.605551275463989,29,0.5074925074925075,1.8297902576780285,-1,-3.6887536392392666,-0.0002047605845773291
13,3.605551275463989,30,0.5077422577422578,1.830690745009563,-1,-3.6928549635899226,-0.0002028359994841895
13,3.605551275463989,31,0.5079920079920079,1.8315912323410972,-1,-3.6969601375367254,-0.00020092772290988887
13,3.605551275463989,32,0.5082417582417582,1.8324917196726318,-1,-3.7010691620767084,-0.000199035634638036
13,3.605551275463989,33,0.5084915084915085,1.8333922070041662,-1,-3.7051820382104776,-0.000197159615166602
13,3.605551275463989,34,0.5087412587412588,1.8342926943357007,-1,-3.7092987669422146,-0.00019529954570525013
13,3.605551275463989,35,0.508991008991009,1.8351931816672353,-1,-3.7134193492796883,-0.0001934553081726578
13,3.605551275463989,36,0.5092407592407593,1.83609366899877,-1,-3.717543786234245,-0.00019162678519384416
13,3.605551275463989,37,0.5094905094905094,1.836994156330304,-1,-3.7216720788208044,-0.00018981386009748883
13,3.605551275463989,38,0.5097402597402597,1.8378946436618386,-1,-3.7258042280578807,-0.00018801641691323687
13,3.605551275463989,39,0.50999000999001,1.838795130993373,-1,-3.7299402349675512,-0.00018623434036902197
13,3.605551275463989,40,0.5102397602397603,1.8396956183249076,-1,-3.7340801005754884,-0.0001844675158883574
13,3.605551275463989,41,0.5104895104895105,1.8405961056564422,-1,-3.7382238259109317,-0.00018271582958765098
13,3.605551275463989,42,0.5107392607392608,1.8414965929879767,-1,-3.742371412006711,-0.0001809791682734927
13,3.605551275463989,43,0.510989010989011,1.8423970803195109,-1,-3.74652285989923,-0.00017925741943995566
13,3.605551275463989,44,0.5112387612387612,1.8432975676510452,-1,-3.750678170628481,-0.0001775504712658837
13,3.605551275463989,45,0.5114885114885115,1.8441980549825798,-1,-3.754837345238031,-0.00017585821261218253
13,3.605551275463989,46,0.5117382617382618,1.8450985423141144,-1,-3.7590003847750286,-0.0001741805330191041
13,3.605551275463989,47,0.511988011988012,1.845999029645649,-1,-3.763167290290207,-0.00017251732270352838
13,3.605551275463989,48,0.5122377622377622,1.8468995169771831,-1,-3.767338062837876,-0.00017086847255624548
13,3.605551275463989,49,0.5124875124875125,1.8478000043087175,-1,-3.77151270347594,-0.0001692338741392265
13,3.605551275463989,50,0.5127372627372627,1.848700491640252,-1,-3.7756912132658726,-0.00016761341968290962
13,3.605551275463989,51,0.512987012987013,1.8496009789717867,-1,-3.7798735932727334,-0.000166007002083466
13,3.605551275463989,52,0.5132367632367633,1.8505014663033212,-1,-3.7840598445651734,-0.00016441451490006905
13,3.605551275463989,53,0.5134865134865135,1.8514019536348556,-1,-3.788249968215416,-0.000162835852352172
13,3.605551275463989,54,0.5137362637362637,1.8523024409663897,-1,-3.792443965299272,-0.0001612709093167686
13,3.605551275463989,55,0.513986013986014,1.8532029282979243,-1,-3.796641836896145,-0.00015971958132565957
13,3.605551275463989,56,0.5142357642357642,1.854103415629459,-1,-3.800843584089016,-0.0001581817645627213
13,3.605551275463989,57,0.5144855144855145,1.8550039029609935,-1,-3.805049207964453,-0.00015665735586116743
13,3.605551275463989,58,0.5147352647352648,1.855904390292528,-1,-3.80925870961261,-0.00015514625270081223
13,3.605551275463989,59,0.514985014985015,1.8568048776240624,-1,-3.813472090127228,-0.00015364835320533067
13,3.605551275463989,60,0.5152347652347652,1.8577053649555966,-1,-3.8176893506056353,-0.0001521635561395215
13,3.605551275463989,61,0.5154845154845155,1.8586058522871312,-1,-3.821910492148749,-0.00015069176090656616
13,3.605551275463989,62,0.5157342657342657,1.8595063396186657,-1,-3.826135515861074,-0.0001492328675452896
13,3.605551275463989,63,0.515984015984016,1.8604068269502003,-1,-3.8303644228507023,-0.0001477867767274206
13,3.605551275463989,64,0.5162337662337663,1.8613073142817347,-1,-3.8345972142293214,-0.00014635338975484838
13,3.605551275463989,65,0.5164835164835165,1.8622078016132693,-1,-3.838833891112197,-0.0001449326085568884
13,3.605551275463989,66,0.5167332667332667,1.8631082889448034,-1,-3.8430744546182023,-0.00014352433568753201
13,3.605551275463989,67,0.516983016983017,1.864008776276338,-1,-3.8473189058697903,-0.00014212847432271643
13,3.605551275463989,68,0.5172327672327672,1.8649092636078726,-1,-3.85156724599301,-0.00014074492825757892
13,3.605551275463989,69,0.5174825174825175,1.865809750939407,-1,-3.8558194761175058,-0.0001393736019037193
13,3.605551275463989,70,0.5177322677322678,1.8667102382709415,-1,-3.860075597376513,-0.00013801440028646174
13,3.605551275463989,71,0.517982017982018,1.867610725602476,-1,-3.8643356109068603,-0.0001366672290421172
13,3.605551275463989,72,0.5182317682317682,1.8685112129340102,-1,-3.8685995178489767,-0.0001353319944152445
13,3.605551275463989,73,0.5184815184815185,1.8694117002655448,-1,-3.8728673193468883,-0.00013400860325591586
13,3.605551275463989,74,0.5187312687312687,1.8703121875970792,-1,-3.877139016548213,-0.00013269696301698388
13,3.605551275463989,75,0.518981018981019,1.8712126749286138,-1,-3.881414610604172,-0.00013139698175134527
13,3.605551275463989,76,0.5192307692307693,1.8721131622601483,-1,-3.8856941026695777,-0.0001301085681092127
13,3.605551275463989,77,0.5194805194805194,1.8730136495916825,-1,-3.889977493902856,-0.0001288316313353781
13,3.605551275463989,78,0.5197302697302697,1.873914136923217,-1,-3.8942647854660213,-0.0001275660812664913
13,3.605551275463989,79,0.51998001998002,1.8748146242547516,-1,-3.8985559785246977,-0.00012631182832832828
13,3.605551275463989,80,0.5202297702297702,1.875715111586286,-1,-3.902851074248106,-0.0001250687835330689
13,3.605551275463989,81,0.5204795204795205,1.8766155989178206,-1,-3.907150073809076,-0.00012383685847657157
13,3.605551275463989,82,0.5207292707292708,1.8775160862493552,-1,-3.9114529783840415,-0.0001226159653356539
13,3.605551275463989,83,0.5209790209790209,1.8784165735808893,-1,-3.9157597891530402,-0.0001214060168653747
13,3.605551275463989,84,0.5212287712287712,1.879317060912424,-1,-3.9200705072997226,-0.0001202069263963155
13,3.605551275463989,85,0.5214785214785215,1.8802175482439583,-1,-3.9243851340113367,-0.00011901860783187137
13,3.605551275463989,86,0.5217282717282717,1.8811180355754928,-1,-3.928703670478751,-0.00011784097564553415
13,3.605551275463989,87,0.521978021978022,1.8820185229070274,-1,-3.933026117896439,-0.00011667394487818805
13,3.605551275463989,88,0.5222277722277723,1.882919010238562,-1,-3.9373524774624857,-0.00011551743113540389
13,3.605551275463989,89,0.5224775224775224,1.8838194975700961,-1,-3.9416827503785856,-0.00011437135058473599
13,3.605551275463989,90,0.5227272727272727,1.8847199849016305,-1,-3.94601693785006,-0.00011323561995301946
13,3.605551275463989,91,0.522977022977023,1.885620472233165,-1,-3.9503550410858312,-0.00011211015652368037
13,3.605551275463989,92,0.5232267732267732,1.8865209595646997,-1,-3.954697061298446,-0.000110994878134037
13,3.605551275463989,93,0.5234765234765235,1.8874214468962343,-1,-3.959042999704064,-0.00010988970317261332
13,3.605551275463989,94,0.5237262737262738,1.8883219342277688,-1,-3.963392857522468,-0.00010879455057645109
13,3.605551275463989,95,0.5239760239760239,1.889222421559303,-1,-3.967746635977054,-0.00010770933982842853
13,3.605551275463989,96,0.5242257742257742,1.8901229088908373,-1,-3.9721043362948527,-0.00010663399095457752
13,3.605551275463989,97,0.5244755244755245,1.891023396222372,-1,-3.9764659597065055,-0.00010556842452141412
13,3.605551275463989,98,0.5247252747252747,1.8919238835539065,-1,-3.9808315074462834,-0.00010451256163326235
13,3.605551275463989,99,0.524975024975025,1.892824370885441,-1,-3.985200980752082,-0.000103466323929589
13,3.605551275463989,100,0.5252247752247752,1.8937248582169752,-1,-3.9895743808654185,-0.00010242963358234055
13,3.605551275463989,101,0.5254745254745254,1.8946253455485096,-1,-3.993951709031454,-0.00010140241329327919
13,3.605551275463989,102,0.5257242757242757,1.8955258328800442,-1,-3.998332966498964,-0.00010038458629133515
13,3.605551275463989,103,0.525974025974026,1.8964263202115788,-1,-4.002718154520364,-9.93760763299496e-05
13,3.605551275463989,104,0.5262237762237763,1.8973268075431133,-1,-4.007107274351695,-9.837680768443316e-05
13,3.605551275463989,105,0.5264735264735265,1.8982272948746477,-1,-4.01150032725264,-9.738670514931899e-05
13,3.605551275463989,106,0.5267232767232767,1.8991277822061818,-1,-4.015897314486514,-9.640569403572929e-05
13,3.605551275463989,107,0.526973026973027,1.9000282695377164,-1,-4.02029823732027,-9.543370016874178e-05
13,3.605551275463989,108,0.5272227772227772,1.900928756869251,-1,-4.024703097024502,-9.447064988476023e-05
13,3.605551275463989,109,0.5274725274725275,1.9018292442007856,-1,-4.0291118948734415,-9.35164700288942e-05
13,3.605551275463989,110,0.5277222777222778,1.90272973153232,-1,-4.033524632144965,-9.257108795233867e-05
13,3.605551275463989,111,0.527972027972028,1.9036302188638545,-1,-4.037941310120591,-9.163443150976147e-05
13,3.605551275463989,112,0.5282217782217782,1.9045307061953887,-1,-4.042361930085483,-9.070642905669676e-05
13,3.605551275463989,113,0.5284715284715285,1.9054311935269233,-1,-4.0467864933284545,-8.978700944693924e-05
13,3.605551275463989,114,0.5287212787212787,1.9063316808584578,-1,-4.0512150011419665,-8.88761020299496e-05
13,3.605551275463989,115,0.528971028971029,1.9072321681899924,-1,-4.055647454822126,-8.797363664826088e-05
13,3.605551275463989,116,0.5292207792207793,1.9081326555215268,-1,-4.0600838556687044,-8.707954363489026e-05
13,3.605551275463989,117,0.5294705294705295,1.9090331428530614,-1,-4.064524204985113,-8.619375381076077e-05
13,3.605551275463989,118,0.5297202797202797,1.9099336301845955,-1,-4.068968504078426,-8.53161984821231e-05
13,3.605551275463989,119,0.52997002997003,1.91083411751613,-1,-4.073416754259378,-8.44468094379852e-05
13,3.605551275463989,120,0.5302197802197802,1.9117346048476647,-1,-4.077868956842359,-8.358551894754927e-05
13,3.605551275463989,121,0.5304695304695305,1.912635092179199,-1,-4.082325113145421,-8.273225975765197e-05
13,3.605551275463989,122,0.5307192807192808,1.9135355795107336,-1,-4.086785224490275,-8.188696509021279e-05
13,3.605551275463989,123,0.5309690309690309,1.9144360668422677,-1,-4.091249292202306,-8.104956863968414e-05
13,3.605551275463989,124,0.5312187812187812,1.9153365541738023,-1,-4.095717317610563,-8.022000457051258e-05
13,3.605551275463989,125,0.5314685314685315,1.916237041505337,-1,-4.100189302047755,-7.939820751460483e-05
13,3.605551275463989,126,0.5317182817182817,1.9171375288368713,-1,-4.104665246850275,-7.858411256879515e-05
13,3.605551275463989,127,0.531968031968032,1.9180380161684059,-1,-4.10914515335818,-7.777765529232614e-05
13,3.605551275463989,128,0.5322177822177823,1.9189385034999404,-1,-4.113629022915206,-7.697877170432994e-05
13,3.605551275463989,129,0.5324675324675324,1.9198389908314746,-1,-4.11811685686876,-7.618739828132019e-05
13,3.605551275463989,130,0.5327172827172827,1.9207394781630092,-1,-4.122608656569932,-7.540347195468506e-05
13,3.605551275463989,131,0.532967032967033,1.9216399654945435,-1,-4.127104423373499,-7.462693010819172e-05
13,3.605551275463989,132,0.5332167832167832,1.922540452826078,-1,-4.131604158637911,-7.385771057549565e-05
13,3.605551275463989,133,0.5334665334665335,1.9234409401576127,-1,-4.136107863725303,-7.309575163765643e-05
13,3.605551275463989,134,0.5337162837162838,1.9243414274891473,-1,-4.140615540001504,-7.234099202065689e-05
13,3.605551275463989,135,0.5339660339660339,1.9252419148206814,-1,-4.145127188836025,-7.159337089293602e-05
13,3.605551275463989,136,0.5342157842157842,1.926142402152216,-1,-4.149642811602076,-7.085282786292064e-05
13,3.605551275463989,137,0.5344655344655345,1.9270428894837504,-1,-4.1541624096765535,-7.011930297657097e-05
13,3.605551275463989,138,0.5347152847152847,1.927943376815285,-1,-4.158685984440051,-6.939273671492695e-05
13,3.605551275463989,139,0.534965034965035,1.9288438641468195,-1,-4.163213537276863,-6.867306999166582e-05
13,3.605551275463989,140,0.5352147852147853,1.929744351478354,-1,-4.167745069574985,-6.796024415066329e-05
13,3.605551275463989,141,0.5354645354645354,1.9306448388098882,-1,-4.172280582726104,-6.725420096356644e-05
13,3.605551275463989,142,0.5357142857142857,1.9315453261414226,-1,-4.176820078125627,-6.655488262736583e-05
13,3.605551275463989,143,0.535964035964036,1.9324458134729572,-1,-4.181363557172654,-6.58622317619842e-05
13,3.605551275463989,144,0.5362137862137862,1.9333463008044918,-1,-4.185911021270008,-6.517619140786283e-05
13,3.605551275463989,145,0.5364635364635365,1.9342467881360264,-1,-4.190462471824211,-6.449670502356403e-05
13,3.605551275463989,146,0.5367132867132867,1.9351472754675605,-1,-4.195017910245497,-6.382371648337426e-05
13,3.605551275463989,147,0.5369630369630369,1.9360477627990949,-1,-4.199577337947837,-6.315717007491405e-05
13,3.605551275463989,148,0.5372127872127872,1.9369482501306294,-1,-4.204140756348895,-6.24970104967642e-05
13,3.605551275463989,149,0.5374625374625375,1.937848737462164,-1,-4.2087081668700765,-6.184318285608655e-05
13,3.605551275463989,150,0.5377122877122877,1.9387492247936986,-1,-4.213279570936494,-6.119563266626347e-05
13,3.605551275463989,151,0.537962037962038,1.9396497121252332,-1,-4.217854969976993,-6.055430584453672e-05
13,3.605551275463989,152,0.5382117882117882,1.9405501994567673,-1,-4.222434365424149,-5.9919148709657923e-05
13,3.605551275463989,153,0.5384615384615384,1.9414506867883017,-1,-4.227017758714268,-5.929010797954556e-05
13,3.605551275463989,154,0.5387112887112887,1.9423511741198363,-1,-4.231605151287388,-5.866713076894968e-05
13,3.605551275463989,155,0.538961038961039,1.9432516614513708,-1,-4.236196544587279,-5.80501645871238e-05
13,3.605551275463989,156,0.5392107892107892,1.9441521487829054,-1,-4.240791940061455,-5.743915733550445e-05
13,3.605551275463989,157,0.5394605394605395,1.9450526361144398,-1,-4.24539133916117,-5.683405730539823e-05
13,3.605551275463989,158,0.5397102897102897,1.945953123445974,-1,-4.249994743341417,-5.6234813175678436e-05
13,3.605551275463989,159,0.5399600399600399,1.9468536107775085,-1,-4.254602154060942,-5.564137401048501e-05
13,3.605551275463989,160,0.5402097902097902,1.947754098109043,-1,-4.2592135727822376,-5.505368925693765e-05
13,3.605551275463989,161,0.5404595404595405,1.9486545854405777,-1,-4.263829000971545,-5.447170874285315e-05
13,3.605551275463989,162,0.5407092907092907,1.949555072772112,-1,-4.268448440098856,-5.389538267447218e-05
13,3.605551275463989,163,0.540959040959041,1.9504555601036466,-1,-4.27307189163793,-5.332466163419119e-05
13,3.605551275463989,164,0.5412087912087912,1.9513560474351808,-1,-4.277699357066276,-5.275949657830735e-05
13,3.605551275463989,165,0.5414585414585414,1.9522565347667153,-1,-4.282330837865171,-5.219983883476563e-05
13,3.605551275463989,166,0.5417082917082917,1.95315702209825,-1,-4.286966335519658,-5.164564010091786e-05
13,3.605551275463989,167,0.541958041958042,1.9540575094297843,-1,-4.291605851518538,-5.1096852441289384e-05
13,3.605551275463989,168,0.5422077922077922,1.9549579967613189,-1,-4.296249387354396,-5.055342828535026e-05
13,3.605551275463989,169,0.5424575424575424,1.955858484092853,-1,-4.300896944523579,-5.0015320425299746e-05
13,3.605551275463989,170,0.5427072927072927,1.9567589714243876,-1,-4.305548524526217,-4.948248201385405e-05
13,3.605551275463989,171,0.542957042957043,1.9576594587559222,-1,-4.310204128866216,-4.895486656204536e-05
13,3.605551275463989,172,0.5432067932067932,1.9585599460874568,-1,-4.314863759051268,-4.843242793702724e-05
13,3.605551275463989,173,0.5434565434565435,1.9594604334189911,-1,-4.319527416592842,-4.791512035988993e-05
13,3.605551275463989,174,0.5437062937062938,1.9603609207505257,-1,-4.324195103006199,-4.7402898403481096e-05
13,3.605551275463989,175,0.5439560439560439,1.9612614080820598,-1,-4.328866819810391,-4.6895716990237124e-05
13,3.605551275463989,176,0.5442057942057942,1.9621618954135944,-1,-4.333542568528266,-4.63935313900214e-05
13,3.605551275463989,177,0.5444555444555444,1.963062382745129,-1,-4.338222350686464,-4.5896297217972174e-05
13,3.605551275463989,178,0.5447052947052947,1.9639628700766634,-1,-4.342906167815426,-4.540397043235653e-05
13,3.605551275463989,179,0.544955044955045,1.964863357408198,-1,-4.347594021449396,-4.491650733243436e-05
13,3.605551275463989,180,0.5452047952047953,1.9657638447397325,-1,-4.352285913126426,-4.4433864556329894e-05
13,3.605551275463989,181,0.5454545454545454,1.9666643320712667,-1,-4.3569818443883666,-4.395599907891254e-05
13,3.605551275463989,182,0.5457042957042957,1.9675648194028013,-1,-4.361681816780899,-4.348286820968264e-05
13,3.605551275463989,183,0.545954045954046,1.9684653067343356,-1,-4.3663858318535,-4.301442959067163e-05
13,3.605551275463989,184,0.5462037962037962,1.9693657940658702,-1,-4.371093891159477,-4.255064119434429e-05
13,3.605551275463989,185,0.5464535464535465,1.9702662813974048,-1,-4.3758059962559495,-4.209146132151362e-05
13,3.605551275463989,186,0.5467032967032968,1.9711667687289394,-1,-4.380522148703867,-4.163684859926165e-05
13,3.605551275463989,187,0.5469530469530469,1.9720672560604735,-1,-4.385242350068003,-4.118676197887037e-05
13,3.605551275463989,188,0.5472027972027972,1.9729677433920079,-1,-4.389966601916966,-4.0741160733759176e-05
13,3.605551275463989,189,0.5474525474525475,1.9738682307235424,-1,-4.3946949058232,-4.030000445743267e-05
13,3.605551275463989,190,0.5477022977022977,1.974768718055077,-1,-4.399427263362974,-3.9863253061436736e-05
13,3.605551275463989,191,0.547952047952048,1.9756692053866116,-1,-4.4041636761164105,-3.9430866773320585e-05
13,3.605551275463989,192,0.5482017982017982,1.9765696927181458,-1,-4.408904145667466,-3.900280613461067e-05
13,3.605551275463989,193,0.5484515484515484,1.9774701800496803,-1,-4.413648673603955,-3.8579031998790076e-05
13,3.605551275463989,194,0.5487012987012987,1.9783706673812147,-1,-4.418397261517529,-3.815950552928979e-05
13,3.605551275463989,195,0.548951048951049,1.9792711547127493,-1,-4.423149911003704,-3.774418819748397e-05
13,3.605551275463989,196,0.5492007992007992,1.9801716420442839,-1,-4.4279066236618485,-3.733304178069814e-05
13,3.605551275463989,197,0.5494505494505495,1.9810721293758184,-1,-4.432667401095191,-3.692602836022304e-05
13,3.605551275463989,198,0.5497002997002997,1.9819726167073526,-1,-4.437432244910818,-3.652311031933882e-05
13,3.605551275463989,199,0.5499500499500499,1.982873104038887,-1,-4.442201156719703,-3.612425034134435e-05
13,3.605551275463989,200,0.5501998001998002,1.9837735913704215,-1,-4.446974138136668,-3.5729411407601294e-05
13,3.605551275463989,201,0.5504495504495505,1.9846740787019561,-1,-4.451751190780415,-3.533855679558053e-05
13,3.605551275463989,202,0.5506993006993007,1.9855745660334907,-1,-4.456532316273532,-3.495165007691935e-05
13,3.605551275463989,203,0.550949050949051,1.986475053365025,-1,-4.461317516242483,-3.456865511548849e-05
13,3.605551275463989,204,0.5511988011988012,1.9873755406965592,-1,-4.46610679231761,-3.4189536065466994e-05
13,3.605551275463989,205,0.5514485514485514,1.9882760280280938,-1,-4.470900146133158,-3.3814257369423155e-05
13,3.605551275463989,206,0.5516983016983017,1.9891765153596284,-1,-4.475697579327246,-3.344278375640917e-05
13,3.605551275463989,207,0.551948051948052,1.990077002691163,-1,-4.480499093541905,-3.307508024005824e-05
13,3.605551275463989,208,0.5521978021978022,1.9909774900226975,-1,-4.485304690423056,-3.2711112116695484e-05
13,3.605551275463989,209,0.5524475524475525,1.9918779773542319,-1,-4.490114371620519,-3.235084496345489e-05
13,3.605551275463989,210,0.5526973026973027,1.992778464685766,-1,-4.494928138788031,-3.1994244636404056e-05
13,3.605551275463989,211,0.5529470529470529,1.9936789520173006,-1,-4.499745993583228,-3.164127726868003e-05
13,3.605551275463989,212,0.5531968031968032,1.9945794393488352,-1,-4.504567937667672,-3.1291909268630965e-05
13,3.605551275463989,213,0.5534465534465535,1.9954799266803698,-1,-4.509393972706829,-3.0946107317969566e-05
13,3.605551275463989,214,0.5536963036963037,1.9963804140119041,-1,-4.514224100370095,-3.060383836993111e-05
13,3.605551275463989,215,0.5539460539460539,1.9972809013434383,-1,-4.519058322330788,-3.0265069647443753e-05
13,3.605551275463989,216,0.5541958041958042,1.9981813886749729,-1,-4.523896640266155,-2.9929768641304926e-05
13,3.605551275463989,217,0.5544455544455544,1.9990818760065074,-1,-4.5287390558573755,-2.9597903108367665e-05
13,3.605551275463989,218,0.5546953046953047,1.999982363338042,-1,-4.533585570789561,-2.9269441069734942e-05
13,3.605551275463989,219,0.554945054945055,2.0008828506695764,-1,-4.538436186751774,-2.8944350808962e-05
13,3.605551275463989,220,0.5551948051948052,2.001783338001111,-1,-4.543290905437008,-2.862260087026896e-05
13,3.605551275463989,221,0.5554445554445554,2.002683825332645,-1,-4.5481497285422146,-2.8304160056759844e-05
13,3.605551275463989,222,0.5556943056943057,2.0035843126641795,-1,-4.553012657768292,-2.798899742865184e-05
13,3.605551275463989,223,0.5559440559440559,2.0044847999957143,-1,-4.5578796948200955,-2.7677082301512156e-05
13,3.605551275463989,224,0.5561938061938062,2.0053852873272486,-1,-4.562750841406439,-2.7368384244503802e-05
13,3.605551275463989,225,0.5564435564435565,2.0062857746587834,-1,-4.567626099240102,-2.706287307863975e-05
13,3.605551275463989,226,0.5566933066933067,2.007186261990318,-1,-4.572505470037827,-2.6760518875045853e-05
13,3.605551275463989,227,0.5569430569430569,2.0080867493218517,-1,-4.577388955520332,-2.646129195323159e-05
13,3.605551275463989,228,0.5571928071928072,2.0089872366533865,-1,-4.582276557412315,-2.6165162879370152e-05
13,3.605551275463989,229,0.5574425574425574,2.009887723984921,-1,-4.587168277442444,-2.5872102464586907e-05
13,3.605551275463989,230,0.5576923076923077,2.0107882113164557,-1,-4.592064117343379,-2.5582081763255776e-05
13,3.605551275463989,231,0.557942057942058,2.01168869864799,-1,-4.596964078851764,-2.529507207130462e-05
13,3.605551275463989,232,0.5581918081918082,2.0125891859795244,-1,-4.601868163708233,-2.5011044924529074e-05
13,3.605551275463989,233,0.5584415584415584,2.0134896733110588,-1,-4.606776373657418,-2.472997209691466e-05
13,3.605551275463989,234,0.5586913086913087,2.014390160642593,-1,-4.611688710447956,-2.44518255989668e-05
13,3.605551275463989,235,0.5589410589410589,2.015290647974128,-1,-4.616605175832483,-2.417657767605103e-05
13,3.605551275463989,236,0.5591908091908092,2.0161911353056623,-1,-4.6215257715676445,-2.39042008067397e-05
13,3.605551275463989,237,0.5594405594405595,2.0170916226371967,-1,-4.626450499414101,-2.3634667701168275e-05
13,3.605551275463989,238,0.5596903096903096,2.017992109968731,-1,-4.631379361136525,-2.336795129939979e-05
13,3.605551275463989,239,0.5599400599400599,2.0188925973002654,-1,-4.636312358503622,-2.3104024769796716e-05
13,3.605551275463989,240,0.5601898101898102,2.0197930846318,-1,-4.641249493288108,-2.2842861507403684e-05
13,3.605551275463989,241,0.5604395604395604,2.0206935719633345,-1,-4.646190767266741,-2.258443513233579e-05
13,3.605551275463989,242,0.5606893106893107,2.021594059294869,-1,-4.651136182220307,-2.2328719488176974e-05
13,3.605551275463989,243,0.560939060939061,2.0224945466264037,-1,-4.656085739933631,-2.20756886403863e-05
13,3.605551275463989,244,0.5611888111888111,2.0233950339579376,-1,-4.6610394421955865,-2.1825316874712395e-05
13,3.605551275463989,245,0.5614385614385614,2.0242955212894724,-1,-4.66599729079909,-2.1577578695616614e-05
13,3.605551275463989,246,0.5616883116883117,2.025196008621007,-1,-4.670959287541108,-2.1332448824704248e-05
13,3.605551275463989,247,0.561938061938062,2.0260964959525416,-1,-4.675925434222672,-2.108990219916386e-05
13,3.605551275463989,248,0.5621878121878122,2.026996983284076,-1,-4.6808957326488665,-2.084991397021563e-05
13,3.605551275463989,249,0.5624375624375625,2.0278974706156103,-1,-4.68587018462884,-2.0612459501567176e-05
13,3.605551275463989,250,0.5626873126873126,2.0287979579471447,-1,-4.690848791975813,-2.0377514367877997e-05
13,3.605551275463989,251,0.5629370629370629,2.029698445278679,-1,-4.695831556507085,-2.014505435323178e-05
13,3.605551275463989,252,0.5631868131868132,2.030598932610214,-1,-4.700818480044036,-1.991505544961766e-05
13,3.605551275463989,253,0.5634365634365635,2.031499419941748,-1,-4.705809564412116,-1.968749385541962e-05
13,3.605551275463989,254,0.5636863136863137,2.0323999072732826,-1,-4.710804811440875,-1.9462345973912948e-05
13,3.605551275463989,255,0.563936063936064,2.0333003946048174,-1,-4.715804222963956,-1.9239588411770097e-05
13,3.605551275463989,256,0.5641858141858141,2.0342008819363513,-1,-4.720807800819087,-1.9019197977574762e-05
13,3.605551275463989,257,0.5644355644355644,2.035101369267886,-1,-4.725815546848116,-1.8801151680342482e-05
13,3.605551275463989,258,0.5646853146853147,2.0360018565994205,-1,-4.730827462896982,-1.8585426728051877e-05
13,3.605551275463989,259,0.564935064935065,2.036902343930955,-1,-4.735843550815743,-1.8372000526181566e-05
13,3.605551275463989,260,0.5651848151848152,2.0378028312624896,-1,-4.740863812458575,-1.8160850676256754e-05
13,3.605551275463989,261,0.5654345654345654,2.0387033185940235,-1,-4.745888249683769,-1.7951954974403613e-05
13,3.605551275463989,262,0.5656843156843157,2.0396038059255583,-1,-4.750916864353745,-1.7745291409910844e-05
13,3.605551275463989,263,0.5659340659340659,2.0405042932570927,-1,-4.755949658335054,-1.7540838163800618e-05
13,3.605551275463989,264,0.5661838161838162,2.041404780588627,-1,-4.760986633498383,-1.733857360740642e-05
13,3.605551275463989,265,0.5664335664335665,2.042305267920162,-1,-4.766027791718552,-1.7138476300959598e-05
13,3.605551275463989,266,0.5666833166833167,2.0432057552516962,-1,-4.771073134874533,-1.694052499218349e-05
13,3.605551275463989,267,0.5669330669330669,2.0441062425832306,-1,-4.776122664849447,-1.674469861489559e-05
13,3.605551275463989,268,0.5671828171828172,2.045006729914765,-1,-4.7811763835305685,-1.655097628761777e-05
13,3.605551275463989,269,0.5674325674325674,2.0459072172462993,-1,-4.786234292809334,-1.635933731219439e-05
13,3.605551275463989,270,0.5676823176823177,2.046807704577834,-1,-4.791296394581341,-1.6169761172418404e-05
13,3.605551275463989,271,0.567932067932068,2.0477081919093685,-1,-4.796362690746356,-1.598222753266506e-05
13,3.605551275463989,272,0.5681818181818181,2.048608679240903,-1,-4.801433183208324,-1.579671623653359e-05
13,3.605551275463989,273,0.5684315684315684,2.049509166572437,-1,-4.8065078738753675,-1.5613207305496907e-05
13,3.605551275463989,274,0.5686813186813187,2.0504096539039716,-1,-4.811586764659795,-1.5431680937558816e-05
13,3.605551275463989,275,0.5689310689310689,2.0513101412355064,-1,-4.816669857478101,-1.5252117505919588e-05
13,3.605551275463989,276,0.5691808191808192,2.0522106285670407,-1,-4.821757154250984,-1.5074497557648169e-05
13,3.605551275463989,277,0.5694305694305695,2.0531111158985755,-1,-4.826848656903329,-1.4898801812363836e-05
13,3.605551275463989,278,0.5696803196803197,2.05401160323011,-1,-4.831944367364236,-1.472501116092383e-05
13,3.605551275463989,279,0.5699300699300699,2.054912090561644,-1,-4.837044287567008,-1.455310666412e-05
13,3.605551275463989,280,0.5701798201798202,2.0558125778931786,-1,-4.842148419449174,-1.438306955138215e-05
13,3.605551275463989,281,0.5704295704295704,2.056713065224713,-1,-4.847256764952475,-1.4214881219489972e-05
13,3.605551275463989,282,0.5706793206793207,2.057613552556248,-1,-4.8523693260228775,-1.4048523231292205e-05
13,3.605551275463989,283,0.570929070929071,2.058514039887782,-1,-4.857486104610581,-1.388397731443298e-05
13,3.605551275463989,284,0.5711788211788211,2.059414527219316,-1,-4.8626071026700215,-1.3721225360086408e-05
13,3.605551275463989,285,0.5714285714285714,2.060315014550851,-1,-4.867732322159882,-1.3560249421698348e-05
13,3.605551275463989,286,0.5716783216783217,2.0612155018823852,-1,-4.872861765043083,-1.3401031713736174e-05
13,3.605551275463989,287,0.5719280719280719,2.06211598921392,-1,-4.8779954332868,-1.3243554610445665e-05
13,3.605551275463989,288,0.5721778221778222,2.0630164765454544,-1,-4.88313332886247,-1.3087800644615021e-05
13,3.605551275463989,289,0.5724275724275725,2.0639169638769888,-1,-4.88827545374579,-1.2933752506347436e-05
13,3.605551275463989,290,0.5726773226773226,2.064817451208523,-1,-4.893421809916719,-1.2781393041840512e-05
13,3.605551275463989,291,0.5729270729270729,2.0657179385400575,-1,-4.898572399359506,-1.2630705252172206e-05
13,3.605551275463989,292,0.5731768231768232,2.0666184258715923,-1,-4.903727224062665,-1.248167229209627e-05
13,3.605551275463989,293,0.5734265734265734,2.0675189132031266,-1,-4.908886286019006,-1.2334277468842987e-05
13,3.605551275463989,294,0.5736763236763237,2.068419400534661,-1,-4.9140495872256125,-1.2188504240928862e-05
13,3.605551275463989,295,0.5739260739260739,2.0693198878661954,-1,-4.919217129683875,-1.2044336216972324e-05
13,3.605551275463989,296,0.5741758241758241,2.0702203751977297,-1,-4.924388915399495,-1.190175715451725e-05
13,3.605551275463989,297,0.5744255744255744,2.0711208625292645,-1,-4.929564946382461,-1.1760750958864713e-05
13,3.605551275463989,298,0.5746753246753247,2.072021349860799,-1,-4.934745224647083,-1.1621301681910343e-05
13,3.605551275463989,299,0.5749250749250749,2.0729218371923332,-1,-4.939929752211992,-1.1483393520989764e-05
13,3.605551275463989,300,0.5751748251748252,2.073822324523868,-1,-4.945118531100135,-1.1347010817731561e-05
13,3.605551275463989,301,0.5754245754245755,2.0747228118554024,-1,-4.950311563338803,-1.12121380569165e-05
13,3.605551275463989,302,0.5756743256743256,2.0756232991869368,-1,-4.955508850959603,-1.1078759865345086e-05
13,3.605551275463989,303,0.5759240759240759,2.076523786518471,-1,-4.960710395998496,-1.0946861010710933e-05
13,3.605551275463989,304,0.5761738261738262,2.077424273850006,-1,-4.965916200495786,-1.0816426400482222e-05
13,3.605551275463989,305,0.5764235764235764,2.0783247611815403,-1,-4.971126266496126,-1.0687441080790032e-05
13,3.605551275463989,306,0.5766733266733267,2.0792252485130747,-1,-4.976340596048531,-1.0559890235323218e-05
13,3.605551275463989,307,0.5769230769230769,2.080125735844609,-1,-4.981559191206374,-1.0433759184231009e-05
13,3.605551275463989,308,0.5771728271728271,2.0810262231761434,-1,-4.9867820540274135,-1.0309033383031815e-05
13,3.605551275463989,309,0.5774225774225774,2.081926710507678,-1,-4.992009186573767,-1.0185698421530116e-05
13,3.605551275463989,310,0.5776723276723277,2.0828271978392126,-1,-4.997240590911935,-1.0063740022739212e-05
13,3.605551275463989,311,0.577922077922078,2.083727685170747,-1,-5.00247626911281,-9.943144041811349e-06
13,3.605551275463989,312,0.5781718281718282,2.0846281725022817,-1,-5.007716223251684,-9.82389646497454e-06
13,3.605551275463989,313,0.5784215784215784,2.0855286598338156,-1,-5.012960455408227,-9.705983408477046e-06
13,3.605551275463989,314,0.5786713286713286,2.0864291471653504,-1,-5.018208967666541,-9.589391117537035e-06
13,3.605551275463989,315,0.5789210789210789,2.087329634496885,-1,-5.023461762115119,-9.47410596530101e-06
13,3.605551275463989,316,0.5791708291708292,2.088230121828419,-1,-5.028718840846885,-9.360114451807364e-06
13,3.605551275463989,317,0.5794205794205795,2.089130609159954,-1,-5.033980205959173,-9.247403202957975e-06
13,3.605551275463989,318,0.5796703296703296,2.090031096491488,-1,-5.039245859553752,-9.13595896949556e-06
13,3.605551275463989,319,0.5799200799200799,2.0909315838230227,-1,-5.044515803736833,-9.025768625988031e-06
13,3.605551275463989,320,0.5801698301698301,2.091832071154557,-1,-5.049790040619065,-8.916819169819875e-06
13,3.605551275463989,321,0.5804195804195804,2.0927325584860914,-1,-5.055068572315532,-8.809097720190008e-06
13,3.605551275463989,322,0.5806693306693307,2.093633045817626,-1,-5.060351400945789,-8.70259151711563e-06
13,3.605551275463989,323,0.580919080919081,2.0945335331491606,-1,-5.0656385286338415,-8.597287920443669e-06
13,3.605551275463989,324,0.5811688311688312,2.0954340204806954,-1,-5.070929957508169,-8.4931744088679e-06
13,3.605551275463989,325,0.5814185814185814,2.0963345078122293,-1,-5.076225689701708,-8.390238578953544e-06
13,3.605551275463989,326,0.5816683316683317,2.0972349951437637,-1,-5.081525727351898,-8.288468144166998e-06
13,3.605551275463989,327,0.5819180819180819,2.0981354824752985,-1,-5.0868300726006375,-8.187850933913801e-06
13,3.605551275463989,328,0.5821678321678322,2.099035969806833,-1,-5.092138727594338,-8.088374892581308e-06
13,3.605551275463989,329,0.5824175824175825,2.0999364571383676,-1,-5.097451694483893,-7.990028078589141e-06
13,3.605551275463989,330,0.5826673326673326,2.1008369444699015,-1,-5.1027689754247,-7.892798663445369e-06
13,3.605551275463989,331,0.5829170829170829,2.101737431801436,-1,-5.108090572576687,-7.796674930808663e-06
13,3.605551275463989,332,0.5831668331668332,2.1026379191329707,-1,-5.113416488104278,-7.701645275558096e-06
13,3.605551275463989,333,0.5834165834165834,2.103538406464505,-1,-5.1187467241764315,-7.607698202867883e-06
13,3.605551275463989,334,0.5836663336663337,2.10443889379604,-1,-5.124081282966625,-7.514822327289357e-06
13,3.605551275463989,335,0.583916083916084,2.1053393811275742,-1,-5.129420166652882,-7.423006371838407e-06
13,3.605551275463989,336,0.5841658341658341,2.106239868459108,-1,-5.134763377417765,-7.332239167089902e-06
13,3.605551275463989,337,0.5844155844155844,2.107140355790643,-1,-5.140110917448388,-7.2425096502777164e-06
13,3.605551275463989,338,0.5846653346653347,2.1080408431221773,-1,-5.145462788936417,-7.153806864401385e-06
13,3.605551275463989,339,0.5849150849150849,2.108941330453712,-1,-5.1508189940780795,-7.066119957338531e-06
13,3.605551275463989,340,0.5851648351648352,2.1098418177852465,-1,-5.1561795350741875,-6.979438180963423e-06
13,3.605551275463989,341,0.5854145854145854,2.1107423051167804,-1,-5.161544414130103,-6.893750890272294e-06
13,3.605551275463989,342,0.5856643356643356,2.111642792448315,-1,-5.166913633455793,-6.809047542513451e-06
13,3.605551275463989,343,0.5859140859140859,2.1125432797798496,-1,-5.172287195265802,-6.725317696324715e-06
13,3.605551275463989,344,0.5861638361638362,2.1134437671113844,-1,-5.177665101779271,-6.642551010876017e-06
13,3.605551275463989,345,0.5864135864135864,2.1143442544429187,-1,-5.1830473552199505,-6.5607372450182155e-06
13,3.605551275463989,346,0.5866633366633367,2.115244741774453,-1,-5.188433957816188,-6.479866256438097e-06
13,3.605551275463989,347,0.586913086913087,2.116145229105988,-1,-5.1938249118009585,-6.399928000818722e-06
13,3.605551275463989,348,0.5871628371628371,2.117045716437522,-1,-5.199220219411854,-6.3209125310063245e-06
13,3.605551275463989,349,0.5874125874125874,2.1179462037690566,-1,-5.204619882891107,-6.242809996182462e-06
13,3.605551275463989,350,0.5876623376623377,2.118846691100591,-1,-5.21002390448557,-6.165610641042622e-06
13,3.605551275463989,351,0.5879120879120879,2.1197471784321253,-1,-5.215432286446749,-6.0893048049800285e-06
13,3.605551275463989,352,0.5881618381618382,2.12064766576366,-1,-5.220845031030799,-6.0138829212755325e-06
13,3.605551275463989,353,0.5884115884115884,2.121548153095194,-1,-5.226262140498529,-5.939335516293315e-06
13,3.605551275463989,354,0.5886613386613386,2.122448640426729,-1,-5.23168361711542,-5.8656532086819895e-06
13,3.605551275463989,355,0.5889110889110889,2.1233491277582632,-1,-5.23710946315162,-5.792826708581765e-06
13,3.605551275463989,356,0.5891608391608392,2.1242496150897976,-1,-5.242539680881955,-5.720846816837037e-06
13,3.605551275463989,357,0.5894105894105894,2.1251501024213324,-1,-5.247974272585941,-5.649704424214641e-06
13,3.605551275463989,358,0.5896603396603397,2.1260505897528668,-1,-5.2534132405477765,-5.579390510627884e-06
13,3.605551275463989,359,0.5899100899100899,2.126951077084401,-1,-5.258856587056367,-5.509896144365816e-06
13,3.605551275463989,360,0.5901598401598401,2.1278515644159355,-1,-5.264304314405335,-5.441212481328196e-06
13,3.605551275463989,361,0.5904095904095904,2.1287520517474703,-1,-5.269756424892994,-5.373330764266429e-06
13,3.605551275463989,362,0.5906593406593407,2.1296525390790046,-1,-5.275212920822391,-5.306242322029148e-06
13,3.605551275463989,363,0.5909090909090909,2.130553026410539,-1,-5.280673804501309,-5.23993856881375e-06
13,3.605551275463989,364,0.5911588411588411,2.1314535137420734,-1,-5.286139078242257,-5.174411003423578e-06
13,3.605551275463989,365,0.5914085914085914,2.1323540010736077,-1,-5.291608744362493,-5.109651208529922e-06
13,3.605551275463989,366,0.5916583416583416,2.1332544884051425,-1,-5.297082805184015,-5.045650849940047e-06
13,3.605551275463989,367,0.5919080919080919,2.134154975736677,-1,-5.302561263033593,-4.982401675869891e-06
13,3.605551275463989,368,0.5921578421578422,2.1350554630682113,-1,-5.3080441202427515,-4.919895516222716e-06
13,3.605551275463989,369,0.5924075924075924,2.135955950399746,-1,-5.313531379147786,-4.858124281872693e-06
13,3.605551275463989,370,0.5926573426573427,2.1368564377312804,-1,-5.319023042089784,-4.797079963953697e-06
13,3.605551275463989,371,0.5929070929070929,2.137756925062815,-1,-5.324519111414603,-4.736754633153721e-06
13,3.605551275463989,372,0.5931568431568431,2.138657412394349,-1,-5.3300195894729185,-4.677140439013911e-06
13,3.605551275463989,373,0.5934065934065934,2.1395578997258835,-1,-5.3355244786201865,-4.618229609233546e-06
13,3.605551275463989,374,0.5936563436563437,2.1404583870574183,-1,-5.341033781216684,-4.5600144489794406e-06
13,3.605551275463989,375,0.593906093906094,2.1413588743889527,-1,-5.346547499627502,-4.502487340200885e-06
13,3.605551275463989,376,0.5941558441558441,2.142259361720487,-1,-5.352065636222552,-4.445640740949672e-06
13,3.605551275463989,377,0.5944055944055944,2.1431598490520214,-1,-5.357588193376589,-4.389467184704877e-06
13,3.605551275463989,378,0.5946553446553446,2.1440603363835558,-1,-5.363115173469198,-4.3339592797031726e-06
13,3.605551275463989,379,0.5949050949050949,2.1449608237150906,-1,-5.3686465788848166,-4.2791097082737215e-06
13,3.605551275463989,380,0.5951548451548452,2.145861311046625,-1,-5.374182412012742,-4.224911226178252e-06
13,3.605551275463989,381,0.5954045954045954,2.1467617983781597,-1,-5.379722675247127,-4.171356661956196e-06
13,3.605551275463989,382,0.5956543456543456,2.1476622857096936,-1,-5.38526737098699,-4.118438916274571e-06
13,3.605551275463989,383,0.5959040959040959,2.148562773041228,-1,-5.3908165016362455,-4.066150961282698e-06
13,3.605551275463989,384,0.5961538461538461,2.149463260372763,-1,-5.396370069603687,-4.014485839972103e-06
13,3.605551275463989,385,0.5964035964035964,2.150363747704297,-1,-5.401928077302992,-3.963436665541143e-06
13,3.605551275463989,386,0.5966533466533467,2.151264235035832,-1,-5.4074905271527545,-3.9129966207642055e-06
13,3.605551275463989,387,0.5969030969030968,2.152164722367366,-1,-5.413057421576465,-3.863158957366132e-06
13,3.605551275463989,388,0.5971528471528471,2.1530652096989003,-1,-5.418628763002552,-3.813916995400917e-06
13,3.605551275463989,389,0.5974025974025974,2.153965697030435,-1,-5.424204553864354,-3.765264122635718e-06
13,3.605551275463989,390,0.5976523476523476,2.1548661843619694,-1,-5.429784796600146,-3.7171937939391423e-06
13,3.605551275463989,391,0.5979020979020979,2.155766671693504,-1,-5.435369493653142,-3.669699530674383e-06
13,3.605551275463989,392,0.5981518481518482,2.1566671590250386,-1,-5.440958647471517,-3.622774920096899e-06
13,3.605551275463989,393,0.5984015984015985,2.157567646356573,-1,-5.446552260508395,-3.5764136147569707e-06
13,3.605551275463989,394,0.5986513486513486,2.1584681336881073,-1,-5.452150335221864,-3.5306093319066863e-06
13,3.605551275463989,395,0.5989010989010989,2.1593686210196417,-1,-5.457752874074994,-3.4853558529114245e-06
13,3.605551275463989,396,0.5991508491508492,2.1602691083511765,-1,-5.463359879535839,-3.4406470226660786e-06
13,3.605551275463989,397,0.5994005994005994,2.161169595682711,-1,-5.468971354077436,-3.396476749015787e-06
13,3.605551275463989,398,0.5996503496503497,2.162070083014245,-1,-5.474587300177819,-3.3528390021810755e-06
13,3.605551275463989,399,0.5999000999000998,2.1629705703457796,-1,-5.480207720320038,-3.309727814187423e-06
13,3.605551275463989,400,0.6001498501498501,2.163871057677314,-1,-5.485832616992152,-3.267137278299459e-06
13,3.605551275463989,401,0.6003996003996004,2.1647715450088487,-1,-5.491461992687249,-3.2250615484593994e-06
13,3.605551275463989,402,0.6006493506493507,2.165672032340383,-1,-5.497095849903437,-3.1834948387301083e-06
13,3.605551275463989,403,0.6008991008991009,2.1665725196719174,-1,-5.502734191143878,-3.142431422742154e-06
13,3.605551275463989,404,0.6011488511488512,2.1674730070034522,-1,-5.50837701891678,-3.1018656331455546e-06
13,3.605551275463989,405,0.6013986013986014,2.168373494334986,-1,-5.514024335735402,-3.0617918610657718e-06
13,3.605551275463989,406,0.6016483516483516,2.169273981666521,-1,-5.519676144118069,-3.02220455556384e-06
13,3.605551275463989,407,0.6018981018981019,2.1701744689980553,-1,-5.525332446588189,-2.983098223100842e-06
13,3.605551275463989,408,0.6021478521478522,2.1710749563295897,-1,-5.530993245674246,-2.944467427006714e-06
13,3.605551275463989,409,0.6023976023976024,2.1719754436611245,-1,-5.536658543909811,-2.9063067869531707e-06
13,3.605551275463989,410,0.6026473526473526,2.1728759309926584,-1,-5.542328343833551,-2.8686109784308414e-06
13,3.605551275463989,411,0.6028971028971029,2.173776418324193,-1,-5.548002647989265,-2.8313747322303772e-06
13,3.605551275463989,412,0.6031468531468531,2.1746769056557276,-1,-5.5536814589258485,-2.7945928339281377e-06
13,3.605551275463989,413,0.6033966033966034,2.175577392987262,-1,-5.559364779197322,-2.758260123375604e-06
13,3.605551275463989,414,0.6036463536463537,2.1764778803187967,-1,-5.565052611362847,-2.7223714941929585e-06
13,3.605551275463989,415,0.6038961038961039,2.177378367650331,-1,-5.570744957986727,-2.6869218932667935e-06
13,3.605551275463989,416,0.6041458541458542,2.178278854981866,-1,-5.576441821638418,-2.6519063202518034e-06
13,3.605551275463989,417,0.6043956043956044,2.1791793423134,-1,-5.582143204892526,-2.617319827076579e-06
13,3.605551275463989,418,0.6046453546453546,2.1800798296449346,-1,-5.587849110328838,-2.583157517453175e-06
13,3.605551275463989,419,0.6048951048951049,2.180980316976469,-1,-5.5935595405323175,-2.5494145463908144e-06
13,3.605551275463989,420,0.6051448551448552,2.1818808043080034,-1,-5.599274498093116,-2.516086119713498e-06
13,3.605551275463989,421,0.6053946053946054,2.182781291639538,-1,-5.604993985606576,-2.4831674935815173e-06
13,3.605551275463989,422,0.6056443556443556,2.183681778971072,-1,-5.610718005673243,-2.4506539740168253e-06
13,3.605551275463989,423,0.6058941058941059,2.184582266302607,-1,-5.61644656089888,-2.4185409164322185e-06
13,3.605551275463989,424,0.6061438561438561,2.1854827536341412,-1,-5.622179653894479,-2.3868237251644275e-06
13,3.605551275463989,425,0.6063936063936064,2.1863832409656756,-1,-5.627917287276253,-2.355497853011079e-06
13,3.605551275463989,426,0.6066433566433567,2.1872837282972104,-1,-5.633659463665653,-2.3245588007713122e-06
13,3.605551275463989,427,0.6068931068931069,2.1881842156287448,-1,-5.639406185689392,-2.2940021167901416e-06
13,3.605551275463989,428,0.6071428571428571,2.189084702960279,-1,-5.645157455979439,-2.263823396506674e-06
13,3.605551275463989,429,0.6073926073926074,2.1899851902918135,-1,-5.650913277173036,-2.2340182820059904e-06
13,3.605551275463989,430,0.6076423576423576,2.190885677623348,-1,-5.656673651912684,-2.204582461574769e-06
13,3.605551275463989,431,0.6078921078921079,2.1917861649548827,-1,-5.662438582846189,-2.1755116692603826e-06
13,3.605551275463989,432,0.6081418581418582,2.192686652286417,-1,-5.668208072626642,-2.1468016844338648e-06
13,3.605551275463989,433,0.6083916083916083,2.1935871396179514,-1,-5.673982123912444,-2.118448331356357e-06
13,3.605551275463989,434,0.6086413586413586,2.1944876269494857,-1,-5.679760739367306,-2.0904474787491994e-06
13,3.605551275463989,435,0.6088911088911089,2.19538811428102,-1,-5.685543921660269,-2.0627950393675368e-06
13,3.605551275463989,436,0.6091408591408591,2.196288601612555,-1,-5.691331673465709,-2.035486969577537e-06
13,3.605551275463989,437,0.6093906093906094,2.1971890889440893,-1,-5.697123997463338,-2.008519268937135e-06
13,3.605551275463989,438,0.6096403596403597,2.198089576275624,-1,-5.702920896338222,-1.9818879797802047e-06
13,3.605551275463989,439,0.6098901098901099,2.1989900636071584,-1,-5.708722372780785,-1.9555891868042615e-06
13,3.605551275463989,440,0.6101398601398601,2.1998905509386923,-1,-5.714528429486827,-1.929619016661575e-06
13,3.605551275463989,441,0.6103896103896104,2.200791038270227,-1,-5.720339069157532,-1.9039736375537396e-06
13,3.605551275463989,442,0.6106393606393606,2.2016915256017615,-1,-5.726154294499462,-1.8786492588297048e-06
13,3.605551275463989,443,0.6108891108891109,2.2025920129332963,-1,-5.731974108224587,-1.853642130587046e-06
13,3.605551275463989,444,0.6111388611388612,2.2034925002648307,-1,-5.737798513050295,-1.8289485432766835e-06
13,3.605551275463989,445,0.6113886113886113,2.2043929875963646,-1,-5.743627511699376,-1.8045648273110363e-06
13,3.605551275463989,446,0.6116383616383616,2.2052934749278994,-1,-5.749461106900058,-1.7804873526752811e-06
13,3.605551275463989,447,0.6118881118881119,2.2061939622594338,-1,-5.755299301386006,-1.75671252854205e-06
13,3.605551275463989,448,0.6121378621378621,2.2070944495909686,-1,-5.761142097896336,-1.733236802889343e-06
13,3.605551275463989,449,0.6123876123876124,2.207994936922503,-1,-5.766989499175621,-1.7100566621217244e-06
13,3.605551275463989,450,0.6126373626373627,2.2088954242540373,-1,-5.772841507973888,-1.687168630694766e-06
13,3.605551275463989,451,0.6128871128871128,2.2097959115855716,-1,-5.7786981270466615,-1.6645692707425144e-06
13,3.605551275463989,452,0.6131368631368631,2.210696398917106,-1,-5.784559359154954,-1.6422551817083574e-06
13,3.605551275463989,453,0.6133866133866134,2.211596886248641,-1,-5.790425207065267,-1.620222999978994e-06
13,3.605551275463989,454,0.6136363636363636,2.212497373580175,-1,-5.796295673549606,-1.5984693985214949e-06
13,3.605551275463989,455,0.6138861138861139,2.2133978609117095,-1,-5.802170761385502,-1.576991086523459e-06
13,3.605551275463989,456,0.6141358641358641,2.214298348243244,-1,-5.80805047335601,-1.5557848090363157e-06
13,3.605551275463989,457,0.6143856143856143,2.2151988355747783,-1,-5.813934812249727,-1.5348473466216994e-06
13,3.605551275463989,458,0.6146353646353646,2.216099322906313,-1,-5.819823780860787,-1.514175515000862e-06
13,3.605551275463989,459,0.6148851148851149,2.2169998102378474,-1,-5.825717381988901,-1.4937661647070435e-06
13,3.605551275463989,460,0.6151348651348651,2.217900297569382,-1,-5.831615618439336,-1.4736161807409935e-06
13,3.605551275463989,461,0.6153846153846154,2.2188007849009166,-1,-5.837518493022939,-1.4537224822293828e-06
13,3.605551275463989,462,0.6156343656343657,2.219701272232451,-1,-5.843426008556143,-1.434082022086184e-06
13,3.605551275463989,463,0.6158841158841158,2.2206017595639853,-1,-5.849338167860984,-1.4146917866770167e-06
13,3.605551275463989,464,0.6161338661338661,2.2215022468955197,-1,-5.855254973765114,-1.3955487954863673e-06
13,3.605551275463989,465,0.6163836163836164,2.222402734227054,-1,-5.861176429101794,-1.3766501007878452e-06
13,3.605551275463989,466,0.6166333666333667,2.223303221558589,-1,-5.86710253670991,-1.3579927873171807e-06
13,3.605551275463989,467,0.6168831168831169,2.224203708890123,-1,-5.873033299434006,-1.3395739719480827e-06
13,3.605551275463989,468,0.6171328671328671,2.2251041962216576,-1,-5.878968720124271,-1.3213908033710387e-06
13,3.605551275463989,469,0.6173826173826173,2.226004683553192,-1,-5.8849088016365565,-1.303440461774883e-06
13,3.605551275463989,470,0.6176323676323676,2.2269051708847263,-1,-5.8908535468323775,-1.2857201585311706e-06
13,3.605551275463989,471,0.6178821178821179,2.227805658216261,-1,-5.896802958578939,-1.2682271358812857e-06
13,3.605551275463989,472,0.6181318681318682,2.2287061455477954,-1,-5.902757039749146,-1.2509586666263537e-06
13,3.605551275463989,473,0.6183816183816184,2.2296066328793303,-1,-5.908715793221589,-1.2339120538199433e-06
13,3.605551275463989,474,0.6186313686313686,2.230507120210864,-1,-5.9146792218805775,-1.2170846304633813e-06
13,3.605551275463989,475,0.6188811188811189,2.231407607542399,-1,-5.920647328616172,-1.2004737592037427e-06
13,3.605551275463989,476,0.6191308691308691,2.2323080948739333,-1,-5.926620116324146,-1.1840768320347415e-06
13,3.605551275463989,477,0.6193806193806194,2.2332085822054677,-1,-5.932597587906023,-1.1678912700000393e-06
13,3.605551275463989,478,0.6196303696303697,2.2341090695370025,-1,-5.938579746269084,-1.1519145228993308e-06
13,3.605551275463989,479,0.6198801198801198,2.2350095568685364,-1,-5.94456659432638,-1.1361440689969703e-06
13,3.605551275463989,480,0.6201298701298701,2.2359100442000712,-1,-5.95055813499675,-1.1205774147332384e-06
13,3.605551275463989,481,0.6203796203796204,2.2368105315316056,-1,-5.956554371204813,-1.105212094438234e-06
13,3.605551275463989,482,0.6206293706293706,2.23771101886314,-1,-5.962555305880987,-1.090045670048267e-06
13,3.605551275463989,483,0.6208791208791209,2.2386115061946747,-1,-5.968560941961513,-1.0750757308247748e-06
13,3.605551275463989,484,0.6211288711288712,2.239511993526209,-1,-5.974571282388456,-1.0602998930758325e-06
13,3.605551275463989,485,0.6213786213786214,2.2404124808577435,-1,-5.9805863301097135,-1.0457157998801505e-06
13,3.605551275463989,486,0.6216283716283716,2.241312968189278,-1,-5.986606088079017,-1.0313211208135653e-06
13,3.605551275463989,487,0.6218781218781219,2.242213455520812,-1,-5.992630559255973,-1.0171135516779134e-06
13,3.605551275463989,488,0.6221278721278721,2.243113942852347,-1,-5.998659746606049,-1.003090814232495e-06
13,3.605551275463989,489,0.6223776223776224,2.2440144301838814,-1,-6.004693653100593,-9.89250655927863e-07
13,3.605551275463989,490,0.6226273726273727,2.244914917515416,-1,-6.010732281716828,-9.755908496421145e-07
13,3.605551275463989,491,0.6228771228771228,2.24581540484695,-1,-6.016775635437905,-9.621091934194269e-07
13,3.605551275463989,492,0.6231268731268731,2.2467158921784844,-1,-6.022823717252885,-9.488035102111394e-07
13,3.605551275463989,493,0.6233766233766234,2.2476163795100192,-1,-6.0288765301567455,-9.356716476191298e-07
13,3.605551275463989,494,0.6236263736263736,2.2485168668415536,-1,-6.034934077150394,-9.227114776415254e-07
13,3.605551275463989,495,0.6238761238761239,2.2494173541730884,-1,-6.0409963612406985,-9.099208964207004e-07
13,3.605551275463989,496,0.6241258741258742,2.2503178415046228,-1,-6.04706338544048,-8.972978239936452e-07
13,3.605551275463989,497,0.6243756243756243,2.2512183288361567,-1,-6.053135152768536,-8.84840204044589e-07
13,3.605551275463989,498,0.6246253746253746,2.2521188161676915,-1,-6.059211666249633,-8.725460036599221e-07
13,3.605551275463989,499,0.6248751248751249,2.253019303499226,-1,-6.065292928914549,-8.604132130852923e-07
13,3.605551275463989,500,0.6251248751248751,2.2539197908307607,-1,-6.071378943800069,-8.48439845485024e-07
13,3.605551275463989,501,0.6253746253746254,2.254820278162295,-1,-6.0774697139489815,-8.366239367037539e-07
13,3.605551275463989,502,0.6256243756243756,2.255720765493829,-1,-6.083565242410109,-8.249635450301983e-07
13,3.605551275463989,503,0.6258741258741258,2.2566212528253637,-1,-6.089665532238318,-8.13456750963143e-07
13,3.605551275463989,504,0.6261238761238761,2.257521740156898,-1,-6.095770586494535,-8.021016569796057e-07
13,3.605551275463989,505,0.6263736263736264,2.258422227488433,-1,-6.101880408245735,-7.908963873051655e-07
13,3.605551275463989,506,0.6266233766233766,2.2593227148199673,-1,-6.107995000564975,-7.798390876863835e-07
13,3.605551275463989,507,0.6268731268731269,2.2602232021515016,-1,-6.11411436653141,-7.689279251653294e-07
13,3.605551275463989,508,0.6271228771228772,2.2611236894830364,-1,-6.120238509230296,-7.58161087856277e-07
13,3.605551275463989,509,0.6273726273726273,2.2620241768145704,-1,-6.126367431752995,-7.475367847244366e-07
13,3.605551275463989,510,0.6276223776223776,2.262924664146105,-1,-6.132501137196993,-7.370532453667583e-07
13,3.605551275463989,511,0.6278721278721279,2.2638251514776395,-1,-6.138639628665917,-7.267087197947786e-07
13,3.605551275463989,512,0.6281218781218781,2.264725638809174,-1,-6.144782909269544,-7.165014782195154e-07
13,3.605551275463989,513,0.6283716283716284,2.2656261261407087,-1,-6.150930982123811,-7.064298108383817e-07
13,3.605551275463989,514,0.6286213786213786,2.2665266134722426,-1,-6.157083850350813,-6.96492027624117e-07
13,3.605551275463989,515,0.6288711288711288,2.2674271008037774,-1,-6.1632415170788635,-6.866864581156054e-07
13,3.605551275463989,516,0.6291208791208791,2.2683275881353118,-1,-6.169403985442461,-6.770114512108197e-07
13,3.605551275463989,517,0.6293706293706294,2.269228075466846,-1,-6.175571258582309,-6.674653749616297e-07
13,3.605551275463989,518,0.6296203796203796,2.270128562798381,-1,-6.18174333964533,-6.58046616370555e-07
13,3.605551275463989,519,0.6298701298701299,2.2710290501299153,-1,-6.187920231784694,-6.487535811894311e-07
13,3.605551275463989,520,0.6301198801198802,2.27192953746145,-1,-6.194101938159813,-6.395846937200246e-07
13,3.605551275463989,521,0.6303696303696303,2.272830024792984,-1,-6.200288461936358,-6.305383966165083e-07
13,3.605551275463989,522,0.6306193806193806,2.2737305121245184,-1,-6.206479806286273,-6.216131506898277e-07
13,3.605551275463989,523,0.6308691308691309,2.274630999456053,-1,-6.212675974387798,-6.128074347138999e-07
13,3.605551275463989,524,0.6311188811188811,2.2755314867875875,-1,-6.218876969425468,-6.041197452337086e-07
13,3.605551275463989,525,0.6313686313686313,2.276431974119122,-1,-6.2250827945901195,-5.955485963752152e-07
13,3.605551275463989,526,0.6316183816183816,2.2773324614506563,-1,-6.231293453078928,-5.870925196570424e-07
13,3.605551275463989,527,0.6318681318681318,2.2782329487821906,-1,-6.237508948095386,-5.787500638040416e-07
13,3.605551275463989,528,0.6321178821178821,2.2791334361137254,-1,-6.243729282849359,-5.70519794562546e-07
13,3.605551275463989,529,0.6323676323676324,2.28003392344526,-1,-6.249954460557058,-5.624002945175013e-07
13,3.605551275463989,530,0.6326173826173827,2.2809344107767946,-1,-6.256184484441067,-5.543901629112906e-07
13,3.605551275463989,531,0.6328671328671329,2.281834898108329,-1,-6.262419357730371,-5.464880154642963e-07
13,3.605551275463989,532,0.6331168831168831,2.2827353854398633,-1,-6.268659083660362,-5.386924841972227e-07
13,3.605551275463989,533,0.6333666333666333,2.2836358727713977,-1,-6.274903665472834,-5.310022172551459e-07
13,3.605551275463989,534,0.6336163836163836,2.284536360102932,-1,-6.2811531064160055,-5.234158787332358e-07
13,3.605551275463989,535,0.6338661338661339,2.285436847434467,-1,-6.287407409744545,-5.159321485041469e-07
13,3.605551275463989,536,0.6341158841158842,2.286337334766001,-1,-6.2936665787195745,-5.085497220471285e-07
13,3.605551275463989,537,0.6343656343656343,2.2872378220975356,-1,-6.299930616608675,-5.012673102787788e-07
13,3.605551275463989,538,0.6346153846153846,2.28813830942907,-1,-6.306199526685911,-4.940836393854221e-07
13,3.605551275463989,539,0.6348651348651349,2.2890387967606043,-1,-6.312473312231845,-4.869974506571379e-07
13,3.605551275463989,540,0.6351148851148851,2.289939284092139,-1,-6.318751976533559,-4.800075003233845e-07
13,3.605551275463989,541,0.6353646353646354,2.2908397714236735,-1,-6.3250355228846376,-4.73112559390293e-07
13,3.605551275463989,542,0.6356143856143857,2.291740258755208,-1,-6.331323954585197,-4.6631141347947374e-07
13,3.605551275463989,543,0.6358641358641359,2.2926407460867426,-1,-6.337617274941909,-4.596028626684297e-07
13,3.605551275463989,544,0.6361138861138861,2.2935412334182765,-1,-6.3439154872680135,-4.529857213325319e-07
13,3.605551275463989,545,0.6363636363636364,2.2944417207498113,-1,-6.350218594883318,-4.4645881798856303e-07
13,3.605551275463989,546,0.6366133866133866,2.2953422080813457,-1,-6.3565266011142,-4.4002099513980083e-07
13,3.605551275463989,547,0.6368631368631369,2.2962426954128805,-1,-6.3628395092936705,-4.3367110912255655e-07
13,3.605551275463989,548,0.637112887112887,2.2971431827444144,-1,-6.3691573227613505,-4.274080299543161e-07
13,3.605551275463989,549,0.6373626373626373,2.298043670075949,-1,-6.375480044863485,-4.212306411833482e-07
13,3.605551275463989,550,0.6376123876123876,2.2989441574074836,-1,-6.381807678952952,-4.151378397397914e-07
13,3.605551275463989,551,0.6378621378621379,2.299844644739018,-1,-6.388140228389299,-4.091285357882009e-07
13,3.605551275463989,552,0.6381118881118881,2.3007451320705528,-1,-6.394477696538747,-4.0320165258157845e-07
13,3.605551275463989,553,0.6383616383616384,2.301645619402087,-1,-6.4008200867741945,-3.973561263168543e-07
13,3.605551275463989,554,0.6386113886113887,2.3025461067336215,-1,-6.40716740247523,-3.915909059917994e-07
13,3.605551275463989,555,0.6388611388611388,2.303446594065156,-1,-6.413519647028179,-3.859049532633247e-07
13,3.605551275463989,556,0.6391108891108891,2.30434708139669,-1,-6.419876823826092,-3.8029724230724695e-07
13,3.605551275463989,557,0.6393606393606394,2.305247568728225,-1,-6.426238936268754,-3.7476675967944034e-07
13,3.605551275463989,558,0.6396103896103896,2.3061480560597594,-1,-6.4326059877626935,-3.693125041783647e-07
13,3.605551275463989,559,0.6398601398601399,2.3070485433912937,-1,-6.438977981721221,-3.639334867089533e-07
13,3.605551275463989,560,0.6401098901098901,2.307949030722828,-1,-6.44535492156444,-3.5862873014788245e-07
13,3.605551275463989,561,0.6403596403596403,2.3088495180543624,-1,-6.451736810719247,-3.533972692102004e-07
13,3.605551275463989,562,0.6406093906093906,2.3097500053858973,-1,-6.458123652619324,-3.482381503173065e-07
13,3.605551275463989,563,0.6408591408591409,2.3106504927174316,-1,-6.464515450705226,-3.431504314661791e-07
13,3.605551275463989,564,0.6411088911088911,2.311550980048966,-1,-6.470912208424338,-3.381331821000215e-07
13,3.605551275463989,565,0.6413586413586414,2.312451467380501,-1,-6.477313929230886,-3.331854829801747e-07
13,3.605551275463989,566,0.6416083916083917,2.313351954712035,-1,-6.4837206165859715,-3.2830642605930354e-07
13,3.605551275463989,567,0.6418581418581418,2.3142524420435695,-1,-6.490132273957586,-3.2349511435587556e-07
13,3.605551275463989,568,0.6421078921078921,2.315152929375104,-1,-6.496548904820636,-3.1875066182991307e-07
13,3.605551275463989,569,0.6423576423576424,2.3160534167066382,-1,-6.50297051265692,-3.140721932600273e-07
13,3.605551275463989,570,0.6426073926073926,2.316953904038173,-1,-6.509397100955162,-3.0945884412167105e-07
13,3.605551275463989,571,0.6428571428571428,2.317854391369707,-1,-6.51582867321106,-3.049097604666104e-07
13,3.605551275463989,572,0.6431068931068931,2.3187548787012418,-1,-6.522265232927266,-3.0042409880367717e-07
13,3.605551275463989,573,0.6433566433566433,2.319655366032776,-1,-6.528706783613398,-2.960010259807091e-07
13,3.605551275463989,574,0.6436063936063936,2.3205558533643105,-1,-6.5351533287860555,-2.916397190676958e-07
13,3.605551275463989,575,0.6438561438561439,2.3214563406958453,-1,-6.541604871968859,-2.8733936524110184e-07
13,3.605551275463989,576,0.6441058941058941,2.3223568280273796,-1,-6.548061416692441,-2.8309916166940385e-07
13,3.605551275463989,577,0.6443556443556444,2.3232573153589144,-1,-6.554522966494481,-2.789183153997737e-07
13,3.605551275463989,578,0.6446053946053946,2.3241578026904484,-1,-6.560989524919671,-2.74796043245967e-07
13,3.605551275463989,579,0.6448551448551448,2.3250582900219827,-1,-6.567461095519821,-2.707315716772752e-07
13,3.605551275463989,580,0.6451048951048951,2.3259587773535175,-1,-6.573937681853807,-2.667241367087196e-07
13,3.605551275463989,581,0.6453546453546454,2.326859264685052,-1,-6.58041928748759,-2.627729837923312e-07
13,3.605551275463989,582,0.6456043956043956,2.3277597520165867,-1,-6.586905915994237,-2.5887736770954693e-07
13,3.605551275463989,583,0.6458541458541458,2.3286602393481206,-1,-6.593397570953952,-2.5503655246471655e-07
13,3.605551275463989,584,0.6461038961038961,2.329560726679655,-1,-6.599894255954096,-2.5124981117971443e-07
13,3.605551275463989,585,0.6463536463536463,2.3304612140111898,-1,-6.606395974589173,-2.4751642598966206e-07
13,3.605551275463989,586,0.6466033966033966,2.331361701342724,-1,-6.612902730460841,-2.438356879397159e-07
13,3.605551275463989,587,0.6468531468531469,2.332262188674259,-1,-6.619414527177986,-2.4020689688289206e-07
13,3.605551275463989,588,0.6471028971028971,2.3331626760057933,-1,-6.625931368356694,-2.3662936137901088e-07
13,3.605551275463989,589,0.6473526473526474,2.3340631633373277,-1,-6.63245325762026,-2.3310239859467158e-07
13,3.605551275463989,590,0.6476023976023976,2.334963650668862,-1,-6.63898019859921,-2.2962533420425934e-07
13,3.605551275463989,591,0.6478521478521478,2.3358641380003964,-1,-6.645512194931338,-2.2619750229198035e-07
13,3.605551275463989,592,0.6481018981018981,2.336764625331931,-1,-6.6520492502617,-2.2281824525494158e-07
13,3.605551275463989,593,0.6483516483516484,2.3376651126634655,-1,-6.658591368242649,-2.1948691370722398e-07
13,3.605551275463989,594,0.6486013986013985,2.338565599995,-1,-6.665138552533797,-2.1620286638499536e-07
13,3.605551275463989,595,0.6488511488511488,2.3394660873265343,-1,-6.671690806802131,-2.1296547005254237e-07
13,3.605551275463989,596,0.6491008991008991,2.3403665746580686,-1,-6.678248134721949,-2.0977409940937624e-07
13,3.605551275463989,597,0.6493506493506493,2.3412670619896034,-1,-6.684810539974899,-2.066281369982693e-07
13,3.605551275463989,598,0.6496003996003996,2.342167549321138,-1,-6.6913780262499785,-2.0352697311427367e-07
13,3.605551275463989,599,0.6498501498501499,2.343068036652672,-1,-6.697950597243586,-2.0047000571467384e-07
13,3.605551275463989,600,0.6500999000999002,2.343968523984207,-1,-6.704528256659514,-1.974566403299215e-07
13,3.605551275463989,601,0.6503496503496503,2.344869011315741,-1,-6.711111008208976,-1.9448628997549116e-07
13,3.605551275463989,602,0.6505994005994006,2.3457694986472757,-1,-6.717698855610589,-1.915583750646918e-07
13,3.605551275463989,603,0.6508491508491508,2.34666998597881,-1,-6.724291802590457,-1.886723233223517e-07
13,3.605551275463989,604,0.6510989010989011,2.347570473310345,-1,-6.730889852882143,-1.858275696994759e-07
13,3.605551275463989,605,0.6513486513486514,2.348470960641879,-1,-6.737493010226676,-1.8302355628878693e-07
13,3.605551275463989,606,0.6515984015984015,2.349371447973413,-1,-6.744101278372579,-1.8025973224115812e-07
13,3.605551275463989,607,0.6518481518481518,2.350271935304948,-1,-6.750714661075908,-1.7753555368293254e-07
13,3.605551275463989,608,0.6520979020979021,2.3511724226364823,-1,-6.7573331621002435,-1.7485048363414033e-07
13,3.605551275463989,609,0.6523476523476524,2.352072909968017,-1,-6.763956785216719,-1.7220399192757646e-07
13,3.605551275463989,610,0.6525974025974026,2.3529733972995515,-1,-6.770585534204007,-1.695955551287576e-07
13,3.605551275463989,611,0.6528471528471529,2.353873884631086,-1,-6.777219412848393,-1.670246564567021e-07
13,3.605551275463989,612,0.6530969030969032,2.3547743719626206,-1,-6.783858424943777,-1.6449078570558925e-07
13,3.605551275463989,613,0.6533466533466533,2.3556748592941545,-1,-6.790502574291647,-1.6199343916726361e-07
13,3.605551275463989,614,0.6535964035964036,2.3565753466256893,-1,-6.797151864701125,-1.59532119554549e-07
13,3.605551275463989,615,0.6538461538461539,2.3574758339572237,-1,-6.803806299988991,-1.5710633592539316e-07
13,3.605551275463989,616,0.6540959040959041,2.358376321288758,-1,-6.8104658839797025,-1.5471560360783186e-07
13,3.605551275463989,617,0.6543456543456543,2.3592768086202924,-1,-6.817130620505395,-1.5235944412576734e-07
13,3.605551275463989,618,0.6545954045954046,2.360177295951827,-1,-6.8238005134058906,-1.5003738512554672e-07
13,3.605551275463989,619,0.6548451548451548,2.3610777832833616,-1,-6.8304755665287615,-1.477489603033108e-07
13,3.605551275463989,620,0.6550949050949051,2.361978270614896,-1,-6.837155783729323,-1.4549370933315926e-07
13,3.605551275463989,621,0.6553446553446554,2.3628787579464303,-1,-6.843841168870633,-1.432711777960867e-07
13,3.605551275463989,622,0.6555944055944056,2.363779245277965,-1,-6.850531725823506,-1.4108091710968572e-07
13,3.605551275463989,623,0.6558441558441559,2.3646797326094995,-1,-6.857227458466571,-1.3892248445859972e-07
13,3.605551275463989,624,0.656093906093906,2.365580219941034,-1,-6.863928370686262,-1.3679544272575405e-07
13,3.605551275463989,625,0.6563436563436563,2.366480707272568,-1,-6.870634466376846,-1.3469936042432117e-07
13,3.605551275463989,626,0.6565934065934066,2.3673811946041026,-1,-6.8773457494404,-1.3263381163044895e-07
13,3.605551275463989,627,0.6568431568431569,2.3682816819356374,-1,-6.884062223786913,-1.3059837591667576e-07
13,3.605551275463989,628,0.6570929070929071,2.3691821692671717,-1,-6.890783893334247,-1.2859263828612509e-07
13,3.605551275463989,629,0.6573426573426573,2.370082656598706,-1,-6.897510762008149,-1.2661618910740018e-07
13,3.605551275463989,630,0.6575924075924076,2.3709831439302405,-1,-6.904242833742276,-1.2466862405018517e-07
13,3.605551275463989,631,0.6578421578421578,2.371883631261775,-1,-6.910980112478238,-1.2274954402155397e-07
13,3.605551275463989,632,0.6580919080919081,2.3727841185933096,-1,-6.917722602165595,-1.208585551029859e-07
13,3.605551275463989,633,0.6583416583416584,2.373684605924844,-1,-6.924470306761881,-1.1899526848806926e-07
13,3.605551275463989,634,0.6585914085914086,2.374585093256379,-1,-6.931223230232595,-1.1715930042089732e-07
13,3.605551275463989,635,0.6588411588411589,2.375485580587913,-1,-6.937981376551279,-1.1535027213512106e-07
13,3.605551275463989,636,0.6590909090909091,2.376386067919447,-1,-6.944744749699513,-1.1356780979369719e-07
13,3.605551275463989,637,0.6593406593406593,2.377286555250982,-1,-6.951513353666902,-1.1181154442930227e-07
13,3.605551275463989,638,0.6595904095904096,2.3781870425825162,-1,-6.958287192451105,-1.1008111188539542e-07
13,3.605551275463989,639,0.6598401598401599,2.379087529914051,-1,-6.965066270057878,-1.0837615275792909e-07
13,3.605551275463989,640,0.66008991008991,2.379988017245585,-1,-6.9718505905010835,-1.0669631233771676e-07
13,3.605551275463989,641,0.6603396603396603,2.3808885045771193,-1,-6.978640157802717,-1.0504124055343499e-07
13,3.605551275463989,642,0.6605894105894106,2.381788991908654,-1,-6.985434975992868,-1.0341059191527365e-07
13,3.605551275463989,643,0.6608391608391608,2.3826894792401885,-1,-6.99223504910983,-1.018040254591778e-07
13,3.605551275463989,644,0.6610889110889111,2.3835899665717233,-1,-6.999040381200085,-1.0022120469174373e-07
13,3.605551275463989,645,0.6613386613386614,2.3844904539032576,-1,-7.005850976318287,-9.866179753572414e-08
13,3.605551275463989,646,0.6615884115884116,2.385390941234792,-1,-7.012666838527305,-9.712547627613287e-08
13,3.605551275463989,647,0.6618381618381618,2.3862914285663264,-1,-7.019487971898241,-9.561191750695435e-08
13,3.605551275463989,648,0.6620879120879121,2.3871919158978607,-1,-7.026314380510484,-9.412080207844442e-08
13,3.605551275463989,649,0.6623376623376623,2.3880924032293955,-1,-7.033146068451678,-9.265181504503953e-08
13,3.605551275463989,650,0.6625874125874126,2.38899289056093,-1,-7.039983039817729,-9.120464561384024e-08
13,3.605551275463989,651,0.6628371628371629,2.3898933778924643,-1,-7.046825298712905,-8.977898709365628e-08
13,3.605551275463989,652,0.663086913086913,2.3907938652239986,-1,-7.053672849249813,-8.837453684464895e-08
13,3.605551275463989,653,0.6633366633366633,2.391694352555533,-1,-7.060525695549395,-8.6990996228538e-08
13,3.605551275463989,654,0.6635864135864136,2.392594839887068,-1,-7.0673838417409485,-8.562807055936233e-08
13,3.605551275463989,655,0.6638361638361638,2.393495327218602,-1,-7.074247291962179,-8.428546905479179e-08
13,3.605551275463989,656,0.6640859140859141,2.3943958145501365,-1,-7.081116050359216,-8.296290478799713e-08
13,3.605551275463989,657,0.6643356643356644,2.3952963018816713,-1,-7.087990121086619,-8.166009464006442e-08
13,3.605551275463989,658,0.6645854145854146,2.3961967892132057,-1,-7.094869508307359,-8.037675925295481e-08
13,3.605551275463989,659,0.6648351648351648,2.39709727654474,-1,-7.101754216192927,-7.911262298297196e-08
13,3.605551275463989,660,0.6650849150849151,2.3979977638762744,-1,-7.108644248923329,-7.786741385478132e-08
13,3.605551275463989,661,0.6653346653346653,2.398898251207809,-1,-7.115539610687037,-7.664086351595879e-08
13,3.605551275463989,662,0.6655844155844156,2.3997987385393436,-1,-7.12244030568106,-7.543270719203385e-08
13,3.605551275463989,663,0.6658341658341658,2.4006992258708775,-1,-7.129346338110966,-7.424268364205596e-08
13,3.605551275463989,664,0.666083916083916,2.4015997132024123,-1,-7.136257712190924,-7.307053511466244e-08
13,3.605551275463989,665,0.6663336663336663,2.4025002005339466,-1,-7.143174432143677,-7.191600730466113e-08
13,3.605551275463989,666,0.6665834165834166,2.4034006878654814,-1,-7.150096502200544,-7.077884931010399e-08
13,3.605551275463989,667,0.6668331668331668,2.404301175197016,-1,-7.157023926601547,-6.965881358983091e-08
13,3.605551275463989,668,0.6670829170829171,2.40520166252855,-1,-7.1639567095953565,-6.855565592153142e-08
13,3.605551275463989,669,0.6673326673326674,2.406102149860085,-1,-7.170894855439302,-6.74691353602751e-08
13,3.605551275463989,670,0.6675824175824175,2.407002637191619,-1,-7.1778383683993905,-6.639901419751879e-08
13,3.605551275463989,671,0.6678321678321678,2.4079031245231537,-1,-7.1847872527503815,-6.53450579205751e-08
13,3.605551275463989,672,0.6680819180819181,2.408803611854688,-1,-7.191741512775772,-6.430703517256217e-08
13,3.605551275463989,673,0.6683316683316683,2.4097040991862224,-1,-7.198701152767816,-6.328471771280986e-08
13,3.605551275463989,674,0.6685814185814186,2.410604586517757,-1,-7.205666177027512,-6.2277880377728e-08
13,3.605551275463989,675,0.6688311688311688,2.411505073849291,-1,-7.212636589864718,-6.128630104210671e-08
13,3.605551275463989,676,0.669080919080919,2.412405561180826,-1,-7.219612395598129,-6.030976058088627e-08
13,3.605551275463989,677,0.6693306693306693,2.4133060485123603,-1,-7.2265935985552465,-5.934804283136944e-08
13,3.605551275463989,678,0.6695804195804196,2.4142065358438947,-1,-7.233580203072437,-5.8400934555859906e-08
13,3.605551275463989,679,0.6698301698301699,2.4151070231754295,-1,-7.2405722134949695,-5.746822540473713e-08
13,3.605551275463989,680,0.6700799200799201,2.416007510506964,-1,-7.247569634177041,-5.654970787996243e-08
13,3.605551275463989,681,0.6703296703296704,2.4169079978384986,-1,-7.25457246948177,-5.564517729901325e-08
13,3.605551275463989,682,0.6705794205794205,2.4178084851700326,-1,-7.261580723781183,-5.47544317592394e-08
13,3.605551275463989,683,0.6708291708291708,2.418708972501567,-1,-7.268594401456357,-5.387727210261346e-08
13,3.605551275463989,684,0.6710789210789211,2.4196094598331017,-1,-7.275613506897359,-5.30135018809205e-08
13,3.605551275463989,685,0.6713286713286714,2.420509947164636,-1,-7.282638044503253,-5.2162927321344496e-08
13,3.605551275463989,686,0.6715784215784215,2.4214104344961704,-1,-7.2896680186821285,-5.132535729245547e-08
13,3.605551275463989,687,0.6718281718281718,2.422310921827705,-1,-7.296703433851174,-5.0500603270589703e-08
13,3.605551275463989,688,0.672077922077922,2.423211409159239,-1,-7.303744294436653,-4.9688479306635494e-08
13,3.605551275463989,689,0.6723276723276723,2.424111896490774,-1,-7.310790604873952,-4.8888801993201765e-08
13,3.605551275463989,690,0.6725774225774226,2.4250123838223083,-1,-7.317842369607525,-4.8101390432182746e-08
13,3.605551275463989,691,0.6728271728271729,2.425912871153843,-1,-7.324899593091062,-4.7326066202680165e-08
13,3.605551275463989,692,0.6730769230769231,2.4268133584853775,-1,-7.331962279787424,-4.656265332932963e-08
13,3.605551275463989,693,0.6733266733266733,2.4277138458169114,-1,-7.339030434168642,-4.5810978250993245e-08
13,3.605551275463989,694,0.6735764235764236,2.428614333148446,-1,-7.346104060715958,-4.507086978981651e-08
13,3.605551275463989,695,0.6738261738261738,2.4295148204799806,-1,-7.3531831639198835,-4.43421591206513e-08
13,3.605551275463989,696,0.6740759240759241,2.4304153078115154,-1,-7.360267748280194,-4.362467974084534e-08
13,3.605551275463989,697,0.6743256743256744,2.4313157951430497,-1,-7.367357818305967,-4.2918267440386885e-08
13,3.605551275463989,698,0.6745754245754245,2.4322162824745837,-1,-7.374453378515533,-4.222276027241128e-08
13,3.605551275463989,699,0.6748251748251748,2.4331167698061185,-1,-7.381554433436636,-4.1537998524036895e-08
13,3.605551275463989,700,0.6750749250749251,2.434017257137653,-1,-7.388660987606376,-4.086382468757104e-08
13,3.605551275463989,701,0.6753246753246753,2.4349177444691876,-1,-7.3957730455712145,-4.0200083432050303e-08
13,3.605551275463989,702,0.6755744255744256,2.435818231800722,-1,-7.402890611886995,-3.954662157511956e-08
13,3.605551275463989,703,0.6758241758241759,2.4367187191322563,-1,-7.410013691119018,-3.890328805524137e-08
13,3.605551275463989,704,0.6760739260739261,2.437619206463791,-1,-7.417142287842048,-3.8269933904244246e-08
13,3.605551275463989,705,0.6763236763236763,2.438519693795325,-1,-7.424276406640325,-3.764641222019746e-08
13,3.605551275463989,706,0.6765734265734266,2.43942018112686,-1,-7.431416052107532,-3.70325781406155e-08
13,3.605551275463989,707,0.6768231768231768,2.4403206684583942,-1,-7.4385612288469565,-3.642828881596632e-08
13,3.605551275463989,708,0.6770729270729271,2.4412211557899286,-1,-7.445711941471428,-3.583340338351704e-08
13,3.605551275463989,709,0.6773226773226773,2.442121643121463,-1,-7.452868194603322,-3.5247782941488055e-08
13,3.605551275463989,710,0.6775724275724275,2.4430221304529973,-1,-7.460029992874607,-3.4671290523514166e-08
13,3.605551275463989,711,0.6778221778221778,2.443922617784532,-1,-7.467197340926871,-3.41037910734146e-08
13,3.605551275463989,712,0.6780719280719281,2.4448231051160665,-1,-7.474370243411375,-3.3545151420266156e-08
13,3.605551275463989,713,0.6783216783216783,2.445723592447601,-1,-7.481548704989048,-3.299524025378032e-08
13,3.605551275463989,714,0.6785714285714286,2.4466240797791357,-1,-7.4887327303304385,-3.245392809998214e-08
13,3.605551275463989,715,0.6788211788211789,2.44752456711067,-1,-7.495922324115903,-3.192108729716459e-08
13,3.605551275463989,716,0.679070929070929,2.4484250544422044,-1,-7.503117491035543,-3.139659197215356e-08
13,3.605551275463989,717,0.6793206793206793,2.4493255417737387,-1,-7.5103182357891995,-3.088031801685586e-08
13,3.605551275463989,718,0.6795704295704296,2.4502260291052735,-1,-7.5175245630864795,-3.037214306508922e-08
13,3.605551275463989,719,0.6798201798201798,2.451126516436808,-1,-7.524736477646832,-2.987194646969056e-08
13,3.605551275463989,720,0.6800699300699301,2.4520270037683423,-1,-7.531953984199564,-2.9379609279906934e-08
13,3.605551275463989,721,0.6803196803196803,2.4529274910998766,-1,-7.539177087483843,-2.8895014219062658e-08
13,3.605551275463989,722,0.6805694305694305,2.453827978431411,-1,-7.546405792248671,-2.8418045662500088e-08
13,3.605551275463989,723,0.6808191808191808,2.454728465762946,-1,-7.553640103253046,-2.794858961577758e-08
13,3.605551275463989,724,0.6810689310689311,2.45562895309448,-1,-7.560880025265911,-2.748653369314772e-08
13,3.605551275463989,725,0.6813186813186813,2.4565294404260145,-1,-7.568125563066146,-2.7031767096295793e-08
13,3.605551275463989,726,0.6815684315684316,2.4574299277575493,-1,-7.575376721442606,-2.6584180593335465e-08
13,3.605551275463989,727,0.6818181818181819,2.4583304150890837,-1,-7.5826335051941856,-2.6143666498060368e-08
13,3.605551275463989,728,0.682067932067932,2.459230902420618,-1,-7.589895919129833,-2.5710118649453497e-08
13,3.605551275463989,729,0.6823176823176823,2.4601313897521524,-1,-7.597163968068587,-2.5283432391446887e-08
13,3.605551275463989,730,0.6825674325674326,2.4610318770836868,-1,-7.60443765683949,-2.486350455293738e-08
13,3.605551275463989,731,0.6828171828171828,2.4619323644152216,-1,-7.611716990281804,-2.445023342803066e-08
13,3.605551275463989,732,0.683066933066933,2.4628328517467555,-1,-7.619001973244935,-2.4043518756545912e-08
13,3.605551275463989,733,0.6833166833166833,2.4637333390782903,-1,-7.626292610588451,-2.3643261704755595e-08
13,3.605551275463989,734,0.6835664335664335,2.4646338264098246,-1,-7.633588907182077,-2.324936484636399e-08
13,3.605551275463989,735,0.6838161838161838,2.465534313741359,-1,-7.640890867905793,-2.2861732143715323e-08
13,3.605551275463989,736,0.6840659340659341,2.466434801072894,-1,-7.648198497649858,-2.2480268929239397e-08
13,3.605551275463989,737,0.6843156843156843,2.467335288404428,-1,-7.655511801314804,-2.210488188712756e-08
13,3.605551275463989,738,0.6845654345654346,2.468235775735963,-1,-7.662830783811388,-2.1735479035238754e-08
13,3.605551275463989,739,0.6848151848151848,2.469136263067497,-1,-7.670155450060799,-2.1371969707217336e-08
13,3.605551275463989,740,0.685064935064935,2.4700367503990313,-1,-7.677485804994603,-2.1014264534846077e-08
13,3.605551275463989,741,0.6853146853146853,2.470937237730566,-1,-7.684821853554697,-2.0662275430619088e-08
13,3.605551275463989,742,0.6855644355644356,2.4718377250621004,-1,-7.692163600693376,-2.0315915570524962e-08
13,3.605551275463989,743,0.6858141858141859,2.4727382123936352,-1,-7.6995110513734035,-1.997509937704595e-08
13,3.605551275463989,744,0.686063936063936,2.473638699725169,-1,-7.706864210568019,-1.9639742502371628e-08
13,3.605551275463989,745,0.6863136863136863,2.4745391870567035,-1,-7.714223083260982,-1.930976181182122e-08
13,3.605551275463989,746,0.6865634365634365,2.4754396743882383,-1,-7.721587674446462,-1.8985075367479604e-08
13,3.605551275463989,747,0.6868131868131868,2.4763401617197727,-1,-7.728957989129296,-1.8665602412022665e-08
13,3.605551275463989,748,0.6870629370629371,2.4772406490513075,-1,-7.736334032324907,-1.8351263352760315e-08
13,3.605551275463989,749,0.6873126873126874,2.478141136382842,-1,-7.743715809059265,-1.804197974587768e-08
13,3.605551275463989,750,0.6875624375624376,2.479041623714376,-1,-7.751103324368978,-1.773767428086904e-08
13,3.605551275463989,751,0.6878121878121878,2.4799421110459106,-1,-7.758496583301312,-1.7438270765170658e-08
13,3.605551275463989,752,0.688061938061938,2.480842598377445,-1,-7.7658955909142655,-1.7143694108984705e-08
13,3.605551275463989,753,0.6883116883116883,2.4817430857089797,-1,-7.773300352276538,-1.685387031029923e-08
13,3.605551275463989,754,0.6885614385614386,2.482643573040514,-1,-7.780710872467497,-1.656872644009687e-08
13,3.605551275463989,755,0.6888111888111887,2.483544060372048,-1,-7.788127156577379,-1.6288190627741753e-08
13,3.605551275463989,756,0.689060939060939,2.484444547703583,-1,-7.795549209707243,-1.6012192046560524e-08
13,3.605551275463989,757,0.6893106893106893,2.485345035035117,-1,-7.802977036968925,-1.5740660899606233e-08
13,3.605551275463989,758,0.6895604395604396,2.486245522366652,-1,-7.810410643485107,-1.5473528405598033e-08
13,3.605551275463989,759,0.6898101898101898,2.4871460096981863,-1,-7.817850034389369,-1.521072678504018e-08
13,3.605551275463989,760,0.6900599400599401,2.4880464970297207,-1,-7.825295214826237,-1.495218924651775e-08
13,3.605551275463989,761,0.6903096903096904,2.4889469843612555,-1,-7.832746189951194,-1.4697849973167773e-08
13,3.605551275463989,762,0.6905594405594405,2.4898474716927894,-1,-7.8402029649305875,-1.444764410932614e-08
13,3.605551275463989,763,0.6908091908091908,2.490747959024324,-1,-7.847665544941892,-1.420150774733279e-08
13,3.605551275463989,764,0.6910589410589411,2.4916484463558586,-1,-7.8551339351736145,-1.3959377914517375e-08
13,3.605551275463989,765,0.6913086913086913,2.492548933687393,-1,-7.862608140825285,-1.3721192560348225e-08
13,3.605551275463989,766,0.6915584415584416,2.4934494210189277,-1,-7.870088167107507,-1.3486890543743495e-08
13,3.605551275463989,767,0.6918081918081918,2.4943499083504617,-1,-7.877574019242011,-1.3256411620545082e-08
13,3.605551275463989,768,0.692057942057942,2.4952503956819965,-1,-7.885065702461724,-1.3029696431152223e-08
13,3.605551275463989,769,0.6923076923076923,2.496150883013531,-1,-7.892563222010743,-1.2806686488317107e-08
13,3.605551275463989,770,0.6925574425574426,2.497051370345065,-1,-7.900066583144279,-1.258732416509761e-08
13,3.605551275463989,771,0.6928071928071928,2.4979518576766,-1,-7.907575791128905,-1.2371552682956413e-08
13,3.605551275463989,772,0.6930569430569431,2.4988523450081344,-1,-7.915090851242466,-1.2159316100022832e-08
13,3.605551275463989,773,0.6933066933066934,2.499752832339669,-1,-7.92261176877407,-1.1950559299503917e-08
13,3.605551275463989,774,0.6935564435564435,2.500653319671203,-1,-7.930138549024123,-1.1745227978243287e-08
13,3.605551275463989,775,0.6938061938061938,2.501553807002738,-1,-7.93767119730443,-1.1543268635426255e-08
13,3.605551275463989,776,0.6940559440559441,2.5024542943342722,-1,-7.945209718938196,-1.1344628561433507e-08
13,3.605551275463989,777,0.6943056943056943,2.5033547816658066,-1,-7.952754119260075,-1.1149255826838111e-08
13,3.605551275463989,778,0.6945554445554445,2.504255268997341,-1,-7.960304403616043,-1.0957099271548997e-08
13,3.605551275463989,779,0.6948051948051948,2.5051557563288753,-1,-7.967860577363709,-1.0768108494084385e-08
13,3.605551275463989,780,0.695054945054945,2.50605624366041,-1,-7.975422645872193,-1.0582233840995635e-08
13,3.605551275463989,781,0.6953046953046953,2.5069567309919445,-1,-7.9829906145221186,-1.0399426396425297e-08
13,3.605551275463989,782,0.6955544455544456,2.507857218323479,-1,-7.9905644887056555,-1.0219637971799813e-08
13,3.605551275463989,783,0.6958041958041958,2.5087577056550137,-1,-7.99814427382662,-1.004282109565523e-08
13,3.605551275463989,784,0.6960539460539461,2.509658192986548,-1,-8.005729975300484,-9.868929003597592e-09
13,3.605551275463989,785,0.6963036963036963,2.5105586803180824,-1,-8.013321598554406,-9.697915628394078e-09
13,3.605551275463989,786,0.6965534465534465,2.5114591676496167,-1,-8.020919149027131,-9.529735590196102e-09
13,3.605551275463989,787,0.6968031968031968,2.512359654981151,-1,-8.02852263216927,-9.364344186882443e-09
13,3.605551275463989,788,0.6970529470529471,2.513260142312686,-1,-8.036132053443223,-9.20169738453611e-09
13,3.605551275463989,789,0.6973026973026973,2.5141606296442203,-1,-8.04374741832313,-9.041751808045706e-09
13,3.605551275463989,790,0.6975524475524475,2.5150611169757546,-1,-8.05136873229493,-8.884464731827794e-09
13,3.605551275463989,791,0.6978021978021978,2.515961604307289,-1,-8.058996000856473,-8.729794070669709e-09
13,3.605551275463989,792,0.698051948051948,2.5168620916388234,-1,-8.066629229517513,-8.577698370695645e-09
13,3.605551275463989,793,0.6983016983016983,2.517762578970358,-1,-8.074268423799758,-8.428136800450243e-09
13,3.605551275463989,794,0.6985514485514486,2.5186630663018925,-1,-8.081913589236748,-8.281069142103187e-09
13,3.605551275463989,795,0.6988011988011988,2.5195635536334273,-1,-8.089564731374157,-8.136455782761355e-09
13,3.605551275463989,796,0.6990509490509491,2.5204640409649617,-1,-8.097221855769702,-7.994257705903455e-09
13,3.605551275463989,797,0.6993006993006993,2.5213645282964956,-1,-8.104884967993106,-7.854436482926872e-09
13,3.605551275463989,798,0.6995504495504495,2.5222650156280304,-1,-8.112554073626168,-7.716954264804182e-09
13,3.605551275463989,799,0.6998001998001998,2.5231655029595648,-1,-8.120229178262825,-7.58177377385022e-09
13,3.605551275463989,800,0.7000499500499501,2.5240659902910996,-1,-8.127910287509213,-7.448858295598855e-09
13,3.605551275463989,801,0.7002997002997002,2.5249664776226335,-1,-8.135597406983669,-7.318171670788101e-09
13,3.605551275463989,802,0.7005494505494505,2.525866964954168,-1,-8.143290542316645,-7.189678287453458e-09
13,3.605551275463989,803,0.7007992007992008,2.5267674522857027,-1,-8.150989699150978,-7.0633430731204685e-09
13,3.605551275463989,804,0.701048951048951,2.527667939617237,-1,-8.15869488314183,-6.939131487106504e-09
13,3.605551275463989,805,0.7012987012987013,2.528568426948772,-1,-8.166406099956633,-6.817009512925442e-09
13,3.605551275463989,806,0.7015484515484516,2.529468914280306,-1,-8.174123355275153,-6.696943650791414e-09
13,3.605551275463989,807,0.7017982017982018,2.5303694016118405,-1,-8.181846654789583,-6.5789009102222976e-09
13,3.605551275463989,808,0.702047952047952,2.531269888943375,-1,-8.189576004204579,-6.46284880274314e-09
13,3.605551275463989,809,0.7022977022977023,2.5321703762749093,-1,-8.197311409237281,-6.348755334687447e-09
13,3.605551275463989,810,0.7025474525474525,2.533070863606444,-1,-8.205052875617197,-6.236589000096935e-09
13,3.605551275463989,811,0.7027972027972028,2.5339713509379784,-1,-8.212800409086508,-6.126318773710148e-09
13,3.605551275463989,812,0.7030469530469531,2.534871838269513,-1,-8.220554015400007,-6.017914104051028e-09
13,3.605551275463989,813,0.7032967032967032,2.535772325601047,-1,-8.228313700325018,-5.91134490661007e-09
13,3.605551275463989,814,0.7035464535464535,2.5366728129325815,-1,-8.236079469641487,-5.806581557115267e-09
13,3.605551275463989,815,0.7037962037962038,2.5375733002641163,-1,-8.243851329142062,-5.703594884893583e-09
13,3.605551275463989,816,0.704045954045954,2.5384737875956507,-1,-8.25162928463214,-5.602356166322454e-09
13,3.605551275463989,817,0.7042957042957043,2.539374274927185,-1,-8.259413341929877,-5.502837118370254e-09
13,3.605551275463989,818,0.7045454545454546,2.54027476225872,-1,-8.267203506866077,-5.405009892225533e-09
13,3.605551275463989,819,0.7047952047952049,2.541175249590254,-1,-8.274999785284512,-5.3088470670068415e-09
13,3.605551275463989,820,0.705044955044955,2.5420757369217886,-1,-8.282802183041838,-5.214321643563061e-09
13,3.605551275463989,821,0.7052947052947053,2.542976224253323,-1,-8.29061070600756,-5.1214070383569844e-09
13,3.605551275463989,822,0.7055444555444556,2.5438767115848573,-1,-8.298425360064043,-5.0300770774311214e-09
13,3.605551275463989,823,0.7057942057942058,2.544777198916392,-1,-8.306246151106674,-4.940305990454121e-09
13,3.605551275463989,824,0.706043956043956,2.545677686247926,-1,-8.314073085043871,-4.8520684048494726e-09
13,3.605551275463989,825,0.7062937062937062,2.546578173579461,-1,-8.321906167797108,-4.765339340004352e-09
13,3.605551275463989,826,0.7065434565434565,2.547478660910995,-1,-8.329745405300788,-4.680094201558731e-09
13,3.605551275463989,827,0.7067932067932068,2.5483791482425295,-1,-8.337590803502577,-4.596308775767391e-09
13,3.605551275463989,828,0.707042957042957,2.5492796355740643,-1,-8.345442368363333,-4.51395922394349e-09
13,3.605551275463989,829,0.7072927072927073,2.5501801229055987,-1,-8.35330010585703,-4.433022076977967e-09
13,3.605551275463989,830,0.7075424575424576,2.5510806102371335,-1,-8.361164021970833,-4.353474229932217e-09
13,3.605551275463989,831,0.7077922077922079,2.551981097568668,-1,-8.369034122705191,-4.275292936704872e-09
13,3.605551275463989,832,0.708041958041958,2.5528815849002022,-1,-8.376910414073903,-4.198455804771819e-09
13,3.605551275463989,833,0.7082917082917083,2.5537820722317366,-1,-8.384792902104133,-4.122940789999023e-09
13,3.605551275463989,834,0.7085414585414586,2.554682559563271,-1,-8.392681592836244,-4.048726191528221e-09
13,3.605551275463989,835,0.7087912087912088,2.5555830468948058,-1,-8.400576492324188,-3.975790646727775e-09
13,3.605551275463989,836,0.709040959040959,2.5564835342263397,-1,-8.408477606635406,-3.904113126217575e-09
13,3.605551275463989,837,0.7092907092907093,2.5573840215578745,-1,-8.416384941850762,-3.83367292896227e-09
13,3.605551275463989,838,0.7095404595404595,2.558284508889409,-1,-8.42429850406461,-3.76444967743077e-09
13,3.605551275463989,839,0.7097902097902098,2.559184996220943,-1,-8.432218299384903,-3.696423312822448e-09
13,3.605551275463989,840,0.7100399600399601,2.560085483552478,-1,-8.440144333933242,-3.6295740903596554e-09
13,3.605551275463989,841,0.7102897102897103,2.5609859708840124,-1,-8.448076613844906,-3.5638825746457375e-09
13,3.605551275463989,842,0.7105394605394606,2.5618864582155467,-1,-8.456015145268685,-3.4993296350888494e-09
13,3.605551275463989,843,0.7107892107892108,2.562786945547081,-1,-8.46395993436726,-3.435896441384735e-09
13,3.605551275463989,844,0.711038961038961,2.5636874328786154,-1,-8.471910987317138,-3.373564459065914e-09
13,3.605551275463989,845,0.7112887112887113,2.5645879202101503,-1,-8.479868310308543,-3.312315445112995e-09
13,3.605551275463989,846,0.7115384615384616,2.5654884075416846,-1,-8.487831909545502,-3.252131443625476e-09
13,3.605551275463989,847,0.7117882117882117,2.566388894873219,-1,-8.49580179124596,-3.1929947815525208e-09
13,3.605551275463989,848,0.712037962037962,2.5672893822047533,-1,-8.503777961641841,-3.134888064483828e-09
13,3.605551275463989,849,0.7122877122877123,2.5681898695362877,-1,-8.511760426979057,-3.077794172499566e-09
13,3.605551275463989,850,0.7125374625374625,2.5690903568678225,-1,-8.519749193517335,-3.0216962560794293e-09
13,3.605551275463989,851,0.7127872127872128,2.569990844199357,-1,-8.527744267530641,-2.966577732064732e-09
13,3.605551275463989,852,0.7130369630369631,2.5708913315308917,-1,-8.535745655307071,-2.912422279680878e-09
13,3.605551275463989,853,0.7132867132867133,2.571791818862426,-1,-8.543753363148774,-2.8592138366151457e-09
13,3.605551275463989,854,0.7135364635364636,2.5726923061939604,-1,-8.551767397372016,-2.8069365951485303e-09
13,3.605551275463989,855,0.7137862137862138,2.5735927935254947,-1,-8.559787764307316,-2.7555749983414753e-09
13,3.605551275463989,856,0.714035964035964,2.574493280857029,-1,-8.5678144702995,-2.7051137362737297e-09
13,3.605551275463989,857,0.7142857142857143,2.575393768188564,-1,-8.575847521707697,-2.655537742337413e-09
13,3.605551275463989,858,0.7145354645354646,2.5762942555200983,-1,-8.583886924905197,-2.6068321895832505e-09
13,3.605551275463989,859,0.7147852147852147,2.577194742851632,-1,-8.59193268627985,-2.558982487114758e-09
13,3.605551275463989,860,0.715034965034965,2.578095230183167,-1,-8.599984812233986,-2.5119742765365034e-09
13,3.605551275463989,861,0.7152847152847153,2.5789957175147014,-1,-8.608043309184303,-2.465793428452471e-09
13,3.605551275463989,862,0.7155344655344655,2.579896204846236,-1,-8.616108183561963,-2.4204260390128743e-09
13,3.605551275463989,863,0.7157842157842158,2.5807966921777705,-1,-8.624179441812707,-2.3758584265095083e-09
13,3.605551275463989,864,0.7160339660339661,2.581697179509305,-1,-8.632257090396925,-2.3320771280199227e-09
13,3.605551275463989,865,0.7162837162837163,2.5825976668408397,-1,-8.640341135789663,-2.2890688960992204e-09
13,3.605551275463989,866,0.7165334665334665,2.5834981541723736,-1,-8.648431584480445,-2.246820695520025e-09
13,3.605551275463989,867,0.7167832167832168,2.5843986415039084,-1,-8.656528442973714,-2.205319700055299e-09
13,3.605551275463989,868,0.717032967032967,2.5852991288354428,-1,-8.664631717788735,-2.1645532893099998e-09
13,3.605551275463989,869,0.7172827172827173,2.586199616166977,-1,-8.672741415459486,-2.1245090455976325e-09
13,3.605551275463989,870,0.7175324675324675,2.5871001034985115,-1,-8.680857542534744,-2.085174750860521e-09
13,3.605551275463989,871,0.7177822177822177,2.588000590830046,-1,-8.688980105578233,-2.046538383633589e-09
13,3.605551275463989,872,0.718031968031968,2.5889010781615807,-1,-8.69710911116865,-2.008588116052181e-09
13,3.605551275463989,873,0.7182817182817183,2.589801565493115,-1,-8.705244565899726,-1.971312310902518e-09
13,3.605551275463989,874,0.7185314685314685,2.5907020528246494,-1,-8.713386476379997,-1.934699518715598e-09
13,3.605551275463989,875,0.7187812187812188,2.591602540156184,-1,-8.72153484923328,-1.8987384748995885e-09
13,3.605551275463989,876,0.7190309690309691,2.5925030274877185,-1,-8.729689691098573,-1.863418096915966e-09
13,3.605551275463989,877,0.7192807192807193,2.5934035148192534,-1,-8.737851008629946,-1.8287274814961856e-09
13,3.605551275463989,878,0.7195304695304695,2.5943040021507873,-1,-8.746018808496615,-1.7946559018974785e-09
13,3.605551275463989,879,0.7197802197802198,2.5952044894823216,-1,-8.754193097383105,-1.7611928051978577e-09
13,3.605551275463989,880,0.72002997002997,2.5961049768138564,-1,-8.762373881989282,-1.728327809630549e-09
13,3.605551275463989,881,0.7202797202797203,2.597005464145391,-1,-8.770561169030401,-1.6960507019568278e-09
13,3.605551275463989,882,0.7205294705294705,2.597905951476925,-1,-8.778754965236871,-1.6643514348778275e-09
13,3.605551275463989,883,0.7207792207792207,2.5988064388084595,-1,-8.786955277354778,-1.633220124480783e-09
13,3.605551275463989,884,0.721028971028971,2.599706926139994,-1,-8.795162112145736,-1.602647047724825e-09
13,3.605551275463989,885,0.7212787212787213,2.6006074134715287,-1,-8.803375476386806,-1.5726226399628578e-09
13,3.605551275463989,886,0.7215284715284715,2.601507900803063,-1,-8.811595376870557,-1.543137492498798e-09
13,3.605551275463989,887,0.7217782217782218,2.602408388134598,-1,-8.819821820405231,-1.5141823501798108e-09
13,3.605551275463989,888,0.7220279720279721,2.603308875466132,-1,-8.8280548138148,-1.4857481090240191e-09
13,3.605551275463989,889,0.7222777222777222,2.6042093627976666,-1,-8.836294363938991,-1.457825813882685e-09
13,3.605551275463989,890,0.7225274725274725,2.605109850129201,-1,-8.844540477633062,-1.4304066561372465e-09
13,3.605551275463989,891,0.7227772227772228,2.6060103374607353,-1,-8.852793161768313,-1.403481971427447e-09
13,3.605551275463989,892,0.723026973026973,2.60691082479227,-1,-8.861052423231968,-1.3770432374146594e-09
13,3.605551275463989,893,0.7232767232767232,2.607811312123804,-1,-8.869318268927067,-1.3510820715778147e-09
13,3.605551275463989,894,0.7235264735264735,2.608711799455339,-1,-8.877590705772546,-1.3255902290408516e-09
13,3.605551275463989,895,0.7237762237762237,2.609612286786873,-1,-8.885869740703392,-1.3005596004317208e-09
13,3.605551275463989,896,0.724025974025974,2.6105127741184075,-1,-8.8941553806707,-1.2759822097730488e-09
13,3.605551275463989,897,0.7242757242757243,2.6114132614499423,-1,-8.902447632641726,-1.2518502124036955e-09
13,3.605551275463989,898,0.7245254745254746,2.6123137487814767,-1,-8.910746503599622,-1.2281558929317054e-09
13,3.605551275463989,899,0.7247752247752248,2.613214236113011,-1,-8.919052000543966,-1.2048916632149614e-09
13,3.605551275463989,900,0.7250249750249751,2.614114723444546,-1,-8.92736413049069,-1.1820500603733584e-09
13,3.605551275463989,901,0.7252747252747253,2.61501521077608,-1,-8.935682900471896,-1.159623744830377e-09
13,3.605551275463989,902,0.7255244755244755,2.6159156981076146,-1,-8.944008317536001,-1.137605498382671e-09
13,3.605551275463989,903,0.7257742257742258,2.616816185439149,-1,-8.952340388747842,-1.1159882222981051e-09
13,3.605551275463989,904,0.7260239760239761,2.6177166727706833,-1,-8.960679121188782,-1.094764935441971e-09
13,3.605551275463989,905,0.7262737262737262,2.6186171601022177,-1,-8.969024521956735,-1.0739287724310217e-09
13,3.605551275463989,906,0.7265234765234765,2.619517647433752,-1,-8.977376598165913,-1.0534729818154707e-09
13,3.605551275463989,907,0.7267732267732268,2.620418134765287,-1,-8.985735356947355,-1.0333909242859433e-09
13,3.605551275463989,908,0.727022977022977,2.621318622096821,-1,-8.994100805448861,-1.0136760709085237e-09
13,3.605551275463989,909,0.7272727272727273,2.622219109428356,-1,-9.00247295083482,-9.943220013861317e-10
13,3.605551275463989,910,0.7275224775224776,2.6231195967598904,-1,-9.0108518002863,-9.753224023450747e-10
13,3.605551275463989,911,0.7277722277722278,2.6240200840914247,-1,-9.019237361001235,-9.56671065646884e-10
13,3.605551275463989,912,0.728021978021978,2.624920571422959,-1,-9.027629640194487,-9.383618867254794e-10
13,3.605551275463989,913,0.7282717282717283,2.6258210587544935,-1,-9.03602864509789,-9.203888629491902e-10
13,3.605551275463989,914,0.7285214785214785,2.6267215460860283,-1,-9.044434382959954,-9.027460920078503e-10
13,3.605551275463989,915,0.7287712287712288,2.6276220334175626,-1,-9.052846861046467,-8.854277703220547e-10
13,3.605551275463989,916,0.729020979020979,2.6285225207490965,-1,-9.061266086640384,-8.684281914776898e-10
13,3.605551275463989,917,0.7292707292707292,2.6294230080806313,-1,-9.069692067041675,-8.517417446839193e-10
13,3.605551275463989,918,0.7295204795204795,2.6303234954121657,-1,-9.078124809567399,-8.353629132537456e-10
13,3.605551275463989,919,0.7297702297702298,2.6312239827437005,-1,-9.086564321551904,-8.192862731071064e-10
13,3.605551275463989,920,0.73001998001998,2.632124470075235,-1,-9.095010610346893,-8.035064912966592e-10
13,3.605551275463989,921,0.7302697302697303,2.6330249574067692,-1,-9.103463683321467,-7.880183245557506e-10
13,3.605551275463989,922,0.7305194805194806,2.633925444738304,-1,-9.111923547861824,-7.728166178687734e-10
13,3.605551275463989,923,0.7307692307692308,2.6348259320698384,-1,-9.120390211371875,-7.578963030613936e-10
13,3.605551275463989,924,0.731018981018981,2.6357264194013728,-1,-9.128863681273138,-7.432523974132752e-10
13,3.605551275463989,925,0.7312687312687313,2.636626906732907,-1,-9.13734396500457,-7.288800022918265e-10
13,3.605551275463989,926,0.7315184815184815,2.6375273940644415,-1,-9.145831070022648,-7.147743018060519e-10
13,3.605551275463989,927,0.7317682317682318,2.6384278813959763,-1,-9.154325003801578,-7.009305614805576e-10
13,3.605551275463989,928,0.732017982017982,2.63932836872751,-1,-9.162825773833355,-6.873441269498221e-10
13,3.605551275463989,929,0.7322677322677322,2.640228856059045,-1,-9.171333387627833,-6.740104226722216e-10
13,3.605551275463989,930,0.7325174825174825,2.6411293433905794,-1,-9.179847852712372,-6.609249506641546e-10
13,3.605551275463989,931,0.7327672327672328,2.6420298307221137,-1,-9.18836917663251,-6.480832892517511e-10
13,3.605551275463989,932,0.733016983016983,2.6429303180536485,-1,-9.196897366951838,-6.354810918427875e-10
13,3.605551275463989,933,0.7332667332667333,2.643830805385183,-1,-9.205432431251829,-6.231140857172744e-10
13,3.605551275463989,934,0.7335164835164836,2.6447312927167177,-1,-9.213974377131924,-6.109780708360496e-10
13,3.605551275463989,935,0.7337662337662337,2.6456317800482516,-1,-9.222523212209735,-5.990689186673076e-10
13,3.605551275463989,936,0.734015984015984,2.646532267379786,-1,-9.23107894412115,-5.873825710311871e-10
13,3.605551275463989,937,0.7342657342657343,2.647432754711321,-1,-9.239641580520335,-5.759150389620761e-10
13,3.605551275463989,938,0.7345154845154845,2.648333242042855,-1,-9.24821112907943,-5.646624015887125e-10
13,3.605551275463989,939,0.7347652347652347,2.6492337293743895,-1,-9.256787597489204,-5.536208050300685e-10
13,3.605551275463989,940,0.735014985014985,2.650134216705924,-1,-9.265370993458971,-5.427864613091589e-10
13,3.605551275463989,941,0.7352647352647352,2.6510347040374582,-1,-9.273961324716367,-5.321556472836038e-10
13,3.605551275463989,942,0.7355144855144855,2.651935191368993,-1,-9.28255859900746,-5.217247035921358e-10
13,3.605551275463989,943,0.7357642357642358,2.6528356787005274,-1,-9.291162824096956,-5.114900336171677e-10
13,3.605551275463989,944,0.736013986013986,2.653736166032062,-1,-9.299774007768306,-5.014481024634029e-10
13,3.605551275463989,945,0.7362637362637363,2.6546366533635966,-1,-9.308392157823722,-4.915954359522607e-10
13,3.605551275463989,946,0.7365134865134866,2.655537140695131,-1,-9.317017282083839,-4.819286196321458e-10
13,3.605551275463989,947,0.7367632367632367,2.6564376280266653,-1,-9.32564938838841,-4.724442978027829e-10
13,3.605551275463989,948,0.737012987012987,2.6573381153581996,-1,-9.334288484596222,-4.631391725555039e-10
13,3.605551275463989,949,0.7372627372627373,2.6582386026897344,-1,-9.342934578584853,-4.540100028284692e-10
13,3.605551275463989,950,0.7375124875124875,2.659139090021269,-1,-9.35158767825078,-4.4505360347609654e-10
13,3.605551275463989,951,0.7377622377622377,2.660039577352803,-1,-9.36024779150961,-4.362668443527543e-10
13,3.605551275463989,952,0.738011988011988,2.6609400646843375,-1,-9.368914926296192,-4.2764664941075844e-10
13,3.605551275463989,953,0.7382617382617382,2.661840552015872,-1,-9.377589090564609,-4.191899958124682e-10
13,3.605551275463989,954,0.7385114885114885,2.6627410393474067,-1,-9.386270292287858,-4.108939130564305e-10
13,3.605551275463989,955,0.7387612387612388,2.663641526678941,-1,-9.394958539458548,-4.027554821160967e-10
13,3.605551275463989,956,0.739010989010989,2.6645420140104754,-1,-9.403653840088813,-3.947718345926998e-10
13,3.605551275463989,957,0.7392607392607393,2.66544250134201,-1,-9.412356202210077,-3.869401518814217e-10
13,3.605551275463989,958,0.7395104895104895,2.666342988673544,-1,-9.421065633873162,-3.792576643501979e-10
13,3.605551275463989,959,0.7397602397602397,2.667243476005079,-1,-9.42978214314852,-3.717216505312319e-10
13,3.605551275463989,960,0.74000999000999,2.6681439633366133,-1,-9.438505738126327,-3.6432943632522207e-10
13,3.605551275463989,961,0.7402597402597403,2.6690444506681477,-1,-9.447236426916534,-3.5707839421807956e-10
13,3.605551275463989,962,0.7405094905094904,2.669944937999682,-1,-9.455974217648466,-3.4996594251021904e-10
13,3.605551275463989,963,0.7407592407592407,2.6708454253312164,-1,-9.464719118471601,-3.429895445569506e-10
13,3.605551275463989,964,0.741008991008991,2.671745912662751,-1,-9.473471137555455,-3.36146708021507e-10
13,3.605551275463989,965,0.7412587412587412,2.6726463999942855,-1,-9.482230283089336,-3.2943498413986213e-10
13,3.605551275463989,966,0.7415084915084915,2.6735468873258204,-1,-9.490996563282467,-3.2285196699678235e-10
13,3.605551275463989,967,0.7417582417582418,2.6744473746573547,-1,-9.499769986364203,-3.16395292813184e-10
13,3.605551275463989,968,0.7420079920079921,2.675347861988889,-1,-9.508550560584165,-3.100626392447604e-10
13,3.605551275463989,969,0.7422577422577423,2.676248349320424,-1,-9.517338294212264,-3.0385172469172165e-10
13,3.605551275463989,970,0.7425074925074925,2.677148836651958,-1,-9.526133195538295,-2.977603076197056e-10
13,3.605551275463989,971,0.7427572427572428,2.6780493239834926,-1,-9.534935272872742,-2.9178618589053654e-10
13,3.605551275463989,972,0.743006993006993,2.678949811315027,-1,-9.54374453454667,-2.859271961042056e-10
13,3.605551275463989,973,0.7432567432567433,2.6798502986465613,-1,-9.55256098891146,-2.8018121295132254e-10
13,3.605551275463989,974,0.7435064935064934,2.6807507859780957,-1,-9.561384644338913,-2.7454614857556367e-10
13,3.605551275463989,975,0.7437562437562437,2.68165127330963,-1,-9.570215509221534,-2.690199519460877e-10
13,3.605551275463989,976,0.744005994005994,2.682551760641165,-1,-9.57905359197261,-2.6360060824003963e-10
13,3.605551275463989,977,0.7442557442557443,2.683452247972699,-1,-9.587898901026275,-2.5828613823485e-10
13,3.605551275463989,978,0.7445054945054945,2.6843527353042336,-1,-9.59675144483707,-2.530745977104836e-10
13,3.605551275463989,979,0.7447552447552448,2.6852532226357684,-1,-9.605611231880768,-2.479640768604159e-10
13,3.605551275463989,980,0.7450049950049951,2.6861537099673027,-1,-9.614478270654294,-2.4295269971254306e-10
13,3.605551275463989,981,0.7452547452547452,2.687054197298837,-1,-9.623352569675424,-2.380386235594173e-10
13,3.605551275463989,982,0.7455044955044955,2.6879546846303715,-1,-9.632234137482927,-2.332200383973001e-10
13,3.605551275463989,983,0.7457542457542458,2.688855171961906,-1,-9.641122982636775,-2.2849516637413436e-10
13,3.605551275463989,984,0.746003996003996,2.6897556592934406,-1,-9.650019113718336,-2.2386226124634669e-10
13,3.605551275463989,985,0.7462537462537462,2.6906561466249745,-1,-9.658922539330359,-2.1931960784443938e-10
13,3.605551275463989,986,0.7465034965034965,2.6915566339565093,-1,-9.667833268096562,-2.1486552154733026e-10
13,3.605551275463989,987,0.7467532467532467,2.6924571212880437,-1,-9.676751308662453,-2.1049834776447655e-10
13,3.605551275463989,988,0.747002997002997,2.693357608619578,-1,-9.685676669695287,-2.062164614267631e-10
13,3.605551275463989,989,0.7472527472527473,2.694258095951113,-1,-9.694609359883728,-2.020182664856739e-10
13,3.605551275463989,990,0.7475024975024975,2.6951585832826472,-1,-9.703549387937972,-1.9790219542029113e-10
13,3.605551275463989,991,0.7477522477522478,2.696059070614182,-1,-9.712496762590032,-1.9386670875214138e-10
13,3.605551275463989,992,0.7480019980019981,2.6969595579457164,-1,-9.72145149259387,-1.899102945679265e-10
13,3.605551275463989,993,0.7482517482517482,2.6978600452772503,-1,-9.730413586725437,-1.860314680499917e-10
13,3.605551275463989,994,0.7485014985014985,2.698760532608785,-1,-9.739383053782186,-1.8222877101457246e-10
13,3.605551275463989,995,0.7487512487512488,2.6996610199403195,-1,-9.748359902583989,-1.7850077145690339e-10
13,3.605551275463989,996,0.749000999000999,2.7005615072718543,-1,-9.757344141973034,-1.7484606310411064e-10
13,3.605551275463989,997,0.7492507492507492,2.701461994603388,-1,-9.766335780813513,-1.7126326497542317e-10
13,3.605551275463989,998,0.7495004995004995,2.7023624819349226,-1,-9.775334827991745,-1.6775102094930846e-10
13,3.605551275463989,999,0.7497502497502497,2.7032629692664574,-1,-9.784341292416451,-1.6430799933756937e-10
13,3.605551275463989,1000,0.75,2.7041634565979917,-1,-9.7933551830189,-1.6093289246640258e-10
13,3.605551275463989,1001,0.7502497502497503,2.7050639439295265,-1,-9.802376508752959,-1.5762441626430174e-10
13,3.605551275463989,1002,0.7504995004995005,2.705964431261061,-1,-9.81140527859459,-1.5438130985684575e-10
13,3.605551275463989,1003,0.7507492507492508,2.7068649185925953,-1,-9.820441501542764,-1.5120233516756765e-10
13,3.605551275463989,1004,0.7509990009990011,2.70776540592413,-1,-9.82948518661942,-1.4808627652567602e-10
13,3.605551275463989,1005,0.7512487512487512,2.708665893255664,-1,-9.838536342869093,-1.4503194028027996e-10
13,3.605551275463989,1006,0.7514985014985015,2.709566380587199,-1,-9.847594979359048,-1.4203815442071987e-10
13,3.605551275463989,1007,0.7517482517482518,2.710466867918733,-1,-9.856661105179558,-1.391037682030601e-10
13,3.605551275463989,1008,0.7519980019980019,2.7113673552502675,-1,-9.865734729444092,-1.3622765178271823e-10
13,3.605551275463989,1009,0.7522477522477522,2.712267842581802,-1,-9.874815861289342,-1.3340869585316156e-10
13,3.605551275463989,1010,0.7524975024975025,2.7131683299133362,-1,-9.883904509874675,-1.3064581129068768e-10
13,3.605551275463989,1011,0.7527472527472527,2.714068817244871,-1,-9.89300068438313,-1.2793792880455807e-10
13,3.605551275463989,1012,0.752997002997003,2.7149693045764054,-1,-9.902104394021348,-1.2528399859320562e-10
13,3.605551275463989,1013,0.7532467532467533,2.7158697919079398,-1,-9.911215648019201,-1.2268299000617458e-10
13,3.605551275463989,1014,0.7534965034965035,2.7167702792394746,-1,-9.920334455629902,-1.2013389121146705e-10
13,3.605551275463989,1015,0.7537462537462538,2.717670766571009,-1,-9.92946082613032,-1.176357088683102e-10
13,3.605551275463989,1016,0.753996003996004,2.7185712539025433,-1,-9.938594768821176,-1.1518746780535877e-10
13,3.605551275463989,1017,0.7542457542457542,2.7194717412340776,-1,-9.947736293027049,-1.1278821070424738e-10
13,3.605551275463989,1018,0.7544955044955045,2.720372228565612,-1,-9.95688540809584,-1.104369977885121e-10
13,3.605551275463989,1019,0.7547452547452547,2.7212727158971464,-1,-9.966042123399754,-1.0813290651724607e-10
13,3.605551275463989,1020,0.7549950049950049,2.7221732032286807,-1,-9.975206448335303,-1.0587503128409564e-10
13,3.605551275463989,1021,0.7552447552447552,2.7230736905602155,-1,-9.984378392322858,-1.036624831213366e-10
13,3.605551275463989,1022,0.7554945054945055,2.72397417789175,-1,-9.993557964806776,-1.0149438940871042e-10
13,3.605551275463989,1023,0.7557442557442557,2.7248746652232847,-1,-10.002745175255743,-9.936989358703793e-11
13,3.605551275463989,1024,0.755994005994006,2.725775152554819,-1,-10.01194003316297,-9.728815487663412e-11
13,3.605551275463989,1025,0.7562437562437563,2.7266756398863534,-1,-10.021142548046198,-9.524834800044016e-11
13,3.605551275463989,1026,0.7564935064935066,2.7275761272178882,-1,-10.030352729447129,-9.324966291188574e-11
13,3.605551275463989,1027,0.7567432567432568,2.7284766145494226,-1,-10.03957058693248,-9.129130452692884e-11
13,3.605551275463989,1028,0.756993006993007,2.729377101880957,-1,-10.048796130093942,-8.937249246080477e-11
13,3.605551275463989,1029,0.7572427572427572,2.7302775892124913,-1,-10.058029368547755,-8.74924607692463e-11
13,3.605551275463989,1030,0.7574925074925075,2.7311780765440257,-1,-10.06727031193482,-8.565045769390587e-11
13,3.605551275463989,1031,0.7577422577422577,2.73207856387556,-1,-10.076518969921038,-8.384574541199036e-11
13,3.605551275463989,1032,0.7579920079920079,2.7329790512070944,-1,-10.085775352197553,-8.207759979011139e-11
13,3.605551275463989,1033,0.7582417582417582,2.733879538538629,-1,-10.095039468480726,-8.034531014230774e-11
13,3.605551275463989,1034,0.7584915084915085,2.7347800258701636,-1,-10.10431132851156,-7.864817899222537e-11
13,3.605551275463989,1035,0.7587412587412588,2.735680513201698,-1,-10.11359094205677,-7.698552183898187e-11
13,3.605551275463989,1036,0.758991008991009,2.7365810005332327,-1,-10.122878318908793,-7.535666692716843e-11
13,3.605551275463989,1037,0.7592407592407593,2.737481487864767,-1,-10.132173468885282,-7.376095502080367e-11
13,3.605551275463989,1038,0.7594905094905096,2.738381975196302,-1,-10.141476401829268,-7.219773918097268e-11
13,3.605551275463989,1039,0.7597402597402597,2.739282462527836,-1,-10.15078712760949,-7.066638454718275e-11
13,3.605551275463989,1040,0.75999000999001,2.74018294985937,-1,-10.16010565612066,-6.916626812242534e-11
13,3.605551275463989,1041,0.7602397602397603,2.741083437190905,-1,-10.169431997283427,-6.769677856191296e-11
13,3.605551275463989,1042,0.7604895104895104,2.741983924522439,-1,-10.178766161043779,-6.625731596547109e-11
13,3.605551275463989,1043,0.7607392607392607,2.7428844118539737,-1,-10.188108157374161,-6.484729167317311e-11
13,3.605551275463989,1044,0.760989010989011,2.743784899185508,-1,-10.197457996273487,-6.346612806461524e-11
13,3.605551275463989,1045,0.7612387612387612,2.7446853865170424,-1,-10.20681568776661,-6.211325836166656e-11
13,3.605551275463989,1046,0.7614885114885115,2.745585873848577,-1,-10.216181241904481,-6.078812643446234e-11
13,3.605551275463989,1047,0.7617382617382618,2.7464863611801116,-1,-10.225554668764511,-5.949018661066038e-11
13,3.605551275463989,1048,0.761988011988012,2.7473868485116464,-1,-10.234935978450817,-5.821890348796372e-11
13,3.605551275463989,1049,0.7622377622377623,2.7482873358431807,-1,-10.244325181094228,-5.69737517498633e-11
13,3.605551275463989,1050,0.7624875124875126,2.749187823174715,-1,-10.253722286851627,-5.575421598460403e-11
13,3.605551275463989,1051,0.7627372627372627,2.7500883105062495,-1,-10.26312730590711,-5.455979050699689e-11
13,3.605551275463989,1052,0.762987012987013,2.750988797837784,-1,-10.272540248472037,-5.3389979183423995e-11
13,3.605551275463989,1053,0.7632367632367633,2.7518892851693186,-1,-10.281961124784457,-5.224429525990509e-11
13,3.605551275463989,1054,0.7634865134865134,2.7527897725008525,-1,-10.291389945109254,-5.112226119301212e-11
13,3.605551275463989,1055,0.7637362637362637,2.753690259832387,-1,-10.300826719738556,-5.0023408483643846e-11
13,3.605551275463989,1056,0.763986013986014,2.7545907471639217,-1,-10.310271458991972,-4.8947277513676305e-11
13,3.605551275463989,1057,0.7642357642357642,2.755491234495456,-1,-10.319724173216603,-4.789341738543658e-11
13,3.605551275463989,1058,0.7644855144855145,2.756391721826991,-1,-10.329184872786364,-4.686138576400767e-11
13,3.605551275463989,1059,0.7647352647352648,2.7572922091585252,-1,-10.338653568103167,-4.5850748722033815e-11
13,3.605551275463989,1060,0.764985014985015,2.7581926964900596,-1,-10.348130269597004,-4.486108058732468e-11
13,3.605551275463989,1061,0.7652347652347653,2.7590931838215944,-1,-10.35761498772534,-4.3891963793149587e-11
13,3.605551275463989,1062,0.7654845154845155,2.7599936711531283,-1,-10.367107732973238,-4.294298873103121e-11
13,3.605551275463989,1063,0.7657342657342657,2.760894158484663,-1,-10.376608515853828,-4.201375360604677e-11
13,3.605551275463989,1064,0.765984015984016,2.7617946458161975,-1,-10.386117346908513,-4.1103864294653185e-11
13,3.605551275463989,1065,0.7662337662337662,2.762695133147732,-1,-10.395634236707007,-4.021293420498858e-11
13,3.605551275463989,1066,0.7664835164835164,2.763595620479266,-1,-10.405159195846625,-3.9340584139656326e-11
13,3.605551275463989,1067,0.7667332667332667,2.7644961078108006,-1,-10.414692234953499,-3.848644216070493e-11
13,3.605551275463989,1068,0.766983016983017,2.7653965951423354,-1,-10.424233364682676,-3.76501434570574e-11
13,3.605551275463989,1069,0.7672327672327672,2.7662970824738697,-1,-10.433782595717496,-3.683133021430085e-11
13,3.605551275463989,1070,0.7674825174825175,2.767197569805404,-1,-10.443339938769709,-3.602965148666847e-11
13,3.605551275463989,1071,0.7677322677322678,2.768098057136939,-1,-10.45290540457994,-3.524476307121969e-11
13,3.605551275463989,1072,0.767982017982018,2.7689985444684733,-1,-10.462479003917952,-3.447632738422745e-11
13,3.605551275463989,1073,0.7682317682317683,2.769899031800008,-1,-10.472060747582665,-3.3724013339739554e-11
13,3.605551275463989,1074,0.7684815184815185,2.770799519131542,-1,-10.48165064640139,-3.298749623031614e-11
13,3.605551275463989,1075,0.7687312687312687,2.7717000064630763,-1,-10.491248711231128,-3.226645760968546e-11
13,3.605551275463989,1076,0.768981018981019,2.772600493794611,-1,-10.50085495295867,-3.156058517754925e-11
13,3.605551275463989,1077,0.7692307692307692,2.773500981126145,-1,-10.51046938249994,-3.086957266645413e-11
13,3.605551275463989,1078,0.7694805194805194,2.77440146845768,-1,-10.520092010800111,-3.019311973058221e-11
13,3.605551275463989,1079,0.7697302697302697,2.7753019557892142,-1,-10.529722848834089,-2.9530931836466796e-11
13,3.605551275463989,1080,0.76998001998002,2.776202443120749,-1,-10.539361907606803,-2.8882720155638683e-11
13,3.605551275463989,1081,0.7702297702297702,2.7771029304522834,-1,-10.549009198153211,-2.824820145917785e-11
13,3.605551275463989,1082,0.7704795204795205,2.7780034177838178,-1,-10.558664731537508,-2.7627098014165957e-11
13,3.605551275463989,1083,0.7707292707292708,2.7789039051153526,-1,-10.56832851885446,-2.7019137481823178e-11
13,3.605551275463989,1084,0.770979020979021,2.779804392446887,-1,-10.578000571229547,-2.6424052817517305e-11
13,3.605551275463989,1085,0.7712287712287712,2.7807048797784213,-1,-10.587680899818244,-2.5841582172588185e-11
13,3.605551275463989,1086,0.7714785214785215,2.7816053671099557,-1,-10.597369515806163,-2.5271468797846363e-11
13,3.605551275463989,1087,0.7717282717282717,2.78250585444149,-1,-10.607066430409532,-2.4713460948757007e-11
13,3.605551275463989,1088,0.7719780219780219,2.7834063417730244,-1,-10.61677165487551,-2.4167311792311122e-11
13,3.605551275463989,1089,0.7722277722277722,2.7843068291045587,-1,-10.62648520048222,-2.3632779315561008e-11
13,3.605551275463989,1090,0.7724775224775224,2.7852073164360935,-1,-10.636207078537876,-2.3109626235822338e-11
13,3.605551275463989,1091,0.7727272727272727,2.786107803767628,-1,-10.645937300382187,-2.2597619912343397e-11
13,3.605551275463989,1092,0.772977022977023,2.7870082910991623,-1,-10.655675877386548,-2.2096532259611357e-11
13,3.605551275463989,1093,0.7732267732267732,2.787908778430697,-1,-10.665422820953232,-2.1606139662247695e-11
13,3.605551275463989,1094,0.7734765234765235,2.7888092657622314,-1,-10.675178142515566,-2.1126222891363436e-11
13,3.605551275463989,1095,0.7737262737262738,2.7897097530937662,-1,-10.684941853538422,-2.0656567022388004e-11
13,3.605551275463989,1096,0.773976023976024,2.7906102404253006,-1,-10.694713965518563,-2.0196961354370387e-11
13,3.605551275463989,1097,0.7742257742257742,2.7915107277568345,-1,-10.704494489984643,-1.9747199330735678e-11
13,3.605551275463989,1098,0.7744755244755245,2.7924112150883693,-1,-10.714283438496345,-1.9307078461494338e-11
13,3.605551275463989,1099,0.7747252747252747,2.7933117024199037,-1,-10.724080822645783,-1.8876400246736157e-11
13,3.605551275463989,1100,0.7749750249750249,2.794212189751438,-1,-10.733886654057747,-1.8454970101548975e-11
13,3.605551275463989,1101,0.7752247752247752,2.7951126770829724,-1,-10.743700944388884,-1.8042597282325412e-11
13,3.605551275463989,1102,0.7754745254745254,2.7960131644145068,-1,-10.753523705327792,-1.7639094814348434e-11
13,3.605551275463989,1103,0.7757242757242757,2.7969136517460416,-1,-10.763354948595607,-1.7244279420655196e-11
13,3.605551275463989,1104,0.775974025974026,2.797814139077576,-1,-10.773194685946336,-1.6857971452190507e-11
13,3.605551275463989,1105,0.7762237762237763,2.7987146264091107,-1,-10.78304292916688,-1.64799948192279e-11
13,3.605551275463989,1106,0.7764735264735265,2.799615113740645,-1,-10.792899690076085,-1.6110176924059035e-11
13,3.605551275463989,1107,0.7767232767232768,2.8005156010721795,-1,-10.802764980526248,-1.5748348594801952e-11
13,3.605551275463989,1108,0.776973026973027,2.801416088403714,-1,-10.812638812403376,-1.539434402045178e-11
13,3.605551275463989,1109,0.7772227772227772,2.802316575735248,-1,-10.8225211976263,-1.5048000687143347e-11
13,3.605551275463989,1110,0.7774725274725275,2.803217063066783,-1,-10.832412148146796,-1.470915931552623e-11
13,3.605551275463989,1111,0.7777222777222776,2.804117550398317,-1,-10.842311675950166,-1.4377663799256363e-11
13,3.605551275463989,1112,0.7779720279720279,2.8050180377298513,-1,-10.852219793055648,-1.4053361144607979e-11
13,3.605551275463989,1113,0.7782217782217782,2.805918525061386,-1,-10.862136511516358,-1.3736101411194519e-11
13,3.605551275463989,1114,0.7784715284715285,2.8068190123929204,-1,-10.872061843418376,-1.3425737653790112e-11
13,3.605551275463989,1115,0.7787212787212787,2.8077194997244552,-1,-10.881995800882242,-1.3122125865129738e-11
13,3.605551275463989,1116,0.778971028971029,2.8086199870559896,-1,-10.891938396063312,-1.2825124919787323e-11
13,3.605551275463989,1117,0.7792207792207793,2.809520474387524,-1,-10.90188964115076,-1.253459651911295e-11
13,3.605551275463989,1118,0.7794705294705295,2.8104209617190588,-1,-10.911849548367734,-1.2250405137136869e-11
13,3.605551275463989,1119,0.7797202797202798,2.811321449050593,-1,-10.921818129971967,-1.1972417967445094e-11
13,3.605551275463989,1120,0.77997002997003,2.8122219363821275,-1,-10.931795398256178,-1.1700504871031915e-11
13,3.605551275463989,1121,0.7802197802197802,2.813122423713662,-1,-10.941781365548056,-1.1434538325115128e-11
13,3.605551275463989,1122,0.7804695304695305,2.814022911045196,-1,-10.951776044209264,-1.1174393372911827e-11
13,3.605551275463989,1123,0.7807192807192807,2.8149233983767306,-1,-10.96177944663701,-1.0919947574263867e-11
13,3.605551275463989,1124,0.7809690309690309,2.815823885708265,-1,-10.971791585264436,-1.067108095720082e-11
13,3.605551275463989,1125,0.7812187812187812,2.8167243730397997,-1,-10.981812472559573,-1.0427675970425549e-11
13,3.605551275463989,1126,0.7814685314685315,2.817624860371334,-1,-10.991842121025476,-1.0189617436639992e-11
13,3.605551275463989,1127,0.7817182817182817,2.8185253477028684,-1,-11.001880543200885,-9.956792506715644e-12
13,3.605551275463989,1128,0.781968031968032,2.8194258350344032,-1,-11.01192775166063,-9.729090614713454e-12
13,3.605551275463989,1129,0.7822177822177823,2.8203263223659376,-1,-11.021983759015646,-9.506403433740475e-12
13,3.605551275463989,1130,0.7824675324675325,2.8212268096974724,-1,-11.032048577911887,-9.288624832642127e-12
13,3.605551275463989,1131,0.7827172827172827,2.8221272970290063,-1,-11.042122221031983,-9.07565083343243e-12
13,3.605551275463989,1132,0.782967032967033,2.8230277843605407,-1,-11.052204701095674,-8.8673795695383e-12
13,3.605551275463989,1133,0.7832167832167832,2.8239282716920755,-1,-11.062296030858686,-8.66371124484638e-12
13,3.605551275463989,1134,0.7834665334665334,2.8248287590236094,-1,-11.072396223112877,-8.464548093479596e-12
13,3.605551275463989,1135,0.7837162837162837,2.825729246355144,-1,-11.082505290686932,-8.269794340306797e-12
13,3.605551275463989,1136,0.7839660339660339,2.8266297336866786,-1,-11.092623246446788,-8.079356162190643e-12
13,3.605551275463989,1137,0.7842157842157842,2.8275302210182134,-1,-11.102750103295637,-7.893141649961816e-12
13,3.605551275463989,1138,0.7844655344655345,2.8284307083497477,-1,-11.112885874172814,-7.71106077111855e-12
13,3.605551275463989,1139,0.7847152847152847,2.829331195681282,-1,-11.123030572055493,-7.533025333167397e-12
13,3.605551275463989,1140,0.784965034965035,2.830231683012817,-1,-11.13318420995917,-7.358948947669519e-12
13,3.605551275463989,1141,0.7852147852147853,2.8311321703443513,-1,-11.143346800936495,-7.188746994984202e-12
13,3.605551275463989,1142,0.7854645354645355,2.8320326576758856,-1,-11.1535183580774,-7.022336589645346e-12
13,3.605551275463989,1143,0.7857142857142857,2.83293314500742,-1,-11.163698894509803,-6.859636546374536e-12
13,3.605551275463989,1144,0.785964035964036,2.8338336323389544,-1,-11.173888423400122,-6.7005673467325514e-12
13,3.605551275463989,1145,0.7862137862137862,2.834734119670489,-1,-11.184086957953218,-6.545051106403192e-12
13,3.605551275463989,1146,0.7864635364635364,2.835634607002023,-1,-11.194294511411258,-6.3930115431046476e-12
13,3.605551275463989,1147,0.7867132867132867,2.836535094333558,-1,-11.20451109705546,-6.244373945057499e-12
13,3.605551275463989,1148,0.7869630369630369,2.8374355816650922,-1,-11.21473672820665,-6.099065140063409e-12
13,3.605551275463989,1149,0.7872127872127872,2.8383360689966266,-1,-11.224971418224001,-5.9570134651892965e-12
13,3.605551275463989,1150,0.7874625374625375,2.8392365563281614,-1,-11.235215180505163,-5.818148736999645e-12
13,3.605551275463989,1151,0.7877122877122877,2.8401370436596958,-1,-11.24546802848702,-5.682402222340093e-12
13,3.605551275463989,1152,0.787962037962038,2.8410375309912306,-1,-11.25572997564619,-5.549706609674872e-12
13,3.605551275463989,1153,0.7882117882117883,2.841938018322765,-1,-11.266001035499038,-5.41999598097082e-12
13,3.605551275463989,1154,0.7884615384615384,2.842838505654299,-1,-11.276281221600406,-5.293205784126327e-12
13,3.605551275463989,1155,0.7887112887112887,2.8437389929858337,-1,-11.286570547545475,-5.169272805881594e-12
13,3.605551275463989,1156,0.788961038961039,2.844639480317368,-1,-11.296869026970352,-5.048135145257494e-12
13,3.605551275463989,1157,0.7892107892107891,2.8455399676489024,-1,-11.307176673550753,-4.929732187518948e-12
13,3.605551275463989,1158,0.7894605394605394,2.8464404549804367,-1,-11.317493501002119,-4.814004578612957e-12
13,3.605551275463989,1159,0.7897102897102897,2.847340942311971,-1,-11.327819523080402,-4.700894200083582e-12
13,3.605551275463989,1160,0.7899600399600399,2.848241429643506,-1,-11.338154753582621,-4.5903441444658285e-12
13,3.605551275463989,1161,0.7902097902097902,2.8491419169750403,-1,-11.348499206346844,-4.482298691153045e-12
13,3.605551275463989,1162,0.7904595404595405,2.850042404306575,-1,-11.358852895250894,-4.3767032827352474e-12
13,3.605551275463989,1163,0.7907092907092907,2.8509428916381094,-1,-11.369215834214218,-4.273504501754657e-12
13,3.605551275463989,1164,0.790959040959041,2.851843378969644,-1,-11.379588037198616,-4.172650047916634e-12
13,3.605551275463989,1165,0.7912087912087913,2.8527438663011786,-1,-11.389969518206788,-4.074088715756047e-12
13,3.605551275463989,1166,0.7914585414585414,2.8536443536327125,-1,-11.400360291282452,-3.977770372713304e-12
13,3.605551275463989,1167,0.7917082917082917,2.8545448409642473,-1,-11.410760370511197,-3.8836459376222406e-12
13,3.605551275463989,1168,0.791958041958042,2.8554453282957817,-1,-11.421169770021045,-3.7916673596125886e-12
13,3.605551275463989,1169,0.7922077922077921,2.8563458156273156,-1,-11.431588503982438,-3.701787597421228e-12
13,3.605551275463989,1170,0.7924575424575424,2.8572463029588504,-1,-11.442016586606899,-3.6139605991104994e-12
13,3.605551275463989,1171,0.7927072927072927,2.8581467902903848,-1,-11.452454032148937,-3.528141282147319e-12
13,3.605551275463989,1172,0.792957042957043,2.8590472776219196,-1,-11.46290085490687,-3.4442855138748532e-12
13,3.605551275463989,1173,0.7932067932067932,2.859947764953454,-1,-11.473357069221285,-3.3623500923781185e-12
13,3.605551275463989,1174,0.7934565434565435,2.8608482522849883,-1,-11.483822689475144,-3.2822927277033903e-12
13,3.605551275463989,1175,0.7937062937062938,2.861748739616523,-1,-11.494297730094663,-3.20407202343312e-12
13,3.605551275463989,1176,0.793956043956044,2.8626492269480575,-1,-11.50478220554995,-3.1276474586182983e-12
13,3.605551275463989,1177,0.7942057942057942,2.863549714279592,-1,-11.515276130354962,-3.0529793700642785e-12
13,3.605551275463989,1178,0.7944555444555444,2.864450201611126,-1,-11.5257795190661,-2.9800289349676487e-12
13,3.605551275463989,1179,0.7947052947052947,2.8653506889426605,-1,-11.536292386284186,-2.908758153864528e-12
13,3.605551275463989,1180,0.7949550449550449,2.866251176274195,-1,-11.546814746655373,-2.8391298339171364e-12
13,3.605551275463989,1181,0.7952047952047951,2.8671516636057293,-1,-11.55734661486952,-2.7711075725406055e-12
13,3.605551275463989,1182,0.7954545454545454,2.868052150937264,-1,-11.56788800566025,-2.704655741335097e-12
13,3.605551275463989,1183,0.7957042957042957,2.8689526382687984,-1,-11.57843893380592,-2.6397394703240085e-12
13,3.605551275463989,1184,0.795954045954046,2.869853125600333,-1,-11.588999414130276,-2.5763246325005183e-12
13,3.605551275463989,1185,0.7962037962037962,2.8707536129318676,-1,-11.599569461502414,-2.514377828679e-12
13,3.605551275463989,1186,0.7964535464535465,2.871654100263402,-1,-11.610149090835295,-2.4538663726489615e-12
13,3.605551275463989,1187,0.7967032967032968,2.8725545875949368,-1,-11.6207383170878,-2.3947582765974203e-12
13,3.605551275463989,1188,0.796953046953047,2.873455074926471,-1,-11.631337155265742,-2.3370222368224124e-12
13,3.605551275463989,1189,0.7972027972027972,2.874355562258005,-1,-11.641945620420099,-2.2806276197402384e-12
13,3.605551275463989,1190,0.7974525474525475,2.87525604958954,-1,-11.65256372764713,-2.225544448155146e-12
13,3.605551275463989,1191,0.7977022977022977,2.876156536921074,-1,-11.663191492089327,-2.1717433877931403e-12
13,3.605551275463989,1192,0.7979520479520479,2.8770570242526086,-1,-11.673828928936132,-2.119195734100977e-12
13,3.605551275463989,1193,0.7982017982017982,2.877957511584143,-1,-11.684476053423934,-2.0678733993074964e-12
13,3.605551275463989,1194,0.7984515484515484,2.8788579989156777,-1,-11.695132880834462,-2.0177488997459624e-12
13,3.605551275463989,1195,0.7987012987012987,2.879758486247212,-1,-11.705799426496919,-1.9687953434071936e-12
13,3.605551275463989,1196,0.798951048951049,2.8806589735787465,-1,-11.716475705789113,-1.9209864177428123e-12
13,3.605551275463989,1197,0.7992007992007992,2.8815594609102813,-1,-11.727161734135576,-1.874296377721878e-12
13,3.605551275463989,1198,0.7994505494505495,2.8824599482418156,-1,-11.737857527007643,-1.8287000341132004e-12
13,3.605551275463989,1199,0.7997002997002998,2.88336043557335,-1,-11.748563099924494,-1.7841727419944857e-12
13,3.605551275463989,1200,0.7999500499500499,2.8842609229048843,-1,-11.759278468453898,-1.7406903894899225e-12
13,3.605551275463989,1201,0.8001998001998002,2.8851614102364187,-1,-11.770003648212203,-1.6982293867331793e-12
13,3.605551275463989,1202,0.8004495504495505,2.8860618975679535,-1,-11.78073865486266,-1.6567666550549125e-12
13,3.605551275463989,1203,0.8006993006993006,2.8869623848994874,-1,-11.79148350411761,-1.6162796163688043e-12
13,3.605551275463989,1204,0.8009490509490509,2.8878628722310222,-1,-11.802238211739766,-1.5767461827720785e-12
13,3.605551275463989,1205,0.8011988011988012,2.8887633595625566,-1,-11.813002793540173,-1.5381447463643823e-12
13,3.605551275463989,1206,0.8014485514485514,2.889663846894091,-1,-11.82377726537829,-1.5004541692603388e-12
13,3.605551275463989,1207,0.8016983016983017,2.8905643342256258,-1,-11.834561643163088,-1.4636537737969877e-12
13,3.605551275463989,1208,0.801948051948052,2.89146482155716,-1,-11.845355942853853,-1.427723332937283e-12
13,3.605551275463989,1209,0.8021978021978022,2.892365308888695,-1,-11.856160180460138,-1.3926430608675437e-12
13,3.605551275463989,1210,0.8024475524475525,2.8932657962202293,-1,-11.866974372040056,-1.3583936037873313e-12
13,3.605551275463989,1211,0.8026973026973028,2.8941662835517636,-1,-11.8777985337025,-1.3249560308701538e-12
13,3.605551275463989,1212,0.8029470529470529,2.895066770883298,-1,-11.888632681608541,-1.2923118254079317e-12
13,3.605551275463989,1213,0.8031968031968032,2.8959672582148324,-1,-11.899476831969327,-1.2604428761429785e-12
13,3.605551275463989,1214,0.8034465534465535,2.896867745546367,-1,-11.910331001046059,-1.22933146876653e-12
13,3.605551275463989,1215,0.8036963036963036,2.897768232877901,-1,-11.921195205151204,-1.1989602775840744e-12
13,3.605551275463989,1216,0.8039460539460539,2.8986687202094354,-1,-11.932069460649354,-1.16931235734896e-12
13,3.605551275463989,1217,0.8041958041958042,2.8995692075409703,-1,-11.942953783957147,-1.1403711352625422e-12
13,3.605551275463989,1218,0.8044455544455544,2.9004696948725046,-1,-11.95384819154149,-1.1121204031392202e-12
13,3.605551275463989,1219,0.8046953046953047,2.9013701822040394,-1,-11.964752699921833,-1.0845443097181163e-12
13,3.605551275463989,1220,0.804945054945055,2.9022706695355738,-1,-11.975667325671752,-1.0576273531319113e-12
13,3.605551275463989,1221,0.8051948051948052,2.903171156867108,-1,-11.986592085416627,-1.0313543735369664e-12
13,3.605551275463989,1222,0.8054445554445555,2.904071644198643,-1,-11.997526995833695,-1.005710545885778e-12
13,3.605551275463989,1223,0.8056943056943057,2.904972131530177,-1,-12.008472073653252,-9.806813728426312e-13
13,3.605551275463989,1224,0.8059440559440559,2.9058726188617117,-1,-12.019427335659614,-9.562526778431872e-13
13,3.605551275463989,1225,0.8061938061938062,2.906773106193246,-1,-12.03039279869102,-9.324105982969262e-13
13,3.605551275463989,1226,0.8064435564435564,2.90767359352478,-1,-12.041368479637745,-9.09141578930782e-13
13,3.605551275463989,1227,0.8066933066933066,2.9085740808563147,-1,-12.052354395444489,-8.864323652583836e-13
13,3.605551275463989,1228,0.8069430569430569,2.909474568187849,-1,-12.063350563112058,-8.642699971837173e-13
13,3.605551275463989,1229,0.8071928071928072,2.910375055519384,-1,-12.074356999694945,-8.426418027429985e-13
13,3.605551275463989,1230,0.8074425574425574,2.9112755428509183,-1,-12.085373722301318,-8.215353919684727e-13
13,3.605551275463989,1231,0.8076923076923077,2.9121760301824526,-1,-12.096400748094336,-8.009386508745297e-13
13,3.605551275463989,1232,0.807942057942058,2.9130765175139874,-1,-12.107438094293114,-7.808397355671956e-13
13,3.605551275463989,1233,0.8081918081918082,2.913977004845522,-1,-12.118485778172683,-7.612270664756267e-13
13,3.605551275463989,1234,0.8084415584415585,2.9148774921770566,-1,-12.129543817061977,-7.420893227046029e-13
13,3.605551275463989,1235,0.8086913086913087,2.9157779795085905,-1,-12.140612228346258,-7.234154364944567e-13
13,3.605551275463989,1236,0.8089410589410589,2.916678466840125,-1,-12.151691029469054,-7.051945877955687e-13
13,3.605551275463989,1237,0.8091908091908092,2.9175789541716597,-1,-12.162780237929491,-6.874161989615417e-13
13,3.605551275463989,1238,0.8094405594405594,2.9184794415031936,-1,-12.1738798712823,-6.700699295463223e-13
13,3.605551275463989,1239,0.8096903096903096,2.9193799288347284,-1,-12.184989947139217,-6.531456712059249e-13
13,3.605551275463989,1240,0.8099400599400599,2.9202804161662628,-1,-12.19611048316998,-6.366335427055711e-13
13,3.605551275463989,1241,0.8101898101898102,2.921180903497797,-1,-12.207241497102295,-6.205238850310996e-13
13,3.605551275463989,1242,0.8104395604395604,2.922081390829332,-1,-12.218383006719751,-6.048072566036976e-13
13,3.605551275463989,1243,0.8106893106893107,2.9229818781608663,-1,-12.229535029864278,-5.894744285865503e-13
13,3.605551275463989,1244,0.810939060939061,2.923882365492401,-1,-12.240697584438278,-5.745163802890828e-13
13,3.605551275463989,1245,0.8111888111888113,2.9247828528239355,-1,-12.251870688401803,-5.59924294672697e-13
13,3.605551275463989,1246,0.8114385614385614,2.9256833401554694,-1,-12.26305435977253,-5.456895539453066e-13
13,3.605551275463989,1247,0.8116883116883117,2.926583827487004,-1,-12.274248616627204,-5.318037352450556e-13
13,3.605551275463989,1248,0.811938061938062,2.9274843148185385,-1,-12.285453477102767,-5.182586064139766e-13
13,3.605551275463989,1249,0.8121878121878121,2.928384802150073,-1,-12.29666895939627,-5.050461218607057e-13
13,3.605551275463989,1250,0.8124375624375624,2.9292852894816073,-1,-12.307895081762704,-4.921584185113097e-13
13,3.605551275463989,1251,0.8126873126873126,2.930185776813142,-1,-12.319131862517521,-4.795878118385971e-13
13,3.605551275463989,1252,0.8129370629370629,2.9310862641446764,-1,-12.33037932003896,-4.673267919744767e-13
13,3.605551275463989,1253,0.8131868131868132,2.931986751476211,-1,-12.341637472765061,-4.553680199090381e-13
13,3.605551275463989,1254,0.8134365634365635,2.9328872388077456,-1,-12.352906339193595,-4.437043237653105e-13
13,3.605551275463989,1255,0.8136863136863137,2.93378772613928,-1,-12.364185937883581,-4.323286951500322e-13
13,3.605551275463989,1256,0.813936063936064,2.9346882134708143,-1,-12.375476287456513,-4.2123428558101e-13
13,3.605551275463989,1257,0.8141858141858143,2.935588700802349,-1,-12.386777406596268,-4.1041440299043197e-13
13,3.605551275463989,1258,0.8144355644355644,2.936489188133883,-1,-12.398089314046798,-3.9986250830328246e-13
13,3.605551275463989,1259,0.8146853146853147,2.937389675465418,-1,-12.409412028614739,-3.8957221208260215e-13
13,3.605551275463989,1260,0.814935064935065,2.938290162796952,-1,-12.420745569171958,-3.7953727124536294e-13
13,3.605551275463989,1261,0.8151848151848151,2.9391906501284866,-1,-12.432089954652367,-3.6975158585235414e-13
13,3.605551275463989,1262,0.8154345654345654,2.940091137460021,-1,-12.443445204051816,-3.602091959624626e-13
13,3.605551275463989,1263,0.8156843156843157,2.9409916247915553,-1,-12.45481133642971,-3.5090427855161325e-13
13,3.605551275463989,1264,0.8159340659340659,2.94189211212309,-1,-12.466188370910295,-3.41831144496933e-13
13,3.605551275463989,1265,0.8161838161838162,2.9427925994546245,-1,-12.477576326682582,-3.329842356255267e-13
13,3.605551275463989,1266,0.8164335664335665,2.9436930867861593,-1,-12.488975222997919,-3.243581218271844e-13
13,3.605551275463989,1267,0.8166833166833167,2.9445935741176936,-1,-12.50038507917265,-3.159474982239929e-13
13,3.605551275463989,1268,0.816933066933067,2.945494061449228,-1,-12.511805914590935,-3.0774718239986447e-13
13,3.605551275463989,1269,0.8171828171828172,2.9463945487807623,-1,-12.523237748701307,-2.9975211169316697e-13
13,3.605551275463989,1270,0.8174325674325674,2.9472950361122967,-1,-12.534680601016579,-2.9195734054404387e-13
13,3.605551275463989,1271,0.8176823176823177,2.9481955234438315,-1,-12.546134491115515,-2.843580378967155e-13
13,3.605551275463989,1272,0.8179320679320679,2.9490960107753654,-1,-12.55759943864422,-2.7694948465717936e-13
13,3.605551275463989,1273,0.8181818181818181,2.9499964981069,-1,-12.569075463316073,-2.69727071205852e-13
13,3.605551275463989,1274,0.8184315684315684,2.9508969854384346,-1,-12.580562584909151,-2.6268629496454766e-13
13,3.605551275463989,1275,0.8186813186813187,2.951797472769969,-1,-12.592060823268945,-2.5582275801183083e-13
13,3.605551275463989,1276,0.8189310689310689,2.9526979601015038,-1,-12.603570198311479,-2.491321647491153e-13
13,3.605551275463989,1277,0.8191808191808192,2.953598447433038,-1,-12.615090730019624,-2.426103196205157e-13
13,3.605551275463989,1278,0.8194305694305695,2.9544989347645725,-1,-12.626622438442949,-2.362531248790916e-13
13,3.605551275463989,1279,0.8196803196803197,2.9553994220961073,-1,-12.63816534369951,-2.300565783997412e-13
13,3.605551275463989,1280,0.81993006993007,2.9562999094276416,-1,-12.649719465977338,-2.2401677153911208e-13
13,3.605551275463989,1281,0.8201798201798202,2.957200396759176,-1,-12.661284825534333,-2.1812988704218053e-13
13,3.605551275463989,1282,0.8204295704295704,2.9581008840907104,-1,-12.672861442695611,-2.1239219699488924e-13
13,3.605551275463989,1283,0.8206793206793207,2.9590013714222447,-1,-12.684449337856242,-2.068000608179105e-13
13,3.605551275463989,1284,0.8209290709290709,2.959901858753779,-1,-12.696048531484658,-2.0134992330332322e-13
13,3.605551275463989,1285,0.8211788211788211,2.9608023460853135,-1,-12.70765904411876,-1.9603831269696345e-13
13,3.605551275463989,1286,0.8214285714285714,2.9617028334168483,-1,-12.719280896365678,-1.9086183882013947e-13
13,3.605551275463989,1287,0.8216783216783217,2.9626033207483826,-1,-12.730914108903683,-1.8581719123083296e-13
13,3.605551275463989,1288,0.8219280719280719,2.963503808079917,-1,-12.742558702483796,-1.8090113742475256e-13
13,3.605551275463989,1289,0.8221778221778222,2.964404295411452,-1,-12.754214697929662,-1.7611052107597134e-13
13,3.605551275463989,1290,0.8224275724275725,2.965304782742986,-1,-12.765882116134737,-1.7144226031658856e-13
13,3.605551275463989,1291,0.8226773226773227,2.966205270074521,-1,-12.777560978065114,-1.668933460512432e-13
13,3.605551275463989,1292,0.8229270729270729,2.967105757406055,-1,-12.789251304763253,-1.6246084030789847e-13
13,3.605551275463989,1293,0.8231768231768232,2.9680062447375892,-1,-12.800953117343806,-1.5814187462740367e-13
13,3.605551275463989,1294,0.8234265734265734,2.968906732069124,-1,-12.812666436993316,-1.5393364848636517e-13
13,3.605551275463989,1295,0.8236763236763236,2.969807219400658,-1,-12.82439128497228,-1.4983342775341333e-13
13,3.605551275463989,1296,0.8239260739260739,2.9707077067321928,-1,-12.836127682616844,-1.458385431792165e-13
13,3.605551275463989,1297,0.8241758241758241,2.971608194063727,-1,-12.847875651338665,-1.4194638891999714e-13
13,3.605551275463989,1298,0.8244255744255744,2.9725086813952615,-1,-12.859635212621969,-1.3815442109407345e-13
13,3.605551275463989,1299,0.8246753246753247,2.9734091687267963,-1,-12.871406388026417,-1.3446015636790497e-13
13,3.605551275463989,1300,0.8249250749250749,2.9743096560583306,-1,-12.883189199191198,-1.3086117057273843e-13
13,3.605551275463989,1301,0.8251748251748252,2.9752101433898654,-1,-12.894983667830553,-1.2735509735413614e-13
13,3.605551275463989,1302,0.8254245754245755,2.9761106307214,-1,-12.906789815733445,-1.239396268496349e-13
13,3.605551275463989,1303,0.8256743256743257,2.977011118052934,-1,-12.918607664765718,-1.2061250439463963e-13
13,3.605551275463989,1304,0.8259240759240759,2.9779116053844685,-1,-12.930437236871896,-1.1737152925682686e-13
13,3.605551275463989,1305,0.8261738261738262,2.978812092716003,-1,-12.942278554075095,-1.1421455339886545e-13
13,3.605551275463989,1306,0.8264235764235764,2.9797125800475377,-1,-12.954131638473886,-1.111394802690539e-13
13,3.605551275463989,1307,0.8266733266733266,2.9806130673790716,-1,-12.965996512245203,-1.0814426361690372e-13
13,3.605551275463989,1308,0.8269230769230769,2.9815135547106064,-1,-12.977873197648856,-1.0522690633448513e-13
13,3.605551275463989,1309,0.8271728271728271,2.982414042042141,-1,-12.989761717022708,-1.0238545932562724e-13
13,3.605551275463989,1310,0.8274225774225774,2.983314529373675,-1,-13.001662092782315,-9.961802039884487e-14
13,3.605551275463989,1311,0.8276723276723277,2.98421501670521,-1,-13.013574347423184,-9.69227331840901e-14
13,3.605551275463989,1312,0.827922077922078,2.9851155040367443,-1,-13.025498503522744,-9.429778607355597e-14
13,3.605551275463989,1313,0.8281718281718282,2.9860159913682787,-1,-13.037434583740199,-9.174141118639909e-14
13,3.605551275463989,1314,0.8284215784215785,2.9869164786998135,-1,-13.049382610813268,-8.925188335700099e-14
13,3.605551275463989,1315,0.8286713286713286,2.9878169660313474,-1,-13.061342607561118,-8.682751914430386e-14
13,3.605551275463989,1316,0.8289210789210789,2.988717453362882,-1,-13.073314596889304,-8.446667586280475e-14
13,3.605551275463989,1317,0.8291708291708292,2.9896179406944166,-1,-13.085298601784617,-8.216775063710378e-14
13,3.605551275463989,1318,0.8294205794205793,2.990518428025951,-1,-13.09729464531464,-7.992917947644411e-14
13,3.605551275463989,1319,0.8296703296703296,2.9914189153574853,-1,-13.109302750630187,-7.774943636931259e-14
13,3.605551275463989,1320,0.8299200799200799,2.9923194026890196,-1,-13.121322940967339,-7.562703239832604e-14
13,3.605551275463989,1321,0.8301698301698301,2.9932198900205544,-1,-13.133355239646647,-7.356051487538178e-14
13,3.605551275463989,1322,0.8304195804195804,2.994120377352089,-1,-13.145399670073337,-7.154846649590968e-14
13,3.605551275463989,1323,0.8306693306693307,2.9950208646836236,-1,-13.157456255733301,-6.958950451269487e-14
13,3.605551275463989,1324,0.830919080919081,2.995921352015158,-1,-13.169525020203608,-6.768227992581644e-14
13,3.605551275463989,1325,0.8311688311688312,2.9968218393466923,-1,-13.181605987147421,-6.582547669331606e-14
13,3.605551275463989,1326,0.8314185814185815,2.997722326678227,-1,-13.193699180311823,-6.401781095900546e-14
13,3.605551275463989,1327,0.8316683316683317,2.998622814009761,-1,-13.205804623529627,-6.225803029697276e-14
13,3.605551275463989,1328,0.8319180819180819,2.999523301341296,-1,-13.21792234072219,-6.054491297295058e-14
13,3.605551275463989,1329,0.8321678321678322,3.00042378867283,-1,-13.230052355899764,-5.887726722267404e-14
13,3.605551275463989,1330,0.8324175824175823,3.001324276004364,-1,-13.242194693160329,-5.72539305466799e-14
13,3.605551275463989,1331,0.8326673326673326,3.002224763335899,-1,-13.254349376686104,-5.567376902125912e-14
13,3.605551275463989,1332,0.8329170829170829,3.0031252506674333,-1,-13.266516430754145,-5.413567662312617e-14
13,3.605551275463989,1333,0.8331668331668332,3.004025737998968,-1,-13.278695879731178,-5.263857457143075e-14
13,3.605551275463989,1334,0.8334165834165834,3.0049262253305025,-1,-13.29088774807139,-5.1181410684192936e-14
13,3.605551275463989,1335,0.8336663336663337,3.005826712662037,-1,-13.303092060318336,-4.976315874878018e-14
13,3.605551275463989,1336,0.833916083916084,3.0067271999935716,-1,-13.315308841107852,-4.8382817906560803e-14
13,3.605551275463989,1337,0.8341658341658342,3.007627687325106,-1,-13.327538115168407,-4.70394120518235e-14
13,3.605551275463989,1338,0.8344155844155844,3.0085281746566404,-1,-13.339779907319533,-4.5731989244544167e-14
13,3.605551275463989,1339,0.8346653346653347,3.0094286619881747,-1,-13.35203424246915,-4.445962113657439e-14
13,3.605551275463989,1340,0.8349150849150849,3.010329149319709,-1,-13.36430114562388,-4.322140240954337e-14
13,3.605551275463989,1341,0.8351648351648351,3.0112296366512434,-1,-13.376580641883468,-4.2016450227242544e-14
13,3.605551275463989,1342,0.8354145854145854,3.012130123982778,-1,-13.388872756438845,-4.0843903700058565e-14
13,3.605551275463989,1343,0.8356643356643356,3.0130306113143126,-1,-13.40117751457434,-3.97029233612168e-14
13,3.605551275463989,1344,0.8359140859140859,3.013931098645847,-1,-13.41349494167058,-3.859269065495067e-14
13,3.605551275463989,1345,0.8361638361638362,3.0148315859773813,-1,-13.425825063204714,-3.7512407436639287e-14
13,3.605551275463989,1346,0.8364135864135864,3.015732073308916,-1,-13.438167904747996,-3.6461295484601966e-14
13,3.605551275463989,1347,0.8366633366633367,3.0166325606404505,-1,-13.450523491965182,-3.543859602289771e-14
13,3.605551275463989,1348,0.836913086913087,3.0175330479719853,-1,-13.462891850623631,-3.444356925428812e-14
13,3.605551275463989,1349,0.8371628371628372,3.0184335353035197,-1,-13.475273006587141,-3.34754939052033e-14
13,3.605551275463989,1350,0.8374125874125874,3.0193340226350536,-1,-13.487666985814691,-3.253366678072176e-14
13,3.605551275463989,1351,0.8376623376623377,3.0202345099665884,-1,-13.50007381436311,-3.161740232948582e-14
13,3.605551275463989,1352,0.8379120879120879,3.0211349972981227,-1,-13.51249351838979,-3.072603221866191e-14
13,3.605551275463989,1353,0.8381618381618381,3.022035484629657,-1,-13.524926124152882,-2.985890491889799e-14
13,3.605551275463989,1354,0.8384115884115884,3.0229359719611915,-1,-13.537371658007029,-2.9015385299156663e-14
13,3.605551275463989,1355,0.8386613386613386,3.023836459292726,-1,-13.549830146406249,-2.8194854230399195e-14
13,3.605551275463989,1356,0.8389110889110889,3.0247369466242606,-1,-13.562301615911748,-2.739670819815271e-14
13,3.605551275463989,1357,0.8391608391608392,3.025637433955795,-1,-13.574786093184649,-2.6620358925040382e-14
13,3.605551275463989,1358,0.8394105894105894,3.02653792128733,-1,-13.58728360498514,-2.5865233001608965e-14
13,3.605551275463989,1359,0.8396603396603397,3.027438408618864,-1,-13.599794178175648,-2.5130771525478455e-14
13,3.605551275463989,1360,0.83991008991009,3.0283388959503985,-1,-13.612317839723838,-2.4416429748909642e-14
13,3.605551275463989,1361,0.8401598401598401,3.029239383281933,-1,-13.624854616701068,-2.372167673483736e-14
13,3.605551275463989,1362,0.8404095904095904,3.0301398706134672,-1,-13.637404536282393,-2.3045995020811885e-14
13,3.605551275463989,1363,0.8406593406593407,3.031040357945002,-1,-13.649967625749625,-2.2388880290611286e-14
13,3.605551275463989,1364,0.8409090909090908,3.031940845276536,-1,-13.662543912484452,-2.174984105403296e-14
13,3.605551275463989,1365,0.8411588411588411,3.0328413326080708,-1,-13.675133423978869,-2.1128398333266238e-14
13,3.605551275463989,1366,0.8414085914085914,3.033741819939605,-1,-13.687736187833726,-2.0524085357233342e-14
13,3.605551275463989,1367,0.8416583416583416,3.0346423072711395,-1,-13.700352231754334,-1.9936447263204363e-14
13,3.605551275463989,1368,0.8419080919080919,3.0355427946026743,-1,-13.71298158355198,-1.936504080510529e-14
13,3.605551275463989,1369,0.8421578421578422,3.0364432819342086,-1,-13.725624271147423,-1.8809434068590665e-14
13,3.605551275463989,1370,0.8424075924075924,3.037343769265743,-1,-13.738280322571896,-1.8269206192930827e-14
13,3.605551275463989,1371,0.8426573426573427,3.038244256597278,-1,-13.750949765965666,-1.7743947099539736e-14
13,3.605551275463989,1372,0.842907092907093,3.039144743928812,-1,-13.76363262957442,-1.7233257226963827e-14
13,3.605551275463989,1373,0.8431568431568431,3.0400452312603465,-1,-13.776328941760928,-1.6736747271501486e-14
13,3.605551275463989,1374,0.8434065934065934,3.040945718591881,-1,-13.789038730999078,-1.6254037934664197e-14
13,3.605551275463989,1375,0.8436563436563437,3.0418462059234153,-1,-13.801762025871719,-1.578475967642318e-14
13,3.605551275463989,1376,0.8439060939060938,3.0427466932549496,-1,-13.814498855073504,-1.5328552474096116e-14
13,3.605551275463989,1377,0.8441558441558441,3.043647180586484,-1,-13.827249247414095,-1.488506558693927e-14
13,3.605551275463989,1378,0.8444055944055944,3.044547667918019,-1,-13.840013231818185,-1.445395732643469e-14
13,3.605551275463989,1379,0.8446553446553446,3.045448155249553,-1,-13.852790837321336,-1.4034894832156236e-14
13,3.605551275463989,1380,0.8449050949050949,3.046348642581088,-1,-13.865582093074432,-1.3627553852661547e-14
13,3.605551275463989,1381,0.8451548451548452,3.0472491299126223,-1,-13.87838702834891,-1.3231618531586047e-14
13,3.605551275463989,1382,0.8454045954045954,3.0481496172441567,-1,-13.891205672530354,-1.2846781199191085e-14
13,3.605551275463989,1383,0.8456543456543457,3.0490501045756915,-1,-13.904038055118857,-1.2472742168648233e-14
13,3.605551275463989,1384,0.8459040959040959,3.0499505919072254,-1,-13.916884205732746,-1.2109209537086568e-14
13,3.605551275463989,1385,0.8461538461538461,3.05085107923876,-1,-13.929744154110475,-1.1755898991450979e-14
13,3.605551275463989,1386,0.8464035964035964,3.0517515665702946,-1,-13.942617930110087,-1.141253361906748e-14
13,3.605551275463989,1387,0.8466533466533466,3.0526520539018285,-1,-13.955505563703289,-1.1078843722871839e-14
13,3.605551275463989,1388,0.8469030969030968,3.0535525412333633,-1,-13.968407084988218,-1.0754566640573786e-14
13,3.605551275463989,1389,0.8471528471528471,3.0544530285648976,-1,-13.981322524184952,-1.0439446568617218e-14
13,3.605551275463989,1390,0.8474025974025974,3.0553535158964324,-1,-13.994251911632082,-1.0133234390319844e-14
13,3.605551275463989,1391,0.8476523476523476,3.056254003227967,-1,-14.007195277789341,-9.835687507989108e-15
13,3.605551275463989,1392,0.8479020979020979,3.057154490559501,-1,-14.020152653241302,-9.54656967905955e-15
13,3.605551275463989,1393,0.8481518481518482,3.058054977891036,-1,-14.03312406869839,-9.265650856242282e-15
13,3.605551275463989,1394,0.8484015984015985,3.0589554652225703,-1,-14.046109554991325,-8.992707031663957e-15
13,3.605551275463989,1395,0.8486513486513487,3.059855952554105,-1,-14.0591091430735,-8.727520084586533e-15
13,3.605551275463989,1396,0.8489010989010989,3.060756439885639,-1,-14.07212286403321,-8.469877632618621e-15
13,3.605551275463989,1397,0.8491508491508492,3.0616569272171734,-1,-14.085150749083382,-8.219572886985527e-15
13,3.605551275463989,1398,0.8494005994005994,3.0625574145487082,-1,-14.09819282955994,-7.97640451111029e-15
13,3.605551275463989,1399,0.8496503496503496,3.063457901880242,-1,-14.1112491369261,-7.740176482509857e-15
13,3.605551275463989,1400,0.8499000999000998,3.064358389211777,-1,-14.124319702776747,-7.510697958050576e-15
13,3.605551275463989,1401,0.8501498501498501,3.0652588765433113,-1,-14.137404558836407,-7.287783142593435e-15
13,3.605551275463989,1402,0.8503996003996004,3.0661593638748457,-1,-14.150503736958859,-7.071251160798459e-15
13,3.605551275463989,1403,0.8506493506493507,3.0670598512063805,-1,-14.163617269129304,-6.8609259320060985e-15
13,3.605551275463989,1404,0.8508991008991009,3.067960338537915,-1,-14.17674518746456,-6.656636048201178e-15
13,3.605551275463989,1405,0.8511488511488512,3.0688608258694496,-1,-14.18988752421541,-6.458214654920142e-15
13,3.605551275463989,1406,0.8513986013986015,3.069761313200984,-1,-14.203044311761756,-6.265499335174004e-15
13,3.605551275463989,1407,0.8516483516483516,3.070661800532518,-1,-14.21621558261949,-6.078331996032362e-15
13,3.605551275463989,1408,0.8518981018981019,3.0715622878640527,-1,-14.229401369443496,-5.8965587580493015e-15
13,3.605551275463989,1409,0.8521478521478522,3.072462775195587,-1,-14.242601705021311,-5.7200298475259295e-15
13,3.605551275463989,1410,0.8523976023976023,3.0733632625271214,-1,-14.255816622274729,-5.548599491298961e-15
13,3.605551275463989,1411,0.8526473526473526,3.074263749858656,-1,-14.26904615426415,-5.382125814080515e-15
13,3.605551275463989,1412,0.8528971028971029,3.07516423719019,-1,-14.282290334189844,-5.220470738366016e-15
13,3.605551275463989,1413,0.8531468531468531,3.076064724521725,-1,-14.295549195389098,-5.0634998868536626e-15
13,3.605551275463989,1414,0.8533966033966034,3.0769652118532593,-1,-14.308822771335777,-4.911082487233975e-15
13,3.605551275463989,1415,0.8536463536463537,3.077865699184794,-1,-14.322111095650884,-4.763091279204851e-15
13,3.605551275463989,1416,0.8538961038961039,3.0787661865163285,-1,-14.335414202095018,-4.619402423992162e-15
13,3.605551275463989,1417,0.8541458541458542,3.079666673847863,-1,-14.348732124567821,-4.4798954160201046e-15
13,3.605551275463989,1418,0.8543956043956045,3.0805671611793977,-1,-14.362064897112301,-4.344452996716501e-15
13,3.605551275463989,1419,0.8546453546453546,3.0814676485109316,-1,-14.375412553917348,-4.212961070476837e-15
13,3.605551275463989,1420,0.8548951048951049,3.0823681358424664,-1,-14.388775129317045,-4.08530862274508e-15
13,3.605551275463989,1421,0.8551448551448552,3.0832686231740007,-1,-14.402152657784917,-3.961387640172128e-15
13,3.605551275463989,1422,0.8553946053946053,3.084169110505535,-1,-14.41554517394779,-3.841093032575998e-15
13,3.605551275463989,1423,0.8556443556443556,3.0850695978370695,-1,-14.428952712579983,-3.724322557031104e-15
13,3.605551275463989,1424,0.8558941058941059,3.085970085168604,-1,-14.442375308600429,-3.610976743814804e-15
13,3.605551275463989,1425,0.8561438561438561,3.0868705725001386,-1,-14.455812997076496,-3.500958824141731e-15
13,3.605551275463989,1426,0.8563936063936064,3.087771059831673,-1,-14.469265813227695,-3.3941746597074423e-15
13,3.605551275463989,1427,0.8566433566433567,3.0886715471632074,-1,-14.482733792425579,-3.2905326740256063e-15
13,3.605551275463989,1428,0.8568931068931069,3.089572034494742,-1,-14.496216970187643,-3.1899437855259596e-15
13,3.605551275463989,1429,0.8571428571428572,3.0904725218262765,-1,-14.509715382188745,-3.0923213421953623e-15
13,3.605551275463989,1430,0.8573926073926075,3.0913730091578113,-1,-14.523229064259732,-2.9975810579587162e-15
13,3.605551275463989,1431,0.8576423576423576,3.0922734964893452,-1,-14.536758052382346,-2.90564095067916e-15
13,3.605551275463989,1432,0.8578921078921079,3.0931739838208796,-1,-14.550302382692362,-2.816421281656868e-15
13,3.605551275463989,1433,0.8581418581418581,3.094074471152414,-1,-14.563862091484015,-2.729844496644646e-15
13,3.605551275463989,1434,0.8583916083916083,3.0949749584839483,-1,-14.577437215210614,-2.6458351683765153e-15
13,3.605551275463989,1435,0.8586413586413586,3.095875445815483,-1,-14.591027790478599,-2.564319940583901e-15
13,3.605551275463989,1436,0.8588911088911089,3.0967759331470175,-1,-14.604633854055987,-2.4852274733365054e-15
13,3.605551275463989,1437,0.8591408591408591,3.0976764204785523,-1,-14.61825544287569,-2.408488389800526e-15
13,3.605551275463989,1438,0.8593906093906094,3.0985769078100867,-1,-14.631892594028262,-2.3340352244029775e-15
13,3.605551275463989,1439,0.8596403596403597,3.099477395141621,-1,-14.64554534476412,-2.2618023722525996e-15
13,3.605551275463989,1440,0.8598901098901099,3.100377882473156,-1,-14.659213732498708,-2.191726039830096e-15
13,3.605551275463989,1441,0.8601398601398602,3.10127836980469,-1,-14.672897794812878,-2.1237441969573443e-15
13,3.605551275463989,1442,0.8603896103896104,3.1021788571362245,-1,-14.686597569451086,-2.057796529997458e-15
13,3.605551275463989,1443,0.8606393606393606,3.103079344467759,-1,-14.700313094324775,-1.9938243962198903e-15
13,3.605551275463989,1444,0.8608891108891109,3.1039798317992933,-1,-14.714044407513157,-1.9317707793417296e-15
13,3.605551275463989,1445,0.8611388611388611,3.1048803191308276,-1,-14.727791547262724,-1.8715802462082804e-15
13,3.605551275463989,1446,0.8613886113886113,3.105780806462362,-1,-14.741554551989756,-1.8131989045664245e-15
13,3.605551275463989,1447,0.8616383616383616,3.106681293793897,-1,-14.755333460282724,-1.7565743619189654e-15
13,3.605551275463989,1448,0.8618881118881119,3.107581781125431,-1,-14.769128310894923,-1.7016556854713445e-15
13,3.605551275463989,1449,0.8621378621378621,3.1084822684569655,-1,-14.782939142759371,-1.6483933630147017e-15
13,3.605551275463989,1450,0.8623876123876124,3.1093827557885003,-1,-14.79676599498299,-1.596739264897547e-15
13,3.605551275463989,1451,0.8626373626373627,3.1102832431200347,-1,-14.810608906843537,-1.5466466069598411e-15
13,3.605551275463989,1452,0.862887112887113,3.1111837304515695,-1,-14.824467917794214,-1.4980699143913214e-15
13,3.605551275463989,1453,0.8631368631368632,3.112084217783104,-1,-14.838343067467555,-1.45096498652471e-15
13,3.605551275463989,1454,0.8633866133866134,3.1129847051146378,-1,-14.852234395675014,-1.4052888625517505e-15
13,3.605551275463989,1455,0.8636363636363636,3.1138851924461726,-1,-14.866141942400622,-1.3609997881414956e-15
13,3.605551275463989,1456,0.8638861138861138,3.1147856797777065,-1,-14.880065747815939,-1.318057182852434e-15
13,3.605551275463989,1457,0.8641358641358641,3.1156861671092413,-1,-14.894005852274187,-1.2764216084556542e-15
13,3.605551275463989,1458,0.8643856143856143,3.1165866544407756,-1,-14.907962296307192,-1.2360547380665084e-15
13,3.605551275463989,1459,0.8646353646353646,3.11748714177231,-1,-14.9219351206303,-1.1969193260525166e-15
13,3.605551275463989,1460,0.8648851148851149,3.118387629103845,-1,-14.935924366146244,-1.1589791787267468e-15
13,3.605551275463989,1461,0.8651348651348651,3.119288116435379,-1,-14.949930073944458,-1.122199125815593e-15
13,3.605551275463989,1462,0.8653846153846154,3.120188603766914,-1,-14.963952285295226,-1.0865449926807458e-15
13,3.605551275463989,1463,0.8656343656343657,3.1210890910984483,-1,-14.977991041665042,-1.0519835732101913e-15
13,3.605551275463989,1464,0.865884115884116,3.1219895784299827,-1,-14.992046384709665,-1.0184826034741652e-15
13,3.605551275463989,1465,0.8661338661338661,3.122890065761517,-1,-15.006118356271807,-9.860107360547771e-16
13,3.605551275463989,1466,0.8663836163836164,3.1237905530930514,-1,-15.020206998386497,-9.54537515028281e-16
13,3.605551275463989,1467,0.8666333666333667,3.1246910404245862,-1,-15.03431235328473,-9.240333516071092e-16
13,3.605551275463989,1468,0.8668831168831168,3.12559152775612,-1,-15.048434463391835,-8.944695004315982e-16
13,3.605551275463989,1469,0.8671328671328671,3.1264920150876545,-1,-15.062573371323515,-8.658180364870131e-16
13,3.605551275463989,1470,0.8673826173826173,3.1273925024191893,-1,-15.076729119900742,-8.380518325884531e-16
13,3.605551275463989,1471,0.8676323676323676,3.1282929897507237,-1,-15.090901752141372,-8.111445375055174e-16
13,3.605551275463989,1472,0.8678821178821179,3.1291934770822585,-1,-15.105091311259242,-7.850705546459161e-16
13,3.605551275463989,1473,0.8681318681318682,3.130093964413793,-1,-15.11929784067008,-7.598050212880877e-16
13,3.605551275463989,1474,0.8683816183816184,3.130994451745327,-1,-15.133521383994678,-7.353237883676506e-16
13,3.605551275463989,1475,0.8686313686313687,3.131894939076862,-1,-15.147761985055515,-7.116034008088665e-16
13,3.605551275463989,1476,0.868881118881119,3.1327954264083964,-1,-15.162019687876354,-6.886210783700271e-16
13,3.605551275463989,1477,0.8691308691308691,3.1336959137399307,-1,-15.176294536695739,-6.663546969741029e-16
13,3.605551275463989,1478,0.8693806193806194,3.134596401071465,-1,-15.190586575957061,-6.447827705720866e-16
13,3.605551275463989,1479,0.8696303696303695,3.1354968884029994,-1,-15.204895850309132,-6.238844334694664e-16
13,3.605551275463989,1480,0.8698801198801198,3.136397375734534,-1,-15.219222404612859,-6.036394231135438e-16
13,3.605551275463989,1481,0.8701298701298701,3.137297863066068,-1,-15.233566283942796,-5.840280633466385e-16
13,3.605551275463989,1482,0.8703796203796204,3.138198350397603,-1,-15.247927533587108,-5.650312481072878e-16
13,3.605551275463989,1483,0.8706293706293706,3.1390988377291373,-1,-15.262306199042328,-5.466304255720886e-16
13,3.605551275463989,1484,0.8708791208791209,3.1399993250606717,-1,-15.276702326029381,-5.288075826934566e-16
13,3.605551275463989,1485,0.8711288711288712,3.1408998123922065,-1,-15.291115960485842,-5.115452301816082e-16
13,3.605551275463989,1486,0.8713786213786214,3.141800299723741,-1,-15.305547148564228,-4.948263878794391e-16
13,3.605551275463989,1487,0.8716283716283717,3.1427007870552757,-1,-15.319995936638312,-4.786345705197105e-16
13,3.605551275463989,1488,0.8718781218781219,3.1436012743868096,-1,-15.334462371306701,-4.629537738679655e-16
13,3.605551275463989,1489,0.8721278721278721,3.144501761718344,-1,-15.348946499389244,-4.47768461245247e-16
13,3.605551275463989,1490,0.8723776223776224,3.1454022490498788,-1,-15.363448367927951,-4.3306355040762734e-16
13,3.605551275463989,1491,0.8726273726273726,3.1463027363814127,-1,-15.37796802419901,-4.188244007680186e-16
13,3.605551275463989,1492,0.8728771228771228,3.1472032237129475,-1,-15.392505515703352,-4.0503680098403136e-16
13,3.605551275463989,1493,0.8731268731268731,3.148103711044482,-1,-15.407060890168404,-3.916869568687002e-16
13,3.605551275463989,1494,0.8733766233766234,3.1490041983760166,-1,-15.421634195554933,-3.7876147962334214e-16
13,3.605551275463989,1495,0.8736263736263736,3.149904685707551,-1,-15.43622548005872,-3.6624737439373526e-16
13,3.605551275463989,1496,0.8738761238761239,3.1508051730390854,-1,-15.450834792104322,-3.5413202914255753e-16
13,3.605551275463989,1497,0.8741258741258742,3.15170566037062,-1,-15.465462180355674,-3.4240320380901086e-16
13,3.605551275463989,1498,0.8743756243756244,3.1526061477021545,-1,-15.480107693718194,-3.310490197703513e-16
13,3.605551275463989,1499,0.8746253746253747,3.153506635033689,-1,-15.494771381331832,-3.2005794959644084e-16
13,3.605551275463989,1500,0.8748751248751249,3.1544071223652232,-1,-15.509453292576207,-3.0941880707325043e-16
13,3.605551275463989,1501,0.8751248751248751,3.1553076096967576,-1,-15.524153477076373,-2.9912073749808596e-16
13,3.605551275463989,1502,0.8753746253746253,3.156208097028292,-1,-15.538871984702327,-2.8915320824409575e-16
13,3.605551275463989,1503,0.8756243756243756,3.1571085843598263,-1,-15.553608865563138,-2.795059995855423e-16
13,3.605551275463989,1504,0.8758741258741258,3.158009071691361,-1,-15.568364170024143,-2.701691957586484e-16
13,3.605551275463989,1505,0.8761238761238761,3.1589095590228955,-1,-15.583137948698667,-2.611331762840946e-16
13,3.605551275463989,1506,0.8763736263736264,3.15981004635443,-1,-15.597930252446822,-2.5238860752204427e-16
13,3.605551275463989,1507,0.8766233766233766,3.1607105336859647,-1,-15.612741132382757,-2.439264344537928e-16
13,3.605551275463989,1508,0.8768731268731269,3.161611021017499,-1,-15.627570639878131,-2.3573787269174176e-16
13,3.605551275463989,1509,0.8771228771228772,3.162511508349034,-1,-15.642418826556815,-2.2781440071384304e-16
13,3.605551275463989,1510,0.8773726273726274,3.163411995680568,-1,-15.657285744301076,-2.201477523053392e-16
13,3.605551275463989,1511,0.8776223776223776,3.164312483012102,-1,-15.672171445259414,-2.127299092084568e-16
13,3.605551275463989,1512,0.8778721278721279,3.165212970343637,-1,-15.687075981837543,-2.0555309398344176e-16
13,3.605551275463989,1513,0.8781218781218781,3.1661134576751713,-1,-15.70199940670278,-1.9860976305979116e-16
13,3.605551275463989,1514,0.8783716283716283,3.1670139450067056,-1,-15.716941772790877,-1.9189259997887593e-16
13,3.605551275463989,1515,0.8786213786213786,3.16791443233824,-1,-15.7319031333067,-1.8539450882676018e-16
13,3.605551275463989,1516,0.8788711288711288,3.1688149196697744,-1,-15.746883541716185,-1.7910860785263919e-16
13,3.605551275463989,1517,0.8791208791208791,3.169715407001309,-1,-15.761883051765835,-1.730282232527739e-16
13,3.605551275463989,1518,0.8793706293706294,3.1706158943328435,-1,-15.776901717474944,-1.6714688313900798e-16
13,3.605551275463989,1519,0.8796203796203796,3.1715163816643783,-1,-15.79193959313275,-1.6145831167263287e-16
13,3.605551275463989,1520,0.8798701298701299,3.1724168689959127,-1,-15.806996733306484,-1.5595642335751446e-16
13,3.605551275463989,1521,0.8801198801198802,3.173317356327447,-1,-15.82207319284493,-1.5063531749442983e-16
13,3.605551275463989,1522,0.8803696303696305,3.174217843658982,-1,-15.837169026876616,-1.4548927279222668e-16
13,3.605551275463989,1523,0.8806193806193806,3.1751183309905158,-1,-15.85228429081364,-1.4051274212765668e-16
13,3.605551275463989,1524,0.8808691308691309,3.1760188183220506,-1,-15.867419040354768,-1.3570034745231844e-16
13,3.605551275463989,1525,0.881118881118881,3.1769193056535845,-1,-15.88257333147897,-1.310468748453418e-16
13,3.605551275463989,1526,0.8813686313686313,3.177819792985119,-1,-15.897747220463842,-1.2654726969727305e-16
13,3.605551275463989,1527,0.8816183816183816,3.1787202803166537,-1,-15.912940763876529,-1.2219663203794973e-16
13,3.605551275463989,1528,0.8818681318681318,3.179620767648188,-1,-15.928154018573355,-1.1799021199291548e-16
13,3.605551275463989,1529,0.8821178821178821,3.180521254979723,-1,-15.94338704170829,-1.1392340536544572e-16
13,3.605551275463989,1530,0.8823676323676324,3.181421742311257,-1,-15.958639890735995,-1.0999174934491277e-16
13,3.605551275463989,1531,0.8826173826173827,3.1823222296427915,-1,-15.97391262340513,-1.0619091833880783e-16
13,3.605551275463989,1532,0.8828671328671329,3.1832227169743263,-1,-15.989205297770761,-1.0251671991775092e-16
13,3.605551275463989,1533,0.8831168831168832,3.1841232043058607,-1,-16.00451797219609,-9.896509087822697e-17
13,3.605551275463989,1534,0.8833666333666333,3.185023691637395,-1,-16.01985070534564,-9.553209341881683e-17
13,3.605551275463989,1535,0.8836163836163836,3.1859241789689294,-1,-16.035203556192666,-9.221391142160212e-17
13,3.605551275463989,1536,0.8838661338661339,3.186824666300464,-1,-16.050576584025286,-8.900684683975655e-17
13,3.605551275463989,1537,0.884115884115884,3.187725153631998,-1,-16.065969848442784,-8.590731619004193e-17
13,3.605551275463989,1538,0.8843656343656343,3.1886256409635325,-1,-16.081383409357695,-8.291184714393623e-17
13,3.605551275463989,1539,0.8846153846153846,3.1895261282950673,-1,-16.096817327009163,-8.001707521395923e-17
13,3.605551275463989,1540,0.8848651348651349,3.1904266156266017,-1,-16.112271661952313,-7.721974053930028e-17
13,3.605551275463989,1541,0.8851148851148851,3.191327102958136,-1,-16.12774647506279,-7.451668476036586e-17
13,3.605551275463989,1542,0.8853646353646354,3.192227590289671,-1,-16.14324182754502,-7.19048479823029e-17
13,3.605551275463989,1543,0.8856143856143857,3.193128077621205,-1,-16.158757780932525,-6.938126582705982e-17
13,3.605551275463989,1544,0.8858641358641359,3.19402856495274,-1,-16.17429439708201,-6.69430665709866e-17
13,3.605551275463989,1545,0.8861138861138862,3.1949290522842744,-1,-16.189851738192885,-6.458746836071251e-17
13,3.605551275463989,1546,0.8863636363636364,3.1958295396158083,-1,-16.2054298667976,-6.231177651383461e-17
13,3.605551275463989,1547,0.8866133866133866,3.196730026947343,-1,-16.22102884576231,-6.011338089565078e-17
13,3.605551275463989,1548,0.8868631368631368,3.197630514278877,-1,-16.23664873829625,-5.798975337038527e-17
13,3.605551275463989,1549,0.887112887112887,3.198531001610412,-1,-16.252289607954463,-5.59384453271117e-17
13,3.605551275463989,1550,0.8873626373626373,3.199431488941946,-1,-16.267951518630458,-5.395708527850182e-17
13,3.605551275463989,1551,0.8876123876123876,3.200331976273481,-1,-16.28363453457361,-5.204337652594921e-17
13,3.605551275463989,1552,0.8878621378621379,3.2012324636050153,-1,-16.299338720385304,-5.0195094895217223e-17
13,3.605551275463989,1553,0.8881118881118881,3.2021329509365497,-1,-16.31506414101532,-4.841008653767874e-17
13,3.605551275463989,1554,0.8883616383616384,3.2030334382680845,-1,-16.33081086177145,-4.6686265793948437e-17
13,3.605551275463989,1555,0.8886113886113887,3.203933925599619,-1,-16.34657894832449,-4.5021613120349463e-17
13,3.605551275463989,1556,0.8888611388611389,3.2048344129311532,-1,-16.36236846670059,-4.341417307714262e-17
13,3.605551275463989,1557,0.8891108891108891,3.2057349002626876,-1,-16.37817948329509,-4.186205237322403e-17
13,3.605551275463989,1558,0.8893606393606394,3.206635387594222,-1,-16.394012064876023,-4.0363417969140035e-17
13,3.605551275463989,1559,0.8896103896103896,3.2075358749257568,-1,-16.409866278575482,-3.891649523672794e-17
13,3.605551275463989,1560,0.8898601398601398,3.2084363622572907,-1,-16.42574219189879,-3.751956617095317e-17
13,3.605551275463989,1561,0.8901098901098901,3.2093368495888255,-1,-16.44163987273128,-3.617096765453076e-17
13,3.605551275463989,1562,0.8903596403596403,3.21023733692036,-1,-16.457559389335927,-3.486908977433258e-17
13,3.605551275463989,1563,0.8906093906093906,3.211137824251894,-1,-16.47350081035894,-3.361237418663169e-17
13,3.605551275463989,1564,0.8908591408591409,3.212038311583429,-1,-16.489464204831954,-3.239931253079526e-17
13,3.605551275463989,1565,0.8911088911088911,3.2129387989149634,-1,-16.505449642174803,-3.122844488972215e-17
13,3.605551275463989,1566,0.8913586413586414,3.213839286246498,-1,-16.52145719220101,-3.009835829555643e-17
13,3.605551275463989,1567,0.8916083916083917,3.2147397735780325,-1,-16.537486925111246,-2.900768528043338e-17
13,3.605551275463989,1568,0.8918581418581419,3.215640260909567,-1,-16.553538911514387,-2.795510246824223e-17
13,3.605551275463989,1569,0.8921078921078921,3.2165407482411013,-1,-16.569613222417402,-2.69393292103055e-17
13,3.605551275463989,1570,0.8923576423576424,3.2174412355726356,-1,-16.585709929227132,-2.595912626068768e-17
13,3.605551275463989,1571,0.8926073926073925,3.21834172290417,-1,-16.601829103761034,-2.5013294490360868e-17
13,3.605551275463989,1572,0.8928571428571428,3.2192422102357043,-1,-16.61797081824941,-2.410067364020429e-17
13,3.605551275463989,1573,0.8931068931068931,3.2201426975672387,-1,-16.63413514532861,-2.322014111164451e-17
13,3.605551275463989,1574,0.8933566433566433,3.2210431848987735,-1,-16.650322158062615,-2.237061079182453e-17
13,3.605551275463989,1575,0.8936063936063936,3.221943672230308,-1,-16.666531929933726,-2.1551031915604263e-17
13,3.605551275463989,1576,0.8938561438561439,3.2228441595618427,-1,-16.682764534843773,-2.076038796098525e-17
13,3.605551275463989,1577,0.8941058941058941,3.223744646893377,-1,-16.69902004712545,-1.999769557715014e-17
13,3.605551275463989,1578,0.8943556443556444,3.2246451342249114,-1,-16.715298541544698,-1.9262003545137008e-17
13,3.605551275463989,1579,0.8946053946053947,3.225545621556446,-1,-16.73160009329407,-1.8552391770113308e-17
13,3.605551275463989,1580,0.8948551448551448,3.22644610888798,-1,-16.747924778014816,-1.78679703027014e-17
13,3.605551275463989,1581,0.8951048951048951,3.227346596219515,-1,-16.764272671787253,-1.7207878391194312e-17
13,3.605551275463989,1582,0.8953546453546454,3.2282470835510493,-1,-16.780643851132567,-1.657128356181735e-17
13,3.605551275463989,1583,0.8956043956043955,3.229147570882583,-1,-16.79703839302453,-1.5957380726396047e-17
13,3.605551275463989,1584,0.8958541458541458,3.230048058214118,-1,-16.813456374891512,-1.5365391317414455e-17
13,3.605551275463989,1585,0.8961038961038961,3.2309485455456524,-1,-16.829897874610673,-1.4794562449522538e-17
13,3.605551275463989,1586,0.8963536463536463,3.231849032877187,-1,-16.846362970530517,-1.4244166105477647e-17
13,3.605551275463989,1587,0.8966033966033966,3.2327495202087215,-1,-16.86285174146006,-1.3713498347983875e-17
13,3.605551275463989,1588,0.8968531468531469,3.233650007540256,-1,-16.879364266672347,-1.3201878554966163e-17
13,3.605551275463989,1589,0.8971028971028971,3.2345504948717907,-1,-16.89590062591642,-1.2708648677882374e-17
13,3.605551275463989,1590,0.8973526473526474,3.235450982203325,-1,-16.912460899417812,-1.2233172523018719e-17
13,3.605551275463989,1591,0.8976023976023977,3.23635146953486,-1,-16.929045167875525,-1.1774835054803646e-17
13,3.605551275463989,1592,0.8978521478521478,3.2372519568663938,-1,-16.94565351248364,-1.1333041719739552e-17
13,3.605551275463989,1593,0.8981018981018981,3.238152444197928,-1,-16.962286014919233,-1.09072177919704e-17
13,3.605551275463989,1594,0.8983516483516483,3.2390529315294625,-1,-16.978942757348573,-1.0496807738384512e-17
13,3.605551275463989,1595,0.8986013986013985,3.239953418860997,-1,-16.99562382243911,-1.0101274603084141e-17
13,3.605551275463989,1596,0.8988511488511488,3.2408539061925317,-1,-17.012329293357112,-9.720099411132396e-18
13,3.605551275463989,1597,0.8991008991008991,3.241754393524066,-1,-17.02905925376945,-9.35278059053311e-18
13,3.605551275463989,1598,0.8993506493506493,3.2426548808556004,-1,-17.04581378786372,-8.998833411636693e-18
13,3.605551275463989,1599,0.8996003996003996,3.243555368187135,-1,-17.06259298033417,-8.657789444595316e-18
13,3.605551275463989,1600,0.8998501498501499,3.2444558555186696,-1,-17.079396916390724,-8.32919603306675e-18
13,3.605551275463989,1601,0.9000999000999002,3.2453563428502044,-1,-17.0962256817703,-8.012615784183965e-18
13,3.605551275463989,1602,0.9003496503496504,3.2462568301817387,-1,-17.113079362737434,-7.707626074546236e-18
13,3.605551275463989,1603,0.9005994005994006,3.2471573175132726,-1,-17.129958046081914,-7.413818571576572e-18
13,3.605551275463989,1604,0.9008491508491508,3.2480578048448074,-1,-17.146861819137154,-7.130798769390012e-18
13,3.605551275463989,1605,0.9010989010989011,3.248958292176342,-1,-17.163790769778537,-6.858185539467483e-18
13,3.605551275463989,1606,0.9013486513486513,3.249858779507876,-1,-17.180744986420834,-6.595610695323775e-18
13,3.605551275463989,1607,0.9015984015984015,3.2507592668394105,-1,-17.197724558032277,-6.342718570494352e-18
13,3.605551275463989,1608,0.9018481518481518,3.2516597541709453,-1,-17.214729574139103,-6.099165609871756e-18
13,3.605551275463989,1609,0.9020979020979021,3.2525602415024797,-1,-17.231760124819253,-5.864619973974181e-18
13,3.605551275463989,1610,0.9023476523476524,3.253460728834014,-1,-17.248816300727224,-5.638761155179175e-18
13,3.605551275463989,1611,0.9025974025974026,3.254361216165549,-1,-17.26589819308368,-5.421279606492452e-18
13,3.605551275463989,1612,0.9028471528471529,3.255261703497083,-1,-17.283005893680297,-5.2118763817579824e-18
13,3.605551275463989,1613,0.9030969030969032,3.2561621908286176,-1,-17.30013949489382,-5.0102627870830295e-18
13,3.605551275463989,1614,0.9033466533466534,3.2570626781601524,-1,-17.31729908968474,-4.816160043438632e-18
13,3.605551275463989,1615,0.9035964035964036,3.2579631654916863,-1,-17.334484771600867,-4.629298959839167e-18
13,3.605551275463989,1616,0.9038461538461539,3.258863652823221,-1,-17.351696634795925,-4.449419616690923e-18
13,3.605551275463989,1617,0.904095904095904,3.259764140154755,-1,-17.36893477401773,-4.276271059488443e-18
13,3.605551275463989,1618,0.9043456543456543,3.26066462748629,-1,-17.38619928462028,-4.109611001954342e-18
13,3.605551275463989,1619,0.9045954045954046,3.261565114817824,-1,-17.4034902625748,-3.9492055386222056e-18
13,3.605551275463989,1620,0.9048451548451548,3.2624656021493585,-1,-17.420807804463298,-3.794828866715894e-18
13,3.605551275463989,1621,0.9050949050949051,3.2633660894808934,-1,-17.438152007497084,-3.646263016647302e-18
13,3.605551275463989,1622,0.9053446553446554,3.2642665768124277,-1,-17.45552296951932,-3.503297591253839e-18
13,3.605551275463989,1623,0.9055944055944056,3.2651670641439625,-1,-17.472920789000884,-3.3657295134031747e-18
13,3.605551275463989,1624,0.9058441558441559,3.266067551475497,-1,-17.49034556505639,-3.233362781497701e-18
13,3.605551275463989,1625,0.9060939060939062,3.2669680388070312,-1,-17.507797397449657,-3.106008232895015e-18
13,3.605551275463989,1626,0.9063436563436563,3.2678685261385656,-1,-17.525276386588484,-2.983483314982893e-18
13,3.605551275463989,1627,0.9065934065934066,3.2687690134701,-1,-17.54278263355136,-2.865611863374491e-18
13,3.605551275463989,1628,0.9068431568431569,3.2696695008016348,-1,-17.560316240076045,-2.7522238875027354e-18
13,3.605551275463989,1629,0.907092907092907,3.2705699881331687,-1,-17.577877308567675,-2.6431553629723286e-18
13,3.605551275463989,1630,0.9073426573426573,3.271470475464703,-1,-17.595465942113965,-2.5382480305664393e-18
13,3.605551275463989,1631,0.9075924075924076,3.272370962796238,-1,-17.613082244480974,-2.4373492018607716e-18
13,3.605551275463989,1632,0.9078421578421578,3.273271450127772,-1,-17.630726320126232,-2.340311571015102e-18
13,3.605551275463989,1633,0.9080919080919081,3.274171937459307,-1,-17.648398274209917,-2.2469930326750582e-18
13,3.605551275463989,1634,0.9083416583416584,3.2750724247908414,-1,-17.66609821258682,-2.1572565058775123e-18
13,3.605551275463989,1635,0.9085914085914086,3.2759729121223757,-1,-17.683826241823205,-2.070969763538596e-18
13,3.605551275463989,1636,0.9088411588411589,3.2768733994539105,-1,-17.70158246920551,-1.9880052675332555e-18
13,3.605551275463989,1637,0.9090909090909092,3.277773886785445,-1,-17.71936700273235,-1.908240009219708e-18
13,3.605551275463989,1638,0.9093406593406593,3.2786743741169793,-1,-17.737179951145965,-1.8315553549835855e-18
13,3.605551275463989,1639,0.9095904095904096,3.2795748614485136,-1,-17.755021423920848,-1.7578368970211738e-18
13,3.605551275463989,1640,0.9098401598401598,3.2804753487800475,-1,-17.77289153126956,-1.6869743089191445e-18
13,3.605551275463989,1641,0.91008991008991,3.2813758361115823,-1,-17.790790384160776,-1.618861205917567e-18
13,3.605551275463989,1642,0.9103396603396603,3.2822763234431167,-1,-17.80871809432017,-1.5533950098261806e-18
13,3.605551275463989,1643,0.9105894105894106,3.2831768107746515,-1,-17.826674774239056,-1.4904768183458063e-18
13,3.605551275463989,1644,0.9108391608391608,3.284077298106186,-1,-17.844660537182186,-1.4300112786921228e-18
13,3.605551275463989,1645,0.9110889110889111,3.2849777854377202,-1,-17.862675497193248,-1.371906465389853e-18
13,3.605551275463989,1646,0.9113386613386614,3.285878272769255,-1,-17.88071976910115,-1.3160737620950482e-18
13,3.605551275463989,1647,0.9115884115884116,3.2867787601007894,-1,-17.898793468540195,-1.2624277472806569e-18
13,3.605551275463989,1648,0.9118381618381619,3.287679247432324,-1,-17.916896711939305,-1.210886083798588e-18
13,3.605551275463989,1649,0.9120879120879121,3.288579734763858,-1,-17.935029616539772,-1.1613694120138305e-18
13,3.605551275463989,1650,0.9123376623376623,3.2894802220953925,-1,-17.95319230040637,-1.1138012465079618e-18
13,3.605551275463989,1651,0.9125874125874126,3.2903807094269273,-1,-17.971384882421937,-1.0681078762582589e-18
13,3.605551275463989,1652,0.9128371628371628,3.291281196758461,-1,-17.989607482316764,-1.0242182680499397e-18
13,3.605551275463989,1653,0.913086913086913,3.292181684089996,-1,-18.007860220660188,-9.820639732048373e-19
13,3.605551275463989,1654,0.9133366633366633,3.2930821714215304,-1,-18.026143218869578,-9.415790373775695e-19
13,3.605551275463989,1655,0.9135864135864136,3.2939826587530647,-1,-18.044456599229004,-9.026999133481232e-19
13,3.605551275463989,1656,0.9138361638361638,3.2948831460845995,-1,-18.062800484885084,-8.653653767847347e-19
13,3.605551275463989,1657,0.9140859140859141,3.295783633416134,-1,-18.081174999867443,-8.295164447790816e-19
13,3.605551275463989,1658,0.9143356643356644,3.2966841207476687,-1,-18.099580269095963,-7.95096297146818e-19
13,3.605551275463989,1659,0.9145854145854146,3.297584608079203,-1,-18.118016418378126,-7.620502003919348e-19
13,3.605551275463989,1660,0.9148351648351649,3.2984850954107374,-1,-18.13648357443084,-7.303254341869619e-19
13,3.605551275463989,1661,0.9150849150849151,3.299385582742272,-1,-18.154981864884316,-6.998712203674843e-19
13,3.605551275463989,1662,0.9153346653346653,3.300286070073806,-1,-18.17351141828778,-6.706386543211704e-19
13,3.605551275463989,1663,0.9155844155844156,3.301186557405341,-1,-18.192072364134095,-6.425806386695565e-19
13,3.605551275463989,1664,0.9158341658341658,3.302087044736875,-1,-18.210664832849083,-6.156518192526663e-19
13,3.605551275463989,1665,0.916083916083916,3.3029875320684097,-1,-18.22928895581187,-5.898085232380103e-19
13,3.605551275463989,1666,0.9163336663336663,3.303888019399944,-1,-18.2479448653674,-5.650086993472818e-19
13,3.605551275463989,1667,0.9165834165834166,3.3047885067314784,-1,-18.266632694822903,-5.412118601390765e-19
13,3.605551275463989,1668,0.9168331668331668,3.305688994063013,-1,-18.28535257848067,-5.183790262127934e-19
13,3.605551275463989,1669,0.9170829170829171,3.3065894813945476,-1,-18.304104651627778,-4.964726723735909e-19
13,3.605551275463989,1670,0.9173326673326674,3.307489968726082,-1,-18.322889050551407,-4.754566756054479e-19
13,3.605551275463989,1671,0.9175824175824177,3.3083904560576167,-1,-18.34170591255741,-4.552962648246251e-19
13,3.605551275463989,1672,0.9178321678321678,3.3092909433891506,-1,-18.36055537596577,-4.359579723823851e-19
13,3.605551275463989,1673,0.9180819180819181,3.3101914307206854,-1,-18.3794375801415,-4.174095871968482e-19
13,3.605551275463989,1674,0.9183316683316683,3.31109191805222,-1,-18.398352665491693,-3.9962010953367054e-19
13,3.605551275463989,1675,0.9185814185814185,3.311992405383754,-1,-18.417300773474153,-3.8255970733239584e-19
13,3.605551275463989,1676,0.9188311688311688,3.3128928927152885,-1,-18.436282046621,-3.661996740276843e-19
13,3.605551275463989,1677,0.919080919080919,3.313793380046823,-1,-18.45529662853427,-3.50512387854196e-19
13,3.605551275463989,1678,0.9193306693306693,3.3146938673783577,-1,-18.474344663913698,-3.3547127253321254e-19
13,3.605551275463989,1679,0.9195804195804196,3.315594354709892,-1,-18.493426298564255,-3.210507593409081e-19
13,3.605551275463989,1680,0.9198301698301699,3.316494842041427,-1,-18.51254167939452,-3.072262505003137e-19
13,3.605551275463989,1681,0.9200799200799201,3.317395329372961,-1,-18.531690954444286,-2.9397408382524193e-19
13,3.605551275463989,1682,0.9203296703296704,3.3182958167044956,-1,-18.55087427289297,-2.8127149861150446e-19
13,3.605551275463989,1683,0.9205794205794207,3.3191963040360304,-1,-18.570091785061383,-2.690966027223615e-19
13,3.605551275463989,1684,0.9208291708291708,3.3200967913675643,-1,-18.58934364244616,-2.5742834080403444e-19
13,3.605551275463989,1685,0.9210789210789211,3.320997278699099,-1,-18.60862999771285,-2.462464636407963e-19
13,3.605551275463989,1686,0.9213286713286714,3.3218977660306335,-1,-18.62795100471254,-2.355314985696062e-19
13,3.605551275463989,1687,0.9215784215784215,3.3227982533621674,-1,-18.647306818503882,-2.252647209318971e-19
13,3.605551275463989,1688,0.9218281718281718,3.323698740693702,-1,-18.666697595350463,-2.1542812654330712e-19
13,3.605551275463989,1689,0.922077922077922,3.3245992280252366,-1,-18.686123492756234,-2.0600440511382097e-19
13,3.605551275463989,1690,0.9223276723276723,3.3254997153567714,-1,-18.705584669461683,-1.9697691462655053e-19
13,3.605551275463989,1691,0.9225774225774226,3.3264002026883057,-1,-18.725081285458874,-1.8832965661237003e-19
13,3.605551275463989,1692,0.9228271728271729,3.32730069001984,-1,-18.74461350201596,-1.8004725229649943e-19
13,3.605551275463989,1693,0.9230769230769231,3.328201177351375,-1,-18.764181481675152,-1.721149196028162e-19
13,3.605551275463989,1694,0.9233266733266734,3.3291016646829092,-1,-18.783785388288763,-1.645184509593049e-19
13,3.605551275463989,1695,0.9235764235764236,3.3300021520144436,-1,-18.8034253870173,-1.5724419190909047e-19
13,3.605551275463989,1696,0.9238261738261738,3.330902639345978,-1,-18.82310164434457,-1.5027902047660104e-19
13,3.605551275463989,1697,0.9240759240759241,3.3318031266775123,-1,-18.84281432810377,-1.4361032726689377e-19
13,3.605551275463989,1698,0.9243256743256743,3.3327036140090467,-1,-18.862563607476297,-1.372259962862214e-19
13,3.605551275463989,1699,0.9245754245754245,3.333604101340581,-1,-18.882349653029326,-1.3111438643670105e-19
13,3.605551275463989,1700,0.9248251748251748,3.334504588672116,-1,-18.90217263671414,-1.2526431368793724e-19
13,3.605551275463989,1701,0.9250749250749251,3.33540507600365,-1,-18.922032731883256,-1.1966503388298115e-19
13,3.605551275463989,1702,0.9253246753246753,3.3363055633351846,-1,-18.941930113317195,-1.143062261608647e-19
13,3.605551275463989,1703,0.9255744255744256,3.3372060506667194,-1,-18.961864957224268,-1.091779769843716e-19
13,3.605551275463989,1704,0.9258241758241759,3.3381065379982537,-1,-18.981837441280614,-1.0427076473404806e-19
13,3.605551275463989,1705,0.9260739260739261,3.3390070253297885,-1,-19.00184774462719,-9.957544487084158e-20
13,3.605551275463989,1706,0.9263236763236764,3.339907512661323,-1,-19.02189604789094,-9.508323563001462e-20
13,3.605551275463989,1707,0.9265734265734266,3.340807999992857,-1,-19.041982533211023,-9.078570423356315e-20
13,3.605551275463989,1708,0.9268231768231768,3.3417084873243916,-1,-19.062107384240356,-8.667475360935362e-20
13,3.605551275463989,1709,0.9270729270729271,3.342608974655926,-1,-19.082270786188186,-8.274260958537627e-20
13,3.605551275463989,1710,0.9273226773226773,3.3435094619874604,-1,-19.102472925814876,-7.898180856104078e-20
13,3.605551275463989,1711,0.9275724275724275,3.3444099493189947,-1,-19.122713991459005,-7.538518562236485e-20
13,3.605551275463989,1712,0.9278221778221778,3.345310436650529,-1,-19.142994173061428,-7.194586309311423e-20
13,3.605551275463989,1713,0.9280719280719281,3.346210923982064,-1,-19.163313662170307,-6.865723950898937e-20
13,3.605551275463989,1714,0.9283216783216783,3.3471114113135982,-1,-19.183672651984757,-6.55129789904341e-20
13,3.605551275463989,1715,0.9285714285714286,3.348011898645133,-1,-19.204071337348413,-6.250700101457902e-20
13,3.605551275463989,1716,0.9288211788211789,3.3489123859766674,-1,-19.224509914783532,-5.963347055763895e-20
13,3.605551275463989,1717,0.9290709290709291,3.3498128733082018,-1,-19.244988582509624,-5.688678860378603e-20
13,3.605551275463989,1718,0.9293206793206793,3.350713360639736,-1,-19.26550754045644,-5.426158300567616e-20
13,3.605551275463989,1719,0.9295704295704296,3.3516138479712705,-1,-19.286066990307283,-5.175269967972102e-20
13,3.605551275463989,1720,0.9298201798201798,3.3525143353028053,-1,-19.30666713548991,-4.9355194134719996e-20
13,3.605551275463989,1721,0.93006993006993,3.353414822634339,-1,-19.327308181217443,-4.706432330912482e-20
13,3.605551275463989,1722,0.9303196803196803,3.354315309965874,-1,-19.347990334506626,-4.4875537715157194e-20
13,3.605551275463989,1723,0.9305694305694305,3.3552157972974084,-1,-19.368713804199338,-4.2784473875557304e-20
13,3.605551275463989,1724,0.9308191808191808,3.3561162846289427,-1,-19.389478800984918,-4.0786947042862195e-20
13,3.605551275463989,1725,0.9310689310689311,3.3570167719604775,-1,-19.410285537425853,-3.887894419092308e-20
13,3.605551275463989,1726,0.9313186813186813,3.357917259292012,-1,-19.43113422797004,-3.705661727043562e-20
13,3.605551275463989,1727,0.9315684315684316,3.3588177466235463,-1,-19.452025088998944,-3.5316276714674633e-20
13,3.605551275463989,1728,0.9318181818181819,3.359718233955081,-1,-19.472958338825656,-3.3654385193996654e-20
13,3.605551275463989,1729,0.9320679320679321,3.3606187212866154,-1,-19.493934197732376,-3.2067551602346785e-20
13,3.605551275463989,1730,0.9323176823176823,3.36151920861815,-1,-19.514952887994454,-3.0552525272054925e-20
13,3.605551275463989,1731,0.9325674325674326,3.362419695949684,-1,-19.53601463390093,-2.9106190407709143e-20
13,3.605551275463989,1732,0.9328171828171828,3.3633201832812185,-1,-19.557119661795234,-2.7725560729601906e-20
13,3.605551275463989,1733,0.933066933066933,3.364220670612753,-1,-19.578268200078462,-2.640777432305617e-20
13,3.605551275463989,1734,0.9333166833166833,3.3651211579442872,-1,-19.599460479255512,-2.5150088680805032e-20
13,3.605551275463989,1735,0.9335664335664335,3.366021645275822,-1,-19.620696731947064,-2.394987593644086e-20
13,3.605551275463989,1736,0.9338161838161838,3.3669221326073564,-1,-19.641977192934263,-2.2804618277867072e-20
13,3.605551275463989,1737,0.9340659340659341,3.367822619938891,-1,-19.663302099175876,-2.1711903537739957e-20
13,3.605551275463989,1738,0.9343156843156843,3.3687231072704256,-1,-19.684671689832452,-2.0669420952347128e-20
13,3.605551275463989,1739,0.9345654345654346,3.36962359460196,-1,-19.706086206308683,-1.9674957082369835e-20
13,3.605551275463989,1740,0.9348151848151849,3.3705240819334947,-1,-19.72754589226526,-1.8726391891947926e-20
13,3.605551275463989,1741,0.935064935064935,3.3714245692650286,-1,-19.74905099367524,-1.7821694976738004e-20
13,3.605551275463989,1742,0.9353146853146853,3.3723250565965635,-1,-19.770601758826775,-1.6958921939891975e-20
13,3.605551275463989,1743,0.9355644355644356,3.373225543928098,-1,-19.79219843836989,-1.613621090619987e-20
13,3.605551275463989,1744,0.9358141858141857,3.3741260312596317,-1,-19.81384128534206,-1.5351779172140437e-20
13,3.605551275463989,1745,0.936063936063936,3.3750265185911665,-1,-19.83553055520434,-1.4603919985489472e-20
13,3.605551275463989,1746,0.9363136863136863,3.375927005922701,-1,-19.857266505878307,-1.3890999450115724e-20
13,3.605551275463989,1747,0.9365634365634365,3.3768274932542357,-1,-19.879049397763318,-1.3211453551940006e-20
13,3.605551275463989,1748,0.9368131868131868,3.37772798058577,-1,-19.900879493788906,-1.2563785299776136e-20
13,3.605551275463989,1749,0.9370629370629371,3.3786284679173044,-1,-19.922757059430243,-1.1946561979087056e-20
13,3.605551275463989,1750,0.9373126873126874,3.3795289552488392,-1,-19.944682362769562,-1.135841251193775e-20
13,3.605551275463989,1751,0.9375624375624376,3.3804294425803736,-1,-19.966655674505663,-1.0798024921997956e-20
13,3.605551275463989,1752,0.9378121878121879,3.381329929911908,-1,-19.98867726800283,-1.0264143898073813e-20
13,3.605551275463989,1753,0.938061938061938,3.3822304172434423,-1,-20.010747419325178,-9.755568453997484e-21
13,3.605551275463989,1754,0.9383116883116883,3.3831309045749767,-1,-20.032866407275055,-9.27114968073735e-21
13,3.605551275463989,1755,0.9385614385614386,3.3840313919065115,-1,-20.05503451343866,-8.809788587221524e-21
13,3.605551275463989,1756,0.9388111888111887,3.3849318792380454,-1,-20.077252022206807,-8.370434027187385e-21
13,3.605551275463989,1757,0.939060939060939,3.38583236656958,-1,-20.0995192208351,-7.952080707472066e-21
13,3.605551275463989,1758,0.9393106893106893,3.3867328539011146,-1,-20.121836399460648,-7.553767276339285e-21
13,3.605551275463989,1759,0.9395604395604396,3.387633341232649,-1,-20.144203851178986,-7.17457448683951e-21
13,3.605551275463989,1760,0.9398101898101898,3.3885338285641837,-1,-20.166621872050673,-6.813623434727048e-21
13,3.605551275463989,1761,0.9400599400599401,3.389434315895718,-1,-20.189090761158695,-6.4700738659163076e-21
13,3.605551275463989,1762,0.9403096903096904,3.390334803227253,-1,-20.211610820655,-6.143122551958085e-21
13,3.605551275463989,1763,0.9405594405594406,3.3912352905587873,-1,-20.234182355800773,-5.832001730813023e-21
13,3.605551275463989,1764,0.9408091908091908,3.392135777890321,-1,-20.25680567501113,-5.535977610256697e-21
13,3.605551275463989,1765,0.9410589410589411,3.393036265221856,-1,-20.279481089899548,-5.254348931587498e-21
13,3.605551275463989,1766,0.9413086913086913,3.3939367525533903,-1,-20.302208915337967,-4.9864455911350405e-21
13,3.605551275463989,1767,0.9415584415584415,3.3948372398849247,-1,-20.324989469481615,-4.7316273179534265e-21
13,3.605551275463989,1768,0.9418081918081918,3.395737727216459,-1,-20.347823073839027,-4.4892824045697284e-21
13,3.605551275463989,1769,0.942057942057942,3.3966382145479934,-1,-20.37071005330197,-4.2588264897314456e-21
13,3.605551275463989,1770,0.9423076923076923,3.3975387018795282,-1,-20.393650736223872,-4.039701390177043e-21
13,3.605551275463989,1771,0.9425574425574426,3.3984391892110626,-1,-20.416645454441174,-3.831373980611114e-21
13,3.605551275463989,1772,0.9428071928071928,3.3993396765425974,-1,-20.43969454334504,-3.633335118935219e-21
13,3.605551275463989,1773,0.9430569430569431,3.4002401638741317,-1,-20.462798341922053,-3.445098615764024e-21
13,3.605551275463989,1774,0.9433066933066934,3.401140651205666,-1,-20.48595719282688,-3.2662002459354884e-21
13,3.605551275463989,1775,0.9435564435564436,3.402041138537201,-1,-20.50917144242252,-3.0961968009132086e-21
13,3.605551275463989,1776,0.9438061938061938,3.402941625868735,-1,-20.532441440838944,-2.934665180052697e-21
13,3.605551275463989,1777,0.9440559440559441,3.4038421132002696,-1,-20.555767542035802,-2.781201519341426e-21
13,3.605551275463989,1778,0.9443056943056943,3.404742600531804,-1,-20.57915010385819,-2.635420356211832e-21
13,3.605551275463989,1779,0.9445554445554445,3.4056430878633384,-1,-20.602589488106286,-2.496953828869197e-21
13,3.605551275463989,1780,0.9448051948051948,3.4065435751948727,-1,-20.62608606057775,-2.365450909021249e-21
13,3.605551275463989,1781,0.945054945054945,3.407444062526407,-1,-20.64964019114991,-2.240576666288972e-21
13,3.605551275463989,1782,0.9453046953046953,3.408344549857942,-1,-20.673252253825716,-2.122011563485383e-21
13,3.605551275463989,1783,0.9455544455544456,3.4092450371894762,-1,-20.69692262682505,-2.009450781093993e-21
13,3.605551275463989,1784,0.9458041958041958,3.4101455245210106,-1,-20.720651692620084,-1.902603570300536e-21
13,3.605551275463989,1785,0.9460539460539461,3.4110460118525454,-1,-20.744439838027375,-1.801192632883762e-21
13,3.605551275463989,1786,0.9463036963036964,3.4119464991840798,-1,-20.76828745425739,-1.7049535273650725e-21
13,3.605551275463989,1787,0.9465534465534465,3.412846986515614,-1,-20.792194937013843,-1.613634099960365e-21
13,3.605551275463989,1788,0.9468031968031968,3.4137474738471485,-1,-20.816162686534074,-1.5269939397860733e-21
13,3.605551275463989,1789,0.9470529470529471,3.414647961178683,-1,-20.84019110768439,-1.4448038568889581e-21
13,3.605551275463989,1790,0.9473026973026972,3.415548448510217,-1,-20.864280610018817,-1.3668453825344162e-21
13,3.605551275463989,1791,0.9475524475524475,3.4164489358417516,-1,-20.888431607881557,-1.292910290571915e-21
13,3.605551275463989,1792,0.9478021978021978,3.4173494231732864,-1,-20.912644520458347,-1.2228001393373416e-21
13,3.605551275463989,1793,0.948051948051948,3.4182499105048207,-1,-20.936919771872134,-1.15632583295226e-21
13,3.605551275463989,1794,0.9483016983016983,3.4191503978363555,-1,-20.961257791254106,-1.0933072014483061e-21
13,3.605551275463989,1795,0.9485514485514486,3.42005088516789,-1,-20.985659012847254,-1.0335725987905446e-21
13,3.605551275463989,1796,0.9488011988011988,3.4209513724994243,-1,-21.01012387607177,-9.769585182551149e-22
13,3.605551275463989,1797,0.9490509490509491,3.421851859830959,-1,-21.034652825621237,-9.233092242728533e-22
13,3.605551275463989,1798,0.9493006993006994,3.4227523471624934,-1,-21.059246311544303,-8.724764001790159e-22
13,3.605551275463989,1799,0.9495504495504495,3.423652834494028,-1,-21.083904789353692,-8.243188111250396e-22
13,3.605551275463989,1800,0.9498001998001998,3.424553321825562,-1,-21.1086287201069,-7.787019816460874e-22
13,3.605551275463989,1801,0.9500499500499501,3.4254538091570965,-1,-21.133418570494143,-7.354978872000323e-22
13,3.605551275463989,1802,0.9502997002997002,3.426354296488631,-1,-21.158274812952335,-6.945846590752285e-22
13,3.605551275463989,1803,0.9505494505494505,3.4272547838201652,-1,-21.18319792575749,-6.558463021998103e-22
13,3.605551275463989,1804,0.9507992007992008,3.4281552711517,-1,-21.208188393118263,-6.191724252715013e-22
13,3.605551275463989,1805,0.951048951048951,3.4290557584832344,-1,-21.233246705301703,-5.844579826541881e-22
13,3.605551275463989,1806,0.9512987012987013,3.4299562458147688,-1,-21.258373358718913,-5.516030276579783e-22
13,3.605551275463989,1807,0.9515484515484516,3.4308567331463036,-1,-21.283568856043566,-5.205124766197994e-22
13,3.605551275463989,1808,0.9517982017982018,3.431757220477838,-1,-21.308833706315593,-4.910958834012393e-22
13,3.605551275463989,1809,0.9520479520479521,3.4326577078093723,-1,-21.334168425075234,-4.632672238111766e-22
13,3.605551275463989,1810,0.9522977022977023,3.4335581951409067,-1,-21.359573534457116,-4.369446896183156e-22
13,3.605551275463989,1811,0.9525474525474525,3.434458682472441,-1,-21.385049563321875,-4.120504916599706e-22
13,3.605551275463989,1812,0.9527972027972028,3.435359169803976,-1,-21.41059704736793,-3.885106717278416e-22
13,3.605551275463989,1813,0.953046953046953,3.4362596571355097,-1,-21.436216529280173,-3.66254922803996e-22
13,3.605551275463989,1814,0.9532967032967032,3.4371601444670445,-1,-21.46190855883058,-3.4521641737166723e-22
13,3.605551275463989,1815,0.9535464535464535,3.438060631798579,-1,-21.487673693026384,-3.2533164337070413e-22
13,3.605551275463989,1816,0.9537962037962038,3.4389611191301133,-1,-21.513512496230025,-3.065402475391051e-22
13,3.605551275463989,1817,0.954045954045954,3.439861606461648,-1,-21.539425540324416,-2.8878488576801315e-22
13,3.605551275463989,1818,0.9542957042957043,3.4407620937931824,-1,-21.5654134048205,-2.72011080245621e-22
13,3.605551275463989,1819,0.9545454545454546,3.4416625811247172,-1,-21.591476677024545,-2.561670830150013e-22
13,3.605551275463989,1820,0.9547952047952049,3.4425630684562516,-1,-21.61761595216802,-2.4120374573765737e-22
13,3.605551275463989,1821,0.9550449550449551,3.443463555787786,-1,-21.64383183358865,-2.2707439534041084e-22
13,3.605551275463989,1822,0.9552947052947053,3.4443640431193203,-1,-21.670124932849415,-2.1373471535722995e-22
13,3.605551275463989,1823,0.9555444555444556,3.4452645304508547,-1,-21.696495869924302,-2.011426326474079e-22
13,3.605551275463989,1824,0.9557942057942058,3.4461650177823895,-1,-21.72294527334304,-1.8925820931586978e-22
13,3.605551275463989,1825,0.956043956043956,3.4470655051139234,-1,-21.749473780383774,-1.7804353956526373e-22
13,3.605551275463989,1826,0.9562937062937062,3.4479659924454578,-1,-21.77608203721304,-1.6746265131111713e-22
13,3.605551275463989,1827,0.9565434565434565,3.4488664797769926,-1,-21.802770699083545,-1.57481412303416e-22
13,3.605551275463989,1828,0.9567932067932068,3.449766967108527,-1,-21.829540430505915,-1.4806744059407437e-22
13,3.605551275463989,1829,0.957042957042957,3.4506674544400617,-1,-21.856391905442667,-1.391900191399868e-22
13,3.605551275463989,1830,0.9572927072927073,3.451567941771596,-1,-21.883325807483686,-1.3082001437452843e-22
13,3.605551275463989,1831,0.9575424575424576,3.4524684291031305,-1,-21.910342830046243,-1.2292979855777226e-22
13,3.605551275463989,1832,0.9577922077922079,3.4533689164346653,-1,-21.937443676588934,-1.1549317574378722e-22
13,3.605551275463989,1833,0.958041958041958,3.454269403766199,-1,-21.964629060796597,-1.0848531121654105e-22
13,3.605551275463989,1834,0.9582917082917083,3.455169891097734,-1,-21.99189970680261,-1.0188266422149208e-22
13,3.605551275463989,1835,0.9585414585414586,3.4560703784292683,-1,-22.01925634939237,-9.566292386193154e-23
13,3.605551275463989,1836,0.9587912087912087,3.4569708657608027,-1,-22.04669973425483,-8.980494800298367e-23
13,3.605551275463989,1837,0.959040959040959,3.457871353092337,-1,-22.074230618172255,-8.428870507376355e-23
13,3.605551275463989,1838,0.9592907092907093,3.4587718404238714,-1,-22.101849769282886,-7.909521860795782e-23
13,3.605551275463989,1839,0.9595404595404595,3.4596723277554062,-1,-22.129557967298012,-7.420651442532365e-23
13,3.605551275463989,1840,0.9597902097902098,3.4605728150869406,-1,-22.157356003787015,-6.960557031330263e-23
13,3.605551275463989,1841,0.9600399600399601,3.461473302418475,-1,-22.18524468238208,-6.527626812237385e-23
13,3.605551275463989,1842,0.9602897102897103,3.4623737897500098,-1,-22.213224819076277,-6.120334813601679e-23
13,3.605551275463989,1843,0.9605394605394606,3.463274277081544,-1,-22.241297242477916,-5.737236563555428e-23
13,3.605551275463989,1844,0.9607892107892109,3.464174764413079,-1,-22.269462794090007,-5.376964954862461e-23
13,3.605551275463989,1845,0.961038961038961,3.465075251744613,-1,-22.297722328581678,-5.038226309120651e-23
13,3.605551275463989,1846,0.9612887112887113,3.465975739076147,-1,-22.32607671411111,-4.7197966304933437e-23
13,3.605551275463989,1847,0.9615384615384616,3.466876226407682,-1,-22.35452683258739,-4.4205180416365375e-23
13,3.605551275463989,1848,0.9617882117882117,3.467776713739216,-1,-22.383073580006066,-4.139295391871302e-23
13,3.605551275463989,1849,0.962037962037962,3.4686772010707507,-1,-22.41171786675276,-3.8750930308942373e-23
13,3.605551275463989,1850,0.9622877122877123,3.469577688402285,-1,-22.44046061794699,-3.6269317396231354e-23
13,3.605551275463989,1851,0.9625374625374625,3.47047817573382,-1,-22.469302773759246,-3.393885811548504e-23
13,3.605551275463989,1852,0.9627872127872128,3.4713786630653543,-1,-22.49824528976236,-3.1750802770420035e-23
13,3.605551275463989,1853,0.9630369630369631,3.4722791503968886,-1,-22.52728913731147,-2.969688264099084e-23
13,3.605551275463989,1854,0.9632867132867133,3.4731796377284234,-1,-22.556435303877496,-2.7769284896868354e-23
13,3.605551275463989,1855,0.9635364635364636,3.474080125059958,-1,-22.585684793450426,-2.5960628747390305e-23
13,3.605551275463989,1856,0.9637862137862138,3.474980612391492,-1,-22.615038626916355,-2.4263942777031064e-23
13,3.605551275463989,1857,0.964035964035964,3.4758810997230265,-1,-22.644497842477758,-2.2672643406110758e-23
13,3.605551275463989,1858,0.9642857142857143,3.476781587054561,-1,-22.674063496047765,-2.1180514427861847e-23
13,3.605551275463989,1859,0.9645354645354645,3.4776820743860952,-1,-22.703736661682303,-1.9781687567287692e-23
13,3.605551275463989,1860,0.9647852147852147,3.4785825617176296,-1,-22.7335184320468,-1.8470624014127502e-23
13,3.605551275463989,1861,0.965034965034965,3.4794830490491644,-1,-22.763409918833396,-1.7242096887394238e-23
13,3.605551275463989,1862,0.9652847152847153,3.4803835363806988,-1,-22.793412253256097,-1.6091174581293705e-23
13,3.605551275463989,1863,0.9655344655344655,3.481284023712233,-1,-22.823526586528207,-1.5013204954878514e-23
13,3.605551275463989,1864,0.9657842157842158,3.482184511043768,-1,-22.853754090367033,-1.4003800323062776e-23
13,3.605551275463989,1865,0.9660339660339661,3.4830849983753023,-1,-22.884095957503927,-1.3058823211392655e-23
13,3.605551275463989,1866,0.9662837162837163,3.4839854857068366,-1,-22.91455340221401,-1.2174372837275927e-23
13,3.605551275463989,1867,0.9665334665334666,3.4848859730383714,-1,-22.94512766089499,-1.1346772281907536e-23
13,3.605551275463989,1868,0.9667832167832168,3.4857864603699054,-1,-22.975819992599416,-1.0572556322168732e-23
13,3.605551275463989,1869,0.967032967032967,3.48668694770144,-1,-23.006631679640467,-9.848459887030683e-24
13,3.605551275463989,1870,0.9672827172827173,3.4875874350329745,-1,-23.0375640282164,-9.171407109848049e-24
13,3.605551275463989,1871,0.9675324675324675,3.488487922364509,-1,-23.068618369009336,-8.538500948306568e-24
13,3.605551275463989,1872,0.9677822177822177,3.4893884096960432,-1,-23.099796057856622,-7.947013342036928e-24
13,3.605551275463989,1873,0.968031968031968,3.4902888970275776,-1,-23.13109847641664,-7.394375883310416e-24
13,3.605551275463989,1874,0.9682817182817183,3.4911893843591124,-1,-23.162527032871715,-6.878170974658091e-24
13,3.605551275463989,1875,0.9685314685314685,3.4920898716906468,-1,-23.194083162640435,-6.396123449909742e-24
13,3.605551275463989,1876,0.9687812187812188,3.4929903590221816,-1,-23.225768329121852,-5.946092635310677e-24
13,3.605551275463989,1877,0.9690309690309691,3.493890846353716,-1,-23.257584024492846,-5.5260648286612716e-24
13,3.605551275463989,1878,0.9692807192807193,3.4947913336852503,-1,-23.289531770477744,-5.134146176789212e-24
13,3.605551275463989,1879,0.9695304695304695,3.4956918210167847,-1,-23.32161311917835,-4.768555930187659e-24
13,3.605551275463989,1880,0.9697802197802198,3.496592308348319,-1,-23.35382965398365,-4.427620055934283e-24
13,3.605551275463989,1881,0.97002997002997,3.497492795679854,-1,-23.386182990389745,-4.109765192735176e-24
13,3.605551275463989,1882,0.9702797202797202,3.4983932830113877,-1,-23.418674776974047,-3.813512928163813e-24
13,3.605551275463989,1883,0.9705294705294705,3.499293770342922,-1,-23.451306696339458,-3.537474383870394e-24
13,3.605551275463989,1884,0.9707792207792207,3.500194257674457,-1,-23.484080466099112,-3.2803450923517854e-24
13,3.605551275463989,1885,0.971028971028971,3.5010947450059913,-1,-23.516997839939087,-3.0409001502368957e-24
13,3.605551275463989,1886,0.9712787212787213,3.501995232337526,-1,-23.55006060865568,-2.817989634805671e-24
13,3.605551275463989,1887,0.9715284715284715,3.5028957196690604,-1,-23.583270601287836,-2.6105342693509912e-24
13,3.605551275463989,1888,0.9717782217782218,3.503796207000595,-1,-23.61662968628264,-2.417521325143752e-24
13,3.605551275463989,1889,0.9720279720279721,3.5046966943321296,-1,-23.650139772679147,-2.238000747874297e-24
13,3.605551275463989,1890,0.9722777222777224,3.505597181663664,-1,-23.683802811370295,-2.0710814966379257e-24
13,3.605551275463989,1891,0.9725274725274725,3.5064976689951983,-1,-23.717620796406436,-1.9159280847062007e-24
13,3.605551275463989,1892,0.9727772227772228,3.5073981563267327,-1,-23.75159576634201,-1.7717573115831006e-24
13,3.605551275463989,1893,0.973026973026973,3.508298643658267,-1,-23.785729805646476,-1.6378351762885166e-24
13,3.605551275463989,1894,0.9732767232767232,3.5091991309898014,-1,-23.820025046173143,-1.513473962445775e-24
13,3.605551275463989,1895,0.9735264735264735,3.5100996183213358,-1,-23.854483668686758,-1.3980294861684377e-24
13,3.605551275463989,1896,0.9737762237762237,3.5110001056528706,-1,-23.889107904450963,-1.2908984981827298e-24
13,3.605551275463989,1897,0.974025974025974,3.511900592984405,-1,-23.92390003689148,-1.1915162320037229e-24
13,3.605551275463989,1898,0.9742757242757243,3.5128010803159393,-1,-23.958862403327487,-1.09935409047117e-24
13,3.605551275463989,1899,0.9745254745254746,3.513701567647474,-1,-23.993997396769707,-1.0139174633012146e-24
13,3.605551275463989,1900,0.9747752247752248,3.5146020549790085,-1,-24.02930746780956,-9.347436686168406e-25
13,3.605551275463989,1901,0.9750249750249751,3.5155025423105433,-1,-24.06479512658483,-8.614000118780454e-25
13,3.605551275463989,1902,0.9752747252747253,3.516403029642077,-1,-24.100462944827484,-7.934819559021855e-25
13,3.605551275463989,1903,0.9755244755244755,3.5173035169736115,-1,-24.136313558017296,-7.306113959565146e-25
13,3.605551275463989,1904,0.9757742257742258,3.5182040043051463,-1,-24.172349667619066,-6.724350343011886e-25
13,3.605551275463989,1905,0.976023976023976,3.5191044916366803,-1,-24.20857404342558,-6.186228487556269e-25
13,3.605551275463989,1906,0.9762737262737262,3.520004978968215,-1,-24.2449895260244,-5.688666501605966e-25
13,3.605551275463989,1907,0.9765234765234765,3.5209054662997494,-1,-24.28159902935085,-5.228787239472651e-25
13,3.605551275463989,1908,0.9767732267732268,3.5218059536312842,-1,-24.318405543380415,-4.803905511350561e-25
13,3.605551275463989,1909,0.977022977022977,3.5227064409628186,-1,-24.355412136968237,-4.411516044044987e-25
13,3.605551275463989,1910,0.9772727272727273,3.523606928294353,-1,-24.39262196077287,-4.049282151788002e-25
13,3.605551275463989,1911,0.9775224775224776,3.5245074156258878,-1,-24.43003825036459,-3.715025076771425e-25
13,3.605551275463989,1912,0.9777722277722278,3.525407902957422,-1,-24.467664329504927,-3.406713962577808e-25
13,3.605551275463989,1913,0.9780219780219781,3.5263083902889565,-1,-24.505503613516595,-3.1224564259367844e-25
13,3.605551275463989,1914,0.9782717282717283,3.527208877620491,-1,-24.543559612887286,-2.8604896921488024e-25
13,3.605551275463989,1915,0.9785214785214785,3.528109364952025,-1,-24.581835937064046,-2.619172263100198e-25
13,3.605551275463989,1916,0.9787712287712288,3.52900985228356,-1,-24.620336298373196,-2.3969760882814295e-25
13,3.605551275463989,1917,0.979020979020979,3.529910339615094,-1,-24.659064516213935,-2.1924792094417263e-25
13,3.605551275463989,1918,0.9792707292707292,3.5308108269466287,-1,-24.698024521457757,-2.004358852571152e-25
13,3.605551275463989,1919,0.9795204795204795,3.531711314278163,-1,-24.737220361049978,-1.8313849417365167e-25
13,3.605551275463989,1920,0.9797702297702298,3.5326118016096975,-1,-24.77665620290436,-1.6724140102632848e-25
13,3.605551275463989,1921,0.98001998001998,3.5335122889412323,-1,-24.816336341039626,-1.526383486784358e-25
13,3.605551275463989,1922,0.9802697302697303,3.5344127762727666,-1,-24.85626520100263,-1.3923063343984487e-25
13,3.605551275463989,1923,0.9805194805194806,3.535313263604301,-1,-24.896447345612323,-1.2692660224628407e-25
13,3.605551275463989,1924,0.9807692307692308,3.536213750935836,-1,-24.93688748099544,-1.1564118118550347e-25
13,3.605551275463989,1925,0.981018981018981,3.5371142382673697,-1,-24.977590463037167,-1.0529543351176449e-25
13,3.605551275463989,1926,0.9812687312687313,3.5380147255989045,-1,-25.018561304111934,-9.581614546683186e-26
13,3.605551275463989,1927,0.9815184815184815,3.538915212930439,-1,-25.05980518029754,-8.713543822380249e-26
13,3.605551275463989,1928,0.9817682317682317,3.5398157002619732,-1,-25.101327438984228,-7.919040444411449e-26
13,3.605551275463989,1929,0.982017982017982,3.5407161875935076,-1,-25.14313360693014,-7.192276798083406e-26
13,3.605551275463989,1930,0.9822677322677322,3.541616674925042,-1,-25.18522939887284,-6.527856533784218e-26
13,3.605551275463989,1931,0.9825174825174825,3.5425171622565768,-1,-25.227620726591507,-5.920784760986672e-26
13,3.605551275463989,1932,0.9827672327672328,3.543417649588111,-1,-25.27031370861224,-5.366440164782268e-26
13,3.605551275463989,1933,0.983016983016983,3.544318136919646,-1,-25.31331468052979,-4.8605489304670636e-26
13,3.605551275463989,1934,0.9832667332667333,3.5452186242511803,-1,-25.356630205947045,-4.399160367158896e-26
13,3.605551275463989,1935,0.9835164835164836,3.5461191115827146,-1,-25.400267088219433,-3.9786241255997475e-26
13,3.605551275463989,1936,0.9837662337662338,3.5470195989142494,-1,-25.44423238290829,-3.5955689146157637e-26
13,3.605551275463989,1937,0.984015984015984,3.5479200862457834,-1,-25.48853341113239,-3.2468826229753547e-26
13,3.605551275463989,1938,0.9842657342657343,3.548820573577318,-1,-25.53317777385355,-2.9296937606091835e-26
13,3.605551275463989,1939,0.9845154845154845,3.5497210609088525,-1,-25.578173367096237,-2.64135413809881e-26
13,3.605551275463989,1940,0.9847652347652347,3.5506215482403864,-1,-25.623528398352004,-2.3794227063179816e-26
13,3.605551275463989,1941,0.985014985014985,3.5515220355719213,-1,-25.669251404077976,-2.1416504851202553e-26
13,3.605551275463989,1942,0.9852647352647352,3.5524225229034556,-1,-25.715351268554986,-1.92596651175238e-26
13,3.605551275463989,1943,0.9855144855144855,3.5533230102349904,-1,-25.761837244146207,-1.7304647453015024e-26
13,3.605551275463989,1944,0.9857642357642358,3.554223497566525,-1,-25.808718973051008,-1.553391866763636e-26
13,3.605551275463989,1945,0.986013986013986,3.555123984898059,-1,-25.85600651085044,-1.393135917191571e-26
13,3.605551275463989,1946,0.9862637362637363,3.556024472229594,-1,-25.903710351780834,-1.2482157212794577e-26
13,3.605551275463989,1947,0.9865134865134866,3.5569249595611283,-1,-25.95184145616237,-1.1172710450648821e-26
13,3.605551275463989,1948,0.9867632367632367,3.5578254468926627,-1,-26.000411279988807,-9.990534410984978e-27
13,3.605551275463989,1949,0.987012987012987,3.558725934224197,-1,-26.049431807019708,-8.92417736144726e-27
13,3.605551275463989,1950,0.9872627372627373,3.5596264215557314,-1,-26.098915583626717,-7.963141196350553e-27
13,3.605551275463989,1951,0.9875124875124874,3.5605269088872658,-1,-26.14887575656955,-7.097807937706362e-27
13,3.605551275463989,1952,0.9877622377622377,3.5614273962188,-1,-26.199326114248016,-6.319371478962787e-27
13,3.605551275463989,1953,0.988011988011988,3.562327883550335,-1,-26.250281131514264,-5.619774230060811e-27
13,3.605551275463989,1954,0.9882617382617382,3.5632283708818693,-1,-26.301756018755174,-4.9916483330760805e-27
13,3.605551275463989,1955,0.9885114885114885,3.5641288582134036,-1,-26.353766775466813,-4.428261147057399e-27
13,3.605551275463989,1956,0.9887612387612388,3.5650293455449384,-1,-26.406330249059767,-3.923464712557021e-27
13,3.605551275463989,1957,0.989010989010989,3.565929832876473,-1,-26.459464199373766,-3.4716489289488594e-27
13,3.605551275463989,1958,0.9892607392607393,3.5668303202080076,-1,-26.5131873696748,-3.0676981916419957e-27
13,3.605551275463989,1959,0.9895104895104896,3.567730807539542,-1,-26.567519564983233,-2.706951252915604e-27
13,3.605551275463989,1960,0.9897602397602397,3.568631294871076,-1,-26.622481738471865,-2.3851640864592167e-27
13,3.605551275463989,1961,0.99000999000999,3.5695317822026107,-1,-26.678096087458826,-2.0984755454873174e-27
13,3.605551275463989,1962,0.9902597402597403,3.570432269534145,-1,-26.734386159559456,-1.8433756247241667e-27
13,3.605551275463989,1963,0.9905094905094904,3.5713327568656794,-1,-26.7913769711974,-1.6166761401910804e-27
13,3.605551275463989,1964,0.9907592407592407,3.5722332441972138,-1,-26.849095139639726,-1.4154836600663572e-27
13,3.605551275463989,1965,0.991008991008991,3.5731337315287486,-1,-26.907569030830434,-1.2371745262054441e-27
13,3.605551275463989,1966,0.9912587412587412,3.574034218860283,-1,-26.96682892522762,-1.0793718184072669e-27
13,3.605551275463989,1967,0.9915084915084915,3.5749347061918173,-1,-27.02690720457102,-9.399241221066291e-28
13,3.605551275463989,1968,0.9917582417582418,3.575835193523352,-1,-27.087838562679398,-8.168859703683924e-28
13,3.605551275463989,1969,0.9920079920079921,3.5767356808548865,-1,-27.149660244466673,-7.084998384114226e-28
13,3.605551275463989,1970,0.9922577422577423,3.577636168186421,-1,-27.212412317594044,-6.131795782807299e-28
13,3.605551275463989,1971,0.9925074925074925,3.578536655517955,-1,-27.27613798277813,-5.294951874950139e-28
13,3.605551275463989,1972,0.9927572427572428,3.5794371428494896,-1,-27.340883929281745,-4.5615881389995915e-28
13,3.605551275463989,1973,0.993006993006993,3.5803376301810244,-1,-27.40670074435521,-3.9201190440922863e-28
13,3.605551275463989,1974,0.9932567432567432,3.5812381175125583,-1,-27.473643386554286,-3.360134126296186e-28
13,3.605551275463989,1975,0.9935064935064934,3.582138604844093,-1,-27.541771735998015,-2.8722898531133563e-28
13,3.605551275463989,1976,0.9937562437562437,3.5830390921756274,-1,-27.611151237067276,-2.448210537806973e-28
13,3.605551275463989,1977,0.994005994005994,3.583939579507162,-1,-27.68185365359439,-2.0803976110932063e-28
13,3.605551275463989,1978,0.9942557442557443,3.5848400668386966,-1,-27.753957961425318,-1.762146609358545e-28
13,3.605551275463989,1979,0.9945054945054945,3.585740554170231,-1,-27.827551410259357,-1.4874712820176323e-28
13,3.605551275463989,1980,0.9947552447552448,3.5866410415017653,-1,-27.902730795951037,-1.2510342625641513e-28
13,3.605551275463989,1981,0.9950049950049951,3.5875415288333,-1,-27.97960399623536,-1.0480837891952649e-28
13,3.605551275463989,1982,0.9952547452547453,3.5884420161648345,-1,-28.058291840582523,-8.743959943401874e-29
13,3.605551275463989,1983,0.9955044955044955,3.589342503496369,-1,-28.13893040643276,-7.262223216876829e-29
13,3.605551275463989,1984,0.9957542457542458,3.590242990827903,-1,-28.221673868833445,-6.002416553816393e-29
13,3.605551275463989,1985,0.996003996003996,3.591143478159438,-1,-28.306698073148294,-4.935167836416839e-29
13,3.605551275463989,1986,0.9962537462537462,3.592043965490972,-1,-28.394205072469934,-4.034548378930541e-29
13,3.605551275463989,1987,0.9965034965034965,3.5929444528225063,-1,-28.48442896239441,-3.277713860293864e-29
13,3.605551275463989,1988,0.9967532467532467,3.593844940154041,-1,-28.577643504783314,-2.644578696972153e-29
13,3.605551275463989,1989,0.997002997002997,3.5947454274855755,-1,-28.674172250429525,-2.1175211147579947e-29
13,3.605551275463989,1990,0.9972527472527473,3.5956459148171103,-1,-28.774402245706586,-1.6811162815190095e-29
13,3.605551275463989,1991,0.9975024975024975,3.5965464021486446,-1,-28.87880299619315,-1.3218951336693594e-29
13,3.605551275463989,1992,0.9977522477522478,3.597446889480179,-1,-28.98795337400911,-1.0281266722013219e-29
13,3.605551275463989,1993,0.9980019980019981,3.598347376811714,-1,-29.102580928390324,-7.896216940256723e-30
13,3.605551275463989,1994,0.9982517482517482,3.5992478641432477,-1,-29.22362133232421,-5.975560773438896e-30
13,3.605551275463989,1995,0.9985014985014985,3.6001483514747825,-1,-29.352312066266155,-4.443118883714092e-30
13,3.605551275463989,1996,0.9987512487512488,3.601048838806317,-1,-29.490347664693555,-3.2333471495416415e-30
13,3.605551275463989,1997,0.9990009990009989,3.601949326137851,-1,-29.640153594653647,-2.2900575968620485e-30
13,3.605551275463989,1998,0.9992507492507492,3.6028498134693856,-1,-29.80540978484609,-1.5652734366834408e-30
13,3.605551275463989,1999,0.9995004995004995,3.60375030080092,-1,-29.992164425002397,-1.018205819740754e-30
13,3.605551275463989,2000,0.9997502497502497,3.6046507881324548,-1,-30.211590544970495,-6.14340935947582e-31
53,7.280109889280518,0,0.5002497502497503,3.6418731539033162,-1,-17.363894894166677,-4.326185185913642e-18
53,7.280109889280518,1,0.5004995004995005,3.6436913631663734,-1,-17.383698579979008,-4.133342751509931e-18
53,7.280109889280518,2,0.5007492507492507,3.6455095724294297,-1,-17.403516482891312,-3.94896711447062e-18
53,7.280109889280518,3,0.500999000999001,3.647327781692487,-1,-17.423348609280097,-3.772692343801463e-18
53,7.280109889280518,4,0.5012487512487512,3.649145990955544,-1,-17.443194965529575,-3.604168066834302e-18
53,7.280109889280518,5,0.5014985014985015,3.6509642002186014,-1,-17.463055558035695,-3.4430588189124465e-18
53,7.280109889280518,6,0.5017482517482518,3.6527824094816586,-1,-17.482930393208076,-3.289043419797946e-18
53,7.280109889280518,7,0.501998001998002,3.6546006187447158,-1,-17.50281947745926,-3.1418143757962213e-18
53,7.280109889280518,8,0.5022477522477522,3.6564188280077725,-1,-17.52272281721751,-3.001077306284313e-18
53,7.280109889280518,9,0.5024975024975025,3.6582370372708297,-1,-17.54264041891371,-2.8665503940317627e-18
53,7.280109889280518,10,0.5027472527472527,3.660055246533887,-1,-17.56257228899912,-2.737963857945473e-18
53,7.280109889280518,11,0.502997002997003,3.661873455796944,-1,-17.58251843392845,-2.615059447782605e-18
53,7.280109889280518,12,0.5032467532467533,3.6636916650600013,-1,-17.60247886016661,-2.497589959546624e-18
53,7.280109889280518,13,0.5034965034965035,3.6655098743230585,-1,-17.622453574189944,-2.385318770929824e-18
53,7.280109889280518,14,0.5037462537462537,3.667328083586115,-1,-17.642442582481863,-2.2780193959808074e-18
53,7.280109889280518,15,0.503996003996004,3.669146292849172,-1,-17.662445891543566,-2.1754750581052694e-18
53,7.280109889280518,16,0.5042457542457542,3.6709645021122292,-1,-17.682463507877724,-2.0774782808791926e-18
53,7.280109889280518,17,0.5044955044955045,3.6727827113752864,-1,-17.702495438002707,-1.983830495650236e-18
53,7.280109889280518,18,0.5047452547452548,3.6746009206383436,-1,-17.722541688440295,-1.8943416655347616e-18
53,7.280109889280518,19,0.504995004995005,3.676419129901401,-1,-17.7426022657313,-1.808829924882667e-18
53,7.280109889280518,20,0.5052447552447552,3.678237339164457,-1,-17.76267717642239,-1.7271212338394046e-18
53,7.280109889280518,21,0.5054945054945055,3.6800555484275144,-1,-17.782766427068434,-1.6490490471880302e-18
53,7.280109889280518,22,0.5057442557442557,3.6818737576905716,-1,-17.80287002423785,-1.5744539969519336e-18
53,7.280109889280518,23,0.505994005994006,3.6836919669536288,-1,-17.822987974503803,-1.5031835882588672e-18
53,7.280109889280518,24,0.5062437562437563,3.685510176216686,-1,-17.843120284459456,-1.4350919077838739e-18
53,7.280109889280518,25,0.5064935064935064,3.6873283854797427,-1,-17.863266960698933,-1.370039344463828e-18
53,7.280109889280518,26,0.5067432567432567,3.6891465947428,-1,-17.883428009831746,-1.3078923217459032e-18
53,7.280109889280518,27,0.506993006993007,3.690964804005857,-1,-17.9036034384718,-1.248523041096604e-18
53,7.280109889280518,28,0.5072427572427572,3.6927830132689143,-1,-17.923793253250928,-1.191809236151182e-18
53,7.280109889280518,29,0.5074925074925075,3.6946012225319715,-1,-17.94399746080829,-1.137633937213982e-18
53,7.280109889280518,30,0.5077422577422578,3.6964194317950287,-1,-17.96421606779044,-1.0858852455791948e-18
53,7.280109889280518,31,0.5079920079920079,3.698237641058085,-1,-17.984449080858216,-1.0364561172857089e-18
53,7.280109889280518,32,0.5082417582417582,3.7000558503211423,-1,-18.00469650667669,-9.892441559770907e-19
53,7.280109889280518,33,0.5084915084915085,3.7018740595841995,-1,-18.024958351931666,-9.441514143859016e-19
53,7.280109889280518,34,0.5087412587412588,3.7036922688472567,-1,-18.04523462330975,-9.010842042347337e-19
53,7.280109889280518,35,0.508991008991009,3.705510478110314,-1,-18.06552532751346,-8.599529140431949e-19
53,7.280109889280518,36,0.5092407592407593,3.707328687373371,-1,-18.085830471248528,-8.2067183465428e-19
53,7.280109889280518,37,0.5094905094905094,3.7091468966364274,-1,-18.10615006124008,-7.831589920433798e-19
53,7.280109889280518,38,0.5097402597402597,3.7109651058994846,-1,-18.12648410422135,-7.473359872213558e-19
53,7.280109889280518,39,0.50999000999001,3.712783315162542,-1,-18.14683260693092,-7.131278428650736e-19
53,7.280109889280518,40,0.5102397602397603,3.714601524425599,-1,-18.167195576123756,-6.804628563931638e-19
53,7.280109889280518,41,0.5104895104895105,3.716419733688656,-1,-18.187573018557842,-6.492724592834698e-19
53,7.280109889280518,42,0.5107392607392608,3.7182379429517134,-1,-18.20796494101153,-6.194910822838782e-19
53,7.280109889280518,43,0.510989010989011,3.72005615221477,-1,-18.22837135026767,-5.910560263720854e-19
53,7.280109889280518,44,0.5112387612387612,3.7218743614778274,-1,-18.248792253119547,-5.639073391405783e-19
53,7.280109889280518,45,0.5114885114885115,3.7236925707408846,-1,-18.269227656371843,-5.379876964232966e-19
53,7.280109889280518,46,0.5117382617382618,3.7255107800039418,-1,-18.28967756683802,-5.132422889422343e-19
53,7.280109889280518,47,0.511988011988012,3.727328989266999,-1,-18.31014199134856,-4.896187137476518e-19
53,7.280109889280518,48,0.5122377622377622,3.7291471985300553,-1,-18.330620936736253,-4.670668702920319e-19
53,7.280109889280518,49,0.5124875124875125,3.7309654077931125,-1,-18.351114409850346,-4.45538860884256e-19
53,7.280109889280518,50,0.5127372627372627,3.7327836170561697,-1,-18.371622417543296,-4.2498889540512423e-19
53,7.280109889280518,51,0.512987012987013,3.734601826319227,-1,-18.392144966689035,-4.0537320004326156e-19
53,7.280109889280518,52,0.5132367632367633,3.736420035582284,-1,-18.412682064164333,-3.866499299530565e-19
53,7.280109889280518,53,0.5134865134865135,3.7382382448453413,-1,-18.433233716858584,-3.687790856052729e-19
53,7.280109889280518,54,0.5137362637362637,3.7400564541083976,-1,-18.453799931670073,-3.517224327171134e-19
53,7.280109889280518,55,0.513986013986014,3.741874663371455,-1,-18.474380715509817,-3.3544342559211526e-19
53,7.280109889280518,56,0.5142357642357642,3.743692872634512,-1,-18.49497607530229,-3.199071337365852e-19
53,7.280109889280518,57,0.5144855144855145,3.745511081897569,-1,-18.515586017976297,-3.0508017161905286e-19
53,7.280109889280518,58,0.5147352647352648,3.7473292911606264,-1,-18.536210550476838,-2.9093063141812967e-19
53,7.280109889280518,59,0.514985014985015,3.7491475004236836,-1,-18.556849679752357,-2.774280186665338e-19
53,7.280109889280518,60,0.5152347652347652,3.75096570968674,-1,-18.57750341277336,-2.645431906306525e-19
53,7.280109889280518,61,0.5154845154845155,3.752783918949797,-1,-18.59817175651169,-2.522482973572276e-19
53,7.280109889280518,62,0.5157342657342657,3.7546021282128548,-1,-18.618854717954402,-2.40516725227025e-19
53,7.280109889280518,63,0.515984015984016,3.756420337475912,-1,-18.639552304094188,-2.293230429463107e-19
53,7.280109889280518,64,0.5162337662337663,3.758238546738969,-1,-18.66026452194169,-2.1864294984661833e-19
53,7.280109889280518,65,0.5164835164835165,3.7600567560020264,-1,-18.68099137851573,-2.0845322641980926e-19
53,7.280109889280518,66,0.5167332667332667,3.7618749652650827,-1,-18.701732880843235,-1.9873168697615744e-19
53,7.280109889280518,67,0.516983016983017,3.76369317452814,-1,-18.722489035964976,-1.8945713433878677e-19
53,7.280109889280518,68,0.5172327672327672,3.765511383791197,-1,-18.743259850928467,-1.8060931649678083e-19
53,7.280109889280518,69,0.5174825174825175,3.7673295930542543,-1,-18.76404533280068,-1.7216888511939718e-19
53,7.280109889280518,70,0.5177322677322678,3.7691478023173115,-1,-18.784845488650316,-1.641173558738549e-19
53,7.280109889280518,71,0.517982017982018,3.7709660115803687,-1,-18.805660325563032,-1.5643707044386035e-19
53,7.280109889280518,72,0.5182317682317682,3.772784220843425,-1,-18.826489850627926,-1.4911116020147696e-19
53,7.280109889280518,73,0.5184815184815185,3.774602430106482,-1,-18.847334070956165,-1.4212351143912437e-19
53,7.280109889280518,74,0.5187312687312687,3.7764206393695394,-1,-18.868192993661857,-1.3545873212034207e-19
53,7.280109889280518,75,0.518981018981019,3.7782388486325966,-1,-18.88906662587271,-1.2910212006100993e-19
53,7.280109889280518,76,0.5192307692307693,3.780057057895654,-1,-18.909954974723945,-1.2303963249602383e-19
53,7.280109889280518,77,0.5194805194805194,3.78187526715871,-1,-18.93085804736581,-1.172578569626904e-19
53,7.280109889280518,78,0.5197302697302697,3.7836934764217673,-1,-18.951775850962367,-1.1174398345154014e-19
53,7.280109889280518,79,0.51998001998002,3.7855116856848245,-1,-18.972708392680676,-1.0648577776991403e-19
53,7.280109889280518,80,0.5202297702297702,3.7873298949478817,-1,-18.99365567970423,-1.0147155605796434e-19
53,7.280109889280518,81,0.5204795204795205,3.7891481042109394,-1,-19.014617719227555,-9.669016041906262e-20
53,7.280109889280518,82,0.5207292707292708,3.7909663134739966,-1,-19.035594518451518,-9.21309356114786e-20
53,7.280109889280518,83,0.5209790209790209,3.792784522737053,-1,-19.056586084594542,-8.778370675288458e-20
53,7.280109889280518,84,0.5212287712287712,3.79460273200011,-1,-19.077592424884436,-8.363875800201756e-20
53,7.280109889280518,85,0.5214785214785215,3.7964209412631673,-1,-19.098613546556937,-7.968681216963961e-20
53,7.280109889280518,86,0.5217282717282717,3.7982391505262245,-1,-19.11964945686192,-7.591901121914484e-20
53,7.280109889280518,87,0.521978021978022,3.8000573597892817,-1,-19.140700163056778,-7.232689762239368e-20
53,7.280109889280518,88,0.5222277722277723,3.801875569052339,-1,-19.16176567241815,-6.890239652838755e-20
53,7.280109889280518,89,0.5224775224775224,3.8036937783153952,-1,-19.18284599222491,-6.563779871781736e-20
53,7.280109889280518,90,0.5227272727272727,3.8055119875784524,-1,-19.203941129773227,-6.252574429954225e-20
53,7.280109889280518,91,0.522977022977023,3.8073301968415096,-1,-19.22505109236311,-5.955920712677151e-20
53,7.280109889280518,92,0.5232267732267732,3.809148406104567,-1,-19.246175887317225,-5.67314798927408e-20
53,7.280109889280518,93,0.5234765234765235,3.810966615367624,-1,-19.267315521960338,-5.403615988675479e-20
53,7.280109889280518,94,0.5237262737262738,3.8127848246306812,-1,-19.28847000363268,-5.1467135371873245e-20
53,7.280109889280518,95,0.5239760239760239,3.8146030338937376,-1,-19.309639339680462,-4.9018572565019045e-20
53,7.280109889280518,96,0.5242257742257742,3.8164212431567948,-1,-19.330823537469282,-4.668490318772937e-20
53,7.280109889280518,97,0.5244755244755245,3.818239452419852,-1,-19.35202260437211,-4.4460812568516626e-20
53,7.280109889280518,98,0.5247252747252747,3.820057661682909,-1,-19.373236547772045,-4.2341228268228336e-20
53,7.280109889280518,99,0.524975024975025,3.8218758709459664,-1,-19.394465375064293,-4.03213092076079e-20
53,7.280109889280518,100,0.5252247752247752,3.823694080209023,-1,-19.415709093655025,-3.839643527544497e-20
53,7.280109889280518,101,0.5254745254745254,3.8255122894720803,-1,-19.436967710966734,-3.656219739553376e-20
53,7.280109889280518,102,0.5257242757242757,3.8273304987351375,-1,-19.45824123442601,-3.481438803458693e-20
53,7.280109889280518,103,0.525974025974026,3.8291487079981947,-1,-19.479529671476406,-3.3148992128234884e-20
53,7.280109889280518,104,0.5262237762237763,3.830966917261252,-1,-19.500833029566266,-3.1562178411142014e-20
53,7.280109889280518,105,0.5264735264735265,3.832785126524309,-1,-19.52215131616633,-3.0050291129267666e-20
53,7.280109889280518,106,0.5267232767232767,3.8346033357873655,-1,-19.543484538748814,-2.860984212273952e-20
53,7.280109889280518,107,0.526973026973027,3.8364215450504227,-1,-19.56483270480332,-2.7237503257652026e-20
53,7.280109889280518,108,0.5272227772227772,3.83823975431348,-1,-19.58619582182379,-2.593009919619993e-20
53,7.280109889280518,109,0.5274725274725275,3.840057963576537,-1,-19.607573897326763,-2.4684600486390936e-20
53,7.280109889280518,110,0.5277222777222778,3.8418761728395943,-1,-19.62896693883216,-2.3498116961625364e-20
53,7.280109889280518,111,0.527972027972028,3.8436943821026515,-1,-19.6503749538745,-2.236789143244624e-20
53,7.280109889280518,112,0.5282217782217782,3.8455125913657078,-1,-19.671797949995717,-2.129129366054926e-20
53,7.280109889280518,113,0.5284715284715285,3.847330800628765,-1,-19.693235934756032,-2.0265814600689553e-20
53,7.280109889280518,114,0.5287212787212787,3.849149009891822,-1,-19.71468891572486,-1.9289060900674162e-20
53,7.280109889280518,115,0.528971028971029,3.8509672191548794,-1,-19.736156900481067,-1.8358749646589363e-20
53,7.280109889280518,116,0.5292207792207793,3.8527854284179366,-1,-19.757639896616368,-1.747270334286282e-20
53,7.280109889280518,117,0.5294705294705295,3.854603637680994,-1,-19.77913791173248,-1.6628845117227354e-20
53,7.280109889280518,118,0.5297202797202797,3.8564218469440505,-1,-19.800650953450802,-1.5825194139925954e-20
53,7.280109889280518,119,0.52997002997003,3.8582400562071077,-1,-19.822179029393965,-1.5059861249267113e-20
53,7.280109889280518,120,0.5302197802197802,3.860058265470165,-1,-19.843722147202104,-1.4331044772058075e-20
53,7.280109889280518,121,0.5304695304695305,3.861876474733222,-1,-19.86528031452605,-1.363702653249359e-20
53,7.280109889280518,122,0.5307192807192808,3.8636946839962794,-1,-19.886853539029214,-1.2976168039994088e-20
53,7.280109889280518,123,0.5309690309690309,3.8655128932593357,-1,-19.90844182838401,-1.2346906848572954e-20
53,7.280109889280518,124,0.5312187812187812,3.867331102522393,-1,-19.93004519027721,-1.1747753079707573e-20
53,7.280109889280518,125,0.5314685314685315,3.86914931178545,-1,-19.951663632409787,-1.1177286101926066e-20
53,7.280109889280518,126,0.5317182817182817,3.8709675210485073,-1,-19.97329716248896,-1.0634151360174193e-20
53,7.280109889280518,127,0.531968031968032,3.8727857303115645,-1,-19.99494578823787,-1.0117057347674891e-20
53,7.280109889280518,128,0.5322177822177823,3.8746039395746217,-1,-20.016609517387373,-9.624772714874803e-21
53,7.280109889280518,129,0.5324675324675324,3.876422148837678,-1,-20.038288357688504,-9.156123508451306e-21
53,7.280109889280518,130,0.5327172827172827,3.878240358100735,-1,-20.059982316895347,-8.709990535746622e-21
53,7.280109889280518,131,0.532967032967033,3.8800585673637924,-1,-20.08169140277981,-8.2853068476907e-21
53,7.280109889280518,132,0.5332167832167832,3.8818767766268496,-1,-20.103415623118856,-7.881055336213015e-21
53,7.280109889280518,133,0.5334665334665335,3.883694985889907,-1,-20.125154985712687,-7.49626643987555e-21
53,7.280109889280518,134,0.5337162837162838,3.885513195152964,-1,-20.146909498363435,-7.130015954226746e-21
53,7.280109889280518,135,0.5339660339660339,3.8873314044160208,-1,-20.16867916889097,-6.78142294080502e-21
53,7.280109889280518,136,0.5342157842157842,3.889149613679078,-1,-20.19046400512012,-6.449647731549151e-21
53,7.280109889280518,137,0.5344655344655345,3.890967822942135,-1,-20.212264014899247,-6.133890023370699e-21
53,7.280109889280518,138,0.5347152847152847,3.8927860322051924,-1,-20.234079206079635,-5.8333870599447824e-21
53,7.280109889280518,139,0.534965034965035,3.8946042414682496,-1,-20.255909586528865,-5.547411895713991e-21
53,7.280109889280518,140,0.5352147852147853,3.8964224507313068,-1,-20.277755164120865,-5.2752717392613894e-21
53,7.280109889280518,141,0.5354645354645354,3.898240659994363,-1,-20.29961594675136,-5.016306371841097e-21
53,7.280109889280518,142,0.5357142857142857,3.9000588692574203,-1,-20.321491942321746,-4.769886638414483e-21
53,7.280109889280518,143,0.535964035964036,3.9018770785204775,-1,-20.343383158747287,-4.535413007243276e-21
53,7.280109889280518,144,0.5362137862137862,3.9036952877835347,-1,-20.365289603951922,-4.312314195417253e-21
53,7.280109889280518,145,0.5364635364635365,3.905513497046592,-1,-20.38721128587839,-4.100045857039113e-21
53,7.280109889280518,146,0.5367132867132867,3.907331706309648,-1,-20.409148212478858,-3.898089331605346e-21
53,7.280109889280518,147,0.5369630369630369,3.9091499155727054,-1,-20.431100391716303,-3.7059504495585324e-21
53,7.280109889280518,148,0.5372127872127872,3.9109681248357626,-1,-20.453067831565583,-3.523158392556464e-21
53,7.280109889280518,149,0.5374625374625375,3.91278633409882,-1,-20.475050540016188,-3.3492646059738966e-21
53,7.280109889280518,150,0.5377122877122877,3.914604543361877,-1,-20.497048525071573,-3.1838417613209558e-21
53,7.280109889280518,151,0.537962037962038,3.9164227526249342,-1,-20.51906179474281,-3.0264827663315552e-21
53,7.280109889280518,152,0.5382117882117882,3.918240961887991,-1,-20.541090357055886,-2.876799820427766e-21
53,7.280109889280518,153,0.5384615384615384,3.920059171151048,-1,-20.56313422004755,-2.734423513694872e-21
53,7.280109889280518,154,0.5387112887112887,3.9218773804141054,-1,-20.585193391772588,-2.5990019672371376e-21
53,7.280109889280518,155,0.538961038961039,3.9236955896771626,-1,-20.607267880290852,-2.470200013241406e-21
53,7.280109889280518,156,0.5392107892107892,3.92551379894022,-1,-20.629357693679783,-2.347698412665483e-21
53,7.280109889280518,157,0.5394605394605395,3.927332008203277,-1,-20.651462840022475,-2.231193109144858e-21
53,7.280109889280518,158,0.5397102897102897,3.9291502174663333,-1,-20.67358332742731,-2.1203945171596256e-21
53,7.280109889280518,159,0.5399600399600399,3.9309684267293905,-1,-20.69571916400239,-2.0150268433100086e-21
53,7.280109889280518,160,0.5402097902097902,3.9327866359924477,-1,-20.717870357874954,-1.9148274387303843e-21
53,7.280109889280518,161,0.5404595404595405,3.934604845255505,-1,-20.740036917181474,-1.819546181600559e-21
53,7.280109889280518,162,0.5407092907092907,3.936423054518562,-1,-20.76221885007539,-1.7289448881565636e-21
53,7.280109889280518,163,0.540959040959041,3.9382412637816193,-1,-20.784416164718987,-1.64279675105125e-21
53,7.280109889280518,164,0.5412087912087912,3.9400594730446756,-1,-20.8066288692881,-1.5608858036952652e-21
53,7.280109889280518,165,0.5414585414585414,3.941877682307733,-1,-20.82885697197017,-1.4830064094739349e-21
53,7.280109889280518,166,0.5417082917082917,3.94369589157079,-1,-20.85110048097064,-1.4089627746475602e-21
53,7.280109889280518,167,0.541958041958042,3.9455141008338472,-1,-20.873359404500594,-1.3385684839448167e-21
53,7.280109889280518,168,0.5422077922077922,3.9473323100969044,-1,-20.89563375078803,-1.2716460576681251e-21
53,7.280109889280518,169,0.5424575424575424,3.949150519359961,-1,-20.91792352806996,-1.2080265294680521e-21
53,7.280109889280518,170,0.5427072927072927,3.9509687286230184,-1,-20.940228744603708,-1.1475490437205865e-21
53,7.280109889280518,171,0.542957042957043,3.9527869378860756,-1,-20.962549408650972,-1.090060471741484e-21
53,7.280109889280518,172,0.5432067932067932,3.954605147149133,-1,-20.98488552849142,-1.0354150458157547e-21
53,7.280109889280518,173,0.5434565434565435,3.95642335641219,-1,-21.00723711241238,-9.834740103684211e-22
53,7.280109889280518,174,0.5437062937062938,3.958241565675247,-1,-21.029604168723147,-9.34105289366436e-22
53,7.280109889280518,175,0.5439560439560439,3.9600597749383035,-1,-21.05198670573655,-8.871831693396377e-22
53,7.280109889280518,176,0.5442057942057942,3.9618779842013607,-1,-21.07438473178398,-8.425879971516455e-22
53,7.280109889280518,177,0.5444555444555444,3.963696193464418,-1,-21.096798255203826,-8.002058919733772e-22
53,7.280109889280518,178,0.5447052947052947,3.965514402727475,-1,-21.1192272843574,-7.599284706935945e-22
53,7.280109889280518,179,0.544955044955045,3.9673326119905323,-1,-21.141671827609137,-7.216525862672818e-22
53,7.280109889280518,180,0.5452047952047953,3.9691508212535895,-1,-21.164131893342372,-6.852800782727128e-22
53,7.280109889280518,181,0.5454545454545454,3.970969030516646,-1,-21.186607489947086,-6.507175352269857e-22
53,7.280109889280518,182,0.5457042957042957,3.972787239779703,-1,-21.209098625836816,-6.178760680211027e-22
53,7.280109889280518,183,0.545954045954046,3.9746054490427603,-1,-21.231605309428087,-5.866710940634909e-22
53,7.280109889280518,184,0.5462037962037962,3.9764236583058175,-1,-21.25412754915633,-5.570221315248123e-22
53,7.280109889280518,185,0.5464535464535465,3.9782418675688747,-1,-21.276665353463695,-5.288526033100028e-22
53,7.280109889280518,186,0.5467032967032968,3.980060076831932,-1,-21.29921873081621,-5.020896502287247e-22
53,7.280109889280518,187,0.5469530469530469,3.981878286094988,-1,-21.321787689682715,-4.7666395302244e-22
53,7.280109889280518,188,0.5472027972027972,3.983696495358046,-1,-21.34437223855127,-4.52509562744179e-22
53,7.280109889280518,189,0.5474525474525475,3.985514704621103,-1,-21.366972385916526,-4.2956373918154705e-22
53,7.280109889280518,190,0.5477022977022977,3.9873329138841602,-1,-21.38958814029721,-4.077667968836048e-22
53,7.280109889280518,191,0.547952047952048,3.9891511231472174,-1,-21.412219510215078,-3.8706195850818917e-22
53,7.280109889280518,192,0.5482017982017982,3.9909693324102737,-1,-21.434866504210927,-3.6739521507329766e-22
53,7.280109889280518,193,0.5484515484515484,3.992787541673331,-1,-21.457529130832384,-3.487151928535959e-22
53,7.280109889280518,194,0.5487012987012987,3.994605750936388,-1,-21.480207398651338,-3.3097302656029324e-22
53,7.280109889280518,195,0.548951048951049,3.9964239601994453,-1,-21.50290131624262,-3.141222385678573e-22
53,7.280109889280518,196,0.5492007992007992,3.9982421694625025,-1,-21.525610892200834,-2.9811862384300607e-22
53,7.280109889280518,197,0.5494505494505495,4.00006037872556,-1,-21.548336135124977,-2.8292014036389027e-22
53,7.280109889280518,198,0.5497002997002997,4.0018785879886165,-1,-21.571077053642835,-2.684868047210523e-22
53,7.280109889280518,199,0.5499500499500499,4.003696797251673,-1,-21.593833656381552,-2.547805927204183e-22
53,7.280109889280518,200,0.5501998001998002,4.005515006514731,-1,-21.616605951987875,-2.4176534468584327e-22
53,7.280109889280518,201,0.5504495504495505,4.007333215777788,-1,-21.639393949121366,-2.2940667529059052e-22
53,7.280109889280518,202,0.5506993006993007,4.009151425040845,-1,-21.66219765645181,-2.1767188768462272e-22
53,7.280109889280518,203,0.550949050949051,4.010969634303902,-1,-21.685017082670413,-2.0652989171209787e-22
53,7.280109889280518,204,0.5511988011988012,4.012787843566959,-1,-21.707852236473425,-1.9595112604760203e-22
53,7.280109889280518,205,0.5514485514485514,4.014606052830016,-1,-21.730703126575143,-1.8590748403823608e-22
53,7.280109889280518,206,0.5516983016983017,4.016424262093073,-1,-21.75356976170004,-1.7637224310172991e-22
53,7.280109889280518,207,0.551948051948052,4.01824247135613,-1,-21.776452150593038,-1.673199974951251e-22
53,7.280109889280518,208,0.5521978021978022,4.020060680619188,-1,-21.79935030200513,-1.5872659431306653e-22
53,7.280109889280518,209,0.5524475524475525,4.021878889882244,-1,-21.82226422470446,-1.5056907254290893e-22
53,7.280109889280518,210,0.5526973026973027,4.023697099145301,-1,-21.845193927470863,-1.4282560504913038e-22
53,7.280109889280518,211,0.5529470529470529,4.025515308408358,-1,-21.868139419103297,-1.3547544333754056e-22
53,7.280109889280518,212,0.5531968031968032,4.027333517671416,-1,-21.891100708407905,-1.2849886497869656e-22
53,7.280109889280518,213,0.5534465534465535,4.029151726934472,-1,-21.914077804206894,-1.2187712355151043e-22
53,7.280109889280518,214,0.5536963036963037,4.03096993619753,-1,-21.937070715336198,-1.1559240099817752e-22
53,7.280109889280518,215,0.5539460539460539,4.032788145460587,-1,-21.960079450648845,-1.0962776227081755e-22
53,7.280109889280518,216,0.5541958041958042,4.0346063547236435,-1,-21.98310401900669,-1.0396711216573881e-22
53,7.280109889280518,217,0.5544455544455544,4.036424563986701,-1,-22.006144429286238,-9.85951542347429e-23
53,7.280109889280518,218,0.5546953046953047,4.038242773249758,-1,-22.029200690380083,-9.349735167984509e-23
53,7.280109889280518,219,0.554945054945055,4.0400609825128155,-1,-22.052272811195568,-8.865989013644162e-23
53,7.280109889280518,220,0.5551948051948052,4.041879191775872,-1,-22.075360800650813,-8.406964225485082e-23
53,7.280109889280518,221,0.5554445554445554,4.043697401038929,-1,-22.09846466767676,-7.971413399287218e-23
53,7.280109889280518,222,0.5556943056943057,4.045515610301986,-1,-22.12158442122336,-7.558151253853514e-23
53,7.280109889280518,223,0.5559440559440559,4.0473338195650435,-1,-22.144720070252436,-7.166051578839125e-23
53,7.280109889280518,224,0.5561938061938062,4.0491520288281,-1,-22.167871623738797,-6.794044330301564e-23
53,7.280109889280518,225,0.5564435564435565,4.050970238091158,-1,-22.191039090668344,-6.441112867129269e-23
53,7.280109889280518,226,0.5566933066933067,4.052788447354215,-1,-22.214222480048647,-6.106291321383011e-23
53,7.280109889280518,227,0.5569430569430569,4.054606656617271,-1,-22.237421800896342,-5.788662096678107e-23
53,7.280109889280518,228,0.5571928071928072,4.056424865880328,-1,-22.260637062243465,-5.487353487841597e-23
53,7.280109889280518,229,0.5574425574425574,4.058243075143386,-1,-22.28386827313129,-5.201537416496252e-23
53,7.280109889280518,230,0.5576923076923077,4.0600612844064425,-1,-22.30711544262536,-4.9304272765802536e-23
53,7.280109889280518,231,0.557942057942058,4.0618794936695,-1,-22.33037857979751,-4.673275885191501e-23
53,7.280109889280518,232,0.5581918081918082,4.063697702932557,-1,-22.353657693737233,-4.4293735329454144e-23
53,7.280109889280518,233,0.5584415584415584,4.065515912195614,-1,-22.37695279354201,-4.198046129654482e-23
53,7.280109889280518,234,0.5586913086913087,4.067334121458671,-1,-22.40026388833526,-3.9786534402325415e-23
53,7.280109889280518,235,0.5589410589410589,4.069152330721728,-1,-22.42359098724479,-3.770587407149166e-23
53,7.280109889280518,236,0.5591908091908092,4.070970539984786,-1,-22.446934099418197,-3.573270554521882e-23
53,7.280109889280518,237,0.5594405594405595,4.0727887492478425,-1,-22.470293234008185,-3.386154470540543e-23
53,7.280109889280518,238,0.5596903096903096,4.074606958510899,-1,-22.493668400198075,-3.208718363846392e-23
53,7.280109889280518,239,0.5599400599400599,4.076425167773956,-1,-22.517059607171596,-3.0404676910686925e-23
53,7.280109889280518,240,0.5601898101898102,4.078243377037014,-1,-22.540466864132124,-2.880932851252122e-23
53,7.280109889280518,241,0.5604395604395604,4.08006158630007,-1,-22.56389018029709,-2.729667944523005e-23
53,7.280109889280518,242,0.5606893106893107,4.081879795563128,-1,-22.587329564899466,-2.5862495916421178e-23
53,7.280109889280518,243,0.560939060939061,4.083698004826185,-1,-22.610785027181223,-2.4502758115973484e-23
53,7.280109889280518,244,0.5611888111888111,4.085516214089242,-1,-22.634256576409328,-2.321364954246834e-23
53,7.280109889280518,245,0.5614385614385614,4.087334423352298,-1,-22.657744221855356,-2.1991546856826224e-23
53,7.280109889280518,246,0.5616883116883117,4.089152632615356,-1,-22.68124797281047,-2.0833010233506286e-23
53,7.280109889280518,247,0.561938061938062,4.090970841878413,-1,-22.704767838576537,-1.97347741883955e-23
53,7.280109889280518,248,0.5621878121878122,4.09278905114147,-1,-22.728303828477383,-1.8693738857957167e-23
53,7.280109889280518,249,0.5624375624375625,4.094607260404527,-1,-22.751855951843982,-1.770696170987934e-23
53,7.280109889280518,250,0.5626873126873126,4.096425469667584,-1,-22.775424218024153,-1.6771649661914622e-23
53,7.280109889280518,251,0.5629370629370629,4.098243678930642,-1,-22.799008636381487,-1.5885151590660252e-23
53,7.280109889280518,252,0.5631868131868132,4.100061888193698,-1,-22.822609216296073,-1.5044951210697106e-23
53,7.280109889280518,253,0.5634365634365635,4.101880097456756,-1,-22.846225967159324,-1.4248660306306207e-23
53,7.280109889280518,254,0.5636863136863137,4.103698306719813,-1,-22.86985889837577,-1.3494012298094186e-23
53,7.280109889280518,255,0.563936063936064,4.10551651598287,-1,-22.893508019371385,-1.2778856128263794e-23
53,7.280109889280518,256,0.5641858141858141,4.107334725245926,-1,-22.91717333958267,-1.2101150449734278e-23
53,7.280109889280518,257,0.5644355644355644,4.109152934508984,-1,-22.940854868461972,-1.1458958103134915e-23
53,7.280109889280518,258,0.5646853146853147,4.110971143772041,-1,-22.96455261547157,-1.0850440868417458e-23
53,7.280109889280518,259,0.564935064935065,4.112789353035098,-1,-22.988266590099347,-1.0273854476767861e-23
53,7.280109889280518,260,0.5651848151848152,4.114607562298155,-1,-23.011996801839192,-9.727543871502767e-24
53,7.280109889280518,261,0.5654345654345654,4.116425771561212,-1,-23.035743260204224,-9.209938704021285e-24
53,7.280109889280518,262,0.5656843156843157,4.118243980824269,-1,-23.0595059747163,-8.719549054657156e-24
53,7.280109889280518,263,0.5659340659340659,4.120062190087326,-1,-23.083284954923908,-8.254961366223794e-24
53,7.280109889280518,264,0.5661838161838162,4.121880399350383,-1,-23.107080210379902,-7.814834581217273e-24
53,7.280109889280518,265,0.5664335664335665,4.123698608613441,-1,-23.1308917506578,-7.397896471064913e-24
53,7.280109889280518,266,0.5666833166833167,4.125516817876497,-1,-23.154719585340867,-7.002940149260237e-24
53,7.280109889280518,267,0.5669330669330669,4.127335027139554,-1,-23.178563724036824,-6.62882075836065e-24
53,7.280109889280518,268,0.5671828171828172,4.129153236402611,-1,-23.20242417635966,-6.2744523232577464e-24
53,7.280109889280518,269,0.5674325674325674,4.1309714456656685,-1,-23.226300951941745,-5.938804761487724e-24
53,7.280109889280518,270,0.5676823176823177,4.132789654928726,-1,-23.250194060430445,-5.620901043566879e-24
53,7.280109889280518,271,0.567932067932068,4.134607864191783,-1,-23.274103511491333,-5.319814495596224e-24
53,7.280109889280518,272,0.5681818181818181,4.13642607345484,-1,-23.29802931480133,-5.0346662373215674e-24
53,7.280109889280518,273,0.5684315684315684,4.1382442827178965,-1,-23.321971480050834,-4.764622748697408e-24
53,7.280109889280518,274,0.5686813186813187,4.140062491980954,-1,-23.3459300169528,-4.508893558647891e-24
53,7.280109889280518,275,0.5689310689310689,4.141880701244011,-1,-23.369904935230483,-4.266729050269136e-24
53,7.280109889280518,276,0.5691808191808192,4.1436989105070685,-1,-23.39389624462478,-4.037418376245707e-24
53,7.280109889280518,277,0.5694305694305695,4.145517119770125,-1,-23.417903954883784,-3.8202874794041475e-24
53,7.280109889280518,278,0.5696803196803197,4.147335329033183,-1,-23.441928075786834,-3.614697212693373e-24
53,7.280109889280518,279,0.5699300699300699,4.149153538296239,-1,-23.465968617115948,-3.420041554433366e-24
53,7.280109889280518,280,0.5701798201798202,4.150971747559296,-1,-23.490025588672744,-3.235745913218412e-24
53,7.280109889280518,281,0.5704295704295704,4.152789956822353,-1,-23.51409900027394,-3.0612655186050233e-24
53,7.280109889280518,282,0.5706793206793207,4.154608166085411,-1,-23.538188861752804,-2.8960838930734555e-24
53,7.280109889280518,283,0.570929070929071,4.156426375348468,-1,-23.562295182958415,-2.73971140127737e-24
53,7.280109889280518,284,0.5711788211788211,4.158244584611524,-1,-23.586417973749768,-2.5916838727388242e-24
53,7.280109889280518,285,0.5714285714285714,4.160062793874581,-1,-23.61055724401307,-2.4515612941519747e-24
53,7.280109889280518,286,0.5716783216783217,4.161881003137639,-1,-23.634713003639387,-2.3189265681982256e-24
53,7.280109889280518,287,0.5719280719280719,4.1636992124006955,-1,-23.658885262540803,-2.1933843350786057e-24
53,7.280109889280518,288,0.5721778221778222,4.165517421663753,-1,-23.68307403064146,-2.074559853999024e-24
53,7.280109889280518,289,0.5724275724275725,4.167335630926811,-1,-23.707279317888013,-1.962097941362204e-24
53,7.280109889280518,290,0.5726773226773226,4.169153840189867,-1,-23.73150113423633,-1.855661963040055e-24
53,7.280109889280518,291,0.5729270729270729,4.170972049452924,-1,-23.755739489658225,-1.7549328778025694e-24
53,7.280109889280518,292,0.5731768231768232,4.172790258715981,-1,-23.779994394146474,-1.6596083294485303e-24
53,7.280109889280518,293,0.5734265734265734,4.174608467979039,-1,-23.804265857706593,-1.5694017852304517e-24
53,7.280109889280518,294,0.5736763236763237,4.1764266772420955,-1,-23.828553890360567,-1.4840417181449643e-24
53,7.280109889280518,295,0.5739260739260739,4.178244886505152,-1,-23.852858502141157,-1.4032708309664388e-24
53,7.280109889280518,296,0.5741758241758241,4.180063095768209,-1,-23.877179703108585,-1.326845319815227e-24
53,7.280109889280518,297,0.5744255744255744,4.181881305031267,-1,-23.90151750332892,-1.2545341754683489e-24
53,7.280109889280518,298,0.5746753246753247,4.183699514294323,-1,-23.925871912889242,-1.1861185202661738e-24
53,7.280109889280518,299,0.5749250749250749,4.185517723557381,-1,-23.95024294188722,-1.1213909790172885e-24
53,7.280109889280518,300,0.5751748251748252,4.187335932820438,-1,-23.974630600446577,-1.060155082035735e-24
53,7.280109889280518,301,0.5754245754245755,4.1891541420834955,-1,-23.999034898697857,-1.0022246988499131e-24
53,7.280109889280518,302,0.5756743256743256,4.190972351346551,-1,-24.023455846790668,-9.474235008599193e-25
53,7.280109889280518,303,0.5759240759240759,4.192790560609609,-1,-24.047893454891682,-8.955844515982576e-25
53,7.280109889280518,304,0.5761738261738262,4.194608769872666,-1,-24.072347733185154,-8.465493231529408e-25
53,7.280109889280518,305,0.5764235764235764,4.196426979135723,-1,-24.09681869186923,-8.0016823744176085e-25
53,7.280109889280518,306,0.5766733266733267,4.19824518839878,-1,-24.121306341154657,-7.562992310639691e-25
53,7.280109889280518,307,0.5769230769230769,4.200063397661837,-1,-24.145810691278644,-7.1480784251375085e-25
53,7.280109889280518,308,0.5771728271728271,4.2018816069248945,-1,-24.170331752486113,-6.755667207031511e-25
53,7.280109889280518,309,0.5774225774225774,4.203699816187951,-1,-24.19486953504241,-6.384552535994463e-25
53,7.280109889280518,310,0.5776723276723277,4.205518025451009,-1,-24.219424049223456,-6.033592160462724e-25
53,7.280109889280518,311,0.577922077922078,4.207336234714066,-1,-24.24399530533271,-5.701704357162407e-25
53,7.280109889280518,312,0.5781718281718282,4.209154443977123,-1,-24.268583313679787,-5.3878647636510065e-25
53,7.280109889280518,313,0.5784215784215784,4.210972653240179,-1,-24.293188084594597,-5.091103374022637e-25
53,7.280109889280518,314,0.5786713286713286,4.212790862503237,-1,-24.317809628423188,-4.810501690206256e-25
53,7.280109889280518,315,0.5789210789210789,4.214609071766294,-1,-24.342447955530933,-4.545190020572139e-25
53,7.280109889280518,316,0.5791708291708292,4.216427281029351,-1,-24.367103076297013,-4.294344918511265e-25
53,7.280109889280518,317,0.5794205794205795,4.218245490292408,-1,-24.39177500111183,-4.057186753695754e-25
53,7.280109889280518,318,0.5796703296703296,4.220063699555465,-1,-24.416463740395493,-3.832977409086777e-25
53,7.280109889280518,319,0.5799200799200799,4.2218819088185215,-1,-24.441169304575023,-3.621018097837775e-25
53,7.280109889280518,320,0.5801698301698301,4.223700118081579,-1,-24.46589170409701,-3.4206472932251537e-25
53,7.280109889280518,321,0.5804195804195804,4.225518327344636,-1,-24.490630949421273,-3.2312387663220104e-25
53,7.280109889280518,322,0.5806693306693307,4.227336536607694,-1,-24.515387051031556,-3.0521997255827477e-25
53,7.280109889280518,323,0.580919080919081,4.22915474587075,-1,-24.54016001942334,-2.8829690534162317e-25
53,7.280109889280518,324,0.5811688311688312,4.230972955133808,-1,-24.564949865110894,-2.723015634446412e-25
53,7.280109889280518,325,0.5814185814185814,4.232791164396865,-1,-24.589756598619687,-2.571836770993285e-25
53,7.280109889280518,326,0.5816683316683317,4.2346093736599215,-1,-24.61458023050396,-2.428956681033694e-25
53,7.280109889280518,327,0.5819180819180819,4.236427582922979,-1,-24.639420771323977,-2.293925074791794e-25
53,7.280109889280518,328,0.5821678321678322,4.238245792186036,-1,-24.66427823166174,-2.166315805439136e-25
53,7.280109889280518,329,0.5824175824175825,4.240064001449094,-1,-24.689152622113955,-2.0457255904434698e-25
53,7.280109889280518,330,0.5826673326673326,4.241882210712149,-1,-24.714043953299143,-1.9317727997169664e-25
53,7.280109889280518,331,0.5829170829170829,4.243700419975207,-1,-24.73895223584847,-1.8240963072665234e-25
53,7.280109889280518,332,0.5831668331668332,4.245518629238264,-1,-24.76387748040746,-1.722354402932998e-25
53,7.280109889280518,333,0.5834165834165834,4.2473368385013215,-1,-24.788819697648393,-1.6262237611301103e-25
53,7.280109889280518,334,0.5836663336663337,4.249155047764378,-1,-24.81377889825242,-1.535398463791981e-25
53,7.280109889280518,335,0.583916083916084,4.250973257027436,-1,-24.83875509292178,-1.4495890744827112e-25
53,7.280109889280518,336,0.5841658341658341,4.252791466290492,-1,-24.863748292370566,-1.3685217612169086e-25
53,7.280109889280518,337,0.5844155844155844,4.254609675553549,-1,-24.888758507340537,-1.2919374653021335e-25
53,7.280109889280518,338,0.5846653346653347,4.256427884816606,-1,-24.91378574858129,-1.219591114012613e-25
53,7.280109889280518,339,0.5849150849150849,4.258246094079664,-1,-24.93883002686182,-1.151250874604309e-25
53,7.280109889280518,340,0.5851648351648352,4.260064303342721,-1,-24.963891352971583,-1.0866974476589048e-25
53,7.280109889280518,341,0.5854145854145854,4.261882512605777,-1,-24.988969737716072,-1.0257233976896261e-25
53,7.280109889280518,342,0.5856643356643356,4.263700721868835,-1,-25.014065191917926,-9.68132519040444e-26
53,7.280109889280518,343,0.5859140859140859,4.265518931131892,-1,-25.039177726412298,-9.137392352694973e-26
53,7.280109889280518,344,0.5861638361638362,4.267337140394949,-1,-25.064307352063675,-8.6236803021348e-26
53,7.280109889280518,345,0.5864135864135864,4.269155349658006,-1,-25.089454079743124,-8.138529092101785e-26
53,7.280109889280518,346,0.5866633366633367,4.270973558921064,-1,-25.11461792034428,-7.680368887397789e-26
53,7.280109889280518,347,0.586913086913087,4.2727917681841205,-1,-25.139798884775573,-7.247715131307463e-26
53,7.280109889280518,348,0.5871628371628371,4.274609977447177,-1,-25.164996983968397,-6.839163968382106e-26
53,7.280109889280518,349,0.5874125874125874,4.276428186710234,-1,-25.190212228867136,-6.453387910172601e-26
53,7.280109889280518,350,0.5876623376623377,4.278246395973292,-1,-25.21544463043104,-6.089131730677249e-26
53,7.280109889280518,351,0.5879120879120879,4.2800646052363485,-1,-25.24069419964723,-5.745208579547195e-26
53,7.280109889280518,352,0.5881618381618382,4.281882814499406,-1,-25.26596094751163,-5.420496302222776e-26
53,7.280109889280518,353,0.5884115884115884,4.283701023762462,-1,-25.29124488504216,-5.113933955244904e-26
53,7.280109889280518,354,0.5886613386613386,4.28551923302552,-1,-25.316546023269854,-4.824518507242184e-26
53,7.280109889280518,355,0.5889110889110889,4.287337442288576,-1,-25.341864373252772,-4.551301715278043e-26
53,7.280109889280518,356,0.5891608391608392,4.289155651551634,-1,-25.367199946059173,-4.2933871679572745e-26
53,7.280109889280518,357,0.5894105894105894,4.290973860814691,-1,-25.392552752773643,-4.049927485906337e-26
53,7.280109889280518,358,0.5896603396603397,4.292792070077748,-1,-25.417922804507466,-3.8201216715902716e-26
53,7.280109889280518,359,0.5899100899100899,4.294610279340805,-1,-25.443310112384523,-3.603212600847503e-26
53,7.280109889280518,360,0.5901598401598401,4.296428488603862,-1,-25.46871468754593,-3.3984846482586504e-26
53,7.280109889280518,361,0.5904095904095904,4.29824669786692,-1,-25.494136541153512,-3.205261439492436e-26
53,7.280109889280518,362,0.5906593406593407,4.300064907129976,-1,-25.51957568438428,-3.0229037239750017e-26
53,7.280109889280518,363,0.5909090909090909,4.301883116393034,-1,-25.545032128436816,-2.8508073613653135e-26
53,7.280109889280518,364,0.5911588411588411,4.30370132565609,-1,-25.570505884527016,-2.6884014159889347e-26
53,7.280109889280518,365,0.5914085914085914,4.3055195349191475,-1,-25.595996963888567,-2.5351463534030735e-26
53,7.280109889280518,366,0.5916583416583416,4.307337744182204,-1,-25.621505377768568,-2.3905323337498977e-26
53,7.280109889280518,367,0.5919080919080919,4.309155953445262,-1,-25.647031137444216,-2.2540775966254697e-26
53,7.280109889280518,368,0.5921578421578422,4.310974162708319,-1,-25.672574254200278,-2.1253269329464556e-26
53,7.280109889280518,369,0.5924075924075924,4.312792371971376,-1,-25.69813473934369,-2.003850238775134e-26
53,7.280109889280518,370,0.5926573426573427,4.314610581234433,-1,-25.72371260419999,-1.889241147056744e-26
53,7.280109889280518,371,0.5929070929070929,4.31642879049749,-1,-25.74930786011477,-1.781115733002955e-26
53,7.280109889280518,372,0.5931568431568431,4.318246999760547,-1,-25.774920518450248,-1.6791112892518676e-26
53,7.280109889280518,373,0.5934065934065934,4.320065209023604,-1,-25.80055059058264,-1.5828851670639207e-26
53,7.280109889280518,374,0.5936563436563437,4.321883418286661,-1,-25.82619808791855,-1.4921136799762527e-26
53,7.280109889280518,375,0.593906093906094,4.323701627549719,-1,-25.851863021872404,-1.4064910667983438e-26
53,7.280109889280518,376,0.5941558441558441,4.3255198368127745,-1,-25.877545403881424,-1.32572851050396e-26
53,7.280109889280518,377,0.5944055944055944,4.327338046075832,-1,-25.90324524540067,-1.2495532102455891e-26
53,7.280109889280518,378,0.5946553446553446,4.32915625533889,-1,-25.928962557906736,-1.1777075035545611e-26
53,7.280109889280518,379,0.5949050949050949,4.330974464601947,-1,-25.954697352892314,-1.1099480360991447e-26
53,7.280109889280518,380,0.5951548451548452,4.332792673865004,-1,-25.98044964186466,-1.0460449764171986e-26
53,7.280109889280518,381,0.5954045954045954,4.334610883128061,-1,-26.006219436361587,-9.85781273189457e-27
53,7.280109889280518,382,0.5956543456543456,4.336429092391118,-1,-26.03200674792904,-9.289519529088625e-27
53,7.280109889280518,383,0.5959040959040959,4.3382473016541745,-1,-26.057811588135966,-8.75363455597594e-27
53,7.280109889280518,384,0.5961538461538461,4.340065510917232,-1,-26.083633968569657,-8.248330066679543e-27
53,7.280109889280518,385,0.5964035964035964,4.341883720180289,-1,-26.109473900838758,-7.77188022923926e-27
53,7.280109889280518,386,0.5966533466533467,4.3437019294433465,-1,-26.13533139656866,-7.322655509006974e-27
53,7.280109889280518,387,0.5969030969030968,4.345520138706402,-1,-26.161206467399452,-6.899117357830271e-27
53,7.280109889280518,388,0.5971528471528471,4.34733834796946,-1,-26.18709912500213,-6.499813192361484e-27
53,7.280109889280518,389,0.5974025974025974,4.349156557232517,-1,-26.213009381056036,-6.1233716468289896e-27
53,7.280109889280518,390,0.5976523476523476,4.3509747664955745,-1,-26.238937247263312,-5.768498084277429e-27
53,7.280109889280518,391,0.5979020979020979,4.352792975758631,-1,-26.264882735346013,-5.433970353212939e-27
53,7.280109889280518,392,0.5981518481518482,4.354611185021689,-1,-26.290845857046282,-5.1186347760893646e-27
53,7.280109889280518,393,0.5984015984015985,4.356429394284746,-1,-26.316826624124268,-4.8214023571933125e-27
53,7.280109889280518,394,0.5986513486513486,4.358247603547802,-1,-26.342825048354786,-4.5412451980578615e-27
53,7.280109889280518,395,0.5989010989010989,4.360065812810859,-1,-26.368841141543914,-4.277193108973366e-27
53,7.280109889280518,396,0.5991508491508492,4.361884022073917,-1,-26.394874915506634,-4.0283304066045965e-27
53,7.280109889280518,397,0.5994005994005994,4.363702231336974,-1,-26.420926382079333,-3.793792886858409e-27
53,7.280109889280518,398,0.5996503496503497,4.365520440600031,-1,-26.446995553120946,-3.572764964006512e-27
53,7.280109889280518,399,0.5999000999000998,4.367338649863088,-1,-26.473082440510343,-3.364476966952212e-27
53,7.280109889280518,400,0.6001498501498501,4.369156859126145,-1,-26.49918705614176,-3.1682025840921353e-27
53,7.280109889280518,401,0.6003996003996004,4.370975068389202,-1,-26.525309411931893,-2.9832564486078146e-27
53,7.280109889280518,402,0.6006493506493507,4.372793277652259,-1,-26.55144951981724,-2.8089918567265067e-27
53,7.280109889280518,403,0.6008991008991009,4.374611486915317,-1,-26.577607391752935,-2.6447986116283e-27
53,7.280109889280518,404,0.6011488511488512,4.3764296961783735,-1,-26.603783039713843,-2.4901009861633266e-27
53,7.280109889280518,405,0.6013986013986014,4.37824790544143,-1,-26.62997647569731,-2.344355797918353e-27
53,7.280109889280518,406,0.6016483516483516,4.380066114704487,-1,-26.656187711718065,-2.2070505905628168e-27
53,7.280109889280518,407,0.6018981018981019,4.381884323967545,-1,-26.682416759806475,-2.077701915610668e-27
53,7.280109889280518,408,0.6021478521478522,4.383702533230601,-1,-26.708663632024447,-1.9558537090619672e-27
53,7.280109889280518,409,0.6023976023976024,4.385520742493659,-1,-26.73492834044339,-1.84107575800782e-27
53,7.280109889280518,410,0.6026473526473526,4.387338951756715,-1,-26.76121089715689,-1.7329622519321565e-27
53,7.280109889280518,411,0.6028971028971029,4.389157161019773,-1,-26.78751131428233,-1.631130414305161e-27
53,7.280109889280518,412,0.6031468531468531,4.390975370282829,-1,-26.813829603954417,-1.5352192100470784e-27
53,7.280109889280518,413,0.6033966033966034,4.392793579545887,-1,-26.84016577832878,-1.4448881246367947e-27
53,7.280109889280518,414,0.6036463536463537,4.394611788808944,-1,-26.866519849576868,-1.3598160110113322e-27
53,7.280109889280518,415,0.6038961038961039,4.396429998072001,-1,-26.892891829900336,-1.2797000004452548e-27
53,7.280109889280518,416,0.6041458541458542,4.398248207335059,-1,-26.919281731512505,-1.2042544740660831e-27
53,7.280109889280518,417,0.6043956043956044,4.400066416598115,-1,-26.945689566646177,-1.1332100914859403e-27
53,7.280109889280518,418,0.6046453546453546,4.401884625861173,-1,-26.97211534756344,-1.0663128734981331e-27
53,7.280109889280518,419,0.6048951048951049,4.403702835124229,-1,-26.99855908653843,-1.0033233359332466e-27
53,7.280109889280518,420,0.6051448551448552,4.405521044387287,-1,-27.025020795869303,-9.440156717130342e-28
53,7.280109889280518,421,0.6053946053946054,4.407339253650344,-1,-27.051500487871834,-8.881769785704974e-28
53,7.280109889280518,422,0.6056443556443556,4.4091574629134005,-1,-27.07799817488796,-8.356065298400633e-28
53,7.280109889280518,423,0.6058941058941059,4.410975672176457,-1,-27.104513869275667,-7.86115086014667e-28
53,7.280109889280518,424,0.6061438561438561,4.412793881439515,-1,-27.1310475834099,-7.395242447561027e-28
53,7.280109889280518,425,0.6063936063936064,4.414612090702572,-1,-27.157599329697916,-6.95665827237346e-28
53,7.280109889280518,426,0.6066433566433567,4.416430299965629,-1,-27.18416912055706,-6.543812988954069e-28
53,7.280109889280518,427,0.6068931068931069,4.418248509228686,-1,-27.210756968427887,-6.155212225664145e-28
53,7.280109889280518,428,0.6071428571428571,4.420066718491743,-1,-27.23736288577491,-5.789447422943631e-28
53,7.280109889280518,429,0.6073926073926074,4.4218849277548,-1,-27.263986885081206,-5.445190960996947e-28
53,7.280109889280518,430,0.6076423576423576,4.423703137017857,-1,-27.290628978851185,-5.121191560829257e-28
53,7.280109889280518,431,0.6078921078921079,4.425521346280914,-1,-27.317289179606185,-4.816269943681256e-28
53,7.280109889280518,432,0.6081418581418582,4.427339555543972,-1,-27.343967499897936,-4.529314734227614e-28
53,7.280109889280518,433,0.6083916083916083,4.429157764807028,-1,-27.370663952291157,-4.259278594548076e-28
53,7.280109889280518,434,0.6086413586413586,4.430975974070085,-1,-27.397378549369947,-4.0051745754223222e-28
53,7.280109889280518,435,0.6088911088911089,4.432794183333143,-1,-27.424111303749815,-3.766072673107106e-28
53,7.280109889280518,436,0.6091408591408591,4.4346123925961995,-1,-27.450862228057726,-3.5410965804790683e-28
53,7.280109889280518,437,0.6093906093906094,4.436430601859257,-1,-27.477631334945624,-3.329420621114369e-28
53,7.280109889280518,438,0.6096403596403597,4.438248811122314,-1,-27.504418637084164,-3.130266856594228e-28
53,7.280109889280518,439,0.6098901098901099,4.440067020385372,-1,-27.531224147171915,-2.9429023570770735e-28
53,7.280109889280518,440,0.6101398601398601,4.4418852296484275,-1,-27.558047877921723,-2.7666366263079613e-28
53,7.280109889280518,441,0.6103896103896104,4.443703438911485,-1,-27.58488984206705,-2.6008191721259953e-28
53,7.280109889280518,442,0.6106393606393606,4.445521648174542,-1,-27.611750052371228,-2.4448372144803667e-28
53,7.280109889280518,443,0.6108891108891109,4.4473398574375995,-1,-27.638628521611057,-2.29811352341807e-28
53,7.280109889280518,444,0.6111388611388612,4.449158066700656,-1,-27.665525262588126,-2.1601043794493857e-28
53,7.280109889280518,445,0.6113886113886113,4.450976275963713,-1,-27.692440288123397,-2.030297649698773e-28
53,7.280109889280518,446,0.6116383616383616,4.45279448522677,-1,-27.719373611063872,-1.9082109731918708e-28
53,7.280109889280518,447,0.6118881118881119,4.454612694489827,-1,-27.74632524427463,-1.7933900492873178e-28
53,7.280109889280518,448,0.6121378621378621,4.456430903752884,-1,-27.773295200638618,-1.685407023352165e-28
53,7.280109889280518,449,0.6123876123876124,4.458249113015942,-1,-27.800283493071866,-1.5838589642030774e-28
53,7.280109889280518,450,0.6126373626373627,4.460067322278999,-1,-27.82729013450225,-1.4883664283523822e-28
53,7.280109889280518,451,0.6128871128871128,4.461885531542055,-1,-27.854315137879585,-1.3985721059084799e-28
53,7.280109889280518,452,0.6131368631368631,4.463703740805113,-1,-27.881358516183536,-1.3141395436761376e-28
53,7.280109889280518,453,0.6133866133866134,4.46552195006817,-1,-27.908420282408095,-1.2347519411632648e-28
53,7.280109889280518,454,0.6136363636363636,4.467340159331227,-1,-27.93550044957226,-1.160111015225582e-28
53,7.280109889280518,455,0.6138861138861139,4.469158368594284,-1,-27.96259903071518,-1.0899359296096012e-28
53,7.280109889280518,456,0.6141358641358641,4.470976577857341,-1,-27.989716038902056,-1.0239622856519594e-28
53,7.280109889280518,457,0.6143856143856143,4.472794787120398,-1,-28.01685148721701,-9.619411707425087e-29
53,7.280109889280518,458,0.6146353646353646,4.474612996383455,-1,-28.04400538876249,-9.036382612331259e-29
53,7.280109889280518,459,0.6148851148851149,4.476431205646512,-1,-28.071177756674192,-8.48832976700183e-29
53,7.280109889280518,460,0.6151348651348651,4.47824941490957,-1,-28.098368604100582,-7.973176827577813e-29
53,7.280109889280518,461,0.6153846153846154,4.4800676241726265,-1,-28.125577944211727,-7.488969395335783e-29
53,7.280109889280518,462,0.6156343656343657,4.481885833435684,-1,-28.152805790209396,-7.033867932845859e-29
53,7.280109889280518,463,0.6158841158841158,4.48370404269874,-1,-28.180052155308836,-6.606141087499229e-29
53,7.280109889280518,464,0.6161338661338661,4.485522251961798,-1,-28.20731705275082,-6.20415939826959e-29
53,7.280109889280518,465,0.6163836163836164,4.487340461224854,-1,-28.234600495798613,-5.826389364718043e-29
53,7.280109889280518,466,0.6166333666333667,4.489158670487912,-1,-28.26190249773926,-5.471387857314514e-29
53,7.280109889280518,467,0.6168831168831169,4.490976879750969,-1,-28.289223071880922,-5.137796849774407e-29
53,7.280109889280518,468,0.6171328671328671,4.492795089014026,-1,-28.31656223155093,-4.824338455005499e-29
53,7.280109889280518,469,0.6173826173826173,4.494613298277083,-1,-28.343919990108656,-4.5298102472221774e-29
53,7.280109889280518,470,0.6176323676323676,4.49643150754014,-1,-28.371296360928422,-4.253080854406201e-29
53,7.280109889280518,471,0.6178821178821179,4.498249716803198,-1,-28.398691357405085,-3.9930858050871596e-29
53,7.280109889280518,472,0.6181318681318682,4.500067926066254,-1,-28.426104992967634,-3.7488236151340224e-29
53,7.280109889280518,473,0.6183816183816184,4.501886135329312,-1,-28.453537281057617,-3.519352101215221e-29
53,7.280109889280518,474,0.6186313686313686,4.503704344592368,-1,-28.48098823514117,-3.303784907329759e-29
53,7.280109889280518,475,0.6188811188811189,4.5055225538554255,-1,-28.508457868712323,-3.101288232624455e-29
53,7.280109889280518,476,0.6191308691308691,4.507340763118482,-1,-28.535946195283664,-2.911077748968007e-29
53,7.280109889280518,477,0.6193806193806194,4.50915897238154,-1,-28.563453228393023,-2.7324156971949125e-29
53,7.280109889280518,478,0.6196303696303697,4.510977181644597,-1,-28.59097898159612,-2.564608151991921e-29
53,7.280109889280518,479,0.6198801198801198,4.5127953909076535,-1,-28.61852346848319,-2.4070024455053875e-29
53,7.280109889280518,480,0.6201298701298701,4.51461360017071,-1,-28.646086702656124,-2.2589847409368981e-29
53,7.280109889280518,481,0.6203796203796204,4.516431809433768,-1,-28.673668697746486,-2.1199777470329787e-29
53,7.280109889280518,482,0.6206293706293706,4.518250018696825,-1,-28.70126946740502,-1.9894385657665342e-29
53,7.280109889280518,483,0.6208791208791209,4.520068227959882,-1,-28.72888902531121,-1.8668566652814985e-29
53,7.280109889280518,484,0.6211288711288712,4.521886437222939,-1,-28.756527385163853,-1.75175197107981e-29
53,7.280109889280518,485,0.6213786213786214,4.523704646485997,-1,-28.78418456068661,-1.6436730684765783e-29
53,7.280109889280518,486,0.6216283716283716,4.525522855749053,-1,-28.811860565624695,-1.5421955100148833e-29
53,7.280109889280518,487,0.6218781218781219,4.52734106501211,-1,-28.839555413751835,-1.4469202217056603e-29
53,7.280109889280518,488,0.6221278721278721,4.529159274275168,-1,-28.86726911886141,-1.3574720024807193e-29
53,7.280109889280518,489,0.6223776223776224,4.530977483538225,-1,-28.895001694767277,-1.2734981113768633e-29
53,7.280109889280518,490,0.6226273726273727,4.532795692801282,-1,-28.922753155317462,-1.1946669373808644e-29
53,7.280109889280518,491,0.6228771228771228,4.534613902064338,-1,-28.950523514375003,-1.1206667472824209e-29
53,7.280109889280518,492,0.6231268731268731,4.536432111327396,-1,-28.978312785825093,-1.0512045068399179e-29
53,7.280109889280518,493,0.6233766233766234,4.5382503205904525,-1,-29.006120983587838,-9.86004771083806e-30
53,7.280109889280518,494,0.6236263736263736,4.54006852985351,-1,-29.033948121597213,-9.24808639835585e-30
53,7.280109889280518,495,0.6238761238761239,4.541886739116567,-1,-29.06179421381246,-8.673727744960416e-30
53,7.280109889280518,496,0.6241258741258742,4.543704948379625,-1,-29.08965927422264,-8.134684726450609e-30
53,7.280109889280518,497,0.6243756243756243,4.5455231576426804,-1,-29.117543316835402,-7.628807971024347e-30
53,7.280109889280518,498,0.6246253746253746,4.547341366905738,-1,-29.145446355684513,-7.154077562140747e-30
53,7.280109889280518,499,0.6248751248751249,4.549159576168795,-1,-29.17336840482699,-6.708595324402666e-30
53,7.280109889280518,500,0.6251248751248751,4.5509777854318525,-1,-29.201309478346932,-6.2905775640097764e-30
53,7.280109889280518,501,0.6253746253746254,4.552795994694909,-1,-29.2292695903503,-5.8983482375396805e-30
53,7.280109889280518,502,0.6256243756243756,4.554614203957966,-1,-29.25724875496461,-5.530332523848205e-30
53,7.280109889280518,503,0.6258741258741258,4.556432413221024,-1,-29.28524698635046,-5.185050775504415e-30
53,7.280109889280518,504,0.6261238761238761,4.55825062248408,-1,-29.31326429868584,-4.861112828082028e-30
53,7.280109889280518,505,0.6263736263736264,4.560068831747138,-1,-29.341300706170724,-4.557212645769776e-30
53,7.280109889280518,506,0.6266233766233766,4.561887041010195,-1,-29.369356223041095,-4.272123283826161e-30
53,7.280109889280518,507,0.6268731268731269,4.5637052502732525,-1,-29.397430863547687,-4.004692149777397e-30
53,7.280109889280518,508,0.6271228771228772,4.565523459536309,-1,-29.42552464196521,-3.753836545160026e-30
53,7.280109889280518,509,0.6273726273726273,4.567341668799366,-1,-29.453637572603053,-3.518539471710638e-30
53,7.280109889280518,510,0.6276223776223776,4.569159878062423,-1,-29.48176966978619,-3.2978456867283175e-30
53,7.280109889280518,511,0.6278721278721279,4.57097808732548,-1,-29.509920947865968,-3.090857992467737e-30
53,7.280109889280518,512,0.6281218781218781,4.572796296588537,-1,-29.53809142122318,-2.8967337461569482e-30
53,7.280109889280518,513,0.6283716283716284,4.574614505851595,-1,-29.566281104259343,-2.7146815776718164e-30
53,7.280109889280518,514,0.6286213786213786,4.576432715114651,-1,-29.59449001140239,-2.543958302470028e-30
53,7.280109889280518,515,0.6288711288711288,4.578250924377708,-1,-29.622718157104458,-2.383866018448531e-30
53,7.280109889280518,516,0.6291208791208791,4.580069133640765,-1,-29.65096555584569,-2.233749375800254e-30
53,7.280109889280518,517,0.6293706293706294,4.581887342903823,-1,-29.679232222129663,-2.092993009754165e-30
53,7.280109889280518,518,0.6296203796203796,4.5837055521668795,-1,-29.707518170479116,-1.9610191265345978e-30
53,7.280109889280518,519,0.6298701298701299,4.585523761429937,-1,-29.735823415457155,-1.8372852333905675e-30
53,7.280109889280518,520,0.6301198801198802,4.587341970692994,-1,-29.764147971637637,-1.7212820045295554e-30
53,7.280109889280518,521,0.6303696303696303,4.589160179956051,-1,-29.79249185362631,-1.61253127446196e-30
53,7.280109889280518,522,0.6306193806193806,4.590978389219108,-1,-29.820855076054425,-1.5105841515709983e-30
53,7.280109889280518,523,0.6308691308691309,4.592796598482165,-1,-29.849237653576782,-1.4150192446454938e-30
53,7.280109889280518,524,0.6311188811188811,4.594614807745223,-1,-29.877639600875877,-1.3254409956854413e-30
53,7.280109889280518,525,0.6313686313686313,4.5964330170082786,-1,-29.906060932659248,-1.2414781127248351e-30
53,7.280109889280518,526,0.6316183816183816,4.598251226271336,-1,-29.93450166365968,-1.1627820967045314e-30
53,7.280109889280518,527,0.6318681318681318,4.600069435534393,-1,-29.96296180863443,-1.0890258568249096e-30
53,7.280109889280518,528,0.6321178821178821,4.601887644797451,-1,-29.991441382371097,-1.019902409103133e-30
53,7.280109889280518,529,0.6323676323676324,4.603705854060507,-1,-30.0199403996794,-9.551236532405727e-31
53,7.280109889280518,530,0.6326173826173827,4.605524063323565,-1,-30.048458875392686,-8.944192230796506e-31
53,7.280109889280518,531,0.6328671328671329,4.607342272586622,-1,-30.076996824378806,-8.375354062789783e-31
53,7.280109889280518,532,0.6331168831168831,4.6091604818496785,-1,-30.105554261524745,-7.8423412915411395e-31
53,7.280109889280518,533,0.6333666333666333,4.610978691112735,-1,-30.134131201741198,-7.342920027014059e-31
53,7.280109889280518,534,0.6336163836163836,4.612796900375793,-1,-30.162727659976046,-6.87499426187134e-31
53,7.280109889280518,535,0.6338661338661339,4.61461510963885,-1,-30.1913436511941,-6.436597449334179e-31
53,7.280109889280518,536,0.6341158841158842,4.616433318901907,-1,-30.219979190384883,-6.025884589567135e-31
53,7.280109889280518,537,0.6343656343656343,4.618251528164963,-1,-30.24863429257558,-5.641124794654162e-31
53,7.280109889280518,538,0.6346153846153846,4.620069737428021,-1,-30.277308972809845,-5.280694304030094e-31
53,7.280109889280518,539,0.6348651348651349,4.621887946691078,-1,-30.30600324615737,-4.943069922489307e-31
53,7.280109889280518,540,0.6351148851148851,4.623706155954135,-1,-30.334717127723923,-4.626822855930441e-31
53,7.280109889280518,541,0.6353646353646354,4.625524365217193,-1,-30.363450632633096,-4.3306129212727725e-31
53,7.280109889280518,542,0.6356143856143857,4.62734257448025,-1,-30.392203776035824,-4.053183107456599e-31
53,7.280109889280518,543,0.6358641358641359,4.629160783743307,-1,-30.420976573115997,-3.7933544668387447e-31
53,7.280109889280518,544,0.6361138861138861,4.630978993006363,-1,-30.44976903907839,-3.550021317226683e-31
53,7.280109889280518,545,0.6363636363636364,4.632797202269421,-1,-30.478581189155722,-3.322146735534175e-31
53,7.280109889280518,546,0.6366133866133866,4.634615411532478,-1,-30.50741303861009,-3.108758325753978e-31
53,7.280109889280518,547,0.6368631368631369,4.636433620795535,-1,-30.536264602728668,-2.9089442447133203e-31
53,7.280109889280518,548,0.637112887112887,4.638251830058591,-1,-30.565135896825822,-2.7218494699892776e-31
53,7.280109889280518,549,0.6373626373626373,4.640070039321649,-1,-30.594026936242802,-2.5466722954533886e-31
53,7.280109889280518,550,0.6376123876123876,4.6418882485847055,-1,-30.62293773635011,-2.3826610406772977e-31
53,7.280109889280518,551,0.6378621378621379,4.643706457847763,-1,-30.651868312543318,-2.229110961340566e-31
53,7.280109889280518,552,0.6381118881118881,4.64552466711082,-1,-30.680818680244244,-2.0853613484251538e-31
53,7.280109889280518,553,0.6383616383616384,4.6473428763738776,-1,-30.709788854907035,-1.9507928047957393e-31
53,7.280109889280518,554,0.6386113886113887,4.649161085636934,-1,-30.738778852009048,-1.8248246885261871e-31
53,7.280109889280518,555,0.6388611388611388,4.650979294899991,-1,-30.76778868705322,-1.7069127127444014e-31
53,7.280109889280518,556,0.6391108891108891,4.652797504163048,-1,-30.796818375577967,-1.596546692547265e-31
53,7.280109889280518,557,0.6393606393606394,4.6546157134261055,-1,-30.825867933143677,-1.493248430184918e-31
53,7.280109889280518,558,0.6396103896103896,4.656433922689162,-1,-30.85493737533213,-1.3965697299741556e-31
53,7.280109889280518,559,0.6398601398601399,4.65825213195222,-1,-30.884026717770805,-1.3060905350478413e-31
53,7.280109889280518,560,0.6401098901098901,4.660070341215277,-1,-30.913135976097877,-1.221417178803526e-31
53,7.280109889280518,561,0.6403596403596403,4.661888550478333,-1,-30.94226516598649,-1.1421807436952821e-31
53,7.280109889280518,562,0.6406093906093906,4.663706759741391,-1,-30.971414303138076,-1.0680355211269743e-31
53,7.280109889280518,563,0.6408591408591409,4.665524969004448,-1,-31.000583403281013,-9.986575661734456e-32
53,7.280109889280518,564,0.6411088911088911,4.667343178267505,-1,-31.029772482171417,-9.337433413645036e-32
53,7.280109889280518,565,0.6413586413586414,4.669161387530562,-1,-31.058981555593782,-8.730084441077435e-32
53,7.280109889280518,566,0.6416083916083917,4.67097959679362,-1,-31.088210639362302,-8.161864126450458e-32
53,7.280109889280518,567,0.6418581418581418,4.672797806056676,-1,-31.117459749317558,-7.630276057571702e-32
53,7.280109889280518,568,0.6421078921078921,4.674616015319733,-1,-31.146728901328117,-7.132981516913181e-32
53,7.280109889280518,569,0.6423576423576424,4.67643422458279,-1,-31.17601811129437,-6.667789620864855e-32
53,7.280109889280518,570,0.6426073926073926,4.678252433845848,-1,-31.205327395141953,-6.232648069388538e-32
53,7.280109889280518,571,0.6428571428571428,4.680070643108904,-1,-31.23465676882415,-5.825634468373416e-32
53,7.280109889280518,572,0.6431068931068931,4.681888852371961,-1,-31.264006248328137,-5.444948189718191e-32
53,7.280109889280518,573,0.6433566433566433,4.683707061635018,-1,-31.29337584966515,-5.088902736419075e-32
53,7.280109889280518,574,0.6436063936063936,4.685525270898076,-1,-31.322765588873985,-4.75591858127196e-32
53,7.280109889280518,575,0.6438561438561439,4.6873434801611324,-1,-31.352175482028986,-4.4445164502650167e-32
53,7.280109889280518,576,0.6441058941058941,4.68916168942419,-1,-31.38160554522766,-4.1533110235878227e-32
53,7.280109889280518,577,0.6443556443556444,4.690979898687247,-1,-31.411055794595036,-3.881005028164442e-32
53,7.280109889280518,578,0.6446053946053946,4.692798107950304,-1,-31.4405262462931,-3.6263836977818177e-32
53,7.280109889280518,579,0.6448551448551448,4.694616317213361,-1,-31.470016916506314,-3.388309578419378e-32
53,7.280109889280518,580,0.6451048951048951,4.696434526476418,-1,-31.499527821446623,-3.1657176571115225e-32
53,7.280109889280518,581,0.6453546453546454,4.698252735739476,-1,-31.52905897736418,-2.957610794550821e-32
53,7.280109889280518,582,0.6456043956043956,4.700070945002532,-1,-31.558610400530988,-2.7630554429105954e-32
53,7.280109889280518,583,0.6458541458541458,4.701889154265589,-1,-31.58818210724669,-2.581177630907766e-32
53,7.280109889280518,584,0.6461038961038961,4.703707363528646,-1,-31.61777411385009,-2.4111591997431097e-32
53,7.280109889280518,585,0.6463536463536463,4.705525572791704,-1,-31.64738643670139,-2.252234274596469e-32
53,7.280109889280518,586,0.6466033966033966,4.70734378205476,-1,-31.677019092188658,-2.1036859567769681e-32
53,7.280109889280518,587,0.6468531468531469,4.709161991317818,-1,-31.70667209673983,-1.9648432230012423e-32
53,7.280109889280518,588,0.6471028971028971,4.710980200580875,-1,-31.73634546680399,-1.8350780191257355e-32
53,7.280109889280518,589,0.6473526473526474,4.712798409843932,-1,-31.76603921885835,-1.713802535995915e-32
53,7.280109889280518,590,0.6476023976023976,4.714616619106988,-1,-31.79575336942051,-1.6004666562326527e-32
53,7.280109889280518,591,0.6478521478521478,4.716434828370046,-1,-31.82548793502914,-1.4945555614729146e-32
53,7.280109889280518,592,0.6481018981018981,4.718253037633103,-1,-31.855242932251276,-1.3955874898603464e-32
53,7.280109889280518,593,0.6483516483516484,4.72007124689616,-1,-31.88501837769474,-1.3031116345452546e-32
53,7.280109889280518,594,0.6486013986013985,4.721889456159217,-1,-31.91481428798846,-1.2167061745279697e-32
53,7.280109889280518,595,0.6488511488511488,4.723707665422274,-1,-31.9446306797899,-1.1359764294100994e-32
53,7.280109889280518,596,0.6491008991008991,4.7255258746853315,-1,-31.974467569797845,-1.0605531304176461e-32
53,7.280109889280518,597,0.6493506493506493,4.727344083948388,-1,-32.00432497473305,-9.900908005342974e-33
53,7.280109889280518,598,0.6496003996003996,4.729162293211446,-1,-32.03420291134059,-9.242662367894573e-33
53,7.280109889280518,599,0.6498501498501499,4.730980502474503,-1,-32.06410139641566,-8.627770883398984e-33
53,7.280109889280518,600,0.6500999000999002,4.73279871173756,-1,-32.09402044676516,-8.053405245390601e-33
53,7.280109889280518,601,0.6503496503496503,4.734616921000616,-1,-32.12396007923541,-7.516919870897566e-33
53,7.280109889280518,602,0.6505994005994006,4.736435130263674,-1,-32.15392031070214,-7.015840212366228e-33
53,7.280109889280518,603,0.6508491508491508,4.738253339526731,-1,-32.183901158070576,-6.547851809485328e-33
53,7.280109889280518,604,0.6510989010989011,4.740071548789788,-1,-32.21390263827971,-6.1107900346965925e-33
53,7.280109889280518,605,0.6513486513486514,4.741889758052845,-1,-32.24392476829672,-5.702630489095054e-33
53,7.280109889280518,606,0.6515984015984015,4.743707967315902,-1,-32.273967565120245,-5.321480007616082e-33
53,7.280109889280518,607,0.6518481518481518,4.7455261765789585,-1,-32.30403104578235,-4.965568235411179e-33
53,7.280109889280518,608,0.6520979020979021,4.747344385842016,-1,-32.33411522734359,-4.633239739563801e-33
53,7.280109889280518,609,0.6523476523476524,4.749162595105073,-1,-32.364220126896534,-4.3229466222953764e-33
53,7.280109889280518,610,0.6525974025974026,4.7509808043681305,-1,-32.39434576156679,-4.0332416042376383e-33
53,7.280109889280518,611,0.6528471528471529,4.752799013631187,-1,-32.42449214850908,-3.762771548178336e-33
53,7.280109889280518,612,0.6530969030969032,4.754617222894245,-1,-32.45465930491061,-3.5102713954013026e-33
53,7.280109889280518,613,0.6533466533466533,4.756435432157302,-1,-32.484847247991155,-3.274558488706307e-33
53,7.280109889280518,614,0.6535964035964036,4.7582536414203584,-1,-32.51505599500028,-3.0545272576899933e-33
53,7.280109889280518,615,0.6538461538461539,4.760071850683416,-1,-32.54528556322063,-2.8491442433406705e-33
53,7.280109889280518,616,0.6540959040959041,4.761890059946473,-1,-32.5755359699668,-2.6574434405846623e-33
53,7.280109889280518,617,0.6543456543456543,4.76370826920953,-1,-32.60580723258371,-2.4785219386397905e-33
53,7.280109889280518,618,0.6545954045954046,4.765526478472586,-1,-32.63609936845039,-2.311535840295947e-33
53,7.280109889280518,619,0.6548451548451548,4.767344687735644,-1,-32.66641239497689,-2.1556964425300064e-33
53,7.280109889280518,620,0.6550949050949051,4.769162896998701,-1,-32.69674632960407,-2.01026666183172e-33
53,7.280109889280518,621,0.6553446553446554,4.770981106261758,-1,-32.7271011898082,-1.874557688718171e-33
53,7.280109889280518,622,0.6555944055944056,4.772799315524815,-1,-32.75747699309549,-1.747925856958985e-33
53,7.280109889280518,623,0.6558441558441559,4.774617524787873,-1,-32.78787375700325,-1.6297697137946596e-33
53,7.280109889280518,624,0.656093906093906,4.776435734050929,-1,-32.818291499105904,-1.5195272783913965e-33
53,7.280109889280518,625,0.6563436563436563,4.778253943313986,-1,-32.84873023700651,-1.4166734766299399e-33
53,7.280109889280518,626,0.6565934065934066,4.780072152577043,-1,-32.87918998833945,-1.3207177409057958e-33
53,7.280109889280518,627,0.6568431568431569,4.781890361840101,-1,-32.909670770778135,-1.2312017644652142e-33
53,7.280109889280518,628,0.6570929070929071,4.7837085711031575,-1,-32.94017260202315,-1.147697400496456e-33
53,7.280109889280518,629,0.6573426573426573,4.785526780366214,-1,-32.97069549980663,-1.0698046966333006e-33
53,7.280109889280518,630,0.6575924075924076,4.787344989629272,-1,-33.00123948190167,-9.97150056272244e-34
53,7.280109889280518,631,0.6578421578421578,4.789163198892329,-1,-33.03180456610724,-9.293845186703595e-34
53,7.280109889280518,632,0.6580919080919081,4.790981408155386,-1,-33.062390770253955,-8.661821501185093e-34
53,7.280109889280518,633,0.6583416583416584,4.792799617418443,-1,-33.09299811221516,-8.072385391337596e-34
53,7.280109889280518,634,0.6585914085914086,4.794617826681501,-1,-33.12362660988906,-7.522693890753935e-34
53,7.280109889280518,635,0.6588411588411589,4.7964360359445575,-1,-33.15427628120554,-7.010092018358053e-34
53,7.280109889280518,636,0.6590909090909091,4.798254245207614,-1,-33.18494714413881,-6.532100468158111e-34
53,7.280109889280518,637,0.6593406593406593,4.800072454470671,-1,-33.21563921668796,-6.08640409769789e-34
53,7.280109889280518,638,0.6595904095904096,4.801890663733729,-1,-33.246352516879874,-5.670841163032203e-34
53,7.280109889280518,639,0.6598401598401599,4.803708872996785,-1,-33.27708706279446,-5.2833932524151885e-34
53,7.280109889280518,640,0.66008991008991,4.805527082259842,-1,-33.30784287252703,-4.922175874864674e-34
53,7.280109889280518,641,0.6603396603396603,4.807345291522899,-1,-33.338619964213514,-4.585429659836007e-34
53,7.280109889280518,642,0.6605894105894106,4.809163500785957,-1,-33.369418356025676,-4.271512129887211e-34
53,7.280109889280518,643,0.6608391608391608,4.810981710049013,-1,-33.400238066166764,-3.978890009008181e-34
53,7.280109889280518,644,0.6610889110889111,4.812799919312071,-1,-33.43107911287255,-3.70613203204637e-34
53,7.280109889280518,645,0.6613386613386614,4.814618128575128,-1,-33.46194151441837,-3.451902222925635e-34
53,7.280109889280518,646,0.6615884115884116,4.816436337838185,-1,-33.49282528910887,-3.2149536115879804e-34
53,7.280109889280518,647,0.6618381618381618,4.818254547101241,-1,-33.523730455284166,-2.994122361029711e-34
53,7.280109889280518,648,0.6620879120879121,4.820072756364299,-1,-33.55465703132114,-2.7883222781126124e-34
53,7.280109889280518,649,0.6623376623376623,4.8218909656273565,-1,-33.58560503562807,-2.5965396833199125e-34
53,7.280109889280518,650,0.6625874125874126,4.823709174890413,-1,-33.61657448665007,-2.4178286161074342e-34
53,7.280109889280518,651,0.6628371628371629,4.825527384153471,-1,-33.64756540286647,-2.2513063542362123e-34
53,7.280109889280518,652,0.663086913086913,4.827345593416527,-1,-33.67857780278919,-2.096149226670346e-34
53,7.280109889280518,653,0.6633366633366633,4.8291638026795844,-1,-33.70961170496979,-1.9515887009653567e-34
53,7.280109889280518,654,0.6635864135864136,4.830982011942641,-1,-33.74066712799103,-1.8169077274464303e-34
53,7.280109889280518,655,0.6638361638361638,4.832800221205699,-1,-33.771744090468715,-1.6914373233660673e-34
53,7.280109889280518,656,0.6640859140859141,4.834618430468756,-1,-33.80284261106173,-1.5745533814680255e-34
53,7.280109889280518,657,0.6643356643356644,4.836436639731813,-1,-33.8339627084573,-1.4656736884825393e-34
53,7.280109889280518,658,0.6645854145854146,4.83825484899487,-1,-33.865104401376044,-1.3642551397094453e-34
53,7.280109889280518,659,0.6648351648351648,4.840073058257927,-1,-33.896267708584354,-1.2697911369812827e-34
53,7.280109889280518,660,0.6650849150849151,4.8418912675209835,-1,-33.92745264887509,-1.1818091581664783e-34
53,7.280109889280518,661,0.6653346653346653,4.843709476784041,-1,-33.958659241075075,-1.0998684868345047e-34
53,7.280109889280518,662,0.6655844155844156,4.845527686047098,-1,-33.9898875040579,-1.0235580917113688e-34
53,7.280109889280518,663,0.6658341658341658,4.847345895310155,-1,-34.02113745672327,-9.524946462282623e-35
53,7.280109889280518,664,0.666083916083916,4.8491641045732115,-1,-34.05240911800587,-8.863206788437667e-35
53,7.280109889280518,665,0.6663336663336663,4.850982313836269,-1,-34.08370250688605,-8.247028456658893e-35
53,7.280109889280518,666,0.6665834165834166,4.852800523099326,-1,-34.11501764237162,-7.673303174216854e-35
53,7.280109889280518,667,0.6668331668331668,4.8546187323623835,-1,-34.14635454350665,-7.139132731687623e-35
53,7.280109889280518,668,0.6670829170829171,4.856436941625441,-1,-34.177713229378064,-6.641814938164213e-35
53,7.280109889280518,669,0.6673326673326674,4.858255150888498,-1,-34.20909371910285,-6.178830489309246e-35
53,7.280109889280518,670,0.6675824175824175,4.860073360151555,-1,-34.24049603183585,-5.747830706349105e-35
53,7.280109889280518,671,0.6678321678321678,4.861891569414611,-1,-34.271920186770906,-5.346626089261402e-35
53,7.280109889280518,672,0.6680819180819181,4.863709778677669,-1,-34.303366203134985,-4.97317563058688e-35
53,7.280109889280518,673,0.6683316683316683,4.865527987940726,-1,-34.334834100194705,-4.62557683958482e-35
53,7.280109889280518,674,0.6685814185814186,4.8673461972037835,-1,-34.366323897252215,-4.302056430255011e-35
53,7.280109889280518,675,0.6688311688311688,4.869164406466839,-1,-34.39783561364378,-4.0009616293162243e-35
53,7.280109889280518,676,0.669080919080919,4.870982615729897,-1,-34.42936926874975,-3.7207520632084395e-35
53,7.280109889280518,677,0.6693306693306693,4.872800824992954,-1,-34.46092488198234,-3.459992186227914e-35
53,7.280109889280518,678,0.6695804195804196,4.874619034256011,-1,-34.49250247278504,-3.217344213735468e-35
53,7.280109889280518,679,0.6698301698301699,4.876437243519068,-1,-34.524102060655814,-2.991561527030235e-35
53,7.280109889280518,680,0.6700799200799201,4.878255452782126,-1,-34.555723665113156,-2.7814825192933376e-35
53,7.280109889280518,681,0.6703296703296704,4.880073662045183,-1,-34.587367305722275,-2.5860248525522244e-35
53,7.280109889280518,682,0.6705794205794205,4.881891871308239,-1,-34.61903300207821,-2.4041800991951634e-35
53,7.280109889280518,683,0.6708291708291708,4.883710080571296,-1,-34.650720773825014,-2.2350087420351565e-35
53,7.280109889280518,684,0.6710789210789211,4.885528289834354,-1,-34.682430640635246,-2.077635509600827e-35
53,7.280109889280518,685,0.6713286713286714,4.8873464990974105,-1,-34.71416262221956,-1.9312450240129793e-35
53,7.280109889280518,686,0.6715784215784215,4.889164708360467,-1,-34.74591673833342,-1.7950777408941963e-35
53,7.280109889280518,687,0.6718281718281718,4.890982917623525,-1,-34.777693008763734,-1.6684261619656257e-35
53,7.280109889280518,688,0.672077922077922,4.892801126886582,-1,-34.809491453337586,-1.5506313020147134e-35
53,7.280109889280518,689,0.6723276723276723,4.894619336149639,-1,-34.841312091922006,-1.441079393450037e-35
53,7.280109889280518,690,0.6725774225774226,4.896437545412696,-1,-34.87315494441886,-1.3391988125962478e-35
53,7.280109889280518,691,0.6728271728271729,4.898255754675754,-1,-34.90502003077292,-1.2444572128963118e-35
53,7.280109889280518,692,0.6730769230769231,4.9000739639388105,-1,-34.9369073709645,-1.1563588513192254e-35
53,7.280109889280518,693,0.6733266733266733,4.901892173201867,-1,-34.96881698500958,-1.0744420950050682e-35
53,7.280109889280518,694,0.6735764235764236,4.903710382464924,-1,-35.00074889297227,-9.982770961116671e-36
53,7.280109889280518,695,0.6738261738261738,4.905528591727982,-1,-35.032703114947424,-9.274636237256986e-36
53,7.280109889280518,696,0.6740759240759241,4.907346800991038,-1,-35.06467967106695,-8.616290422006429e-36
53,7.280109889280518,697,0.6743256743256744,4.909165010254096,-1,-35.09667858151281,-8.004264261779788e-36
53,7.280109889280518,698,0.6745754245754245,4.910983219517152,-1,-35.12869986649643,-7.435328032126924e-36
53,7.280109889280518,699,0.6748251748251748,4.9128014287802095,-1,-35.160743546268414,-6.90647515324461e-36
53,7.280109889280518,700,0.6750749250749251,4.914619638043266,-1,-35.19280964112659,-6.414906915707722e-36
53,7.280109889280518,701,0.6753246753246753,4.916437847306324,-1,-35.22489817140084,-5.958018242195165e-36
53,7.280109889280518,702,0.6755744255744256,4.918256056569381,-1,-35.257009157462655,-5.5333844148854e-36
53,7.280109889280518,703,0.6758241758241759,4.920074265832438,-1,-35.28914261972536,-5.138748704188432e-36
53,7.280109889280518,704,0.6760739260739261,4.921892475095495,-1,-35.32129857863809,-4.772010838112487e-36
53,7.280109889280518,705,0.6763236763236763,4.923710684358552,-1,-35.353477054694665,-4.431216255452306e-36
53,7.280109889280518,706,0.6765734265734266,4.9255288936216095,-1,-35.385678068425705,-4.114546090387836e-36
53,7.280109889280518,707,0.6768231768231768,4.927347102884666,-1,-35.41790164039863,-3.820307838912647e-36
53,7.280109889280518,708,0.6770729270729271,4.929165312147724,-1,-35.45014779123117,-3.5469266611043984e-36
53,7.280109889280518,709,0.6773226773226773,4.93098352141078,-1,-35.4824165415726,-3.292937276722135e-36
53,7.280109889280518,710,0.6775724275724275,4.932801730673837,-1,-35.51470791211122,-3.056976413538363e-36
53,7.280109889280518,711,0.6778221778221778,4.934619939936894,-1,-35.54702192358613,-2.8377757712865865e-36
53,7.280109889280518,712,0.6780719280719281,4.936438149199952,-1,-35.5793585967678,-2.6341554665800376e-36
53,7.280109889280518,713,0.6783216783216783,4.938256358463009,-1,-35.61171795246842,-2.4450179258193647e-36
53,7.280109889280518,714,0.6785714285714286,4.940074567726066,-1,-35.644100011546314,-2.2693421960214818e-36
53,7.280109889280518,715,0.6788211788211789,4.941892776989123,-1,-35.67650479489514,-2.1061786452730475e-36
53,7.280109889280518,716,0.679070929070929,4.94371098625218,-1,-35.708932323452835,-1.954644026194151e-36
53,7.280109889280518,717,0.6793206793206793,4.9455291955152365,-1,-35.7413826181984,-1.8139168779531494e-36
53,7.280109889280518,718,0.6795704295704296,4.947347404778294,-1,-35.77385570014576,-1.6832332437785584e-36
53,7.280109889280518,719,0.6798201798201798,4.949165614041351,-1,-35.8063515903635,-1.5618826824195895e-36
53,7.280109889280518,720,0.6800699300699301,4.950983823304409,-1,-35.83887030994894,-1.4492045538450327e-36
53,7.280109889280518,721,0.6803196803196803,4.952802032567465,-1,-35.87141188004678,-1.3445845601646409e-36
53,7.280109889280518,722,0.6805694305694305,4.954620241830522,-1,-35.90397632184417,-1.2474515246543919e-36
53,7.280109889280518,723,0.6808191808191808,4.95643845109358,-1,-35.93656365656332,-1.1572743925666816e-36
53,7.280109889280518,724,0.6810689310689311,4.9582566603566365,-1,-35.969173905480304,-1.0735594385274342e-36
53,7.280109889280518,725,0.6813186813186813,4.960074869619694,-1,-36.001807089903494,-9.958476666020592e-37
53,7.280109889280518,726,0.6815684315684316,4.961893078882751,-1,-36.0344632311834,-9.237123896751231e-37
53,7.280109889280518,727,0.6818181818181819,4.9637112881458085,-1,-36.0671423507207,-8.567569759862089e-37
53,7.280109889280518,728,0.682067932067932,4.965529497408864,-1,-36.09984446995076,-7.946127514260425e-37
53,7.280109889280518,729,0.6823176823176823,4.967347706671922,-1,-36.13256961035455,-7.369370468269211e-37
53,7.280109889280518,730,0.6825674325674326,4.969165915934979,-1,-36.16531779345646,-6.834113804005605e-37
53,7.280109889280518,731,0.6828171828171828,4.9709841251980365,-1,-36.198089040819255,-6.337397660346573e-37
53,7.280109889280518,732,0.683066933066933,4.972802334461092,-1,-36.23088337405618,-5.876471387869159e-37
53,7.280109889280518,733,0.6833166833166833,4.97462054372415,-1,-36.26370081481736,-5.448778895967845e-37
53,7.280109889280518,734,0.6835664335664335,4.976438752987207,-1,-36.29654138479339,-5.051945016476838e-37
53,7.280109889280518,735,0.6838161838161838,4.978256962250264,-1,-36.32940510572903,-4.6837628141040805e-37
53,7.280109889280518,736,0.6840659340659341,4.980075171513321,-1,-36.362291999402494,-4.342181779041707e-37
53,7.280109889280518,737,0.6843156843156843,4.981893380776379,-1,-36.39520208763648,-4.025296840252151e-37
53,7.280109889280518,738,0.6845654345654346,4.9837115900394355,-1,-36.428135392302956,-3.7313381433722503e-37
53,7.280109889280518,739,0.6848151848151848,4.985529799302492,-1,-36.461091935311416,-3.458661540581183e-37
53,7.280109889280518,740,0.685064935064935,4.98734800856555,-1,-36.494071738619056,-3.2057397429726632e-37
53,7.280109889280518,741,0.6853146853146853,4.989166217828607,-1,-36.527074824225636,-2.9711540900358573e-37
53,7.280109889280518,742,0.6855644355644356,4.990984427091664,-1,-36.56010121417076,-2.7535868934498815e-37
53,7.280109889280518,743,0.6858141858141859,4.992802636354721,-1,-36.59315093054829,-2.5518143154148713e-37
53,7.280109889280518,744,0.686063936063936,4.994620845617778,-1,-36.626223995487635,-2.364699744862023e-37
53,7.280109889280518,745,0.6863136863136863,4.996439054880835,-1,-36.659320431161724,-2.1911876366882938e-37
53,7.280109889280518,746,0.6865634365634365,4.998257264143892,-1,-36.69244025979705,-2.030297782122538e-37
53,7.280109889280518,747,0.6868131868131868,5.000075473406949,-1,-36.725583503656104,-1.881119980466094e-37
53,7.280109889280518,748,0.6870629370629371,5.001893682670007,-1,-36.75875018504917,-1.7428090840762242e-37
53,7.280109889280518,749,0.6873126873126874,5.003711891933063,-1,-36.79194032633284,-1.614580390899619e-37
53,7.280109889280518,750,0.6875624375624376,5.005530101196121,-1,-36.82515394990376,-1.4957053603551227e-37
53,7.280109889280518,751,0.6878121878121878,5.007348310459177,-1,-36.8583910782117,-1.3855076300024705e-37
53,7.280109889280518,752,0.688061938061938,5.009166519722235,-1,-36.89165173374533,-1.283359312238919e-37
53,7.280109889280518,753,0.6883116883116883,5.010984728985291,-1,-36.92493593903626,-1.1886775513631412e-37
53,7.280109889280518,754,0.6885614385614386,5.012802938248349,-1,-36.9582437166722,-1.1009213229168133e-37
53,7.280109889280518,755,0.6888111888111887,5.014621147511406,-1,-36.99157508927674,-1.0195884585209676e-37
53,7.280109889280518,756,0.689060939060939,5.0164393567744625,-1,-37.02493007952152,-9.442128802944618e-38
53,7.280109889280518,757,0.6893106893106893,5.01825756603752,-1,-37.058308710127655,-8.743620303438126e-38
53,7.280109889280518,758,0.6895604395604396,5.020075775300577,-1,-37.091711003855686,-8.096344816851571e-38
53,7.280109889280518,759,0.6898101898101898,5.021893984563635,-1,-37.12513698352054,-7.496577178398424e-38
53,7.280109889280518,760,0.6900599400599401,5.023712193826691,-1,-37.15858667197608,-6.940860694118411e-38
53,7.280109889280518,761,0.6903096903096904,5.025530403089749,-1,-37.19206009212577,-6.425987965478841e-38
53,7.280109889280518,762,0.6905594405594405,5.027348612352805,-1,-37.22555726691963,-5.94898307132752e-38
53,7.280109889280518,763,0.6908091908091908,5.0291668216158625,-1,-37.25907821935459,-5.507085011710574e-38
53,7.280109889280518,764,0.6910589410589411,5.030985030878919,-1,-37.29262297246947,-5.097732325139893e-38
53,7.280109889280518,765,0.6913086913086913,5.032803240141977,-1,-37.32619154935996,-4.718548796610207e-38
53,7.280109889280518,766,0.6915584415584416,5.034621449405034,-1,-37.35978397316024,-4.3673301803622887e-38
53,7.280109889280518,767,0.6918081918081918,5.03643965866809,-1,-37.39340026705102,-4.042031865317717e-38
53,7.280109889280518,768,0.692057942057942,5.038257867931147,-1,-37.42704045426869,-3.7407574171969543e-38
53,7.280109889280518,769,0.6923076923076923,5.040076077194205,-1,-37.460704558088736,-3.461747935800019e-38
53,7.280109889280518,770,0.6925574425574426,5.041894286457262,-1,-37.494392601838314,-3.203372169502367e-38
53,7.280109889280518,771,0.6928071928071928,5.043712495720319,-1,-37.52810460889188,-2.9641173339942174e-38
53,7.280109889280518,772,0.6930569430569431,5.045530704983376,-1,-37.5618406026667,-2.742580585398848e-38
53,7.280109889280518,773,0.6933066933066934,5.047348914246434,-1,-37.59560060663838,-2.537461101444217e-38
53,7.280109889280518,774,0.6935564435564435,5.04916712350949,-1,-37.62938464432166,-2.3475527280698134e-38
53,7.280109889280518,775,0.6938061938061938,5.050985332772547,-1,-37.66319273927946,-2.1717371510732492e-38
53,7.280109889280518,776,0.6940559440559441,5.052803542035605,-1,-37.69702491513045,-2.0089775558514583e-38
53,7.280109889280518,777,0.6943056943056943,5.0546217512986615,-1,-37.730881195534174,-1.8583127407527334e-38
53,7.280109889280518,778,0.6945554445554445,5.056439960561718,-1,-37.76476160420334,-1.7188516516485426e-38
53,7.280109889280518,779,0.6948051948051948,5.058258169824775,-1,-37.79866616489797,-1.5897683080731718e-38
53,7.280109889280518,780,0.695054945054945,5.060076379087833,-1,-37.83259490142229,-1.470297093035618e-38
53,7.280109889280518,781,0.6953046953046953,5.0618945883508895,-1,-37.86654783764054,-1.3597283806306448e-38
53,7.280109889280518,782,0.6955544455544456,5.063712797613947,-1,-37.90052499745639,-1.2574044776290405e-38
53,7.280109889280518,783,0.6958041958041958,5.065531006877004,-1,-37.93452640482418,-1.162715856480685e-38
53,7.280109889280518,784,0.6960539460539461,5.0673492161400615,-1,-37.96855208375296,-1.0750976591304555e-38
53,7.280109889280518,785,0.6963036963036963,5.069167425403117,-1,-38.002602058294585,-9.940264523671966e-39
53,7.280109889280518,786,0.6965534465534465,5.070985634666175,-1,-38.036676352557045,-9.190172166734405e-39
53,7.280109889280518,787,0.6968031968031968,5.072803843929232,-1,-38.070774990693984,-8.496205520434328e-39
53,7.280109889280518,788,0.6970529470529471,5.074622053192289,-1,-38.10489799690576,-7.85420085195263e-39
53,7.280109889280518,789,0.6973026973026973,5.076440262455346,-1,-38.13904539545358,-7.260300638007254e-39
53,7.280109889280518,790,0.6975524475524475,5.078258471718403,-1,-38.17321721063894,-6.71093124448418e-39
53,7.280109889280518,791,0.6978021978021978,5.08007668098146,-1,-38.207413466817236,-6.202782217879329e-39
53,7.280109889280518,792,0.698051948051948,5.081894890244517,-1,-38.241634188396276,-5.732787074078388e-39
53,7.280109889280518,793,0.6983016983016983,5.083713099507575,-1,-38.275879399828504,-5.298105476997618e-39
53,7.280109889280518,794,0.6985514485514486,5.085531308770632,-1,-38.310149125626864,-4.896106707086002e-39
53,7.280109889280518,795,0.6988011988011988,5.087349518033689,-1,-38.344443390347394,-4.524354327881675e-39
53,7.280109889280518,796,0.6990509490509491,5.089167727296746,-1,-38.378762218596556,-4.1805919638857905e-39
53,7.280109889280518,797,0.6993006993006993,5.090985936559803,-1,-38.41310563504014,-3.8627301102507666e-39
53,7.280109889280518,798,0.6995504495504495,5.09280414582286,-1,-38.44747366438734,-3.568833900322159e-39
53,7.280109889280518,799,0.6998001998001998,5.094622355085917,-1,-38.48186633140327,-3.297111761620506e-39
53,7.280109889280518,800,0.7000499500499501,5.096440564348974,-1,-38.51628366090309,-3.045904896742158e-39
53,7.280109889280518,801,0.7002997002997002,5.098258773612031,-1,-38.55072567775378,-2.813677529510861e-39
53,7.280109889280518,802,0.7005494505494505,5.100076982875088,-1,-38.58519240687552,-2.5990078612846577e-39
53,7.280109889280518,803,0.7007992007992008,5.101895192138145,-1,-38.619683873237946,-2.4005796862049525e-39
53,7.280109889280518,804,0.701048951048951,5.103713401401202,-1,-38.654200101867765,-2.217174617716446e-39
53,7.280109889280518,805,0.7012987012987013,5.10553161066426,-1,-38.688741117837345,-2.0476648823635264e-39
53,7.280109889280518,806,0.7015484515484516,5.107349819927316,-1,-38.723306946280125,-1.8910066396039785e-39
53,7.280109889280518,807,0.7017982017982018,5.109168029190374,-1,-38.75789761237579,-1.746233789868264e-39
53,7.280109889280518,808,0.702047952047952,5.11098623845343,-1,-38.792513141355535,-1.6124522352632632e-39
53,7.280109889280518,809,0.7022977022977023,5.112804447716488,-1,-38.82715355851218,-1.488834560214789e-39
53,7.280109889280518,810,0.7025474525474525,5.114622656979544,-1,-38.8618188891832,-1.374615101706256e-39
53,7.280109889280518,811,0.7027972027972028,5.116440866242602,-1,-38.89650915876464,-1.2690853806308721e-39
53,7.280109889280518,812,0.7030469530469531,5.11825907550566,-1,-38.93122439270416,-1.1715898682222412e-39
53,7.280109889280518,813,0.7032967032967032,5.1200772847687155,-1,-38.96596461649858,-1.0815220631210784e-39
53,7.280109889280518,814,0.7035464535464535,5.121895494031773,-1,-39.00072985570961,-9.983208564646293e-40
53,7.280109889280518,815,0.7037962037962038,5.12371370329483,-1,-39.03552013594277,-9.214671641759193e-40
53,7.280109889280518,816,0.704045954045954,5.1255319125578875,-1,-39.07033548286157,-8.50480806813495e-40
53,7.280109889280518,817,0.7042957042957043,5.127350121820944,-1,-39.10517592218532,-7.849176190706042e-40
53,7.280109889280518,818,0.7045454545454546,5.129168331084002,-1,-39.14004147968142,-7.243667721411763e-40
53,7.280109889280518,819,0.7047952047952049,5.130986540347059,-1,-39.17493218118258,-6.684482933671461e-40
53,7.280109889280518,820,0.705044955044955,5.1328047496101155,-1,-39.20984805256713,-6.16810768865718e-40
53,7.280109889280518,821,0.7052947052947053,5.134622958873172,-1,-39.24478911976983,-5.691292156485783e-40
53,7.280109889280518,822,0.7055444555444556,5.13644116813623,-1,-39.279755408785526,-5.251031109034167e-40
53,7.280109889280518,823,0.7057942057942058,5.138259377399287,-1,-39.31474694565682,-4.84454566939575e-40
53,7.280109889280518,824,0.706043956043956,5.140077586662343,-1,-39.349763756490226,-4.46926641074511e-40
53,7.280109889280518,825,0.7062937062937062,5.1418957959254,-1,-39.38480586744141,-4.122817706418069e-40
53,7.280109889280518,826,0.7065434565434565,5.143714005188458,-1,-39.41987330472071,-3.803003238833408e-40
53,7.280109889280518,827,0.7067932067932068,5.1455322144515145,-1,-39.45496609460216,-3.507792582426136e-40
53,7.280109889280518,828,0.707042957042957,5.147350423714572,-1,-39.49008426340757,-3.2353087819244186e-40
53,7.280109889280518,829,0.7072927072927073,5.149168632977629,-1,-39.52522783752121,-2.9838168523279882e-40
53,7.280109889280518,830,0.7075424575424576,5.150986842240687,-1,-39.56039684338016,-2.751713133248695e-40
53,7.280109889280518,831,0.7077922077922079,5.152805051503744,-1,-39.595591307474926,-2.537515434435166e-40
53,7.280109889280518,832,0.708041958041958,5.1546232607668,-1,-39.63081125636252,-2.3398539142213436e-40
53,7.280109889280518,833,0.7082917082917083,5.156441470029858,-1,-39.666056716647354,-2.1574626371221855e-40
53,7.280109889280518,834,0.7085414585414586,5.1582596792929145,-1,-39.70132771499636,-1.9891717600878223e-40
53,7.280109889280518,835,0.7087912087912088,5.160077888555972,-1,-39.73662427813196,-1.833900301326708e-40
53,7.280109889280518,836,0.709040959040959,5.161896097819028,-1,-39.771946432829246,-1.6906494485057191e-40
53,7.280109889280518,837,0.7092907092907093,5.163714307082086,-1,-39.80729420593204,-1.558496366407004e-40
53,7.280109889280518,838,0.7095404595404595,5.165532516345142,-1,-39.84266762433188,-1.4365884673090735e-40
53,7.280109889280518,839,0.7097902097902098,5.1673507256082,-1,-39.87806671498101,-1.3241381095511988e-40
53,7.280109889280518,840,0.7100399600399601,5.169168934871257,-1,-39.91349150489279,-1.2204176927440188e-40
53,7.280109889280518,841,0.7102897102897103,5.1709871441343145,-1,-39.94894202113305,-1.1247551201866641e-40
53,7.280109889280518,842,0.7105394605394606,5.172805353397371,-1,-39.98441829083323,-1.0365296011597734e-40
53,7.280109889280518,843,0.7107892107892108,5.174623562660428,-1,-40.01992034117777,-9.551677679889375e-41
53,7.280109889280518,844,0.711038961038961,5.176441771923485,-1,-40.05544819940864,-8.801400843726102e-41
53,7.280109889280518,845,0.7112887112887113,5.178259981186542,-1,-40.09100189283448,-8.10957523358759e-41
53,7.280109889280518,846,0.7115384615384616,5.180078190449599,-1,-40.126581448814434,-7.471684949596161e-41
53,7.280109889280518,847,0.7117882117882117,5.181896399712656,-1,-40.16218689477402,-6.883560047011655e-41
53,7.280109889280518,848,0.712037962037962,5.183714608975714,-1,-40.19781825819364,-6.341350260118392e-41
53,7.280109889280518,849,0.7122877122877123,5.18553281823877,-1,-40.233475566611325,-5.841500704259398e-41
53,7.280109889280518,850,0.7125374625374625,5.187351027501828,-1,-40.26915884763331,-5.380729408576286e-41
53,7.280109889280518,851,0.7127872127872128,5.189169236764885,-1,-40.3048681289169,-4.956006543183622e-41
53,7.280109889280518,852,0.7130369630369631,5.190987446027942,-1,-40.34060343818648,-4.564535213337763e-41
53,7.280109889280518,853,0.7132867132867133,5.192805655290999,-1,-40.37636480322253,-4.2037337041689165e-41
53,7.280109889280518,854,0.7135364635364636,5.194623864554057,-1,-40.41215225186388,-3.871219066912332e-41
53,7.280109889280518,855,0.7137862137862138,5.196442073817113,-1,-40.447965812018566,-3.564791946264458e-41
53,7.280109889280518,856,0.714035964035964,5.19826028308017,-1,-40.48380551164654,-3.282422556147731e-41
53,7.280109889280518,857,0.7142857142857143,5.200078492343227,-1,-40.519671378775755,-3.022237717206138e-41
53,7.280109889280518,858,0.7145354645354646,5.201896701606285,-1,-40.55556344149112,-2.7825088768474044e-41
53,7.280109889280518,859,0.7147852147852147,5.203714910869341,-1,-40.59148172793694,-2.561641037692942e-41
53,7.280109889280518,860,0.715034965034965,5.205533120132398,-1,-40.6274262663275,-2.3581625262240753e-41
53,7.280109889280518,861,0.7152847152847153,5.207351329395455,-1,-40.66339708492978,-2.1707155386196576e-41
53,7.280109889280518,862,0.7155344655344655,5.209169538658513,-1,-40.699394212080215,-1.998047404921458e-41
53,7.280109889280518,863,0.7157842157842158,5.210987747921569,-1,-40.73541767617252,-1.839002517763183e-41
53,7.280109889280518,864,0.7160339660339661,5.212805957184627,-1,-40.77146750566141,-1.6925148753200454e-41
53,7.280109889280518,865,0.7162837162837163,5.214624166447684,-1,-40.807543729071725,-1.5576011922136768e-41
53,7.280109889280518,866,0.7165334665334665,5.2164423757107405,-1,-40.84364637498206,-1.4333545356011788e-41
53,7.280109889280518,867,0.7167832167832168,5.218260584973798,-1,-40.87977547204235,-1.3189384465452372e-41
53,7.280109889280518,868,0.717032967032967,5.220078794236855,-1,-40.91593104895953,-1.2135815102133477e-41
53,7.280109889280518,869,0.7172827172827173,5.221897003499913,-1,-40.952113134503726,-1.1165723407623777e-41
53,7.280109889280518,870,0.7175324675324675,5.2237152127629685,-1,-40.98832175751487,-1.027254949587228e-41
53,7.280109889280518,871,0.7177822177822177,5.225533422026026,-1,-41.024556946887806,-9.450244679307968e-42
53,7.280109889280518,872,0.718031968031968,5.227351631289083,-1,-41.06081873159095,-8.693231968506326e-42
53,7.280109889280518,873,0.7182817182817183,5.2291698405521405,-1,-41.09710714064908,-7.996369598646515e-42
53,7.280109889280518,874,0.7185314685314685,5.230988049815197,-1,-41.13342220315284,-7.354917351494472e-42
53,7.280109889280518,875,0.7187812187812188,5.232806259078255,-1,-41.16976394826185,-6.764505461234736e-42
53,7.280109889280518,876,0.7190309690309691,5.234624468341312,-1,-41.20613240519192,-6.221105907723177e-42
53,7.280109889280518,877,0.7192807192807193,5.236442677604369,-1,-41.242527603234976,-5.721005914711586e-42
53,7.280109889280518,878,0.7195304695304695,5.238260886867425,-1,-41.2789495717393,-5.260783486218906e-42
53,7.280109889280518,879,0.7197802197802198,5.240079096130483,-1,-41.315398340118115,-4.837284824693029e-42
53,7.280109889280518,880,0.72002997002997,5.24189730539354,-1,-41.351873937858095,-4.4476034879067496e-42
53,7.280109889280518,881,0.7202797202797203,5.243715514656597,-1,-41.388376394503844,-4.089061152091008e-42
53,7.280109889280518,882,0.7205294705294705,5.245533723919654,-1,-41.42490573966894,-3.7591898580614937e-42
53,7.280109889280518,883,0.7207792207792207,5.247351933182711,-1,-41.461462003033496,-3.455715627427786e-42
53,7.280109889280518,884,0.721028971028971,5.249170142445768,-1,-41.498045214343776,-3.1765433439068815e-42
53,7.280109889280518,885,0.7212787212787213,5.250988351708825,-1,-41.534655403407406,-2.9197428029503536e-42
53,7.280109889280518,886,0.7215284715284715,5.252806560971883,-1,-41.57129260010929,-2.6835358400183454e-42
53,7.280109889280518,887,0.7217782217782218,5.25462477023494,-1,-41.60795683439116,-2.4662844551994226e-42
53,7.280109889280518,888,0.7220279720279721,5.256442979497997,-1,-41.64464813626855,-2.2664798572437185e-42
53,7.280109889280518,889,0.7222777222777222,5.258261188761053,-1,-41.681366535820715,-2.082732356839937e-42
53,7.280109889280518,890,0.7225274725274725,5.260079398024111,-1,-41.71811206319237,-1.9137620436462085e-42
53,7.280109889280518,891,0.7227772227772228,5.2618976072871675,-1,-41.75488474860389,-1.7583901868593312e-42
53,7.280109889280518,892,0.723026973026973,5.263715816550225,-1,-41.79168462233401,-1.6155313038026845e-42
53,7.280109889280518,893,0.7232767232767232,5.265534025813281,-1,-41.82851171473881,-1.48418584482409e-42
53,7.280109889280518,894,0.7235264735264735,5.267352235076339,-1,-41.865366056235665,-1.3634334473066159e-42
53,7.280109889280518,895,0.7237762237762237,5.269170444339395,-1,-41.902247677312154,-1.2524267146738223e-42
53,7.280109889280518,896,0.724025974025974,5.270988653602453,-1,-41.93915660852872,-1.1503854800008826e-42
53,7.280109889280518,897,0.7242757242757243,5.27280686286551,-1,-41.97609288050635,-1.0565915168192171e-42
53,7.280109889280518,898,0.7245254745254746,5.2746250721285675,-1,-42.013056523946815,-9.703836624307602e-43
53,7.280109889280518,899,0.7247752247752248,5.276443281391624,-1,-42.050047569611166,-8.911533220218087e-43
53,7.280109889280518,900,0.7250249750249751,5.278261490654682,-1,-42.087066048335444,-8.183403239090157e-43
53,7.280109889280518,901,0.7252747252747253,5.280079699917739,-1,-42.12411199102485,-7.514290988640256e-43
53,7.280109889280518,902,0.7255244755244755,5.281897909180795,-1,-42.16118542864958,-6.89945158339905e-43
53,7.280109889280518,903,0.7257742257742258,5.283716118443853,-1,-42.198286392260435,-6.334518483918195e-43
53,7.280109889280518,904,0.7260239760239761,5.28553432770691,-1,-42.235414912968636,-5.815473579819038e-43
53,7.280109889280518,905,0.7262737262737262,5.2873525369699665,-1,-42.27257102196358,-5.338619617918923e-43
53,7.280109889280518,906,0.7265234765234765,5.289170746233023,-1,-42.30975475050087,-4.90055479416671e-43
53,7.280109889280518,907,0.7267732267732268,5.290988955496081,-1,-42.34696612990697,-4.498149340394019e-43
53,7.280109889280518,908,0.727022977022977,5.292807164759138,-1,-42.3842051915857,-4.1285239508295645e-43
53,7.280109889280518,909,0.7272727272727273,5.294625374022195,-1,-42.42147196700312,-3.789029905260177e-43
53,7.280109889280518,910,0.7275224775224776,5.296443583285252,-1,-42.45876648770845,-3.4772307559997133e-43
53,7.280109889280518,911,0.7277722277722278,5.29826179254831,-1,-42.49608878531337,-3.1908854573896126e-43
53,7.280109889280518,912,0.728021978021978,5.300080001811366,-1,-42.5334388915068,-2.9279328245103163e-43
53,7.280109889280518,913,0.7282717282717283,5.301898211074423,-1,-42.57081683805001,-2.6864772177259126e-43
53,7.280109889280518,914,0.7285214785214785,5.30371642033748,-1,-42.608222656771595,-2.4647753570286708e-43
53,7.280109889280518,915,0.7287712287712288,5.305534629600538,-1,-42.64565637958356,-2.261224177669761e-43
53,7.280109889280518,916,0.729020979020979,5.3073528388635935,-1,-42.68311803846079,-2.07434964587165e-43
53,7.280109889280518,917,0.7292707292707292,5.309171048126651,-1,-42.720607665459795,-1.902796458955455e-43
53,7.280109889280518,918,0.7295204795204795,5.310989257389708,-1,-42.758125292706254,-1.7453185609073034e-43
53,7.280109889280518,919,0.7297702297702298,5.312807466652766,-1,-42.795670952395085,-1.6007704091546961e-43
53,7.280109889280518,920,0.73001998001998,5.314625675915823,-1,-42.833244676809116,-1.468098933562916e-43
53,7.280109889280518,921,0.7302697302697303,5.31644388517888,-1,-42.87084649829185,-1.3463361334779966e-43
53,7.280109889280518,922,0.7305194805194806,5.318262094441938,-1,-42.90847644927076,-1.2345922622790858e-43
53,7.280109889280518,923,0.7307692307692308,5.320080303704994,-1,-42.9461345622425,-1.1320495535095712e-43
53,7.280109889280518,924,0.731018981018981,5.321898512968051,-1,-42.98382086977975,-1.0379564457269603e-43
53,7.280109889280518,925,0.7312687312687313,5.323716722231108,-1,-43.02153540453503,-9.516222668434688e-44
53,7.280109889280518,926,0.7315184815184815,5.325534931494166,-1,-43.05927819922756,-8.724123417327014e-44
53,7.280109889280518,927,0.7317682317682318,5.327353140757222,-1,-43.09704928666431,-7.99743489576503e-44
53,7.280109889280518,928,0.732017982017982,5.329171350020279,-1,-43.1348486997177,-7.330798803267792e-44
53,7.280109889280518,929,0.7322677322677322,5.330989559283336,-1,-43.172676471343415,-6.719292217208742e-44
53,7.280109889280518,930,0.7325174825174825,5.3328077685463935,-1,-43.21053263457029,-6.158392508288644e-44
53,7.280109889280518,931,0.7327672327672328,5.33462597780945,-1,-43.248417222502255,-5.643945059465016e-44
53,7.280109889280518,932,0.733016983016983,5.336444187072508,-1,-43.28633026832754,-5.172133566351307e-44
53,7.280109889280518,933,0.7332667332667333,5.338262396335565,-1,-43.324271805301464,-4.73945271480199e-44
53,7.280109889280518,934,0.7335164835164836,5.340080605598622,-1,-43.3622418667684,-4.3426830462326843e-44
53,7.280109889280518,935,0.7337662337662337,5.341898814861678,-1,-43.40024048614074,-3.97886783791499e-44
53,7.280109889280518,936,0.734015984015984,5.343717024124736,-1,-43.43826769691477,-3.6452918372226697e-44
53,7.280109889280518,937,0.7342657342657343,5.345535233387793,-1,-43.476323532663365,-3.339461703025781e-44
53,7.280109889280518,938,0.7345154845154845,5.34735344265085,-1,-43.514408027034364,-3.059088018055156e-44
53,7.280109889280518,939,0.7347652347652347,5.349171651913907,-1,-43.552521213763264,-2.802068747086625e-44
53,7.280109889280518,940,0.735014985014985,5.350989861176964,-1,-43.590663126653936,-2.566474026025279e-44
53,7.280109889280518,941,0.7352647352647352,5.352808070440021,-1,-43.628833799600365,-2.35053217523074e-44
53,7.280109889280518,942,0.7355144855144855,5.354626279703078,-1,-43.667033266567216,-2.152616839892648e-44
53,7.280109889280518,943,0.7357642357642358,5.356444488966136,-1,-43.70526156160406,-1.9712351669667108e-44
53,7.280109889280518,944,0.736013986013986,5.3582626982291925,-1,-43.74351871883975,-1.805016936117823e-44
53,7.280109889280518,945,0.7362637362637363,5.36008090749225,-1,-43.78180477247915,-1.6527045682133913e-44
53,7.280109889280518,946,0.7365134865134866,5.361899116755307,-1,-43.82011975681709,-1.513143941064611e-44
53,7.280109889280518,947,0.7367632367632367,5.363717326018364,-1,-43.85846370621834,-1.3852759479341944e-44
53,7.280109889280518,948,0.737012987012987,5.3655355352814205,-1,-43.89683665513965,-1.268128738971752e-44
53,7.280109889280518,949,0.7372627372627373,5.367353744544478,-1,-43.935238638110256,-1.1608105910731447e-44
53,7.280109889280518,950,0.7375124875124875,5.369171953807535,-1,-43.97366968974632,-1.0625033554520963e-44
53,7.280109889280518,951,0.7377622377622377,5.370990163070592,-1,-44.012129844744855,-9.724564366709355e-45
53,7.280109889280518,952,0.738011988011988,5.372808372333648,-1,-44.05061913788116,-8.899812603133159e-45
53,7.280109889280518,953,0.7382617382617382,5.374626581596706,-1,-44.089137604021936,-8.144461899567541e-45
53,7.280109889280518,954,0.7385114885114885,5.376444790859763,-1,-44.12768527810567,-7.452718573575877e-45
53,7.280109889280518,955,0.7387612387612388,5.37826300012282,-1,-44.16626219516523,-6.819268723943537e-45
53,7.280109889280518,956,0.739010989010989,5.380081209385877,-1,-44.20486839030727,-6.239238822997944e-45
53,7.280109889280518,957,0.7392607392607393,5.381899418648935,-1,-44.2435038987281,-5.708159518466049e-45
53,7.280109889280518,958,0.7395104895104895,5.383717627911992,-1,-44.282168755707026,-5.221932386594924e-45
53,7.280109889280518,959,0.7397602397602397,5.385535837175048,-1,-44.32086299659809,-4.776799397565469e-45
53,7.280109889280518,960,0.74000999000999,5.387354046438106,-1,-44.35958665685891,-4.369314873387682e-45
53,7.280109889280518,961,0.7402597402597403,5.389172255701163,-1,-44.39833977201508,-3.9963197376229317e-45
53,7.280109889280518,962,0.7405094905094904,5.3909904649642195,-1,-44.43712237768401,-3.654917869867242e-45
53,7.280109889280518,963,0.7407592407592407,5.392808674227276,-1,-44.47593450956781,-3.342454395334068e-45
53,7.280109889280518,964,0.741008991008991,5.394626883490334,-1,-44.51477620345467,-3.0564957520932825e-45
53,7.280109889280518,965,0.7412587412587412,5.396445092753391,-1,-44.55364749521388,-2.794811391753527e-45
53,7.280109889280518,966,0.7415084915084915,5.398263302016448,-1,-44.59254842081034,-2.5553569806730697e-45
53,7.280109889280518,967,0.7417582417582418,5.400081511279505,-1,-44.63147901628402,-2.336258980030249e-45
53,7.280109889280518,968,0.7420079920079921,5.401899720542563,-1,-44.670439317773024,-2.1358004920402454e-45
53,7.280109889280518,969,0.7422577422577423,5.4037179298056195,-1,-44.709429361492816,-1.952408269715293e-45
53,7.280109889280518,970,0.7425074925074925,5.405536139068676,-1,-44.74844918375264,-1.7846407948834746e-45
53,7.280109889280518,971,0.7427572427572428,5.407354348331733,-1,-44.78749882094605,-1.6311773376595862e-45
53,7.280109889280518,972,0.743006993006993,5.409172557594791,-1,-44.826578309553454,-1.4908079170650883e-45
53,7.280109889280518,973,0.7432567432567433,5.410990766857847,-1,-44.865687686149265,-1.362424089232274e-45
53,7.280109889280518,974,0.7435064935064934,5.412808976120904,-1,-44.9048269873866,-1.2450104956211601e-45
53,7.280109889280518,975,0.7437562437562437,5.414627185383962,-1,-44.94399625001948,-1.1376371088784122e-45
53,7.280109889280518,976,0.744005994005994,5.416445394647019,-1,-44.98319551087997,-1.0394521194741373e-45
53,7.280109889280518,977,0.7442557442557443,5.418263603910076,-1,-45.02242480689798,-9.496754103598788e-46
53,7.280109889280518,978,0.7445054945054945,5.420081813173133,-1,-45.06168417508658,-8.675925716418168e-46
53,7.280109889280518,979,0.7447552447552448,5.421900022436191,-1,-45.10097365255246,-7.925494108072675e-46
53,7.280109889280518,980,0.7450049950049951,5.423718231699247,-1,-45.140293276492784,-7.23946917901736e-46
53,7.280109889280518,981,0.7452547452547452,5.425536440962304,-1,-45.17964308419038,-6.61236648236543e-46
53,7.280109889280518,982,0.7455044955044955,5.427354650225361,-1,-45.21902311302834,-6.039164882580132e-46
53,7.280109889280518,983,0.7457542457542458,5.4291728594884185,-1,-45.2584334004693,-5.515267731270087e-46
53,7.280109889280518,984,0.746003996003996,5.430991068751475,-1,-45.29787398407946,-5.036467269209057e-46
53,7.280109889280518,985,0.7462537462537462,5.432809278014532,-1,-45.33734490150659,-4.5989119899154045e-46
53,7.280109889280518,986,0.7465034965034965,5.434627487277589,-1,-45.37684619049797,-4.19907671936914e-46
53,7.280109889280518,987,0.7467532467532467,5.4364456965406465,-1,-45.41637788888833,-3.833735188493143e-46
53,7.280109889280518,988,0.747002997002997,5.438263905803703,-1,-45.45594003460689,-3.499934891903386e-46
53,7.280109889280518,989,0.7472527472527473,5.440082115066761,-1,-45.4955326656783,-3.1949740441876805e-46
53,7.280109889280518,990,0.7475024975024975,5.441900324329818,-1,-45.53515582021381,-2.916380460157964e-46
53,7.280109889280518,991,0.7477522477522478,5.443718533592875,-1,-45.57480953642895,-2.66189219951218e-46
53,7.280109889280518,992,0.7480019980019981,5.445536742855932,-1,-45.61449385262129,-2.4294398301639776e-46
53,7.280109889280518,993,0.7482517482517482,5.447354952118989,-1,-45.65420880719442,-2.217130175438991e-46
53,7.280109889280518,994,0.7485014985014985,5.449173161382046,-1,-45.69395443863681,-2.0232314225596808e-46
53,7.280109889280518,995,0.7487512487512488,5.450991370645103,-1,-45.73373078553903,-1.846159478878704e-46
53,7.280109889280518,996,0.749000999000999,5.452809579908161,-1,-45.77353788658222,-1.6844654725159593e-46
53,7.280109889280518,997,0.7492507492507492,5.454627789171217,-1,-45.81337578054471,-1.5368243019750381e-46
53,7.280109889280518,998,0.7495004995004995,5.456445998434274,-1,-45.85324450630499,-1.4020241475335135e-46
53,7.280109889280518,999,0.7497502497502497,5.458264207697331,-1,-45.8931441028232,-1.2789568643306625e-46
53,7.280109889280518,1000,0.75,5.460082416960389,-1,-45.933074609180125,-1.1666091834031286e-46
53,7.280109889280518,1001,0.7502497502497503,5.4619006262234455,-1,-45.97303606453281,-1.0640546536952539e-46
53,7.280109889280518,1002,0.7504995004995005,5.463718835486503,-1,-46.01302850814496,-9.704462627041479e-47
53,7.280109889280518,1003,0.7507492507492508,5.46553704474956,-1,-46.05305197937647,-8.85009679393607e-47
53,7.280109889280518,1004,0.7509990009990011,5.467355254012618,-1,-46.09310651768191,-8.070370671983018e-47
53,7.280109889280518,1005,0.7512487512487512,5.469173463275673,-1,-46.13319216262165,-7.358814194169708e-47
53,7.280109889280518,1006,0.7514985014985015,5.470991672538731,-1,-46.17330895384409,-6.709513733229038e-47
53,7.280109889280518,1007,0.7517482517482518,5.472809881801788,-1,-46.21345693110902,-6.117064627460135e-47
53,7.280109889280518,1008,0.7519980019980019,5.474628091064845,-1,-46.253636134263886,-5.576527724982186e-47
53,7.280109889280518,1009,0.7522477522477522,5.476446300327902,-1,-46.293846603265706,-5.083389607680874e-47
53,7.280109889280518,1010,0.7524975024975025,5.478264509590959,-1,-46.33408837816332,-4.633526186985035e-47
53,7.280109889280518,1011,0.7527472527472527,5.480082718854017,-1,-46.37436149911208,-4.2231693870649075e-47
53,7.280109889280518,1012,0.752997002997003,5.481900928117073,-1,-46.41466600636444,-3.8488766564076757e-47
53,7.280109889280518,1013,0.7532467532467533,5.483719137380131,-1,-46.455001940274315,-3.50750306920611e-47
53,7.280109889280518,1014,0.7534965034965035,5.485537346643188,-1,-46.49536934130047,-3.1961757985305388e-47
53,7.280109889280518,1015,0.7537462537462538,5.4873555559062455,-1,-46.53576824999619,-2.9122707613748326e-47
53,7.280109889280518,1016,0.753996003996004,5.489173765169301,-1,-46.57619870702749,-2.6533912519918747e-47
53,7.280109889280518,1017,0.7542457542457542,5.490991974432359,-1,-46.6166607531507,-2.417348396099151e-47
53,7.280109889280518,1018,0.7544955044955045,5.492810183695416,-1,-46.65715442923731,-2.2021432714857474e-47
53,7.280109889280518,1019,0.7547452547452547,5.4946283929584725,-1,-46.69767977625142,-2.005950554663955e-47
53,7.280109889280518,1020,0.7549950049950049,5.496446602221529,-1,-46.738236835269085,-1.8271035638878465e-47
53,7.280109889280518,1021,0.7552447552447552,5.498264811484587,-1,-46.77882564746347,-1.664080580658803e-47
53,7.280109889280518,1022,0.7554945054945055,5.500083020747644,-1,-46.81944625411719,-1.5154923410434524e-47
53,7.280109889280518,1023,0.7557442557442557,5.501901230010701,-1,-46.8600986966149,-1.380070597770023e-47
53,7.280109889280518,1024,0.755994005994006,5.503719439273758,-1,-46.9007830164457,-1.2566576620691972e-47
53,7.280109889280518,1025,0.7562437562437563,5.505537648536816,-1,-46.94149925520836,-1.144196842051223e-47
53,7.280109889280518,1026,0.7564935064935066,5.5073558577998725,-1,-46.9822474545997,-1.041723701437577e-47
53,7.280109889280518,1027,0.7567432567432568,5.50917406706293,-1,-47.02302765643349,-9.48358068711304e-48
53,7.280109889280518,1028,0.756993006993007,5.510992276325987,-1,-47.063839902617616,-8.632967329639995e-48
53,7.280109889280518,1029,0.7572427572427572,5.512810485589044,-1,-47.10468423517959,-7.858067677015926e-48
53,7.280109889280518,1030,0.7574925074925075,5.514628694852101,-1,-47.14556069624307,-7.152194292638661e-48
53,7.280109889280518,1031,0.7577422577422577,5.516446904115157,-1,-47.18646932804847,-6.50924580621323e-48
53,7.280109889280518,1032,0.7579920079920079,5.518265113378215,-1,-47.22741017293668,-5.923655958224777e-48
53,7.280109889280518,1033,0.7582417582417582,5.5200833226412716,-1,-47.2683832733632,-5.3903470388731874e-48
53,7.280109889280518,1034,0.7584915084915085,5.521901531904329,-1,-47.30938867188814,-4.904687346360398e-48
53,7.280109889280518,1035,0.7587412587412588,5.523719741167386,-1,-47.35042641118253,-4.4624523198165585e-48
53,7.280109889280518,1036,0.758991008991009,5.525537950430444,-1,-47.39149653402847,-4.0597890323218517e-48
53,7.280109889280518,1037,0.7592407592407593,5.5273561596935,-1,-47.432599083313164,-3.693183755857165e-48
53,7.280109889280518,1038,0.7594905094905096,5.529174368956558,-1,-47.47373410204421,-3.3594323343246907e-48
53,7.280109889280518,1039,0.7597402597402597,5.530992578219614,-1,-47.514901633321124,-3.055613124030193e-48
53,7.280109889280518,1040,0.75999000999001,5.5328107874826715,-1,-47.556101720381506,-2.779062280018897e-48
53,7.280109889280518,1041,0.7602397602397603,5.534628996745728,-1,-47.59733440655176,-2.5273511877666945e-48
53,7.280109889280518,1042,0.7604895104895104,5.536447206008785,-1,-47.63859973528143,-2.2982658542641888e-48
53,7.280109889280518,1043,0.7607392607392607,5.538265415271842,-1,-47.67989775012601,-2.0897880906311504e-48
53,7.280109889280518,1044,0.760989010989011,5.540083624534899,-1,-47.72122849476279,-1.900078331277409e-48
53,7.280109889280518,1045,0.7612387612387612,5.541901833797957,-1,-47.76259201297067,-1.7274599487771588e-48
53,7.280109889280518,1046,0.7614885114885115,5.543720043061014,-1,-47.803988348655054,-1.5704049349267773e-48
53,7.280109889280518,1047,0.7617382617382618,5.5455382523240715,-1,-47.84541754582268,-1.4275208303449036e-48
53,7.280109889280518,1048,0.761988011988012,5.547356461587128,-1,-47.8868796486063,-1.2975387942411104e-48
53,7.280109889280518,1049,0.7622377622377623,5.549174670850186,-1,-47.92837470124381,-1.1793027160294285e-48
53,7.280109889280518,1050,0.7624875124875126,5.550992880113243,-1,-47.969902748096374,-1.07175927826289e-48
53,7.280109889280518,1051,0.7627372627372627,5.552811089376299,-1,-48.01146383363392,-9.73948888651118e-49
53,7.280109889280518,1052,0.762987012987013,5.554629298639356,-1,-48.053058002448424,-8.849974056018957e-49
53,7.280109889280518,1053,0.7632367632367633,5.556447507902414,-1,-48.09468529924414,-8.041085885276355e-49
53,7.280109889280518,1054,0.7634865134865134,5.55826571716547,-1,-48.1363457688444,-7.305572098555181e-49
53,7.280109889280518,1055,0.7637362637362637,5.560083926428527,-1,-48.178039456190355,-6.636827712629067e-49
53,7.280109889280518,1056,0.763986013986014,5.561902135691584,-1,-48.21976640633789,-6.028837715444825e-49
53,7.280109889280518,1057,0.7642357642357642,5.563720344954642,-1,-48.26152666446704,-5.476124780545155e-49
53,7.280109889280518,1058,0.7644855144855145,5.5655385542176985,-1,-48.30332027586801,-4.97370157888205e-49
53,7.280109889280518,1059,0.7647352647352648,5.567356763480756,-1,-48.34514728596096,-4.517027286287912e-49
53,7.280109889280518,1060,0.764985014985015,5.569174972743813,-1,-48.38700774027327,-4.1019679213258056e-49
53,7.280109889280518,1061,0.7652347652347653,5.5709931820068705,-1,-48.4289016844654,-3.724760177888239e-49
53,7.280109889280518,1062,0.7654845154845155,5.572811391269926,-1,-48.47082916430547,-3.381978448074245e-49
53,7.280109889280518,1063,0.7657342657342657,5.574629600532984,-1,-48.51279022569427,-3.0705047552564733e-49
53,7.280109889280518,1064,0.765984015984016,5.576447809796042,-1,-48.55478491464377,-2.787501343383208e-49
53,7.280109889280518,1065,0.7662337662337662,5.578266019059098,-1,-48.59681327729627,-2.5303856890632052e-49
53,7.280109889280518,1066,0.7664835164835164,5.580084228322155,-1,-48.63887535990877,-2.2968077245238614e-49
53,7.280109889280518,1067,0.7667332667332667,5.581902437585212,-1,-48.680971208867724,-2.08462907698322e-49
53,7.280109889280518,1068,0.766983016983017,5.58372064684827,-1,-48.723100870676944,-1.8919041476775436e-49
53,7.280109889280518,1069,0.7672327672327672,5.585538856111326,-1,-48.765264391968316,-1.7168628685719014e-49
53,7.280109889280518,1070,0.7674825174825175,5.587357065374384,-1,-48.807461819494975,-1.5578949893760667e-49
53,7.280109889280518,1071,0.7677322677322678,5.589175274637441,-1,-48.84969320013547,-1.4135357600123884e-49
53,7.280109889280518,1072,0.767982017982018,5.590993483900498,-1,-48.89195858089458,-1.282452885656856e-49
53,7.280109889280518,1073,0.7682317682317683,5.592811693163555,-1,-48.93425800889898,-1.1634346421450006e-49
53,7.280109889280518,1074,0.7684815184815185,5.594629902426612,-1,-48.976591531407145,-1.055379049296104e-49
53,7.280109889280518,1075,0.7687312687312687,5.596448111689669,-1,-49.01895919579589,-9.572840088343899e-50
53,7.280109889280518,1076,0.768981018981019,5.598266320952726,-1,-49.06136104957895,-8.682383215143291e-50
53,7.280109889280518,1077,0.7692307692307692,5.600084530215782,-1,-49.10379714038552,-7.874135058568446e-50
53,7.280109889280518,1078,0.7694805194805194,5.60190273947884,-1,-49.146267515987105,-7.140563473486214e-50
53,7.280109889280518,1079,0.7697302697302697,5.603720948741897,-1,-49.188772224263225,-6.474821136090246e-50
53,7.280109889280518,1080,0.76998001998002,5.605539158004954,-1,-49.231311313248234,-5.870683762321666e-50
53,7.280109889280518,1081,0.7702297702297702,5.607357367268011,-1,-49.27388483108354,-5.322493857616985e-50
53,7.280109889280518,1082,0.7704795204795205,5.609175576531069,-1,-49.31649282604904,-4.825109504149602e-50
53,7.280109889280518,1083,0.7707292707292708,5.610993785794126,-1,-49.359135346557615,-4.373857739663397e-50
53,7.280109889280518,1084,0.770979020979021,5.612811995057183,-1,-49.40181244114592,-3.964492118984544e-50
53,7.280109889280518,1085,0.7712287712287712,5.61463020432024,-1,-49.444524158488925,-3.593154085696746e-50
53,7.280109889280518,1086,0.7714785214785215,5.616448413583297,-1,-49.48727054738681,-3.2563378151043044e-50
53,7.280109889280518,1087,0.7717282717282717,5.618266622846354,-1,-49.530051656777744,-2.9508582185387034e-50
53,7.280109889280518,1088,0.7719780219780219,5.62008483210941,-1,-49.57286753572769,-2.6738218273889275e-50
53,7.280109889280518,1089,0.7722277722277722,5.621903041372468,-1,-49.61571823343966,-2.422600299410801e-50
53,7.280109889280518,1090,0.7724775224775224,5.6237212506355245,-1,-49.6586037992478,-2.1948063132505803e-50
53,7.280109889280518,1091,0.7727272727272727,5.625539459898582,-1,-49.70152428262163,-1.9882716374492357e-50
53,7.280109889280518,1092,0.772977022977023,5.627357669161639,-1,-49.744479733165726,-1.801027179414192e-50
53,7.280109889280518,1093,0.7732267732267732,5.629175878424697,-1,-49.78747020061802,-1.6312848369964067e-50
53,7.280109889280518,1094,0.7734765234765235,5.630994087687753,-1,-49.830495734855695,-1.4774209910596507e-50
53,7.280109889280518,1095,0.7737262737262738,5.632812296950811,-1,-49.873556385887106,-1.337961491916794e-50
53,7.280109889280518,1096,0.773976023976024,5.634630506213868,-1,-49.91665220386407,-1.2115680053929532e-50
53,7.280109889280518,1097,0.7742257742257742,5.6364487154769245,-1,-49.959783239067534,-1.0970255965102065e-50
53,7.280109889280518,1098,0.7744755244755245,5.638266924739981,-1,-50.002949541925894,-9.932314393282458e-51
53,7.280109889280518,1099,0.7747252747252747,5.640085134003039,-1,-50.04615116299511,-8.991845517920224e-51
53,7.280109889280518,1100,0.7749750249750249,5.641903343266096,-1,-50.08938815298176,-8.139764630691656e-51
53,7.280109889280518,1101,0.7752247752247752,5.643721552529152,-1,-50.13266056271943,-7.367827295330999e-51
53,7.280109889280518,1102,0.7754745254745254,5.64553976179221,-1,-50.175968443194684,-6.668552226404633e-51
53,7.280109889280518,1103,0.7757242757242757,5.647357971055267,-1,-50.21931184552118,-6.035151192104651e-51
53,7.280109889280518,1104,0.775974025974026,5.6491761803183245,-1,-50.26269082096715,-5.46146530466024e-51
53,7.280109889280518,1105,0.7762237762237763,5.650994389581381,-1,-50.30610542092906,-4.941907122465211e-51
53,7.280109889280518,1106,0.7764735264735265,5.652812598844439,-1,-50.34955569695851,-4.47140803650897e-51
53,7.280109889280518,1107,0.7767232767232768,5.654630808107496,-1,-50.39304170073731,-4.045370463891687e-51
53,7.280109889280518,1108,0.776973026973027,5.656449017370552,-1,-50.436563484102315,-3.659624411557603e-51
53,7.280109889280518,1109,0.7772227772227772,5.658267226633609,-1,-50.48012109902312,-3.310388014858657e-51
53,7.280109889280518,1110,0.7774725274725275,5.660085435896667,-1,-50.52371459762399,-2.994231689247624e-51
53,7.280109889280518,1111,0.7777222777222776,5.661903645159723,-1,-50.56734403216451,-2.708045567582153e-51
53,7.280109889280518,1112,0.7779720279720279,5.66372185442278,-1,-50.61100945505863,-2.4490099236805928e-51
53,7.280109889280518,1113,0.7782217782217782,5.665540063685837,-1,-50.65471091885805,-2.2145683109155743e-51
53,7.280109889280518,1114,0.7784715284715285,5.667358272948895,-1,-50.69844847626892,-2.0024031681544857e-51
53,7.280109889280518,1115,0.7787212787212787,5.6691764822119515,-1,-50.742222180137006,-1.810413668542337e-51
53,7.280109889280518,1116,0.778971028971029,5.670994691475009,-1,-50.78603208346322,-1.6366956062305225e-51
53,7.280109889280518,1117,0.7792207792207793,5.672812900738066,-1,-50.82987823938956,-1.479523135296022e-51
53,7.280109889280518,1118,0.7794705294705295,5.6746311100011235,-1,-50.87376070121405,-1.337332191388841e-51
53,7.280109889280518,1119,0.7797202797202798,5.67644931926418,-1,-50.91767952237726,-1.2087054424728626e-51
53,7.280109889280518,1120,0.77997002997003,5.678267528527237,-1,-50.96163475647664,-1.09235862854604e-51
53,7.280109889280518,1121,0.7802197802197802,5.680085737790295,-1,-51.00562645725431,-9.871281633105377e-52
53,7.280109889280518,1122,0.7804695304695305,5.6819039470533514,-1,-51.04965467860769,-8.919598819914265e-52
53,7.280109889280518,1123,0.7807192807192807,5.683722156316408,-1,-51.09371947458396,-8.058988302784105e-52
53,7.280109889280518,1124,0.7809690309690309,5.685540365579465,-1,-51.13782089938398,-7.280799987538495e-52
53,7.280109889280518,1125,0.7812187812187812,5.687358574842523,-1,-51.18195900736094,-6.57719915976808e-52
53,7.280109889280518,1126,0.7814685314685315,5.689176784105579,-1,-51.226133853021885,-5.9410902125772865e-52
53,7.280109889280518,1127,0.7817182817182817,5.690994993368637,-1,-51.27034549102842,-5.366047453842712e-52
53,7.280109889280518,1128,0.781968031968032,5.692813202631694,-1,-51.31459397619636,-4.84625234100858e-52
53,7.280109889280518,1129,0.7822177822177823,5.694631411894751,-1,-51.35887936349805,-4.3764365509690455e-52
53,7.280109889280518,1130,0.7824675324675325,5.696449621157808,-1,-51.403201708060564,-3.9518303468836464e-52
53,7.280109889280518,1131,0.7827172827172827,5.698267830420865,-1,-51.447561065169396,-3.56811575283805e-52
53,7.280109889280518,1132,0.782967032967033,5.700086039683922,-1,-51.4919574902655,-3.221384092274775e-52
53,7.280109889280518,1133,0.7832167832167832,5.701904248946979,-1,-51.536391038949944,-2.908097486579181e-52
53,7.280109889280518,1134,0.7834665334665334,5.703722458210036,-1,-51.58086176698003,-2.625053947486e-52
53,7.280109889280518,1135,0.7837162837162837,5.705540667473093,-1,-51.62536973027489,-2.3693557303422e-52
53,7.280109889280518,1136,0.7839660339660339,5.7073588767361505,-1,-51.66991498491085,-2.1383806461186493e-52
53,7.280109889280518,1137,0.7842157842157842,5.709177085999207,-1,-51.71449758712748,-1.929756057584011e-52
53,7.280109889280518,1138,0.7844655344655345,5.710995295262265,-1,-51.7591175933228,-1.7413353105721693e-52
53,7.280109889280518,1139,0.7847152847152847,5.712813504525322,-1,-51.80377506005938,-1.5711763739848573e-52
53,7.280109889280518,1140,0.784965034965035,5.714631713788379,-1,-51.8484700440595,-1.4175224832462333e-52
53,7.280109889280518,1141,0.7852147852147853,5.716449923051436,-1,-51.893202602211296,-1.2787846006747491e-52
53,7.280109889280518,1142,0.7854645354645355,5.718268132314494,-1,-51.937972791564,-1.1535255236304848e-52
53,7.280109889280518,1143,0.7857142857142857,5.72008634157755,-1,-51.982780669333806,-1.0404454867735053e-52
53,7.280109889280518,1144,0.785964035964036,5.721904550840607,-1,-52.0276262928997,-9.383691191129206e-53
53,7.280109889280518,1145,0.7862137862137862,5.723722760103664,-1,-52.07250971980853,-8.46233629305988e-53
53,7.280109889280518,1146,0.7864635364635364,5.725540969366721,-1,-52.11743100777166,-7.630781044845684e-53
53,7.280109889280518,1147,0.7867132867132867,5.7273591786297775,-1,-52.16239021466924,-6.880338184414092e-53
53,7.280109889280518,1148,0.7869630369630369,5.729177387892835,-1,-52.207387398547844,-6.203154547387352e-53
53,7.280109889280518,1149,0.7872127872127872,5.730995597155892,-1,-52.25242261762353,-5.592131590188658e-53
53,7.280109889280518,1150,0.7874625374625375,5.7328138064189496,-1,-52.29749593028084,-5.04085342801102e-53
53,7.280109889280518,1151,0.7877122877122877,5.734632015682006,-1,-52.34260739507442,-4.543521682510146e-53
53,7.280109889280518,1152,0.787962037962038,5.736450224945064,-1,-52.387757070729634,-4.0948964998714076e-53
53,7.280109889280518,1153,0.7882117882117883,5.738268434208121,-1,-52.43294501614239,-3.6902431594029395e-53
53,7.280109889280518,1154,0.7884615384615384,5.7400866434711775,-1,-52.47817129038168,-3.3252837468439197e-53
53,7.280109889280518,1155,0.7887112887112887,5.741904852734235,-1,-52.523435952687535,-2.9961534157364927e-53
53,7.280109889280518,1156,0.788961038961039,5.743723061997292,-1,-52.56873906247536,-2.699360804569558e-53
53,7.280109889280518,1157,0.7892107892107891,5.745541271260349,-1,-52.61408067933201,-2.431752218002794e-53
53,7.280109889280518,1158,0.7894605394605394,5.747359480523405,-1,-52.6594608630223,-2.1904792168845076e-53
53,7.280109889280518,1159,0.7897102897102897,5.749177689786463,-1,-52.70487967348274,-1.9729692953034505e-53
53,7.280109889280518,1160,0.7899600399600399,5.75099589904952,-1,-52.750337170830356,-1.7768993527675718e-53
53,7.280109889280518,1161,0.7902097902097902,5.7528141083125774,-1,-52.79583341535491,-1.6001716972846973e-53
53,7.280109889280518,1162,0.7904595404595405,5.754632317575634,-1,-52.84136846752791,-1.440892339608486e-53
53,7.280109889280518,1163,0.7907092907092907,5.756450526838692,-1,-52.886942387992406,-1.2973513617248124e-53
53,7.280109889280518,1164,0.790959040959041,5.758268736101749,-1,-52.9325552375815,-1.1680051627341314e-53
53,7.280109889280518,1165,0.7912087912087913,5.760086945364806,-1,-52.9782070772956,-1.0514604041905764e-53
53,7.280109889280518,1166,0.7914585414585414,5.761905154627862,-1,-53.023897968327894,-9.464594932300073e-54
53,7.280109889280518,1167,0.7917082917082917,5.76372336389092,-1,-53.069627972041495,-8.518674575774371e-54
53,7.280109889280518,1168,0.791958041958042,5.7655415731539765,-1,-53.11539714999227,-7.666600797915126e-54
53,7.280109889280518,1169,0.7922077922077921,5.767359782417033,-1,-53.16120556390912,-6.899131710516176e-54
53,7.280109889280518,1170,0.7924575424575424,5.769177991680091,-1,-53.20705327571348,-6.207928757398743e-54
53,7.280109889280518,1171,0.7927072927072927,5.770996200943148,-1,-53.252940347503376,-5.585469086506114e-54
53,7.280109889280518,1172,0.792957042957043,5.772814410206205,-1,-53.298866841568554,-5.0249663570488755e-54
53,7.280109889280518,1173,0.7932067932067932,5.774632619469262,-1,-53.34483282037944,-4.5202991768090973e-54
53,7.280109889280518,1174,0.7934565434565435,5.77645082873232,-1,-53.390838346597086,-4.0659464395161917e-54
53,7.280109889280518,1175,0.7937062937062938,5.7782690379953765,-1,-53.43688348306749,-3.656928902541509e-54
53,7.280109889280518,1176,0.793956043956044,5.780087247258434,-1,-53.482968292826115,-3.2887564070551567e-54
53,7.280109889280518,1177,0.7942057942057942,5.78190545652149,-1,-53.529092839097636,-2.957380200038682e-54
53,7.280109889280518,1178,0.7944555444555444,5.783723665784548,-1,-53.57525718529519,-2.659149868746471e-54
53,7.280109889280518,1179,0.7947052947052947,5.785541875047604,-1,-53.62146139502521,-2.39077444480305e-54
53,7.280109889280518,1180,0.7949550449550449,5.787360084310661,-1,-53.6677055320818,-2.1492872774319946e-54
53,7.280109889280518,1181,0.7952047952047951,5.789178293573718,-1,-53.71398966045613,-1.9320143132470785e-54
53,7.280109889280518,1182,0.7954545454545454,5.790996502836776,-1,-53.76031384432686,-1.7365454549550086e-54
53,7.280109889280518,1183,0.7957042957042957,5.792814712099832,-1,-53.80667814807281,-1.5607087022239476e-54
53,7.280109889280518,1184,0.795954045954046,5.79463292136289,-1,-53.85308263626074,-1.4025468067407166e-54
53,7.280109889280518,1185,0.7962037962037962,5.796451130625947,-1,-53.89952737366027,-1.2602961986920285e-54
53,7.280109889280518,1186,0.7964535464535465,5.798269339889004,-1,-53.94601242522943,-1.1323679655569259e-54
53,7.280109889280518,1187,0.7967032967032968,5.800087549152061,-1,-53.992537856132316,-1.0173306846864532e-54
53,7.280109889280518,1188,0.796953046953047,5.801905758415119,-1,-54.039103731721006,-9.138949305767088e-55
53,7.280109889280518,1189,0.7972027972027972,5.8037239676781756,-1,-54.085710117557795,-8.208992945357212e-55
53,7.280109889280518,1190,0.7974525474525475,5.805542176941232,-1,-54.132357079392385,-7.372977704268836e-55
53,7.280109889280518,1191,0.7977022977022977,5.80736038620429,-1,-54.17904468318813,-6.621483738412683e-55
53,7.280109889280518,1192,0.7979520479520479,5.809178595467346,-1,-54.22577299509653,-5.946028752001535e-55
53,7.280109889280518,1193,0.7982017982017982,5.8109968047304035,-1,-54.272542081484424,-5.338975384257567e-55
53,7.280109889280518,1194,0.7984515484515484,5.81281501399346,-1,-54.31935200890973,-4.793447676001602e-55
53,7.280109889280518,1195,0.7987012987012987,5.814633223256518,-1,-54.36620284414513,-4.303255731433455e-55
53,7.280109889280518,1196,0.798951048951049,5.816451432519575,-1,-54.413094654159345,-3.8628277783467034e-55
53,7.280109889280518,1197,0.7992007992007992,5.818269641782632,-1,-54.46002750613372,-3.4671489049551065e-55
53,7.280109889280518,1198,0.7994505494505495,5.820087851045689,-1,-54.507001467451786,-3.111705822843953e-55
53,7.280109889280518,1199,0.7997002997002998,5.821906060308747,-1,-54.554016605706884,-2.7924370674239164e-55
53,7.280109889280518,1200,0.7999500499500499,5.823724269571803,-1,-54.601072988700786,-2.5056881049492186e-55
53,7.280109889280518,1201,0.8001998001998002,5.82554247883486,-1,-54.648170684443514,-2.248170866289002e-55
53,7.280109889280518,1202,0.8004495504495505,5.827360688097917,-1,-54.69530976115541,-2.016927274286225e-55
53,7.280109889280518,1203,0.8006993006993006,5.829178897360974,-1,-54.74249028727096,-1.809296373602171e-55
53,7.280109889280518,1204,0.8009490509490509,5.8309971066240305,-1,-54.78971233143139,-1.622884709995705e-55
53,7.280109889280518,1205,0.8011988011988012,5.832815315887088,-1,-54.83697596249765,-1.4555396401348414e-55
53,7.280109889280518,1206,0.8014485514485514,5.834633525150145,-1,-54.88428124953717,-1.3053252844058132e-55
53,7.280109889280518,1207,0.8016983016983017,5.8364517344132025,-1,-54.931628261840764,-1.1705008627977704e-55
53,7.280109889280518,1208,0.801948051948052,5.83826994367626,-1,-54.979017068905016,-1.0495011797100993e-55
53,7.280109889280518,1209,0.8021978021978022,5.840088152939317,-1,-55.026447740455055,-9.409190459415744e-56
53,7.280109889280518,1210,0.8024475524475525,5.841906362202375,-1,-55.073920346420906,-8.434894472554445e-56
53,7.280109889280518,1211,0.8026973026973028,5.843724571465431,-1,-55.121434956964386,-7.560752870813161e-56
53,7.280109889280518,1212,0.8029470529470529,5.845542780728488,-1,-55.16899164245467,-6.7765454824172395e-56
53,7.280109889280518,1213,0.8031968031968032,5.847360989991545,-1,-55.216590473492225,-6.07308733359193e-56
53,7.280109889280518,1214,0.8034465534465535,5.8491791992546025,-1,-55.26423152089084,-5.442124577135326e-56
53,7.280109889280518,1215,0.8036963036963036,5.850997408517658,-1,-55.31191485569231,-4.87624080415603e-56
53,7.280109889280518,1216,0.8039460539460539,5.852815617780716,-1,-55.359640549159515,-4.3687727117186965e-56
53,7.280109889280518,1217,0.8041958041958042,5.854633827043773,-1,-55.40740867277951,-3.9137341988023363e-56
53,7.280109889280518,1218,0.8044455544455544,5.85645203630683,-1,-55.4552192982677,-3.5057480547825424e-56
53,7.280109889280518,1219,0.8046953046953047,5.858270245569887,-1,-55.50307249756115,-3.1399844868503813e-56
53,7.280109889280518,1220,0.804945054945055,5.860088454832945,-1,-55.550968342830835,-2.812105806672901e-56
53,7.280109889280518,1221,0.8051948051948052,5.861906664096002,-1,-55.598906906468756,-2.5182166641994176e-56
53,7.280109889280518,1222,0.8054445554445555,5.863724873359059,-1,-55.646888261105204,-2.254819276176076e-56
53,7.280109889280518,1223,0.8056943056943057,5.865543082622115,-1,-55.69491247959034,-2.0187731522982414e-56
53,7.280109889280518,1224,0.8059440559440559,5.867361291885173,-1,-55.742979635018344,-1.8072588701933949e-56
53,7.280109889280518,1225,0.8061938061938062,5.8691795011482295,-1,-55.79108980070316,-1.617745495737397e-56
53,7.280109889280518,1226,0.8064435564435564,5.870997710411286,-1,-55.8392430502044,-1.4479612842280776e-56
53,7.280109889280518,1227,0.8066933066933066,5.872815919674344,-1,-55.88743945730666,-1.295867334927021e-56
53,7.280109889280518,1228,0.8069430569430569,5.874634128937401,-1,-55.93567909603708,-1.1596339032193378e-56
53,7.280109889280518,1229,0.8071928071928072,5.876452338200458,-1,-55.98396204065621,-1.037619104557297e-56
53,7.280109889280518,1230,0.8074425574425574,5.878270547463515,-1,-56.03228836566259,-9.283497703975683e-57
53,7.280109889280518,1231,0.8076923076923077,5.880088756726573,-1,-56.08065814579647,-8.305042403688258e-57
53,7.280109889280518,1232,0.807942057942058,5.8819069659896295,-1,-56.12907145603315,-7.428968963421848e-57
53,7.280109889280518,1233,0.8081918081918082,5.883725175252687,-1,-56.17752837159579,-6.644642633594687e-57
53,7.280109889280518,1234,0.8084415584415585,5.885543384515744,-1,-56.22602896794129,-5.942525199672591e-57
53,7.280109889280518,1235,0.8086913086913087,5.887361593778801,-1,-56.27457332077991,-5.314062760276763e-57
53,7.280109889280518,1236,0.8089410589410589,5.889179803041857,-1,-56.32316150605454,-4.7515849046188566e-57
53,7.280109889280518,1237,0.8091908091908092,5.890998012304915,-1,-56.37179359996618,-4.248214139013017e-57
53,7.280109889280518,1238,0.8094405594405594,5.892816221567971,-1,-56.42046967895095,-3.797784529603586e-57
53,7.280109889280518,1239,0.8096903096903096,5.894634430831029,-1,-56.469189819701796,-3.3947686296493403e-57
53,7.280109889280518,1240,0.8099400599400599,5.896452640094085,-1,-56.517954099154906,-3.0342118549245154e-57
53,7.280109889280518,1241,0.8101898101898102,5.898270849357143,-1,-56.56676259450007,-2.711673553301793e-57
53,7.280109889280518,1242,0.8104395604395604,5.9000890586202,-1,-56.61561538317272,-2.4231740911673602e-57
53,7.280109889280518,1243,0.8106893106893107,5.901907267883257,-1,-56.66451254286978,-2.1651473467303052e-57
53,7.280109889280518,1244,0.810939060939061,5.903725477146314,-1,-56.71345415153006,-1.9343980622502287e-57
53,7.280109889280518,1245,0.8111888111888113,5.905543686409372,-1,-56.762440287357954,-1.7280635615771878e-57
53,7.280109889280518,1246,0.8114385614385614,5.9073618956724285,-1,-56.81147102880585,-1.5435793899715952e-57
53,7.280109889280518,1247,0.8116883116883117,5.909180104935485,-1,-56.860546454586995,-1.3786484770655388e-57
53,7.280109889280518,1248,0.811938061938062,5.910998314198543,-1,-56.909666643672765,-1.2312134646450888e-57
53,7.280109889280518,1249,0.8121878121878121,5.912816523461599,-1,-56.958831675290405,-1.0994318768344864e-57
53,7.280109889280518,1250,0.8124375624375624,5.9146347327246565,-1,-57.00804162893373,-9.816538429033768e-58
53,7.280109889280518,1251,0.8126873126873126,5.916452941987713,-1,-57.05729658435009,-8.764021123516181e-58
53,7.280109889280518,1252,0.8129370629370629,5.918271151250771,-1,-57.106596621559575,-7.823541280552025e-58
53,7.280109889280518,1253,0.8131868131868132,5.920089360513828,-1,-57.155941820834805,-6.983259472860773e-58
53,7.280109889280518,1254,0.8134365634365635,5.921907569776885,-1,-57.20533226272596,-6.232578214095991e-58
53,7.280109889280518,1255,0.8136863136863137,5.923725779039942,-1,-57.25476802803972,-5.562012646036287e-58
53,7.280109889280518,1256,0.813936063936064,5.925543988303,-1,-57.30424919785721,-4.9630745887297375e-58
53,7.280109889280518,1257,0.8141858141858143,5.927362197566056,-1,-57.35377585352635,-4.428168584061829e-58
53,7.280109889280518,1258,0.8144355644355644,5.929180406829113,-1,-57.4033480766636,-3.9504987010756884e-58
53,7.280109889280518,1259,0.8146853146853147,5.93099861609217,-1,-57.45296594916199,-3.5239849974681526e-58
53,7.280109889280518,1260,0.814935064935065,5.932816825355228,-1,-57.50262955318,-3.1431886445233995e-58
53,7.280109889280518,1261,0.8151848151848151,5.934635034618284,-1,-57.55233897115941,-2.803244823422017e-58
53,7.280109889280518,1262,0.8154345654345654,5.936453243881341,-1,-57.602094285806196,-2.4998025929083924e-58
53,7.280109889280518,1263,0.8156843156843157,5.938271453144399,-1,-57.65189558011509,-2.228971008986662e-58
53,7.280109889280518,1264,0.8159340659340659,5.9400896624074555,-1,-57.70174293734907,-1.9872708520635675e-58
53,7.280109889280518,1265,0.8161838161838162,5.941907871670513,-1,-57.75163644105646,-1.7715913818945844e-58
53,7.280109889280518,1266,0.8164335664335665,5.94372608093357,-1,-57.80157617506481,-1.5791516009361109e-58
53,7.280109889280518,1267,0.8166833166833167,5.945544290196628,-1,-57.851562223480855,-1.4074655594853313e-58
53,7.280109889280518,1268,0.816933066933067,5.947362499459684,-1,-57.901594670700625,-1.2543112840689684e-58
53,7.280109889280518,1269,0.8171828171828172,5.949180708722741,-1,-57.95167360139585,-1.1177029536541863e-58
53,7.280109889280518,1270,0.8174325674325674,5.950998917985798,-1,-58.001799100535024,-9.9586598658415e-59
53,7.280109889280518,1271,0.8176823176823177,5.9528171272488555,-1,-58.05197125336239,-8.872147362389218e-59
53,7.280109889280518,1272,0.8179320679320679,5.954635336511911,-1,-58.10219014542157,-7.903325241005643e-59
53,7.280109889280518,1273,0.8181818181818181,5.956453545774969,-1,-58.15245586253957,-7.039537673044012e-59
53,7.280109889280518,1274,0.8184315684315684,5.958271755038026,-1,-58.20276849083688,-6.269479824879765e-59
53,7.280109889280518,1275,0.8186813186813187,5.960089964301083,-1,-58.25312811672906,-5.583054705113874e-59
53,7.280109889280518,1276,0.8189310689310689,5.96190817356414,-1,-58.30353482692047,-4.971245067442056e-59
53,7.280109889280518,1277,0.8191808191808192,5.963726382827198,-1,-58.353988708418804,-4.425998797331281e-59
53,7.280109889280518,1278,0.8194305694305695,5.965544592090255,-1,-58.404489848518246,-3.940126374448162e-59
53,7.280109889280518,1279,0.8196803196803197,5.967362801353312,-1,-58.45503833482348,-3.507209147340702e-59
53,7.280109889280518,1280,0.81993006993007,5.969181010616369,-1,-58.50563425522934,-3.121517289649794e-59
53,7.280109889280518,1281,0.8201798201798202,5.970999219879426,-1,-58.55627769793959,-2.77793642292263e-59
53,7.280109889280518,1282,0.8204295704295704,5.972817429142483,-1,-58.60696875145336,-2.471901997991993e-59
53,7.280109889280518,1283,0.8206793206793207,5.97463563840554,-1,-58.657707504580834,-2.199340620303308e-59
53,7.280109889280518,1284,0.8209290709290709,5.976453847668597,-1,-58.70849404643512,-1.9566175902188755e-59
53,7.280109889280518,1285,0.8211788211788211,5.978272056931654,-1,-58.759328466434816,-1.7404900047302797e-59
53,7.280109889280518,1286,0.8214285714285714,5.980090266194711,-1,-58.810210854312786,-1.5480648354737772e-59
53,7.280109889280518,1287,0.8216783216783217,5.981908475457768,-1,-58.861141300102894,-1.3767614590892114e-59
53,7.280109889280518,1288,0.8219280719280719,5.983726684720826,-1,-58.9121198941618,-1.2242781704065503e-59
53,7.280109889280518,1289,0.8221778221778222,5.9855448939838825,-1,-58.96314672714865,-1.088562258541284e-59
53,7.280109889280518,1290,0.8224275724275725,5.98736310324694,-1,-59.01422189004599,-9.677832694074181e-60
53,7.280109889280518,1291,0.8226773226773227,5.989181312509997,-1,-59.065345474149176,-8.603091180964317e-60
53,7.280109889280518,1292,0.8229270729270729,5.990999521773054,-1,-59.11651757106969,-7.646847495220249e-60
53,7.280109889280518,1293,0.8231768231768232,5.99281773103611,-1,-59.16773827274425,-6.79613077559115e-60
53,7.280109889280518,1294,0.8234265734265734,5.994635940299168,-1,-59.21900767142078,-6.039379612621291e-60
53,7.280109889280518,1295,0.8236763236763236,5.996454149562224,-1,-59.270325859681186,-5.366290019949786e-60
53,7.280109889280518,1296,0.8239260739260739,5.9982723588252815,-1,-59.32169293042117,-4.7676796827959233e-60
53,7.280109889280518,1297,0.8241758241758241,6.000090568088339,-1,-59.3731089768697,-4.235366752851493e-60
53,7.280109889280518,1298,0.8244255744255744,6.001908777351396,-1,-59.424574092580926,-3.7620616433838104e-60
53,7.280109889280518,1299,0.8246753246753247,6.003726986614454,-1,-59.476088371435,-3.3412704401894803e-60
53,7.280109889280518,1300,0.8249250749250749,6.00554519587751,-1,-59.52765190764917,-2.967208690816708e-60
53,7.280109889280518,1301,0.8251748251748252,6.007363405140568,-1,-59.57926479576254,-2.6347244655575626e-60
53,7.280109889280518,1302,0.8254245754245755,6.009181614403625,-1,-59.630927130659785,-2.3392297000705446e-60
53,7.280109889280518,1303,0.8256743256743257,6.010999823666682,-1,-59.68263900755232,-2.0766389354118315e-60
53,7.280109889280518,1304,0.8259240759240759,6.012818032929738,-1,-59.73440052199313,-1.843314663962579e-60
53,7.280109889280518,1305,0.8261738261738262,6.014636242192796,-1,-59.78621176987514,-1.636018574533714e-60
53,7.280109889280518,1306,0.8264235764235764,6.016454451455853,-1,-59.83807284742607,-1.4518680645914104e-60
53,7.280109889280518,1307,0.8266733266733266,6.018272660718909,-1,-59.88998385122396,-1.2882974547661487e-60
53,7.280109889280518,1308,0.8269230769230769,6.020090869981966,-1,-59.94194487818067,-1.1430234011762557e-60
53,7.280109889280518,1309,0.8271728271728271,6.021909079245024,-1,-59.993956025563776,-1.0140140544114582e-60
53,7.280109889280518,1310,0.8274225774225774,6.023727288508081,-1,-60.04601739098336,-8.994615625730218e-61
53,7.280109889280518,1311,0.8276723276723277,6.025545497771138,-1,-60.09812907239795,-7.977575583428371e-61
53,7.280109889280518,1312,0.827922077922078,6.027363707034195,-1,-60.15029116812225,-7.074713087242494e-61
53,7.280109889280518,1313,0.8281718281718282,6.029181916297253,-1,-60.20250377681371,-6.273302404236812e-61
53,7.280109889280518,1314,0.8284215784215785,6.031000125560309,-1,-60.25476699749569,-5.562025844236878e-61
53,7.280109889280518,1315,0.8286713286713286,6.032818334823366,-1,-60.307080929539104,-4.9308191098421224e-61
53,7.280109889280518,1316,0.8289210789210789,6.034636544086424,-1,-60.35944567267753,-4.3707335059128925e-61
53,7.280109889280518,1317,0.8291708291708292,6.036454753349481,-1,-60.41186132700555,-3.8738131849822545e-61
53,7.280109889280518,1318,0.8294205794205793,6.038272962612537,-1,-60.46432799297295,-3.43298579990247e-61
53,7.280109889280518,1319,0.8296703296703296,6.040091171875594,-1,-60.516845771401904,-3.0419651101328673e-61
53,7.280109889280518,1320,0.8299200799200799,6.041909381138652,-1,-60.56941476346988,-2.695164245140828e-61
53,7.280109889280518,1321,0.8301698301698301,6.0437275904017085,-1,-60.62203507073165,-2.387618466952836e-61
53,7.280109889280518,1322,0.8304195804195804,6.045545799664766,-1,-60.67470679510415,-2.1149163998206006e-61
53,7.280109889280518,1323,0.8306693306693307,6.047364008927823,-1,-60.727430038878104,-1.8731388053351056e-61
53,7.280109889280518,1324,0.830919080919081,6.0491822181908805,-1,-60.78020490471978,-1.6588040815078578e-61
53,7.280109889280518,1325,0.8311688311688312,6.051000427453937,-1,-60.83303149566202,-1.4688197528549202e-61
53,7.280109889280518,1326,0.8314185814185815,6.052818636716995,-1,-60.8859099151245,-1.3004392977001299e-61
53,7.280109889280518,1327,0.8316683316683317,6.054636845980051,-1,-60.93884026689683,-1.1512237300957362e-61
53,7.280109889280518,1328,0.8319180819180819,6.0564550552431085,-1,-60.991822655155154,-1.0190074164102981e-61
53,7.280109889280518,1329,0.8321678321678322,6.058273264506165,-1,-61.04485718445838,-9.01867663462901e-62
53,7.280109889280518,1330,0.8324175824175823,6.060091473769222,-1,-61.09794395974376,-7.980976651182678e-62
53,7.280109889280518,1331,0.8326673326673326,6.061909683032279,-1,-61.1510830863436,-7.061824391920477e-62
53,7.280109889280518,1332,0.8329170829170829,6.063727892295336,-1,-61.204274669969706,-6.247774267012615e-62
53,7.280109889280518,1333,0.8331668331668332,6.065546101558393,-1,-61.257518816732066,-5.5268946097932416e-62
53,7.280109889280518,1334,0.8334165834165834,6.067364310821451,-1,-61.310815633131924,-4.888598462769962e-62
53,7.280109889280518,1335,0.8336663336663337,6.069182520084508,-1,-61.36416522606029,-4.3234931371515895e-62
53,7.280109889280518,1336,0.833916083916084,6.071000729347565,-1,-61.417567702812256,-3.823246478546208e-62
53,7.280109889280518,1337,0.8341658341658342,6.072818938610623,-1,-61.471023171072815,-3.380467997899048e-62
53,7.280109889280518,1338,0.8344155844155844,6.074637147873679,-1,-61.524531738935934,-2.988603227070374e-62
53,7.280109889280518,1339,0.8346653346653347,6.076455357136736,-1,-61.57809351489673,-2.641839839248486e-62
53,7.280109889280518,1340,0.8349150849150849,6.078273566399793,-1,-61.63170860785087,-2.3350242335023443e-62
53,7.280109889280518,1341,0.8351648351648351,6.08009177566285,-1,-61.68537712710822,-2.063587425795484e-62
53,7.280109889280518,1342,0.8354145854145854,6.081909984925907,-1,-61.73909918237942,-1.8234792161143394e-62
53,7.280109889280518,1343,0.8356643356643356,6.083728194188964,-1,-61.79287488379449,-1.6111097140675666e-62
53,7.280109889280518,1344,0.8359140859140859,6.085546403452021,-1,-61.84670434189567,-1.4232974068597473e-62
53,7.280109889280518,1345,0.8361638361638362,6.087364612715079,-1,-61.90058766763586,-1.2572230429524113e-62
53,7.280109889280518,1346,0.8364135864135864,6.089182821978135,-1,-61.9545249723935,-1.110388684970386e-62
53,7.280109889280518,1347,0.8366633366633367,6.091001031241193,-1,-62.00851636795915,-9.805813568686064e-63
53,7.280109889280518,1348,0.836913086913087,6.09281924050425,-1,-62.06256196655276,-8.658407735612472e-63
53,7.280109889280518,1349,0.8371628371628372,6.0946374497673075,-1,-62.116661880818754,-7.644306980964449e-63
53,7.280109889280518,1350,0.8374125874125874,6.096455659030363,-1,-62.170816223821575,-6.748135215735522e-63
53,7.280109889280518,1351,0.8376623376623377,6.098273868293421,-1,-62.225025109064,-5.956277058671053e-63
53,7.280109889280518,1352,0.8379120879120879,6.100092077556478,-1,-62.27928865047283,-5.256677692357986e-63
53,7.280109889280518,1353,0.8381618381618381,6.1019102868195345,-1,-62.333606962413455,-4.6386653019720596e-63
53,7.280109889280518,1354,0.8384115884115884,6.103728496082592,-1,-62.38798015968928,-4.0927935682258094e-63
53,7.280109889280518,1355,0.8386613386613386,6.105546705345649,-1,-62.442408357533076,-3.610701966235163e-63
53,7.280109889280518,1356,0.8389110889110889,6.107364914608707,-1,-62.49689167162915,-3.1849918720296614e-63
53,7.280109889280518,1357,0.8391608391608392,6.109183123871763,-1,-62.551430218099,-2.809116701909817e-63
53,7.280109889280518,1358,0.8394105894105894,6.111001333134821,-1,-62.60602411351106,-2.477284506528559e-63
53,7.280109889280518,1359,0.8396603396603397,6.112819542397878,-1,-62.66067347488581,-2.1843716184707375e-63
53,7.280109889280518,1360,0.83991008991009,6.114637751660935,-1,-62.71537841968402,-1.9258461083558267e-63
53,7.280109889280518,1361,0.8401598401598401,6.116455960923991,-1,-62.770139065831614,-1.6976999433703986e-63
53,7.280109889280518,1362,0.8404095904095904,6.118274170187049,-1,-62.824955531701555,-1.4963888665608438e-63
53,7.280109889280518,1363,0.8406593406593407,6.120092379450106,-1,-62.879827936128194,-1.3187791244185684e-63
53,7.280109889280518,1364,0.8409090909090908,6.121910588713162,-1,-62.93475639840892,-1.1621002686661009e-63
53,7.280109889280518,1365,0.8411588411588411,6.123728797976219,-1,-62.98974103829421,-1.0239033447741635e-63
53,7.280109889280518,1366,0.8414085914085914,6.125547007239277,-1,-63.044781976010924,-9.020238568822708e-64
53,7.280109889280518,1367,0.8416583416583416,6.127365216502334,-1,-63.09987933224922,-7.945489677119486e-64
53,7.280109889280518,1368,0.8419080919080919,6.129183425765391,-1,-63.15503322816838,-6.997884526599841e-64
53,7.280109889280518,1369,0.8421578421578422,6.131001635028448,-1,-63.210243785405495,-6.162489816205358e-64
53,7.280109889280518,1370,0.8424075924075924,6.132819844291506,-1,-63.26551112606534,-5.4261135014692334e-64
53,7.280109889280518,1371,0.8426573426573427,6.134638053554562,-1,-63.32083537273905,-4.777103241697357e-64
53,7.280109889280518,1372,0.842907092907093,6.13645626281762,-1,-63.37621664849809,-4.2051680057264134e-64
53,7.280109889280518,1373,0.8431568431568431,6.138274472080677,-1,-63.43165507688954,-3.701220194691468e-64
53,7.280109889280518,1374,0.8434065934065934,6.1400926813437335,-1,-63.48715078195643,-3.257235939523938e-64
53,7.280109889280518,1375,0.8436563436563437,6.141910890606791,-1,-63.54270388822539,-2.866131496960514e-64
53,7.280109889280518,1376,0.8439060939060938,6.143729099869847,-1,-63.59831452071558,-2.5216539022750947e-64
53,7.280109889280518,1377,0.8441558441558441,6.145547309132905,-1,-63.65398280494437,-2.218284246764404e-64
53,7.280109889280518,1378,0.8444055944055944,6.1473655183959615,-1,-63.70970886691719,-1.9511521332516743e-64
53,7.280109889280518,1379,0.8446553446553446,6.149183727659019,-1,-63.76549283314895,-1.715960027147701e-64
53,7.280109889280518,1380,0.8449050949050949,6.151001936922076,-1,-63.821334830655786,-1.5089163671749879e-64
53,7.280109889280518,1381,0.8451548451548452,6.1528201461851335,-1,-63.87723498695203,-1.326676428789819e-64
53,7.280109889280518,1382,0.8454045954045954,6.15463835544819,-1,-63.93319343006939,-1.166290048379425e-64
53,7.280109889280518,1383,0.8456543456543457,6.156456564711248,-1,-63.989210288545834,-1.025155418347399e-64
53,7.280109889280518,1384,0.8459040959040959,6.158274773974304,-1,-64.04528569143424,-9.009782531420162e-65
53,7.280109889280518,1385,0.8461538461538461,6.160092983237361,-1,-64.10141976830798,-7.917357066049274e-65
53,7.280109889280518,1386,0.8464035964035964,6.161911192500418,-1,-64.1576126492519,-6.956444919064943e-65
53,7.280109889280518,1387,0.8466533466533466,6.163729401763475,-1,-64.21386446488245,-6.111327181442646e-65
53,7.280109889280518,1388,0.8469030969030968,6.165547611026533,-1,-64.27017534634128,-5.368150136173997e-65
53,7.280109889280518,1389,0.8471528471528471,6.167365820289589,-1,-64.3265454252899,-4.7147055501396494e-65
53,7.280109889280518,1390,0.8474025974025974,6.169184029552647,-1,-64.38297483393193,-4.140236655594302e-65
53,7.280109889280518,1391,0.8476523476523476,6.171002238815704,-1,-64.43946370500191,-3.6352668404554037e-65
53,7.280109889280518,1392,0.8479020979020979,6.172820448078761,-1,-64.49601217177027,-3.191448408601007e-65
53,7.280109889280518,1393,0.8481518481518482,6.174638657341818,-1,-64.55262036805259,-2.8014290764654603e-65
53,7.280109889280518,1394,0.8484015984015985,6.176456866604876,-1,-64.60928842820304,-2.4587341415040577e-65
53,7.280109889280518,1395,0.8486513486513487,6.178275075867933,-1,-64.6660164871276,-2.157662496225713e-65
53,7.280109889280518,1396,0.8489010989010989,6.180093285130989,-1,-64.72280468028387,-1.8931948731760925e-65
53,7.280109889280518,1397,0.8491508491508492,6.181911494394046,-1,-64.77965314367368,-1.660912892856457e-65
53,7.280109889280518,1398,0.8494005994005994,6.183729703657104,-1,-64.83656201386567,-1.4569276519680447e-65
53,7.280109889280518,1399,0.8496503496503496,6.18554791292016,-1,-64.89353142798686,-1.2778167362276348e-65
53,7.280109889280518,1400,0.8499000999000998,6.187366122183217,-1,-64.9505615237188,-1.1205686711024882e-65
53,7.280109889280518,1401,0.8501498501498501,6.189184331446274,-1,-65.00765243932115,-9.825339386246161e-66
53,7.280109889280518,1402,0.8503996003996004,6.191002540709332,-1,-65.06480431361226,-8.613817900903797e-66
53,7.280109889280518,1403,0.8506493506493507,6.192820749972388,-1,-65.12201728599166,-7.550621737302907e-66
53,7.280109889280518,1404,0.8508991008991009,6.194638959235446,-1,-65.17929149643462,-6.617721761990438e-66
53,7.280109889280518,1405,0.8511488511488512,6.196457168498503,-1,-65.23662708548707,-5.799264466285653e-66
53,7.280109889280518,1406,0.8513986013986015,6.1982753777615605,-1,-65.29402419428811,-5.081311340878e-66
53,7.280109889280518,1407,0.8516483516483516,6.200093587024617,-1,-65.35148296456036,-4.4516092425945346e-66
53,7.280109889280518,1408,0.8518981018981019,6.201911796287674,-1,-65.40900353861193,-3.899388094596981e-66
53,7.280109889280518,1409,0.8521478521478522,6.203730005550732,-1,-65.46658605934974,-3.4151826906999083e-66
53,7.280109889280518,1410,0.8523976023976023,6.2055482148137875,-1,-65.52423067027428,-2.99067575334365e-66
53,7.280109889280518,1411,0.8526473526473526,6.207366424076845,-1,-65.58193751548683,-2.6185597287779146e-66
53,7.280109889280518,1412,0.8528971028971029,6.209184633339902,-1,-65.63970673969463,-2.2924150991484032e-66
53,7.280109889280518,1413,0.8531468531468531,6.2110028426029595,-1,-65.69753848820713,-2.0066032521982093e-66
53,7.280109889280518,1414,0.8533966033966034,6.212821051866016,-1,-65.75543290694971,-1.7561721798183802e-66
53,7.280109889280518,1415,0.8536463536463537,6.214639261129074,-1,-65.8133901424629,-1.5367734807446155e-66
53,7.280109889280518,1416,0.8538961038961039,6.216457470392131,-1,-65.87141034189753,-1.344589322314463e-66
53,7.280109889280518,1417,0.8541458541458542,6.218275679655188,-1,-65.92949365303514,-1.1762681750440739e-66
53,7.280109889280518,1418,0.8543956043956045,6.220093888918245,-1,-65.98764022428212,-1.0288682742764449e-66
53,7.280109889280518,1419,0.8546453546453546,6.221912098181302,-1,-66.04585020466479,-8.998078866044818e-67
53,7.280109889280518,1420,0.8548951048951049,6.223730307444359,-1,-66.10412374385326,-7.868215680917935e-67
53,7.280109889280518,1421,0.8551448551448552,6.225548516707416,-1,-66.16246099215306,-6.879216978951733e-67
53,7.280109889280518,1422,0.8553946053946053,6.227366725970473,-1,-66.22086210050091,-6.013646556822848e-67
53,7.280109889280518,1423,0.8556443556443556,6.22918493523353,-1,-66.27932722048888,-5.2562108636312774e-67
53,7.280109889280518,1424,0.8558941058941059,6.231003144496587,-1,-66.33785650435557,-4.593497619485524e-67
53,7.280109889280518,1425,0.8561438561438561,6.232821353759644,-1,-66.39645010498373,-4.013746085475822e-67
53,7.280109889280518,1426,0.8563936063936064,6.234639563022702,-1,-66.45510817592154,-3.5066451806000796e-67
53,7.280109889280518,1427,0.8566433566433567,6.236457772285759,-1,-66.51383087137586,-3.063156095661728e-67
53,7.280109889280518,1428,0.8568931068931069,6.238275981548816,-1,-66.57261834621107,-2.6753564532810422e-67
53,7.280109889280518,1429,0.8571428571428572,6.240094190811873,-1,-66.63147075596717,-2.3363034162912173e-67
53,7.280109889280518,1430,0.8573926073926075,6.241912400074931,-1,-66.6903882568551,-2.0399134579471284e-67
53,7.280109889280518,1431,0.8576423576423576,6.2437306093379865,-1,-66.74937100575715,-1.7808567807809926e-67
53,7.280109889280518,1432,0.8578921078921079,6.245548818601044,-1,-66.80841916024178,-1.554464612542734e-67
53,7.280109889280518,1433,0.8581418581418581,6.2473670278641,-1,-66.86753287856088,-1.3566478204606374e-67
53,7.280109889280518,1434,0.8583916083916083,6.249185237127158,-1,-66.92671231965154,-1.1838254720938866e-67
53,7.280109889280518,1435,0.8586413586413586,6.251003446390214,-1,-66.98595764314817,-1.0328621361573309e-67
53,7.280109889280518,1436,0.8588911088911089,6.252821655653272,-1,-67.04526900938153,-9.010128620445587e-68
53,7.280109889280518,1437,0.8591408591408591,6.254639864916329,-1,-67.10464657938111,-7.858749045658173e-68
53,7.280109889280518,1438,0.8593906093906094,6.2564580741793865,-1,-67.16409051488576,-6.85345373099244e-68
53,7.280109889280518,1439,0.8596403596403597,6.258276283442443,-1,-67.22360097834397,-5.975840835242945e-68
53,7.280109889280518,1440,0.8598901098901099,6.260094492705501,-1,-67.28317813291602,-5.209809784884652e-68
53,7.280109889280518,1441,0.8601398601398602,6.261912701968558,-1,-67.34282214248519,-4.5412755836856545e-68
53,7.280109889280518,1442,0.8603896103896104,6.263730911231614,-1,-67.40253317165535,-3.957918328796724e-68
53,7.280109889280518,1443,0.8606393606393606,6.265549120494672,-1,-67.46231138576083,-3.448963626572259e-68
53,7.280109889280518,1444,0.8608891108891109,6.267367329757729,-1,-67.52215695086579,-3.004990124805072e-68
53,7.280109889280518,1445,0.8611388611388611,6.269185539020786,-1,-67.58207003377348,-2.617760837411262e-68
53,7.280109889280518,1446,0.8613886113886113,6.271003748283842,-1,-67.64205080202898,-2.280075342319268e-68
53,7.280109889280518,1447,0.8616383616383616,6.2728219575469,-1,-67.70209942392248,-1.985640288634242e-68
53,7.280109889280518,1448,0.8618881118881119,6.274640166809957,-1,-67.76221606849576,-1.7289559617793355e-68
53,7.280109889280518,1449,0.8621378621378621,6.276458376073014,-1,-67.82240090554707,-1.505216930102255e-68
53,7.280109889280518,1450,0.8623876123876124,6.278276585336071,-1,-67.88265410563508,-1.3102250378639086e-68
53,7.280109889280518,1451,0.8626373626373627,6.280094794599129,-1,-67.94297584008191,-1.1403132217259573e-68
53,7.280109889280518,1452,0.862887112887113,6.2819130038621855,-1,-68.00336628098229,-9.922788142771104e-69
53,7.280109889280518,1453,0.8631368631368632,6.283731213125243,-1,-68.06382560120666,-8.633251619796865e-69
53,7.280109889280518,1454,0.8633866133866134,6.285549422388299,-1,-68.12435397440046,-7.510105287250034e-69
53,7.280109889280518,1455,0.8636363636363636,6.287367631651357,-1,-68.18495157499935,-6.532033825177846e-69
53,7.280109889280518,1456,0.8638861138861138,6.289185840914413,-1,-68.24561857822955,-5.680432738577378e-69
53,7.280109889280518,1457,0.8641358641358641,6.29100405017747,-1,-68.3063551601044,-4.939066116945546e-69
53,7.280109889280518,1458,0.8643856143856143,6.292822259440527,-1,-68.36716149744568,-4.293767283519501e-69
53,7.280109889280518,1459,0.8646353646353646,6.294640468703585,-1,-68.42803776788026,-3.732176999706353e-69
53,7.280109889280518,1460,0.8648851148851149,6.296458677966642,-1,-68.48898414983569,-3.243514547782226e-69
53,7.280109889280518,1461,0.8651348651348651,6.298276887229699,-1,-68.5500008225658,-2.818377593173958e-69
53,7.280109889280518,1462,0.8653846153846154,6.300095096492757,-1,-68.61108796614384,-2.448567235467113e-69
53,7.280109889280518,1463,0.8656343656343657,6.301913305755813,-1,-68.67224576145983,-2.1269351011367986e-69
53,7.280109889280518,1464,0.865884115884116,6.303731515018871,-1,-68.7334743902461,-1.8472497214972548e-69
53,7.280109889280518,1465,0.8661338661338661,6.305549724281927,-1,-68.79477403506907,-1.604079781897991e-69
53,7.280109889280518,1466,0.8663836163836164,6.307367933544985,-1,-68.85614487933132,-1.392692127542674e-69
53,7.280109889280518,1467,0.8666333666333667,6.309186142808041,-1,-68.91758710729057,-1.2089626746241994e-69
53,7.280109889280518,1468,0.8668831168831168,6.311004352071098,-1,-68.97910090405529,-1.0492986061082975e-69
53,7.280109889280518,1469,0.8671328671328671,6.312822561334155,-1,-69.04068645559099,-9.105704332532963e-70
53,7.280109889280518,1470,0.8673826173826173,6.3146407705972125,-1,-69.1023439487292,-7.900526811834923e-70
53,7.280109889280518,1471,0.8676323676323676,6.316458979860269,-1,-69.16407357117124,-6.853721119213071e-70
53,7.280109889280518,1472,0.8678821178821179,6.318277189123327,-1,-69.22587551149651,-5.94462534130183e-70
53,7.280109889280518,1473,0.8681318681318682,6.320095398386384,-1,-69.2877499591591,-5.1552536789238474e-70
53,7.280109889280518,1474,0.8683816183816184,6.321913607649441,-1,-69.3496971045075,-4.469952370018532e-70
53,7.280109889280518,1475,0.8686313686313687,6.323731816912498,-1,-69.41171713878407,-3.87509952636876e-70
53,7.280109889280518,1476,0.868881118881119,6.325550026175556,-1,-69.47381025412014,-3.358843320812184e-70
53,7.280109889280518,1477,0.8691308691308691,6.327368235438612,-1,-69.53597664356334,-2.910873661174825e-70
53,7.280109889280518,1478,0.8693806193806194,6.329186444701669,-1,-69.5982165010696,-2.5222231002003153e-70
53,7.280109889280518,1479,0.8696303696303695,6.331004653964726,-1,-69.66053002150574,-2.1850932653337624e-70
53,7.280109889280518,1480,0.8698801198801198,6.332822863227783,-1,-69.72291740066929,-1.892703561466993e-70
53,7.280109889280518,1481,0.8701298701298701,6.33464107249084,-1,-69.78537883528432,-1.6391593099431263e-70
53,7.280109889280518,1482,0.8703796203796204,6.336459281753897,-1,-69.84791452300958,-1.4193368453017908e-70
53,7.280109889280518,1483,0.8706293706293706,6.338277491016955,-1,-69.9105246624474,-1.2287834052023746e-70
53,7.280109889280518,1484,0.8708791208791209,6.340095700280012,-1,-69.97320945314588,-1.0636299231399325e-70
53,7.280109889280518,1485,0.8711288711288712,6.341913909543069,-1,-70.0359690956098,-9.205150732643117e-71
53,7.280109889280518,1486,0.8713786213786214,6.343732118806126,-1,-70.09880379130787,-7.96519126293589e-71
53,7.280109889280518,1487,0.8716283716283717,6.345550328069184,-1,-70.16171374266602,-6.8910635864713624e-71
53,7.280109889280518,1488,0.8718781218781219,6.3473685373322395,-1,-70.22469915309526,-5.9607491689648625e-71
53,7.280109889280518,1489,0.8721278721278721,6.349186746595297,-1,-70.28776022698436,-5.1551317970661316e-71
53,7.280109889280518,1490,0.8723776223776224,6.351004955858354,-1,-70.35089716970371,-4.45761781375123e-71
53,7.280109889280518,1491,0.8726273726273726,6.352823165121411,-1,-70.41411018762453,-3.85380567897608e-71
53,7.280109889280518,1492,0.8728771228771228,6.354641374384467,-1,-70.47739948811541,-3.331198497022782e-71
53,7.280109889280518,1493,0.8731268731268731,6.356459583647525,-1,-70.54076527955584,-2.878953964726111e-71
53,7.280109889280518,1494,0.8733766233766234,6.358277792910582,-1,-70.60420777133223,-2.4876669059109016e-71
53,7.280109889280518,1495,0.8736263736263736,6.3600960021736395,-1,-70.66772717386078,-2.149180176735939e-71
53,7.280109889280518,1496,0.8738761238761239,6.361914211436696,-1,-70.73132369858538,-1.8564202684587972e-71
53,7.280109889280518,1497,0.8741258741258742,6.363732420699754,-1,-70.7949975579776,-1.6032544057070797e-71
53,7.280109889280518,1498,0.8743756243756244,6.3655506299628115,-1,-70.8587489655608,-1.3843663504773673e-71
53,7.280109889280518,1499,0.8746253746253747,6.367368839225868,-1,-70.92257813590388,-1.195148481707316e-71
53,7.280109889280518,1500,0.8748751248751249,6.369187048488925,-1,-70.98648528463572,-1.0316080332126893e-71
53,7.280109889280518,1501,0.8751248751248751,6.371005257751982,-1,-71.05047062844321,-8.902856464454899e-72
53,7.280109889280518,1502,0.8753746253746253,6.3728234670150385,-1,-71.11453438509272,-7.68184632558976e-72
53,7.280109889280518,1503,0.8756243756243756,6.374641676278095,-1,-71.17867677342936,-6.627095462126914e-72
53,7.280109889280518,1504,0.8758741258741258,6.376459885541153,-1,-71.24289801337792,-5.716128544022514e-72
53,7.280109889280518,1505,0.8761238761238761,6.37827809480421,-1,-71.30719832596597,-4.929486414312302e-72
53,7.280109889280518,1506,0.8763736263736264,6.380096304067267,-1,-71.37157793331895,-4.250324286997258e-72
53,7.280109889280518,1507,0.8766233766233766,6.381914513330324,-1,-71.43603705867656,-3.6640630758652194e-72
53,7.280109889280518,1508,0.8768731268731269,6.383732722593382,-1,-71.50057592638709,-3.158086881406783e-72
53,7.280109889280518,1509,0.8771228771228772,6.3855509318564385,-1,-71.56519476193485,-2.7214805702805084e-72
53,7.280109889280518,1510,0.8773726273726274,6.387369141119496,-1,-71.62989379193417,-2.344802173870669e-72
53,7.280109889280518,1511,0.8776223776223776,6.389187350382552,-1,-71.69467324413834,-2.0198855199989258e-72
53,7.280109889280518,1512,0.8778721278721279,6.39100555964561,-1,-71.7595333474527,-1.7396691118123593e-72
53,7.280109889280518,1513,0.8781218781218781,6.392823768908666,-1,-71.82447433194032,-1.49804778938454e-72
53,7.280109889280518,1514,0.8783716283716283,6.394641978171723,-1,-71.88949642883406,-1.2897441633097608e-72
53,7.280109889280518,1515,0.8786213786213786,6.396460187434781,-1,-71.95459987053162,-1.1101972045864719e-72
53,7.280109889280518,1516,0.8788711288711288,6.398278396697838,-1,-72.01978489062405,-9.554657183110897e-73
53,7.280109889280518,1517,0.8791208791208791,6.400096605960895,-1,-72.08505172388814,-8.221447277856872e-73
53,7.280109889280518,1518,0.8793706293706294,6.401914815223952,-1,-72.15040060630514,-7.072930549738308e-73
53,7.280109889280518,1519,0.8796203796203796,6.40373302448701,-1,-72.21583177505583,-6.083706093676948e-73
53,7.280109889280518,1520,0.8798701298701299,6.405551233750066,-1,-72.28134546854879,-5.2318409338031185e-73
53,7.280109889280518,1521,0.8801198801198802,6.407369443013124,-1,-72.34694192641592,-4.498400031930625e-73
53,7.280109889280518,1522,0.8803696303696305,6.409187652276181,-1,-72.41262138951694,-3.8670395202330507e-73
53,7.280109889280518,1523,0.8806193806193806,6.411005861539238,-1,-72.4783840999655,-3.323654716476406e-73
53,7.280109889280518,1524,0.8808691308691309,6.412824070802294,-1,-72.5442303011238,-2.856075599301629e-73
53,7.280109889280518,1525,0.881118881118881,6.414642280065351,-1,-72.61016023761701,-2.4538033915084054e-73
53,7.280109889280518,1526,0.8813686313686313,6.416460489328408,-1,-72.6761741553378,-2.1077827437811505e-73
53,7.280109889280518,1527,0.8816183816183816,6.4182786985914655,-1,-72.74227230146583,-1.81020474324702e-73
53,7.280109889280518,1528,0.8818681318681318,6.420096907854522,-1,-72.80845492446917,-1.5543366073776755e-73
53,7.280109889280518,1529,0.8821178821178821,6.42191511711758,-1,-72.87472227411268,-1.334374475160341e-73
53,7.280109889280518,1530,0.8823676323676324,6.423733326380637,-1,-72.94107460147137,-1.1453161864436651e-73
53,7.280109889280518,1531,0.8826173826173827,6.425551535643694,-1,-73.00751215894097,-9.82851355729133e-74
53,7.280109889280518,1532,0.8828671328671329,6.427369744906751,-1,-73.07403520024701,-8.432664069331463e-74
53,7.280109889280518,1533,0.8831168831168832,6.429187954169809,-1,-73.14064398044813,-7.233625481389081e-74
53,7.280109889280518,1534,0.8833666333666333,6.4310061634328655,-1,-73.20733875595543,-6.203849362609133e-74
53,7.280109889280518,1535,0.8836163836163836,6.432824372695922,-1,-73.27411978453776,-5.319615165487226e-74
53,7.280109889280518,1536,0.8838661338661339,6.43464258195898,-1,-73.3409873253351,-4.560502253523363e-74
53,7.280109889280518,1537,0.884115884115884,6.436460791222036,-1,-73.40794163886007,-3.908934211037835e-74
53,7.280109889280518,1538,0.8843656343656343,6.438279000485093,-1,-73.47498298701956,-3.3497856129573445e-74
53,7.280109889280518,1539,0.8846153846153846,6.44009720974815,-1,-73.54211163311841,-2.8700427577661367e-74
53,7.280109889280518,1540,0.8848651348651349,6.441915419011208,-1,-73.60932784187462,-2.458511013311672e-74
53,7.280109889280518,1541,0.8851148851148851,6.4437336282742645,-1,-73.67663187942095,-2.1055624192621632e-74
53,7.280109889280518,1542,0.8853646353646354,6.445551837537322,-1,-73.74402401332603,-1.8029180498487743e-74
53,7.280109889280518,1543,0.8856143856143857,6.447370046800379,-1,-73.8115045126002,-1.5434603856908194e-74
53,7.280109889280518,1544,0.8858641358641359,6.449188256063437,-1,-73.87907364770912,-1.321071587715568e-74
53,7.280109889280518,1545,0.8861138861138862,6.451006465326493,-1,-73.94673169057873,-1.1304941242036528e-74
53,7.280109889280518,1546,0.8863636363636364,6.45282467458955,-1,-74.01447891461171,-9.67210684460008e-75
53,7.280109889280518,1547,0.8866133866133866,6.454642883852607,-1,-74.0823155947003,-8.273407302292622e-75
53,7.280109889280518,1548,0.8868631368631368,6.456461093115664,-1,-74.15024200723417,-7.075513969773696e-75
53,7.280109889280518,1549,0.887112887112887,6.458279302378721,-1,-74.21825843011207,-6.049807693853849e-75
53,7.280109889280518,1550,0.8873626373626373,6.460097511641778,-1,-74.28636514275057,-5.171718253839761e-75
53,7.280109889280518,1551,0.8876123876123876,6.461915720904836,-1,-74.35456242610655,-4.420155763613805e-75
53,7.280109889280518,1552,0.8878621378621379,6.463733930167892,-1,-74.42285056267754,-3.7770213290748263e-75
53,7.280109889280518,1553,0.8881118881118881,6.46555213943095,-1,-74.49122983652121,-3.226785996059461e-75
53,7.280109889280518,1554,0.8883616383616384,6.467370348694007,-1,-74.55970053325636,-2.756128530230242e-75
53,7.280109889280518,1555,0.8886113886113887,6.4691885579570645,-1,-74.62826294009355,-2.353623869835578e-75
53,7.280109889280518,1556,0.8888611388611389,6.471006767220121,-1,-74.6969173458302,-2.0094752160435224e-75
53,7.280109889280518,1557,0.8891108891108891,6.472824976483178,-1,-74.7656640408753,-1.7152836940915235e-75
53,7.280109889280518,1558,0.8893606393606394,6.474643185746235,-1,-74.83450331724788,-1.463850356259493e-75
53,7.280109889280518,1559,0.8896103896103896,6.476461395009292,-1,-74.90343546860697,-1.249006019387752e-75
53,7.280109889280518,1560,0.8898601398601398,6.478279604272348,-1,-74.97246079025119,-1.0654650535410776e-75
53,7.280109889280518,1561,0.8901098901098901,6.480097813535406,-1,-75.04157957914002,-9.086997757147438e-76
53,7.280109889280518,1562,0.8903596403596403,6.481916022798463,-1,-75.11079213390003,-7.748325666984168e-76
53,7.280109889280518,1563,0.8906093906093906,6.48373423206152,-1,-75.18009875483982,-6.605432290648203e-76
53,7.280109889280518,1564,0.8908591408591409,6.485552441324577,-1,-75.24949974397038,-5.629894492933054e-76
53,7.280109889280518,1565,0.8911088911088911,6.487370650587635,-1,-75.31899540500896,-4.7973852441509716e-76
53,7.280109889280518,1566,0.8913586413586414,6.4891888598506915,-1,-75.38858604340015,-4.0870876978789026e-76
53,7.280109889280518,1567,0.8916083916083917,6.491007069113749,-1,-75.45827196632438,-3.481192455778628e-76
53,7.280109889280518,1568,0.8918581418581419,6.492825278376806,-1,-75.52805348271038,-2.964466297491418e-76
53,7.280109889280518,1569,0.8921078921078921,6.494643487639863,-1,-75.59793090326072,-2.523882293042731e-76
53,7.280109889280518,1570,0.8923576423576424,6.49646169690292,-1,-75.66790454045217,-2.148302627172625e-76
53,7.280109889280518,1571,0.8926073926073925,6.498279906165976,-1,-75.73797470856103,-1.8282066799208314e-76
53,7.280109889280518,1572,0.8928571428571428,6.500098115429034,-1,-75.80814172366526,-1.555457954937127e-76
53,7.280109889280518,1573,0.8931068931068931,6.501916324692091,-1,-75.87840590367252,-1.3231043470965194e-76
53,7.280109889280518,1574,0.8933566433566433,6.503734533955148,-1,-75.94876756832777,-1.1252070165583743e-76
53,7.280109889280518,1575,0.8936063936063936,6.505552743218205,-1,-76.01922703922926,-9.566938028870346e-77
53,7.280109889280518,1576,0.8938561438561439,6.507370952481263,-1,-76.08978463984597,-8.132336866447058e-77
53,7.280109889280518,1577,0.8941058941058941,6.509189161744319,-1,-76.16044069552329,-6.911292991581477e-77
53,7.280109889280518,1578,0.8943556443556444,6.511007371007377,-1,-76.23119553351611,-5.872249052308289e-77
53,7.280109889280518,1579,0.8946053946053947,6.512825580270434,-1,-76.30204948298797,-4.988276484030763e-77
53,7.280109889280518,1580,0.8948551448551448,6.5146437895334905,-1,-76.3730028750368,-4.2364016153522705e-77
53,7.280109889280518,1581,0.8951048951048951,6.516461998796547,-1,-76.44405604270658,-3.597029149812008e-77
53,7.280109889280518,1582,0.8953546453546454,6.518280208059605,-1,-76.51520932099875,-3.0534490589139283e-77
53,7.280109889280518,1583,0.8956043956043955,6.520098417322661,-1,-76.58646304690349,-2.591414909376776e-77
53,7.280109889280518,1584,0.8958541458541458,6.5219166265857185,-1,-76.65781755940003,-2.198783354719205e-77
53,7.280109889280518,1585,0.8961038961038961,6.523734835848775,-1,-76.72927319948403,-1.865205985790804e-77
53,7.280109889280518,1586,0.8963536463536463,6.525553045111833,-1,-76.80083031017877,-1.581865993527567e-77
53,7.280109889280518,1587,0.8966033966033966,6.5273712543748905,-1,-76.87248923654923,-1.3412531762919687e-77
53,7.280109889280518,1588,0.8968531468531469,6.529189463637947,-1,-76.94425032573291,-1.1369717506061607e-77
53,7.280109889280518,1589,0.8971028971028971,6.531007672901005,-1,-77.01611392694146,-9.63576218911798e-78
53,7.280109889280518,1590,0.8973526473526474,6.532825882164062,-1,-77.08808039148883,-8.164312292191782e-78
53,7.280109889280518,1591,0.8976023976023977,6.534644091427119,-1,-77.16015007280434,-6.91591946290055e-78
53,7.280109889280518,1592,0.8978521478521478,6.536462300690175,-1,-77.23232332644608,-5.857019548688869e-78
53,7.280109889280518,1593,0.8981018981018981,6.538280509953233,-1,-77.30460051013371,-4.959061450001624e-78
53,7.280109889280518,1594,0.8983516483516483,6.540098719216289,-1,-77.37698198375143,-4.1977639761095947e-78
53,7.280109889280518,1595,0.8986013986013985,6.541916928479346,-1,-77.44946810937523,-3.552482037117971e-78
53,7.280109889280518,1596,0.8988511488511488,6.543735137742403,-1,-77.52205925129043,-3.005666208192481e-78
53,7.280109889280518,1597,0.8991008991008991,6.545553347005461,-1,-77.59475577600331,-2.5424020145894077e-78
53,7.280109889280518,1598,0.8993506493506493,6.5473715562685175,-1,-77.66755805227254,-2.150017266684013e-78
53,7.280109889280518,1599,0.8996003996003996,6.549189765531575,-1,-77.74046645112134,-1.817747470115106e-78
53,7.280109889280518,1600,0.8998501498501499,6.551007974794632,-1,-77.81348134585627,-1.5364507867058077e-78
53,7.280109889280518,1601,0.9000999000999002,6.55282618405769,-1,-77.88660311209263,-1.298365263680222e-78
53,7.280109889280518,1602,0.9003496503496504,6.554644393320746,-1,-77.95983212776574,-1.0969021108640477e-78
53,7.280109889280518,1603,0.9005994005994006,6.556462602583803,-1,-78.03316877316206,-9.264697137852239e-79
53,7.280109889280518,1604,0.9008491508491508,6.55828081184686,-1,-78.1066134309265,-7.823238476264776e-79
53,7.280109889280518,1605,0.9010989010989011,6.5600990211099175,-1,-78.18016648609958,-6.604402207643114e-79
53,7.280109889280518,1606,0.9013486513486513,6.561917230372974,-1,-78.25382832612385,-5.57406044490558e-79
53,7.280109889280518,1607,0.9015984015984015,6.563735439636031,-1,-78.32759934087244,-4.703278102554754e-79
53,7.280109889280518,1608,0.9018481518481518,6.565553648899089,-1,-78.40147992267093,-3.967528702971145e-79
53,7.280109889280518,1609,0.9020979020979021,6.567371858162145,-1,-78.4754704663129,-3.346027713488183e-79
53,7.280109889280518,1610,0.9023476523476524,6.569190067425203,-1,-78.54957136908598,-2.8211659332238265e-79
53,7.280109889280518,1611,0.9025974025974026,6.57100827668826,-1,-78.6237830307999,-2.3780280290399383e-79
53,7.280109889280518,1612,0.9028471528471529,6.5728264859513175,-1,-78.69810585379764,-2.003983522147851e-79
53,7.280109889280518,1613,0.9030969030969032,6.574644695214374,-1,-78.77254024298598,-1.688339405813196e-79
53,7.280109889280518,1614,0.9033466533466534,6.576462904477432,-1,-78.8470866058575,-1.4220451783552643e-79
53,7.280109889280518,1615,0.9035964035964036,6.578281113740488,-1,-78.9217453525084,-1.1974424429095563e-79
53,7.280109889280518,1616,0.9038461538461539,6.580099323003545,-1,-78.99651689566686,-1.0080523916228603e-79
53,7.280109889280518,1617,0.904095904095904,6.581917532266601,-1,-79.07140165072114,-8.483954862914917e-80
53,7.280109889280518,1618,0.9043456543456543,6.583735741529659,-1,-79.14640003573354,-7.138384948673655e-80
53,7.280109889280518,1619,0.9045954045954046,6.585553950792716,-1,-79.22151247147167,-6.00464765338602e-80
53,7.280109889280518,1620,0.9048451548451548,6.587372160055773,-1,-79.29673938143287,-5.049642338917645e-80
53,7.280109889280518,1621,0.9050949050949051,6.58919036931883,-1,-79.37208119186454,-4.245401882389888e-80
53,7.280109889280518,1622,0.9053446553446554,6.591008578581888,-1,-79.44753833179074,-3.5683025326681434e-80
53,7.280109889280518,1623,0.9055944055944056,6.5928267878449445,-1,-79.5231112330459,-2.9983944611892423e-80
53,7.280109889280518,1624,0.9058441558441559,6.594644997108002,-1,-79.59880033028941,-2.518834712218102e-80
53,7.280109889280518,1625,0.9060939060939062,6.59646320637106,-1,-79.67460606103677,-2.115407008956961e-80
53,7.280109889280518,1626,0.9063436563436563,6.598281415634116,-1,-79.75052886568777,-1.7761152136200344e-80
53,7.280109889280518,1627,0.9065934065934066,6.600099624897173,-1,-79.82656918755049,-1.4908392306037597e-80
53,7.280109889280518,1628,0.9068431568431569,6.60191783416023,-1,-79.90272747286585,-1.2510438351226473e-80
53,7.280109889280518,1629,0.907092907092907,6.603736043423287,-1,-79.97900417084051,-1.0495323491941418e-80
53,7.280109889280518,1630,0.9073426573426573,6.6055542526863436,-1,-80.0553997336755,-8.802383103839495e-81
53,7.280109889280518,1631,0.9075924075924076,6.607372461949401,-1,-80.1319146165869,-7.380493182621164e-81
53,7.280109889280518,1632,0.9078421578421578,6.609190671212458,-1,-80.20854927783985,-6.186581266480808e-81
53,7.280109889280518,1633,0.9080919080919081,6.611008880475516,-1,-80.28530417877752,-5.18436799889682e-81
53,7.280109889280518,1634,0.9083416583416584,6.612827089738572,-1,-80.36217978384754,-4.343303882394072e-81
53,7.280109889280518,1635,0.9085914085914086,6.61464529900163,-1,-80.43917656063009,-3.637671180402534e-81
53,7.280109889280518,1636,0.9088411588411589,6.616463508264687,-1,-80.51629497987233,-3.0458255126928177e-81
53,7.280109889280518,1637,0.9090909090909092,6.618281717527744,-1,-80.59353551551942,-2.5495555829779297e-81
53,7.280109889280518,1638,0.9093406593406593,6.6200999267908,-1,-80.67089864473834,-2.1335427793733e-81
53,7.280109889280518,1639,0.9095904095904096,6.621918136053858,-1,-80.74838484795359,-1.7849051887478148e-81
53,7.280109889280518,1640,0.9098401598401598,6.623736345316915,-1,-80.82599460887887,-1.4928129405199812e-81
53,7.280109889280518,1641,0.91008991008991,6.6255545545799714,-1,-80.90372841454771,-1.2481638077468751e-81
53,7.280109889280518,1642,0.9103396603396603,6.627372763843029,-1,-80.98158675534296,-1.0433096987383611e-81
53,7.280109889280518,1643,0.9105894105894106,6.629190973106086,-1,-81.05957012503156,-8.718261171586934e-82
53,7.280109889280518,1644,0.9108391608391608,6.6310091823691435,-1,-81.13767902080139,-7.28317892251517e-82
53,7.280109889280518,1645,0.9110889110889111,6.6328273916322,-1,-81.21591394328951,-6.082555169319005e-82
53,7.280109889280518,1646,0.9113386613386614,6.634645600895258,-1,-81.29427539661584,-5.0783730853715476e-82
53,7.280109889280518,1647,0.9115884115884116,6.636463810158315,-1,-81.37276388841967,-4.238733493723775e-82
53,7.280109889280518,1648,0.9118381618381619,6.638282019421372,-1,-81.45137992989439,-3.5368779222658623e-82
53,7.280109889280518,1649,0.9120879120879121,6.640100228684428,-1,-81.53012403582132,-2.950366472711931e-82
53,7.280109889280518,1650,0.9123376623376623,6.641918437947486,-1,-81.60899672460415,-2.460386160009034e-82
53,7.280109889280518,1651,0.9125874125874126,6.643736647210543,-1,-81.68799851830535,-2.0511691768449317e-82
53,7.280109889280518,1652,0.9128371628371628,6.645554856473599,-1,-81.76712994268604,-1.7095037480461955e-82
53,7.280109889280518,1653,0.913086913086913,6.647373065736656,-1,-81.84639152724112,-1.4243229521723284e-82
53,7.280109889280518,1654,0.9133366633366633,6.649191274999714,-1,-81.92578380523332,-1.1863591789168945e-82
53,7.280109889280518,1655,0.9135864135864136,6.6510094842627705,-1,-82.00530731373405,-9.87853826083668e-83
53,7.280109889280518,1656,0.9138361638361638,6.652827693525828,-1,-82.08496259366201,-8.223134738059063e-83
53,7.280109889280518,1657,0.9140859140859141,6.654645902788885,-1,-82.16475018982167,-6.84305152711046e-83
53,7.280109889280518,1658,0.9143356643356644,6.6564641120519425,-1,-82.24467065094181,-5.692844864865337e-83
53,7.280109889280518,1659,0.9145854145854146,6.658282321314999,-1,-82.32472452971477,-4.734514710596616e-83
53,7.280109889280518,1660,0.9148351648351649,6.660100530578057,-1,-82.40491238283744,-3.9362948060800224e-83
53,7.280109889280518,1661,0.9150849150849151,6.661918739841114,-1,-82.48523477105391,-3.2716378875859478e-83
53,7.280109889280518,1662,0.9153346653346653,6.6637369491041705,-1,-82.56569225919753,-2.718364818173299e-83
53,7.280109889280518,1663,0.9155844155844156,6.665555158367228,-1,-82.64628541622812,-2.2579513678105653e-83
53,7.280109889280518,1664,0.9158341658341658,6.667373367630284,-1,-82.72701481527787,-1.874930546649513e-83
53,7.280109889280518,1665,0.916083916083916,6.669191576893342,-1,-82.80788103369429,-1.5563919157193524e-83
53,7.280109889280518,1666,0.9163336663336663,6.671009786156398,-1,-82.88888465308403,-1.29156226194907e-83
53,7.280109889280518,1667,0.9165834165834166,6.672827995419456,-1,-82.9700262593569,-1.071454518420363e-83
53,7.280109889280518,1668,0.9168331668331668,6.674646204682513,-1,-83.0513064427703,-8.885739094723476e-84
53,7.280109889280518,1669,0.9170829170829171,6.67646441394557,-1,-83.13272579797444,-7.366720659129381e-84
53,7.280109889280518,1670,0.9173326673326674,6.678282623208627,-1,-83.21428492405872,-6.10541340577114e-84
53,7.280109889280518,1671,0.9175824175824177,6.680100832471685,-1,-83.29598442459897,-5.058428030653631e-84
53,7.280109889280518,1672,0.9178321678321678,6.681919041734741,-1,-83.37782490770601,-4.18962442026578e-84
53,7.280109889280518,1673,0.9180819180819181,6.683737250997798,-1,-83.45980698607232,-3.468909853037608e-84
53,7.280109889280518,1674,0.9183316683316683,6.685555460260855,-1,-83.54193127701905,-2.8712348917564783e-84
53,7.280109889280518,1675,0.9185814185814185,6.687373669523912,-1,-83.62419840254738,-2.3757547018715234e-84
53,7.280109889280518,1676,0.9188311688311688,6.6891918787869695,-1,-83.70660898938823,-1.9651287552072314e-84
53,7.280109889280518,1677,0.919080919080919,6.691010088050026,-1,-83.78916366905294,-1.624936263742617e-84
53,7.280109889280518,1678,0.9193306693306693,6.692828297313084,-1,-83.8718630778848,-1.3431883678623254e-84
53,7.280109889280518,1679,0.9195804195804196,6.694646506576141,-1,-83.9547078571109,-1.109921190269199e-84
53,7.280109889280518,1680,0.9198301698301699,6.696464715839198,-1,-84.03769865289487,-9.168564553850228e-85
53,7.280109889280518,1681,0.9200799200799201,6.698282925102255,-1,-84.12083611638984,-7.571185443152513e-85
53,7.280109889280518,1682,0.9203296703296704,6.700101134365313,-1,-84.2041209037937,-6.24998674377593e-85
53,7.280109889280518,1683,0.9205794205794207,6.7019193436283695,-1,-84.28755367640545,-5.157584162339297e-85
53,7.280109889280518,1684,0.9208291708291708,6.703737552891426,-1,-84.37113510067879,-4.254660382257786e-85
53,7.280109889280518,1685,0.9210789210789211,6.705555762154483,-1,-84.45486584827985,-3.508602364515838e-85
53,7.280109889280518,1686,0.9213286713286714,6.707373971417541,-1,-84.53874659614425,-2.8923670398213854e-85
53,7.280109889280518,1687,0.9215784215784215,6.7091921806805965,-1,-84.62277802653551,-2.3835374145373245e-85
53,7.280109889280518,1688,0.9218281718281718,6.711010389943654,-1,-84.70696082710428,-1.9635373778108365e-85
53,7.280109889280518,1689,0.922077922077922,6.712828599206711,-1,-84.79129569094825,-1.616978737028328e-85
53,7.280109889280518,1690,0.9223276723276723,6.714646808469769,-1,-84.87578331667316,-1.3311183896178717e-85
53,7.280109889280518,1691,0.9225774225774226,6.716465017732825,-1,-84.9604244084546,-1.0954072009328286e-85
53,7.280109889280518,1692,0.9228271728271729,6.718283226995883,-1,-85.04521967610077,-9.011152175822359e-86
53,7.280109889280518,1693,0.9230769230769231,6.72010143625894,-1,-85.13016983511582,-7.410204013378612e-86
53,7.280109889280518,1694,0.9233266733266734,6.721919645521997,-1,-85.21527560676327,-6.0915020294648864e-86
53,7.280109889280518,1695,0.9235764235764236,6.723737854785054,-1,-85.30053771813252,-5.005670767859167e-86
53,7.280109889280518,1696,0.9238261738261738,6.725556064048111,-1,-85.38595690220505,-4.1119052412264445e-86
53,7.280109889280518,1697,0.9240759240759241,6.7273742733111686,-1,-85.47153389792156,-3.3764949310861854e-86
53,7.280109889280518,1698,0.9243256743256743,6.729192482574224,-1,-85.55726945025033,-2.771599981417907e-86
53,7.280109889280518,1699,0.9245754245754245,6.731010691837282,-1,-85.64316431025667,-2.27423683697747e-86
53,7.280109889280518,1700,0.9248251748251748,6.732828901100339,-1,-85.72921923517308,-1.8654377658704462e-86
53,7.280109889280518,1701,0.9250749250749251,6.7346471103633965,-1,-85.81543498847083,-1.5295546953266763e-86
53,7.280109889280518,1702,0.9253246753246753,6.736465319626453,-1,-85.90181233993235,-1.2536827783521554e-86
53,7.280109889280518,1703,0.9255744255744256,6.738283528889511,-1,-85.98835206572477,-1.0271832628088383e-86
53,7.280109889280518,1704,0.9258241758241759,6.740101738152568,-1,-86.07505494847459,-8.412886920889508e-87
53,7.280109889280518,1705,0.9260739260739261,6.741919947415625,-1,-86.16192177734351,-6.887763436572559e-87
53,7.280109889280518,1706,0.9263236763236764,6.743738156678682,-1,-86.24895334810535,-5.636982050108407e-87
53,7.280109889280518,1707,0.9265734265734266,6.745556365941739,-1,-86.33615046322414,-4.6115777675042e-87
53,7.280109889280518,1708,0.9268231768231768,6.7473745752047956,-1,-86.42351393193357,-3.7712564682927403e-87
53,7.280109889280518,1709,0.9270729270729271,6.749192784467853,-1,-86.51104457031728,-3.08287154831534e-87
53,7.280109889280518,1710,0.9273226773226773,6.751010993730909,-1,-86.59874320139079,-2.519166071983958e-87
53,7.280109889280518,1711,0.9275724275724275,6.752829202993967,-1,-86.68661065518461,-2.057734527433546e-87
53,7.280109889280518,1712,0.9278221778221778,6.754647412257024,-1,-86.77464776882826,-1.6801661514020002e-87
53,7.280109889280518,1713,0.9280719280719281,6.756465621520081,-1,-86.86285538663617,-1.37133832465747e-87
53,7.280109889280518,1714,0.9283216783216783,6.758283830783139,-1,-86.95123436019448,-1.1188339593632046e-87
53,7.280109889280518,1715,0.9285714285714286,6.7601020400461955,-1,-87.03978554844942,-9.124612950795892e-88
53,7.280109889280518,1716,0.9288211788211789,6.761920249309253,-1,-87.12850981779692,-7.43858246825228e-88
53,7.280109889280518,1717,0.9290709290709291,6.76373845857231,-1,-87.21740804217389,-6.061665370782963e-88
53,7.280109889280518,1718,0.9293206793206793,6.765556667835367,-1,-87.30648110315053,-4.937634022198436e-88
53,7.280109889280518,1719,0.9295704295704296,6.7673748770984234,-1,-87.39572989002461,-4.020407828541532e-88
53,7.280109889280518,1720,0.9298201798201798,6.769193086361481,-1,-87.4851552999169,-3.2722366162913656e-88
53,7.280109889280518,1721,0.93006993006993,6.771011295624537,-1,-87.57475823786709,-2.662206638935996e-88
53,7.280109889280518,1722,0.9303196803196803,6.772829504887595,-1,-87.6645396169352,-2.1650123749168748e-88
53,7.280109889280518,1723,0.9305694305694305,6.774647714150651,-1,-87.75450035830032,-1.759947211814505e-88
53,7.280109889280518,1724,0.9308191808191808,6.776465923413709,-1,-87.84464139136016,-1.430074321963644e-88
53,7.280109889280518,1725,0.9310689310689311,6.778284132676766,-1,-87.93496365383733,-1.161545819696058e-88
53,7.280109889280518,1726,0.9313186813186813,6.780102341939823,-1,-88.02546809188367,-9.430438954370139e-89
53,7.280109889280518,1727,0.9315684315684316,6.78192055120288,-1,-88.11615566018699,-7.65322250313403e-89
53,7.280109889280518,1728,0.9318181818181819,6.783738760465938,-1,-88.20702732207971,-6.208299757101756e-89
53,7.280109889280518,1729,0.9320679320679321,6.785556969728995,-1,-88.29808404964925,-5.034031750037659e-89
53,7.280109889280518,1730,0.9323176823176823,6.787375178992051,-1,-88.3893268238502,-4.0801222536368756e-89
53,7.280109889280518,1731,0.9325674325674326,6.789193388255109,-1,-88.4807566346185,-3.305547219312131e-89
53,7.280109889280518,1732,0.9328171828171828,6.791011597518166,-1,-88.57237448098722,-2.676859142440642e-89
53,7.280109889280518,1733,0.933066933066933,6.7928298067812225,-1,-88.66418137120455,-2.166799011533115e-89
53,7.280109889280518,1734,0.9333166833166833,6.794648016044279,-1,-88.75617832285376,-1.7531605001182786e-89
53,7.280109889280518,1735,0.9335664335664335,6.796466225307337,-1,-88.84836636297493,-1.4178609351940042e-89
53,7.280109889280518,1736,0.9338161838161838,6.798284434570394,-1,-88.94074652818895,-1.1461817042319699e-89
53,7.280109889280518,1737,0.9340659340659341,6.800102643833451,-1,-89.03331986482364,-9.26147449729007e-90
53,7.280109889280518,1738,0.9343156843156843,6.801920853096508,-1,-89.12608742904187,-7.480188995672107e-90
53,7.280109889280518,1739,0.9345654345654346,6.803739062359566,-1,-89.2190502869719,-6.038787021938393e-90
53,7.280109889280518,1740,0.9348151848151849,6.8055572716226225,-1,-89.31220951484012,-4.872933505303108e-90
53,7.280109889280518,1741,0.935064935064935,6.807375480885679,-1,-89.40556619910575,-3.930373300249059e-90
53,7.280109889280518,1742,0.9353146853146853,6.809193690148736,-1,-89.49912143659823,-3.168681318505764e-90
53,7.280109889280518,1743,0.9355644355644356,6.811011899411794,-1,-89.59287633465696,-2.5534282877939455e-90
53,7.280109889280518,1744,0.9358141858141857,6.8128301086748495,-1,-89.68683201127274,-2.0566859854327746e-90
53,7.280109889280518,1745,0.936063936063936,6.814648317937907,-1,-89.78098959523244,-1.6558096326541017e-90
53,7.280109889280518,1746,0.9363136863136863,6.816466527200964,-1,-89.87535022626626,-1.3324464795953553e-90
53,7.280109889280518,1747,0.9365634365634365,6.818284736464022,-1,-89.96991505519767,-1.0717289070201814e-90
53,7.280109889280518,1748,0.9368131868131868,6.820102945727078,-1,-90.06468524409541,-8.616179855269374e-91
53,7.280109889280518,1749,0.9370629370629371,6.821921154990136,-1,-90.1596619664286,-6.923696679106454e-91
53,7.280109889280518,1750,0.9373126873126874,6.823739364253194,-1,-90.25484640722424,-5.561008933814742e-91
53,7.280109889280518,1751,0.9375624375624376,6.82555757351625,-1,-90.35023976322772,-4.4643705726146057e-91
53,7.280109889280518,1752,0.9378121878121879,6.827375782779308,-1,-90.44584324306624,-3.5822571397287384e-91
53,7.280109889280518,1753,0.938061938061938,6.829193992042364,-1,-90.54165806741516,-2.873041720476955e-91
53,7.280109889280518,1754,0.9383116883116883,6.8310122013054215,-1,-90.63768546916765,-2.3031092035510907e-91
53,7.280109889280518,1755,0.9385614385614386,6.832830410568478,-1,-90.73392669360692,-1.8453268733808474e-91
53,7.280109889280518,1756,0.9388111888111887,6.834648619831535,-1,-90.8303829985822,-1.477804556966727e-91
53,7.280109889280518,1757,0.939060939060939,6.836466829094592,-1,-90.92705565468768,-1.182889959072587e-91
53,7.280109889280518,1758,0.9393106893106893,6.8382850383576494,-1,-91.02394594544423,-9.463549423065495e-92
53,7.280109889280518,1759,0.9395604395604396,6.840103247620706,-1,-91.12105516748561,-7.567367622865446e-92
53,7.280109889280518,1760,0.9398101898101898,6.841921456883764,-1,-91.21838463074496,-6.0480499495765125e-92
53,7.280109889280518,1761,0.9400599400599401,6.843739666146821,-1,-91.31593565864863,-4.831303731967625e-92
53,7.280109889280518,1762,0.9403096903096904,6.845557875409878,-1,-91.41370958831762,-3.857362123263015e-92
53,7.280109889280518,1763,0.9405594405594406,6.847376084672935,-1,-91.5117077707589,-3.0781673635933354e-92
53,7.280109889280518,1764,0.9408091908091908,6.849194293935992,-1,-91.6099315710718,-2.455095718513633e-92
53,7.280109889280518,1765,0.9410589410589411,6.8510125031990485,-1,-91.7083823686574,-1.957120794405442e-92
53,7.280109889280518,1766,0.9413086913086913,6.852830712462106,-1,-91.80706155742855,-1.559331465622054e-92
53,7.280109889280518,1767,0.9415584415584415,6.854648921725163,-1,-91.9059705460255,-1.2417365196583898e-92
53,7.280109889280518,1768,0.9418081918081918,6.85646713098822,-1,-92.00511075803237,-9.883010163096593e-93
53,7.280109889280518,1769,0.942057942057942,6.858285340251277,-1,-92.10448363220584,-7.861698199457098e-93
53,7.280109889280518,1770,0.9423076923076923,6.860103549514334,-1,-92.20409062270204,-6.250422537983309e-93
53,7.280109889280518,1771,0.9425574425574426,6.861921758777392,-1,-92.30393319930715,-4.966687103151767e-93
53,7.280109889280518,1772,0.9428071928071928,6.8637399680404485,-1,-92.4040128476742,-3.944456330715169e-93
53,7.280109889280518,1773,0.9430569430569431,6.865558177303506,-1,-92.50433106956527,-3.1308980811433782e-93
53,7.280109889280518,1774,0.9433066933066934,6.867376386566563,-1,-92.60488938309925,-2.4837656518356794e-93
53,7.280109889280518,1775,0.9435564435564436,6.8691945958296206,-1,-92.70568932300286,-1.969294540924009e-93
53,7.280109889280518,1776,0.9438061938061938,6.871012805092676,-1,-92.80673244086576,-1.5605136043315338e-93
53,7.280109889280518,1777,0.9440559440559441,6.872831014355734,-1,-92.90802030539982,-1.2358896481831993e-93
53,7.280109889280518,1778,0.9443056943056943,6.874649223618791,-1,-93.00955450271258,-9.782401807422859e-94
53,7.280109889280518,1779,0.9445554445554445,6.876467432881848,-1,-93.11133663657505,-7.738617184540476e-94
53,7.280109889280518,1780,0.9448051948051948,6.878285642144904,-1,-93.21336832869724,-6.118312725218538e-94
53,7.280109889280518,1781,0.945054945054945,6.880103851407962,-1,-93.31565121901272,-4.834469013702565e-94
53,7.280109889280518,1782,0.9453046953046953,6.881922060671019,-1,-93.41818696596978,-3.817798772894144e-94
53,7.280109889280518,1783,0.9455544455544456,6.883740269934076,-1,-93.52097724682572,-3.0131638830811446e-94
53,7.280109889280518,1784,0.9458041958041958,6.885558479197133,-1,-93.62402375794228,-2.376710265885072e-94
53,7.280109889280518,1785,0.9460539460539461,6.887376688460191,-1,-93.72732821510128,-1.8735780290334113e-94
53,7.280109889280518,1786,0.9463036963036964,6.889194897723248,-1,-93.83089235381578,-1.4760723538716252e-94
53,7.280109889280518,1787,0.9465534465534465,6.891013106986304,-1,-93.93471792964507,-1.1622032092804604e-94
53,7.280109889280518,1788,0.9468031968031968,6.892831316249362,-1,-94.03880671852477,-9.145201554070998e-95
53,7.280109889280518,1789,0.9470529470529471,6.894649525512419,-1,-94.1431605171032,-7.19183115710656e-95
53,7.280109889280518,1790,0.9473026973026972,6.8964677347754755,-1,-94.24778114307772,-5.65221739025147e-95
53,7.280109889280518,1791,0.9475524475524475,6.898285944038532,-1,-94.35267043554313,-4.4394540420119385e-95
53,7.280109889280518,1792,0.9478021978021978,6.90010415330159,-1,-94.45783025535479,-3.484734898048186e-95
53,7.280109889280518,1793,0.948051948051948,6.901922362564647,-1,-94.56326248548125,-2.7336160426247495e-95
53,7.280109889280518,1794,0.9483016983016983,6.903740571827704,-1,-94.66896903137841,-2.143043411567826e-95
53,7.280109889280518,1795,0.9485514485514486,6.905558781090761,-1,-94.77495182137324,-1.6789902672279292e-95
53,7.280109889280518,1796,0.9488011988011988,6.907376990353819,-1,-94.88121280704308,-1.3145805215765358e-95
53,7.280109889280518,1797,0.9490509490509491,6.9091951996168754,-1,-94.98775396361843,-1.028598854615221e-95
53,7.280109889280518,1798,0.9493006993006994,6.911013408879933,-1,-95.09457729038796,-8.04308594867312e-96
53,7.280109889280518,1799,0.9495504495504495,6.912831618142989,-1,-95.20168481110267,-6.28514337143188e-96
53,7.280109889280518,1800,0.9498001998001998,6.914649827406047,-1,-95.30907857440751,-4.9081906704275996e-96
53,7.280109889280518,1801,0.9500499500499501,6.916468036669103,-1,-95.41676065426897,-3.830357815065486e-96
53,7.280109889280518,1802,0.9502997002997002,6.91828624593216,-1,-95.52473315041904,-2.9872175326273517e-96
53,7.280109889280518,1803,0.9505494505494505,6.920104455195218,-1,-95.63299818880805,-2.3281009668118937e-96
53,7.280109889280518,1804,0.9507992007992008,6.9219226644582745,-1,-95.74155792206042,-1.8131848344250598e-96
53,7.280109889280518,1805,0.951048951048951,6.923740873721332,-1,-95.85041452995513,-1.4111899342051412e-96
53,7.280109889280518,1806,0.9512987012987013,6.925559082984389,-1,-95.95957021989902,-1.097563813804592e-96
53,7.280109889280518,1807,0.9515484515484516,6.927377292247447,-1,-96.06902722743747,-8.530466318691981e-97
53,7.280109889280518,1808,0.9517982017982018,6.929195501510503,-1,-96.17878781674175,-6.625401218725126e-97
53,7.280109889280518,1809,0.9520479520479521,6.931013710773561,-1,-96.28885428113871,-5.142161576276692e-97
53,7.280109889280518,1810,0.9522977022977023,6.932831920036617,-1,-96.39922894363302,-3.9881460695289836e-97
53,7.280109889280518,1811,0.9525474525474525,6.9346501292996745,-1,-96.50991415745833,-3.090906319929091e-97
53,7.280109889280518,1812,0.9527972027972028,6.936468338562731,-1,-96.62091230662664,-2.3937990669971146e-97
53,7.280109889280518,1813,0.953046953046953,6.938286547825788,-1,-96.73222580649313,-1.8525681511519148e-97
53,7.280109889280518,1814,0.9532967032967032,6.940104757088845,-1,-96.84385710434512,-1.4326592087386184e-97
53,7.280109889280518,1815,0.9535464535464535,6.941922966351902,-1,-96.95580867999132,-1.1071113930126065e-97
53,7.280109889280518,1816,0.9537962037962038,6.943741175614959,-1,-97.0680830463823,-8.549032214953235e-98
53,7.280109889280518,1817,0.954045954045954,6.945559384878017,-1,-97.18068275022043,-6.59655594141746e-98
53,7.280109889280518,1818,0.9542957042957043,6.947377594141074,-1,-97.29361037261259,-5.08615542477708e-98
53,7.280109889280518,1819,0.9545454545454546,6.949195803404131,-1,-97.40686852971784,-3.918604837525642e-98
53,7.280109889280518,1820,0.9547952047952049,6.951014012667188,-1,-97.52045987343044,-3.016755592938888e-98
53,7.280109889280518,1821,0.9550449550449551,6.952832221930246,-1,-97.63438709205418,-2.3206674346243226e-98
53,7.280109889280518,1822,0.9552947052947053,6.954650431193302,-1,-97.7486529110172,-1.7838038173525737e-98
53,7.280109889280518,1823,0.9555444555444556,6.956468640456359,-1,-97.86326009359685,-1.3700610078162369e-98
53,7.280109889280518,1824,0.9557942057942058,6.958286849719417,-1,-97.97821144165832,-1.0514498377852381e-98
53,7.280109889280518,1825,0.956043956043956,6.960105058982473,-1,-98.093509796415,-8.062880136470417e-99
53,7.280109889280518,1826,0.9562937062937062,6.96192326824553,-1,-98.20915803920524,-6.177915456772505e-99
53,7.280109889280518,1827,0.9565434565434565,6.963741477508587,-1,-98.32515909230867,-4.729779642420939e-99
53,7.280109889280518,1828,0.9567932067932068,6.965559686771645,-1,-98.44151591974484,-3.6181292766945653e-99
53,7.280109889280518,1829,0.957042957042957,6.9673778960347015,-1,-98.55823152812971,-2.7654669453671005e-99
53,7.280109889280518,1830,0.9572927072927073,6.969196105297759,-1,-98.67530896753681,-2.1119859876330706e-99
53,7.280109889280518,1831,0.9575424575424576,6.971014314560816,-1,-98.79275133238404,-1.6115681200636363e-99
53,7.280109889280518,1832,0.9577922077922079,6.9728325238238735,-1,-98.91056176234233,-1.2286784400462688e-99
53,7.280109889280518,1833,0.958041958041958,6.974650733086929,-1,-99.0287434432681,-9.359584224126653e-100
53,7.280109889280518,1834,0.9582917082917083,6.976468942349987,-1,-99.14729960817483,-7.123614214353583e-100
53,7.280109889280518,1835,0.9585414585414586,6.978287151613044,-1,-99.26623353820237,-5.417095123346564e-100
53,7.280109889280518,1836,0.9587912087912087,6.980105360876101,-1,-99.38554856363366,-4.115773213718225e-100
53,7.280109889280518,1837,0.959040959040959,6.981923570139157,-1,-99.50524806494796,-3.124294289672536e-100
53,7.280109889280518,1838,0.9592907092907093,6.983741779402215,-1,-99.62533547386819,-2.369542628444952e-100
53,7.280109889280518,1839,0.9595404595404595,6.985559988665273,-1,-99.74581427446618,-1.7955013067330688e-100
53,7.280109889280518,1840,0.9597902097902098,6.987378197928329,-1,-99.86668800430348,-1.3592896049955395e-100
53,7.280109889280518,1841,0.9600399600399601,6.989196407191387,-1,-99.98796025556925,-1.0281103812748508e-100
53,7.280109889280518,1842,0.9602897102897103,6.991014616454444,-1,-100.10963467628349,-7.76900361833592e-101
53,7.280109889280518,1843,0.9605394605394606,6.992832825717501,-1,-100.23171497152775,-5.865229746081775e-101
53,7.280109889280518,1844,0.9607892107892109,6.994651034980558,-1,-100.35420490469298,-4.423796037785877e-101
53,7.280109889280518,1845,0.961038961038961,6.996469244243615,-1,-100.47710829878447,-3.333432775293956e-101
53,7.280109889280518,1846,0.9612887112887113,6.998287453506672,-1,-100.60042903775536,-2.5094061744221628e-101
53,7.280109889280518,1847,0.9615384615384616,7.000105662769729,-1,-100.72417106787243,-1.88724781889847e-101
53,7.280109889280518,1848,0.9617882117882117,7.001923872032785,-1,-100.8483383991412,-1.4179522329322818e-101
53,7.280109889280518,1849,0.962037962037962,7.003742081295843,-1,-100.97293510674635,-1.0643020367362933e-101
53,7.280109889280518,1850,0.9622877122877123,7.0055602905589,-1,-101.09796533255215,-7.9805838953575e-102
53,7.280109889280518,1851,0.9625374625374625,7.007378499821957,-1,-101.22343328665681,-5.978148698607298e-102
53,7.280109889280518,1852,0.9627872127872128,7.009196709085014,-1,-101.34934324895977,-4.473595893164806e-102
53,7.280109889280518,1853,0.9630369630369631,7.011014918348072,-1,-101.47569957081289,-3.3442630402695887e-102
53,7.280109889280518,1854,0.9632867132867133,7.012833127611128,-1,-101.60250667669878,-2.4974299942016735e-102
53,7.280109889280518,1855,0.9635364635364636,7.014651336874186,-1,-101.7297690659639,-1.8630775559902714e-102
53,7.280109889280518,1856,0.9637862137862138,7.016469546137242,-1,-101.85749131462454,-1.3883810756291328e-102
53,7.280109889280518,1857,0.964035964035964,7.0182877554003,-1,-101.9856780771912,-1.0335272287665981e-102
53,7.280109889280518,1858,0.9642857142857143,7.020105964663357,-1,-102.11433408858944,-7.685390008247878e-103
53,7.280109889280518,1859,0.9645354645354645,7.021924173926413,-1,-102.24346416611094,-5.708681768923474e-103
53,7.280109889280518,1860,0.9647852147852147,7.023742383189471,-1,-102.37307321144411,-4.235715562100275e-103
53,7.280109889280518,1861,0.965034965034965,7.0255605924525275,-1,-102.50316621276754,-3.139306991373133e-103
53,7.280109889280518,1862,0.9652847152847153,7.027378801715585,-1,-102.63374824689318,-2.32408363761005e-103
53,7.280109889280518,1863,0.9655344655344655,7.029197010978642,-1,-102.76482448151424,-1.7186028137035765e-103
53,7.280109889280518,1864,0.9657842157842158,7.0310152202417,-1,-102.8964001774792,-1.2694038832058767e-103
53,7.280109889280518,1865,0.9660339660339661,7.032833429504756,-1,-103.02848069118988,-9.365248570308702e-104
53,7.280109889280518,1866,0.9662837162837163,7.034651638767814,-1,-103.1610714770336,-6.901262121737455e-104
53,7.280109889280518,1867,0.9665334665334666,7.036469848030871,-1,-103.29417808993503,-5.079511057447072e-104
53,7.280109889280518,1868,0.9667832167832168,7.0382880572939275,-1,-103.42780618796083,-3.7341676483596784e-104
53,7.280109889280518,1869,0.967032967032967,7.040106266556984,-1,-103.5619615350406,-2.7418170007312024e-104
53,7.280109889280518,1870,0.9672827172827173,7.041924475820042,-1,-103.69665000375569,-2.0107125853373057e-104
53,7.280109889280518,1871,0.9675324675324675,7.043742685083098,-1,-103.8318775782448,-1.4727275859640184e-104
53,7.280109889280518,1872,0.9677822177822177,7.045560894346155,-1,-103.96765035719238,-1.077332205690995e-104
53,7.280109889280518,1873,0.968031968031968,7.047379103609212,-1,-104.10397455693635,-7.870918999809442e-105
53,7.280109889280518,1874,0.9682817182817183,7.04919731287227,-1,-104.24085651467037,-5.743061742643558e-105
53,7.280109889280518,1875,0.9685314685314685,7.051015522135327,-1,-104.37830269177512,-4.185017787675873e-105
53,7.280109889280518,1876,0.9687812187812188,7.052833731398384,-1,-104.5163196772502,-3.0456523081786428e-105
53,7.280109889280518,1877,0.9690309690309691,7.054651940661442,-1,-104.65491419129086,-2.213532020163435e-105
53,7.280109889280518,1878,0.9692807192807193,7.056470149924499,-1,-104.79409308896946,-1.6065968496625693e-105
53,7.280109889280518,1879,0.9695304695304695,7.058288359187555,-1,-104.93386336407991,-1.1644923395111225e-105
53,7.280109889280518,1880,0.9697802197802198,7.060106568450612,-1,-105.07423215309028,-8.4288407174458675e-106
53,7.280109889280518,1881,0.97002997002997,7.06192477771367,-1,-105.2152067392815,-6.0924680552502275e-106
53,7.280109889280518,1882,0.9702797202797202,7.063742986976726,-1,-105.35679455700053,-4.397495897809936e-106
53,7.280109889280518,1883,0.9705294705294705,7.065561196239783,-1,-105.4990031961066,-3.1695441373079675e-106
53,7.280109889280518,1884,0.9707792207792207,7.06737940550284,-1,-105.6418404065716,-2.2811802002753864e-106
53,7.280109889280518,1885,0.971028971028971,7.069197614765898,-1,-105.78531410324979,-1.6394036465153997e-106
53,7.280109889280518,1886,0.9712787212787213,7.0710158240289545,-1,-105.92943237085946,-1.1764341669274874e-106
53,7.280109889280518,1887,0.9715284715284715,7.072834033292012,-1,-106.0742034691216,-8.429397437822366e-107
53,7.280109889280518,1888,0.9717782217782218,7.074652242555069,-1,-106.21963583814042,-6.030650524144413e-107
53,7.280109889280518,1889,0.9720279720279721,7.0764704518181265,-1,-106.36573810396874,-4.3078631265095956e-107
53,7.280109889280518,1890,0.9722777222777224,7.078288661081183,-1,-106.51251908440213,-3.07242234943272e-107
53,7.280109889280518,1891,0.9725274725274725,7.08010687034424,-1,-106.6599877950263,-2.1878231074575738e-107
53,7.280109889280518,1892,0.9727772227772228,7.081925079607297,-1,-106.80815345548395,-1.5554159371243376e-107
53,7.280109889280518,1893,0.973026973026973,7.083743288870354,-1,-106.95702549602295,-1.104013804923423e-107
53,7.280109889280518,1894,0.9732767232767232,7.085561498133411,-1,-107.10661356430643,-7.82323607360284e-108
53,7.280109889280518,1895,0.9735264735264735,7.087379707396468,-1,-107.25692753250013,-5.5344245034923976e-108
53,7.280109889280518,1896,0.9737762237762237,7.089197916659526,-1,-107.40797750468823,-3.90861140847015e-108
53,7.280109889280518,1897,0.974025974025974,7.091016125922582,-1,-107.55977382457837,-2.7556634465870643e-108
53,7.280109889280518,1898,0.9742757242757243,7.09283433518564,-1,-107.71232708354323,-1.939424673597716e-108
53,7.280109889280518,1899,0.9745254745254746,7.094652544448697,-1,-107.86564812903872,-1.3625481893925038e-108
53,7.280109889280518,1900,0.9747752247752248,7.096470753711754,-1,-108.01974807336113,-9.555467212368786e-109
53,7.280109889280518,1901,0.9750249750249751,7.098288962974811,-1,-108.17463830280741,-6.689007720097899e-109
53,7.280109889280518,1902,0.9752747252747253,7.100107172237868,-1,-108.33033048725484,-4.673793419200762e-109
53,7.280109889280518,1903,0.9755244755244755,7.101925381500925,-1,-108.48683659016226,-3.259593250348181e-109
53,7.280109889280518,1904,0.9757742257742258,7.103743590763982,-1,-108.64416887904262,-2.268982367538122e-109
53,7.280109889280518,1905,0.976023976023976,7.105561800027038,-1,-108.8023399363986,-1.5763769052630156e-109
53,7.280109889280518,1906,0.9762737262737262,7.107380009290096,-1,-108.96136267121013,-1.0930432050783895e-109
53,7.280109889280518,1907,0.9765234765234765,7.109198218553153,-1,-109.1212503309212,-7.563967760016773e-110
53,7.280109889280518,1908,0.9767732267732268,7.11101642781621,-1,-109.28201651403344,-5.2237632527880736e-110
53,7.280109889280518,1909,0.977022977022977,7.112834637079267,-1,-109.44367518327984,-3.600184988522234e-110
53,7.280109889280518,1910,0.9772727272727273,7.114652846342325,-1,-109.60624067947941,-2.4760494878999734e-110
53,7.280109889280518,1911,0.9775224775224776,7.116471055605381,-1,-109.76972773603644,-1.6993086337820868e-110
53,7.280109889280518,1912,0.9777722277722278,7.118289264868439,-1,-109.93415149419309,-1.163720020158637e-110
53,7.280109889280518,1913,0.9780219780219781,7.120107474131496,-1,-110.09952751903779,-7.951928765990214e-111
53,7.280109889280518,1914,0.9782717282717283,7.121925683394553,-1,-110.26587181633083,-5.421608876378919e-111
53,7.280109889280518,1915,0.9785214785214785,7.12374389265761,-1,-110.43320085021854,-3.6880699521178634e-111
53,7.280109889280518,1916,0.9787712287712288,7.125562101920667,-1,-110.60153156184792,-2.5030437359717124e-111
53,7.280109889280518,1917,0.979020979020979,7.127380311183724,-1,-110.77088138898037,-1.694800607570688e-111
53,7.280109889280518,1918,0.9792707292707292,7.1291985204467805,-1,-110.94126828665625,-1.1448055160846317e-111
53,7.280109889280518,1919,0.9795204795204795,7.131016729709838,-1,-111.11271074897329,-7.71417081146513e-112
53,7.280109889280518,1920,0.9797702297702298,7.132834938972895,-1,-111.28522783206064,-5.185279464008587e-112
53,7.280109889280518,1921,0.98001998001998,7.1346531482359525,-1,-111.45883917832921,-3.476648798547554e-112
53,7.280109889280518,1922,0.9802697302697303,7.136471357499009,-1,-111.63356504209405,-2.325064246651997e-112
53,7.280109889280518,1923,0.9805194805194806,7.138289566762067,-1,-111.80942631663613,-1.550863887477138e-112
53,7.280109889280518,1924,0.9807692307692308,7.140107776025124,-1,-111.98644456284163,-1.0317047668835593e-112
53,7.280109889280518,1925,0.981018981018981,7.1419259852881805,-1,-112.16464203950657,-6.844755832291488e-113
53,7.280109889280518,1926,0.9812687312687313,7.143744194551237,-1,-112.34404173543683,-4.5285405881152423e-113
53,7.280109889280518,1927,0.9815184815184815,7.145562403814295,-1,-112.52466740347232,-2.987669795566878e-113
53,7.280109889280518,1928,0.9817682317682317,7.147380613077352,-1,-112.70654359657989,-1.9654246718457577e-113
53,7.280109889280518,1929,0.982017982017982,7.149198822340408,-1,-112.88969570617083,-1.2891524960534668e-113
53,7.280109889280518,1930,0.9822677322677322,7.151017031603466,-1,-113.07415000281098,-8.430435250974354e-114
53,7.280109889280518,1931,0.9825174825174825,7.152835240866523,-1,-113.25993367951142,-5.4962479986566974e-114
53,7.280109889280518,1932,0.9827672327672328,7.15465345012958,-1,-113.44707489780079,-3.572112287055649e-114
53,7.280109889280518,1933,0.983016983016983,7.156471659392637,-1,-113.63560283680148,-2.3141801452907822e-114
53,7.280109889280518,1934,0.9832667332667333,7.158289868655695,-1,-113.82554774555311,-1.4943497472157606e-114
53,7.280109889280518,1935,0.9835164835164836,7.160108077918752,-1,-114.0169409988496,-9.617429272570392e-115
53,7.280109889280518,1936,0.9837662337662338,7.161926287181809,-1,-114.2098151568826,-6.168574910364572e-115
53,7.280109889280518,1937,0.984015984015984,7.163744496444865,-1,-114.40420402901285,-3.9427203185983824e-115
53,7.280109889280518,1938,0.9842657342657343,7.165562705707923,-1,-114.60014274202328,-2.5110609712532356e-115
53,7.280109889280518,1939,0.9845154845154845,7.1673809149709795,-1,-114.79766781325759,-1.593427054666755e-115
53,7.280109889280518,1940,0.9847652347652347,7.169199124234036,-1,-114.9968172290545,-1.0073555208509122e-115
53,7.280109889280518,1941,0.985014985014985,7.171017333497093,-1,-115.19763052896947,-6.344091980646954e-116
53,7.280109889280518,1942,0.9852647352647352,7.172835542760151,-1,-115.40014889632347,-3.979707043162373e-116
53,7.280109889280518,1943,0.9855144855144855,7.174653752023207,-1,-115.60441525565157,-2.4864787061524516e-116
53,7.280109889280518,1944,0.9857642357642358,7.176471961286265,-1,-115.81047437771242,-1.547125777804489e-116
53,7.280109889280518,1945,0.986013986013986,7.178290170549322,-1,-116.01837299280349,-9.585770062547139e-117
53,7.280109889280518,1946,0.9862637362637363,7.1801083798123795,-1,-116.22815991315734,-5.913438532030276e-117
53,7.280109889280518,1947,0.9865134865134866,7.181926589075436,-1,-116.43988616538327,-3.6317323504545645e-117
53,7.280109889280518,1948,0.9867632367632367,7.183744798338493,-1,-116.65360513394262,-2.2202141492841508e-117
53,7.280109889280518,1949,0.987012987012987,7.185563007601551,-1,-116.86937271679952,-1.350912695874887e-117
53,7.280109889280518,1950,0.9872627372627373,7.187381216864607,-1,-117.08724749456094,-8.179984965192409e-118
53,7.280109889280518,1951,0.9875124875124874,7.189199426127664,-1,-117.30729091455397,-4.928435593827526e-118
53,7.280109889280518,1952,0.9877622377622377,7.191017635390721,-1,-117.5295674914629,-2.9541497636444123e-118
53,7.280109889280518,1953,0.988011988011988,7.192835844653779,-1,-117.75414502641947,-1.7613877579879538e-118
53,7.280109889280518,1954,0.9882617382617382,7.194654053916835,-1,-117.98109484666021,-1.0444920850664246e-118
53,7.280109889280518,1955,0.9885114885114885,7.196472263179893,-1,-118.2104920681122,-6.158967776568737e-119
53,7.280109889280518,1956,0.9887612387612388,7.19829047244295,-1,-118.44241588374642,-3.6106393942269533e-119
53,7.280109889280518,1957,0.989010989010989,7.200108681706007,-1,-118.67694988073545,-2.1040212379526337e-119
53,7.280109889280518,1958,0.9892607392607393,7.201926890969064,-1,-118.91418239014891,-1.2184777687633287e-119
53,7.280109889280518,1959,0.9895104895104896,7.203745100232122,-1,-119.15420687322911,-7.011212445174509e-120
53,7.280109889280518,1960,0.9897602397602397,7.205563309495178,-1,-119.39712234916318,-4.007538016185086e-120
53,7.280109889280518,1961,0.99000999000999,7.207381518758235,-1,-119.64303386983832,-2.27492000697171e-120
53,7.280109889280518,1962,0.9902597402597403,7.209199728021292,-1,-119.89205304809809,-1.2821739584137305e-120
53,7.280109889280518,1963,0.9905094905094904,7.211017937284349,-1,-120.14429864707495,-7.17300862306821e-121
53,7.280109889280518,1964,0.9907592407592407,7.2128361465474065,-1,-120.39989723939883,-3.9820137983818435e-121
53,7.280109889280518,1965,0.991008991008991,7.214654355810463,-1,-120.65898394678796,-2.1928859914417582e-121
53,7.280109889280518,1966,0.9912587412587412,7.216472565073521,-1,-120.92170327223036,-1.197558472825365e-121
53,7.280109889280518,1967,0.9915084915084915,7.218290774336578,-1,-121.18821003943746,-6.483208079377332e-122
53,7.280109889280518,1968,0.9917582417582418,7.220108983599635,-1,-121.45867045691476,-3.4779997230581225e-122
53,7.280109889280518,1969,0.9920079920079921,7.221927192862692,-1,-121.73326332751687,-1.8481476843763602e-122
53,7.280109889280518,1970,0.9922577422577423,7.22374540212575,-1,-122.01218142856658,-9.723409389094103e-123
53,7.280109889280518,1971,0.9925074925074925,7.2255636113888055,-1,-122.29563309290532,-5.062521808496368e-123
53,7.280109889280518,1972,0.9927572427572428,7.227381820651863,-1,-122.58384402785649,-2.6070896898163156e-123
53,7.280109889280518,1973,0.993006993006993,7.22920002991492,-1,-122.8770594174064,-1.3272128644923655e-123
53,7.280109889280518,1974,0.9932567432567432,7.231018239177977,-1,-123.1755463634734,-6.6750363724713036e-124
53,7.280109889280518,1975,0.9935064935064934,7.2328364484410335,-1,-123.4795967356563,-3.3143873623565863e-124
53,7.280109889280518,1976,0.9937562437562437,7.234654657704091,-1,-123.78953051631152,-1.623564264451719e-124
53,7.280109889280518,1977,0.994005994005994,7.236472866967148,-1,-124.10569975047504,-7.839714541817809e-125
53,7.280109889280518,1978,0.9942557442557443,7.2382910762302055,-1,-124.42849324007689,-3.728264880532365e-125
53,7.280109889280518,1979,0.9945054945054945,7.240109285493262,-1,-124.75834216142982,-1.744447238486305e-125
53,7.280109889280518,1980,0.9947552447552448,7.24192749475632,-1,-125.09572683842343,-8.021824596819819e-126
53,7.280109889280518,1981,0.9950049950049951,7.243745704019377,-1,-125.44118497613741,-3.6208874353735975e-126
53,7.280109889280518,1982,0.9952547452547453,7.245563913282434,-1,-125.79532175965298,-1.602058019782904e-126
53,7.280109889280518,1983,0.9955044955044955,7.247382122545491,-1,-126.1588223623739,-6.9370949304048815e-127
53,7.280109889280518,1984,0.9957542457542458,7.249200331808548,-1,-126.53246760676917,-2.9344883739121826e-127
53,7.280109889280518,1985,0.996003996003996,7.2510185410716055,-1,-126.91715380750217,-1.2101694702469795e-127
53,7.280109889280518,1986,0.9962537462537462,7.252836750334661,-1,-127.31391825013392,-4.853798575374824e-128
53,7.280109889280518,1987,0.9965034965034965,7.254654959597719,-1,-127.72397239646249,-1.8881113526846896e-128
53,7.280109889280518,1988,0.9967532467532467,7.256473168860776,-1,-128.1487458921072,-7.099930669808497e-129
53,7.280109889280518,1989,0.997002997002997,7.258291378123833,-1,-128.5899460140932,-2.5707153211882276e-129
53,7.280109889280518,1990,0.9972527472527473,7.26010958738689,-1,-129.04963975295385,-8.919905370279105e-130
53,7.280109889280518,1991,0.9975024975024975,7.261927796649948,-1,-129.53037006072614,-2.9486955832549298e-130
53,7.280109889280518,1992,0.9977522477522478,7.263746005913005,-1,-130.03532546516414,-9.218803007632145e-131
53,7.280109889280518,1993,0.9980019980019981,7.265564215176062,-1,-130.56859649041186,-2.700247107835297e-131
53,7.280109889280518,1994,0.9982517482517482,7.267382424439118,-1,-131.13558036137596,-7.318458907068326e-132
53,7.280109889280518,1995,0.9985014985014985,7.269200633702176,-1,-131.7436547616942,-1.8044516026638117e-132
53,7.280109889280518,1996,0.9987512487512488,7.2710188429652325,-1,-132.40337857077904,-3.950221325379514e-133
53,7.280109889280518,1997,0.9990009990009989,7.272837052228289,-1,-133.1308339428422,-7.398881251475863e-134
53,7.280109889280518,1998,0.9992507492507492,7.274655261491346,-1,-133.95281003052878,-1.1147820558973056e-134
53,7.280109889280518,1999,0.9995004995004995,7.276473470754404,-1,-134.92071508648797,-1.2002864779799723e-135
53,7.280109889280518,2000,0.9997502497502497,7.27829168001746,-1,-136.16336337607476,-6.864938073058192e-137
257,16.0312195418814,0,0.5002497502497503,8.019613572025085,-1,-91.01078789112664,-9.754659377207815e-92
257,16.0312195418814,1,0.5004995004995005,8.023617373109472,-1,-91.11095247854395,-7.745465457499387e-92
257,16.0312195418814,2,0.5007492507492507,8.027621174193856,-1,-91.21118477501243,-6.149151951118707e-92
257,16.0312195418814,3,0.500999000999001,8.031624975278243,-1,-91.31148481374099,-4.881071689115615e-92
257,16.0312195418814,4,0.5012487512487512,8.035628776362628,-1,-91.41185262798666,-3.873890779133181e-92
257,16.0312195418814,5,0.5014985014985015,8.039632577447016,-1,-91.5122882510495,-3.074055817261333e-92
257,16.0312195418814,6,0.5017482517482518,8.043636378531401,-1,-91.61279171627413,-2.4389802509047085e-92
257,16.0312195418814,7,0.501998001998002,8.047640179615788,-1,-91.71336305705245,-1.934803850189462e-92
257,16.0312195418814,8,0.5022477522477522,8.051643980700172,-1,-91.81400230682328,-1.5346088314620155e-92
257,16.0312195418814,9,0.5024975024975025,8.05564778178456,-1,-91.9147094990681,-1.2169997833915244e-92
257,16.0312195418814,10,0.5027472527472527,8.059651582868945,-1,-92.01548466731604,-9.649733794055224e-93
257,16.0312195418814,11,0.502997002997003,8.06365538395333,-1,-92.11632784514508,-7.650188827467e-93
257,16.0312195418814,12,0.5032467532467533,8.067659185037718,-1,-92.21723906617692,-6.064024312195568e-93
257,16.0312195418814,13,0.5034965034965035,8.071662986122103,-1,-92.31821836407805,-4.805976422959373e-93
257,16.0312195418814,14,0.5037462537462537,8.075666787206488,-1,-92.4192657725629,-3.8083269619052166e-93
257,16.0312195418814,15,0.503996003996004,8.079670588290874,-1,-92.52038132539369,-3.017301263374709e-93
257,16.0312195418814,16,0.5042457542457542,8.083674389375261,-1,-92.6215650563743,-2.3902038611559374e-93
257,16.0312195418814,17,0.5044955044955045,8.087678190459647,-1,-92.72281699935934,-1.8931411721029387e-93
257,16.0312195418814,18,0.5047452547452548,8.091681991544034,-1,-92.82413718825129,-1.4992111784405362e-93
257,16.0312195418814,19,0.504995004995005,8.09568579262842,-1,-92.92552565699609,-1.1870645702637456e-93
257,16.0312195418814,20,0.5052447552447552,8.099689593712803,-1,-93.02698243958613,-9.397613084314245e-94
257,16.0312195418814,21,0.5054945054945055,8.10369339479719,-1,-93.12850757006301,-7.438620967469148e-94
257,16.0312195418814,22,0.5057442557442557,8.107697195881576,-1,-93.23010108251408,-5.88706617301395e-94
257,16.0312195418814,23,0.505994005994006,8.111700996965963,-1,-93.33176301107089,-4.6584022721565736e-94
257,16.0312195418814,24,0.5062437562437563,8.115704798050349,-1,-93.43349338991798,-3.6855865137429796e-94
257,16.0312195418814,25,0.5064935064935064,8.119708599134734,-1,-93.53529225328424,-2.915464426762636e-94
257,16.0312195418814,26,0.5067432567432567,8.12371240021912,-1,-93.63715963544398,-2.3058994437963972e-94
257,16.0312195418814,27,0.506993006993007,8.127716201303507,-1,-93.7390955707202,-1.8234943805089908e-94
257,16.0312195418814,28,0.5072427572427572,8.131720002387892,-1,-93.84110009348497,-1.4417830200665062e-94
257,16.0312195418814,29,0.5074925074925075,8.13572380347228,-1,-93.94317323815255,-1.1397950376570304e-94
257,16.0312195418814,30,0.5077422577422578,8.139727604556665,-1,-94.04531503919026,-9.009173709580102e-95
257,16.0312195418814,31,0.5079920079920079,8.143731405641049,-1,-94.14752553111302,-7.119909425584214e-95
257,16.0312195418814,32,0.5082417582417582,8.147735206725436,-1,-94.24980474847978,-5.6259420126537516e-95
257,16.0312195418814,33,0.5084915084915085,8.151739007809821,-1,-94.35215272589865,-4.44474933981253e-95
257,16.0312195418814,34,0.5087412587412588,8.155742808894209,-1,-94.45456949802747,-3.510997352425787e-95
257,16.0312195418814,35,0.508991008991009,8.159746609978594,-1,-94.55705509956753,-2.772968271847931e-95
257,16.0312195418814,36,0.5092407592407593,8.163750411062981,-1,-94.6596095652719,-2.189729326102047e-95
257,16.0312195418814,37,0.5094905094905094,8.167754212147365,-1,-94.76223292994324,-1.7288888365096225e-95
257,16.0312195418814,38,0.5097402597402597,8.171758013231752,-1,-94.86492522842855,-1.3648180942353423e-95
257,16.0312195418814,39,0.50999000999001,8.175761814316138,-1,-94.96768649562381,-1.0772425626541596e-95
257,16.0312195418814,40,0.5102397602397603,8.179765615400523,-1,-95.07051676647436,-8.501258723955867e-96
257,16.0312195418814,41,0.5104895104895105,8.18376941648491,-1,-95.17341607597388,-6.707858983290854e-96
257,16.0312195418814,42,0.5107392607392608,8.187773217569296,-1,-95.27638445916402,-5.291947668385244e-96
257,16.0312195418814,43,0.510989010989011,8.191777018653681,-1,-95.37942195113598,-4.174246088339982e-96
257,16.0312195418814,44,0.5112387612387612,8.195780819738067,-1,-95.48252858702541,-3.2920878276198856e-96
257,16.0312195418814,45,0.5114885114885115,8.199784620822454,-1,-95.5857044020235,-2.595945664086919e-96
257,16.0312195418814,46,0.5117382617382618,8.20378842190684,-1,-95.68894943136706,-2.0466829357062986e-96
257,16.0312195418814,47,0.511988011988012,8.207792222991227,-1,-95.7922637103396,-1.6133785908486682e-96
257,16.0312195418814,48,0.5122377622377622,8.21179602407561,-1,-95.89564727427687,-1.2716064605186087e-96
257,16.0312195418814,49,0.5124875124875125,8.215799825159998,-1,-95.99910015856122,-1.0020741094784206e-96
257,16.0312195418814,50,0.5127372627372627,8.219803626244383,-1,-96.1026223986237,-7.895462976439112e-97
257,16.0312195418814,51,0.512987012987013,8.223807427328769,-1,-96.20621402994963,-6.21993677349062e-97
257,16.0312195418814,52,0.5132367632367633,8.227811228413156,-1,-96.30987508806885,-4.89919709984716e-97
257,16.0312195418814,53,0.5134865134865135,8.231815029497541,-1,-96.41360560856079,-3.858285772102137e-97
257,16.0312195418814,54,0.5137362637362637,8.235818830581927,-1,-96.51740562705693,-3.0380461929222334e-97
257,16.0312195418814,55,0.513986013986014,8.239822631666312,-1,-96.62127517923341,-2.3917997753894516e-97
257,16.0312195418814,56,0.5142357642357642,8.2438264327507,-1,-96.72521430082138,-1.8827198398994077e-97
257,16.0312195418814,57,0.5144855144855145,8.247830233835085,-1,-96.82922302760133,-1.4817569482176673e-97
257,16.0312195418814,58,0.5147352647352648,8.251834034919472,-1,-96.93330139539948,-1.1660001454565674e-97
257,16.0312195418814,59,0.514985014985015,8.255837836003858,-1,-97.03744944009512,-9.173827294791995e-98
257,16.0312195418814,60,0.5152347652347652,8.259841637088241,-1,-97.14166719761623,-7.216602798123273e-98
257,16.0312195418814,61,0.5154845154845155,8.263845438172629,-1,-97.24595470393899,-5.676038022825698e-98
257,16.0312195418814,62,0.5157342657342657,8.267849239257014,-1,-97.35031199509596,-4.4636281201420266e-98
257,16.0312195418814,63,0.515984015984016,8.271853040341401,-1,-97.45473910716433,-3.509626437095685e-98
257,16.0312195418814,64,0.5162337662337663,8.275856841425787,-1,-97.55923607627216,-2.7590776533412573e-98
257,16.0312195418814,65,0.5164835164835165,8.279860642510174,-1,-97.66380293860068,-2.168687925133237e-98
257,16.0312195418814,66,0.5167332667332667,8.283864443594558,-1,-97.76843973037546,-1.704355826484614e-98
257,16.0312195418814,67,0.516983016983017,8.287868244678945,-1,-97.87314648788102,-1.3392248895927421e-98
257,16.0312195418814,68,0.5172327672327672,8.29187204576333,-1,-97.97792324744825,-1.0521478027183885e-98
257,16.0312195418814,69,0.5174825174825175,8.295875846847718,-1,-98.0827700454571,-8.264754441448518e-99
257,16.0312195418814,70,0.5177322677322678,8.299879647932103,-1,-98.18768691834192,-6.491022008542456e-99
257,16.0312195418814,71,0.517982017982018,8.303883449016489,-1,-98.29267390258272,-5.097134544434285e-99
257,16.0312195418814,72,0.5182317682317682,8.307887250100874,-1,-98.39773103471614,-4.001925184405847e-99
257,16.0312195418814,73,0.5184815184815185,8.31189105118526,-1,-98.50285835132931,-3.141533163340461e-99
257,16.0312195418814,74,0.5187312687312687,8.315894852269647,-1,-98.60805588905646,-2.4657220047568783e-99
257,16.0312195418814,75,0.518981018981019,8.319898653354032,-1,-98.713323684587,-1.934979264462782e-99
257,16.0312195418814,76,0.5192307692307693,8.32390245443842,-1,-98.8186617746574,-1.5182322952863947e-99
257,16.0312195418814,77,0.5194805194805194,8.327906255522803,-1,-98.92407019605932,-1.1910494802826486e-99
257,16.0312195418814,78,0.5197302697302697,8.33191005660719,-1,-99.02954898563729,-9.342239878291829e-100
257,16.0312195418814,79,0.51998001998002,8.335913857691576,-1,-99.13509818028253,-7.326588833537141e-100
257,16.0312195418814,80,0.5202297702297702,8.339917658775962,-1,-99.24071781694045,-5.744896158846528e-100
257,16.0312195418814,81,0.5204795204795205,8.343921459860349,-1,-99.34640793260843,-4.5039345142870027e-100
257,16.0312195418814,82,0.5207292707292708,8.347925260944734,-1,-99.45216856433655,-3.5304611409108674e-100
257,16.0312195418814,83,0.5209790209790209,8.35192906202912,-1,-99.55799974922373,-2.766943243137333e-100
257,16.0312195418814,84,0.5212287712287712,8.355932863113505,-1,-99.663901524425,-2.1681956839678746e-100
257,16.0312195418814,85,0.5214785214785215,8.359936664197892,-1,-99.76987392714108,-1.69873671309366e-100
257,16.0312195418814,86,0.5217282717282717,8.363940465282278,-1,-99.87591699463357,-1.3307087279343215e-100
257,16.0312195418814,87,0.521978021978022,8.367944266366665,-1,-99.98203076421129,-1.0422435971452402e-100
257,16.0312195418814,88,0.5222277722277723,8.37194806745105,-1,-100.0882152732346,-8.161777040761046e-101
257,16.0312195418814,89,0.5224775224775224,8.375951868535436,-1,-100.19447055911947,-6.390420566257202e-101
257,16.0312195418814,90,0.5227272727272727,8.379955669619822,-1,-100.30079665932895,-5.002687105628471e-101
257,16.0312195418814,91,0.522977022977023,8.383959470704207,-1,-100.40719361138763,-3.915672748785699e-101
257,16.0312195418814,92,0.5232267732267732,8.387963271788594,-1,-100.5136614528656,-3.0643512676004485e-101
257,16.0312195418814,93,0.5234765234765235,8.39196707287298,-1,-100.62020022138819,-2.39772724768566e-101
257,16.0312195418814,94,0.5237262737262738,8.395970873957367,-1,-100.72680995463273,-1.8758151770172705e-101
257,16.0312195418814,95,0.5239760239760239,8.39997467504175,-1,-100.83349069032907,-1.4672675393717145e-101
257,16.0312195418814,96,0.5242257742257742,8.403978476126138,-1,-100.94024246626527,-1.1475127871446432e-101
257,16.0312195418814,97,0.5244755244755245,8.407982277210523,-1,-101.0470653202759,-8.972938264301823e-102
257,16.0312195418814,98,0.5247252747252747,8.41198607829491,-1,-101.15395929025334,-7.0152105427712544e-102
257,16.0312195418814,99,0.524975024975025,8.415989879379296,-1,-101.26092441413782,-5.483723969269723e-102
257,16.0312195418814,100,0.5252247752247752,8.419993680463682,-1,-101.36796072993016,-4.285872726540642e-102
257,16.0312195418814,101,0.5254745254745254,8.423997481548067,-1,-101.47506827568206,-3.3491278319010316e-102
257,16.0312195418814,102,0.5257242757242757,8.428001282632453,-1,-101.58224708949628,-2.616693830828614e-102
257,16.0312195418814,103,0.525974025974026,8.43200508371684,-1,-101.68949720953293,-2.0441030699108427e-102
257,16.0312195418814,104,0.5262237762237763,8.436008884801225,-1,-101.79681867400042,-1.5965455954916152e-102
257,16.0312195418814,105,0.5264735264735265,8.440012685885613,-1,-101.90421152117023,-1.2467761296477124e-102
257,16.0312195418814,106,0.5267232767232767,8.444016486969996,-1,-102.0116757893599,-9.734736726723284e-103
257,16.0312195418814,107,0.526973026973027,8.448020288054384,-1,-102.11921151694533,-7.599560610115772e-103
257,16.0312195418814,108,0.5272227772227772,8.452024089138769,-1,-102.22681874235184,-5.931728402285703e-103
257,16.0312195418814,109,0.5274725274725275,8.456027890223156,-1,-102.33449750406494,-4.629163241976832e-103
257,16.0312195418814,110,0.5277222777222778,8.460031691307542,-1,-102.44224784062314,-3.612036742215361e-103
257,16.0312195418814,111,0.527972027972028,8.464035492391927,-1,-102.5500697906161,-2.817930056807626e-103
257,16.0312195418814,112,0.5282217782217782,8.468039293476313,-1,-102.65796339269188,-2.198045141370864e-103
257,16.0312195418814,113,0.5284715284715285,8.472043094560698,-1,-102.76592868554786,-1.7142387754237457e-103
257,16.0312195418814,114,0.5287212787212787,8.476046895645085,-1,-102.87396570794542,-1.3367010587946663e-103
257,16.0312195418814,115,0.528971028971029,8.48005069672947,-1,-102.98207449869228,-1.0421386460356511e-103
257,16.0312195418814,116,0.5292207792207793,8.484054497813858,-1,-103.09025509665578,-8.123532145403232e-104
257,16.0312195418814,117,0.5294705294705295,8.488058298898244,-1,-103.19850754075283,-6.331293684476553e-104
257,16.0312195418814,118,0.5297202797202797,8.492062099982629,-1,-103.30683186996396,-4.9336476512299783e-104
257,16.0312195418814,119,0.52997002997003,8.496065901067015,-1,-103.41522812331932,-3.8438981927737406e-104
257,16.0312195418814,120,0.5302197802197802,8.500069702151402,-1,-103.52369633990503,-2.99435756924865e-104
257,16.0312195418814,121,0.5304695304695305,8.504073503235787,-1,-103.63223655886368,-2.3321873809770182e-104
257,16.0312195418814,122,0.5307192807192808,8.508077304320173,-1,-103.74084881939041,-1.8161477650771814e-104
257,16.0312195418814,123,0.5309690309690309,8.512081105404558,-1,-103.84953316074309,-1.4140567500329137e-104
257,16.0312195418814,124,0.5312187812187812,8.516084906488944,-1,-103.9582896222279,-1.100804960088542e-104
257,16.0312195418814,125,0.5314685314685315,8.520088707573331,-1,-104.06711824321144,-8.568045355358936e-105
257,16.0312195418814,126,0.5317182817182817,8.524092508657716,-1,-104.17601906311052,-6.667775007501922e-105
257,16.0312195418814,127,0.531968031968032,8.528096309742104,-1,-104.28499212140765,-5.188094506329049e-105
257,16.0312195418814,128,0.5322177822177823,8.53210011082649,-1,-104.39403745763288,-4.036105803011589e-105
257,16.0312195418814,129,0.5324675324675324,8.536103911910875,-1,-104.50315511137737,-3.1393872390360346e-105
257,16.0312195418814,130,0.5327172827172827,8.54010771299526,-1,-104.61234512228225,-2.4414895946902926e-105
257,16.0312195418814,131,0.532967032967033,8.544111514079646,-1,-104.72160753005521,-1.8984207404317863e-105
257,16.0312195418814,132,0.5332167832167832,8.548115315164033,-1,-104.8309423744526,-1.4759023544118324e-105
257,16.0312195418814,133,0.5334665334665335,8.552119116248418,-1,-104.94034969529076,-1.1472294966725836e-105
257,16.0312195418814,134,0.5337162837162838,8.556122917332805,-1,-105.04982953243793,-8.916008371129166e-106
257,16.0312195418814,135,0.5339660339660339,8.56012671841719,-1,-105.15938192582749,-6.92816263830823e-106
257,16.0312195418814,136,0.5342157842157842,8.564130519501576,-1,-105.26900691544415,-5.382612115002047e-106
257,16.0312195418814,137,0.5344655344655345,8.568134320585962,-1,-105.37870454133113,-4.1811472118444466e-106
257,16.0312195418814,138,0.5347152847152847,8.57213812167035,-1,-105.488474843585,-3.247320516576798e-106
257,16.0312195418814,139,0.534965034965035,8.576141922754735,-1,-105.59831786236725,-2.5216344996418326e-106
257,16.0312195418814,140,0.5352147852147853,8.580145723839122,-1,-105.70823363789147,-1.9577911550378556e-106
257,16.0312195418814,141,0.5354645354645354,8.584149524923506,-1,-105.81822221043016,-1.5197697277811914e-106
257,16.0312195418814,142,0.5357142857142857,8.588153326007891,-1,-105.9282836203093,-1.1795500672208704e-106
257,16.0312195418814,143,0.535964035964036,8.592157127092278,-1,-106.03841790792076,-9.153392640168473e-107
257,16.0312195418814,144,0.5362137862137862,8.596160928176664,-1,-106.1486251137083,-7.101905453150931e-107
257,16.0312195418814,145,0.5364635364635365,8.600164729261051,-1,-106.25890527817532,-5.509278434537557e-107
257,16.0312195418814,146,0.5367132867132867,8.604168530345435,-1,-106.3692584418788,-4.273085258309526e-107
257,16.0312195418814,147,0.5369630369630369,8.608172331429822,-1,-106.47968464544283,-3.3137165327458636e-107
257,16.0312195418814,148,0.5372127872127872,8.612176132514207,-1,-106.59018392954249,-2.5693074161383222e-107
257,16.0312195418814,149,0.5374625374625375,8.616179933598595,-1,-106.70075633491435,-1.991790538740813e-107
257,16.0312195418814,150,0.5377122877122877,8.62018373468298,-1,-106.81140190234765,-1.5438251003660818e-107
257,16.0312195418814,151,0.537962037962038,8.624187535767366,-1,-106.92212067270059,-1.1964080521799602e-107
257,16.0312195418814,152,0.5382117882117882,8.628191336851751,-1,-107.03291268688122,-9.270161774343108e-108
257,16.0312195418814,153,0.5384615384615384,8.632195137936137,-1,-107.1437779858604,-7.181613261488811e-108
257,16.0312195418814,154,0.5387112887112887,8.636198939020524,-1,-107.2547166106623,-5.5626711877521056e-108
257,16.0312195418814,155,0.538961038961039,8.64020274010491,-1,-107.36572860238037,-4.307957375899469e-108
257,16.0312195418814,156,0.5392107892107892,8.644206541189297,-1,-107.47681400215704,-3.3356924183001525e-108
257,16.0312195418814,157,0.5394605394605395,8.648210342273682,-1,-107.58797285119928,-2.5824216190235683e-108
257,16.0312195418814,158,0.5397102897102897,8.652214143358067,-1,-107.69920519076861,-1.9989172196615775e-108
257,16.0312195418814,159,0.5399600399600399,8.656217944442453,-1,-107.8105110621939,-1.5469950989395058e-108
257,16.0312195418814,160,0.5402097902097902,8.66022174552684,-1,-107.92189050685484,-1.1970422883168982e-108
257,16.0312195418814,161,0.5404595404595405,8.664225546611226,-1,-108.03334356619608,-9.260969071419176e-109
257,16.0312195418814,162,0.5407092907092907,8.668229347695611,-1,-108.14487028172071,-7.1635734515729175e-109
257,16.0312195418814,163,0.540959040959041,8.672233148779998,-1,-108.25647069498667,-5.540249267762235e-109
257,16.0312195418814,164,0.5412087912087912,8.676236949864382,-1,-108.36814484762216,-4.284056130240371e-109
257,16.0312195418814,165,0.5414585414585414,8.68024075094877,-1,-108.47989278130606,-3.3121288128096036e-109
257,16.0312195418814,166,0.5417082917082917,8.684244552033155,-1,-108.59171453778184,-2.560268200923647e-109
257,16.0312195418814,167,0.541958041958042,8.688248353117542,-1,-108.70361015884933,-1.978745048649885e-109
257,16.0312195418814,168,0.5422077922077922,8.692252154201928,-1,-108.81557968637544,-1.5290451643458673e-109
257,16.0312195418814,169,0.5424575424575424,8.696255955286313,-1,-108.92762316228124,-1.181345245408834e-109
257,16.0312195418814,170,0.5427072927072927,8.700259756370698,-1,-109.0397406285482,-9.125556775613673e-110
257,16.0312195418814,171,0.542957042957043,8.704263557455084,-1,-109.1519321272241,-7.048032090089552e-110
257,16.0312195418814,172,0.5432067932067932,8.708267358539471,-1,-109.26419770041284,-5.442548396522832e-110
257,16.0312195418814,173,0.5434565434565435,8.712271159623857,-1,-109.37653739028099,-4.20206348746947e-110
257,16.0312195418814,174,0.5437062937062938,8.716274960708244,-1,-109.48895123905123,-3.2437603502441067e-110
257,16.0312195418814,175,0.5439560439560439,8.720278761792628,-1,-109.60143928901766,-2.5035756042708294e-110
257,16.0312195418814,176,0.5442057942057942,8.724282562877015,-1,-109.71400158252598,-1.9319612771289574e-110
257,16.0312195418814,177,0.5444555444555444,8.7282863639614,-1,-109.82663816198638,-1.4906024750520375e-110
257,16.0312195418814,178,0.5447052947052947,8.732290165045788,-1,-109.93934906987089,-1.1498757897071818e-110
257,16.0312195418814,179,0.544955044955045,8.736293966130173,-1,-110.05213434871442,-8.868816133495768e-111
257,16.0312195418814,180,0.5452047952047953,8.74029776721456,-1,-110.16499404111151,-6.839210311934114e-111
257,16.0312195418814,181,0.5454545454545454,8.744301568298944,-1,-110.27792818971453,-5.273170457153044e-111
257,16.0312195418814,182,0.5457042957042957,8.74830536938333,-1,-110.39093683724835,-4.065024456105216e-111
257,16.0312195418814,183,0.545954045954046,8.752309170467717,-1,-110.50402002649022,-3.1331412433888164e-111
257,16.0312195418814,184,0.5462037962037962,8.756312971552102,-1,-110.61717780028259,-2.414472146500788e-111
257,16.0312195418814,185,0.5464535464535465,8.76031677263649,-1,-110.73041020153023,-1.8603291811512556e-111
257,16.0312195418814,186,0.5467032967032968,8.764320573720875,-1,-110.84371727320169,-1.4331205607419734e-111
257,16.0312195418814,187,0.5469530469530469,8.76832437480526,-1,-110.9570990583263,-1.103826819078429e-111
257,16.0312195418814,188,0.5472027972027972,8.772328175889646,-1,-111.07055559999178,-8.500498596823017e-112
257,16.0312195418814,189,0.5474525474525475,8.776331976974033,-1,-111.18408694135927,-6.54505135648281e-112
257,16.0312195418814,190,0.5477022977022977,8.780335778058419,-1,-111.29769312564291,-5.03856510219144e-112
257,16.0312195418814,191,0.547952047952048,8.784339579142806,-1,-111.41137419612174,-3.87816072526146e-112
257,16.0312195418814,192,0.5482017982017982,8.78834338022719,-1,-111.52513019614132,-2.984487772085097e-112
257,16.0312195418814,193,0.5484515484515484,8.792347181311575,-1,-111.63896116910783,-2.296353959232843e-112
257,16.0312195418814,194,0.5487012987012987,8.796350982395962,-1,-111.75286715849106,-1.7665780969789634e-112
257,16.0312195418814,195,0.548951048951049,8.800354783480348,-1,-111.86684820782067,-1.358788279684795e-112
257,16.0312195418814,196,0.5492007992007992,8.804358584564735,-1,-111.98090436069832,-1.0449503103659588e-112
257,16.0312195418814,197,0.5494505494505495,8.80836238564912,-1,-112.09503566078197,-8.03460145769498e-113
257,16.0312195418814,198,0.5497002997002997,8.812366186733506,-1,-112.2092421517916,-6.17671905628544e-113
257,16.0312195418814,199,0.5499500499500499,8.816369987817891,-1,-112.3235238775208,-4.747621877878051e-113
257,16.0312195418814,200,0.5501998001998002,8.820373788902279,-1,-112.43788088181857,-3.648540052679199e-113
257,16.0312195418814,201,0.5504495504495505,8.824377589986664,-1,-112.55231320859747,-2.803411118213842e-113
257,16.0312195418814,202,0.5506993006993007,8.82838139107105,-1,-112.66682090184219,-2.1536697007704073e-113
257,16.0312195418814,203,0.550949050949051,8.832385192155437,-1,-112.78140400559508,-1.6542303876507242e-113
257,16.0312195418814,204,0.5511988011988012,8.83638899323982,-1,-112.8960625639602,-1.2703910809575427e-113
257,16.0312195418814,205,0.5514485514485514,8.840392794324208,-1,-113.01079662111712,-9.754463295444802e-114
257,16.0312195418814,206,0.5516983016983017,8.844396595408593,-1,-113.1256062213001,-7.488481801400477e-114
257,16.0312195418814,207,0.551948051948052,8.84840039649298,-1,-113.24049140880997,-5.747891891817982e-114
257,16.0312195418814,208,0.5521978021978022,8.852404197577366,-1,-113.35545222801682,-4.411108822336337e-114
257,16.0312195418814,209,0.5524475524475525,8.856407998661753,-1,-113.47048872335164,-3.384630600952987e-114
257,16.0312195418814,210,0.5526973026973027,8.860411799746137,-1,-113.58560093931187,-2.5965641743004515e-114
257,16.0312195418814,211,0.5529470529470529,8.864415600830524,-1,-113.70078892045896,-1.9916410983326747e-114
257,16.0312195418814,212,0.5531968031968032,8.86841940191491,-1,-113.8160527114231,-1.5273806649210763e-114
257,16.0312195418814,213,0.5534465534465535,8.872423202999295,-1,-113.93139235689699,-1.171136841287398e-114
257,16.0312195418814,214,0.5536963036963037,8.876427004083682,-1,-114.0468079016366,-8.978258355466774e-115
257,16.0312195418814,215,0.5539460539460539,8.880430805168066,-1,-114.16229939047162,-6.881777223058302e-115
257,16.0312195418814,216,0.5541958041958042,8.884434606252453,-1,-114.27786686829099,-5.273915069765584e-115
257,16.0312195418814,217,0.5544455544455544,8.888438407336839,-1,-114.39351038004737,-4.0410071601014694e-115
257,16.0312195418814,218,0.5546953046953047,8.892442208421226,-1,-114.50922997076984,-3.095779565422151e-115
257,16.0312195418814,219,0.554945054945055,8.896446009505611,-1,-114.62502568554473,-2.371233459292502e-115
257,16.0312195418814,220,0.5551948051948052,8.900449810589999,-1,-114.74089756952374,-1.815943911516132e-115
257,16.0312195418814,221,0.5554445554445554,8.904453611674382,-1,-114.85684566793476,-1.3904466563248445e-115
257,16.0312195418814,222,0.5556943056943057,8.908457412758768,-1,-114.9728700260636,-1.0644615384020882e-115
257,16.0312195418814,223,0.5559440559440559,8.912461213843155,-1,-115.08897068926254,-8.147592706490482e-116
257,16.0312195418814,224,0.5561938061938062,8.91646501492754,-1,-115.20514770295837,-6.235227401879867e-116
257,16.0312195418814,225,0.5564435564435565,8.920468816011928,-1,-115.32140111263787,-4.770884331505201e-116
257,16.0312195418814,226,0.5566933066933067,8.924472617096313,-1,-115.43773096385537,-3.649799741981552e-116
257,16.0312195418814,227,0.5569430569430569,8.928476418180699,-1,-115.55413730223728,-2.791661117809e-116
257,16.0312195418814,228,0.5571928071928072,8.932480219265084,-1,-115.67062017347286,-2.1349112537669148e-116
257,16.0312195418814,229,0.5574425574425574,8.936484020349472,-1,-115.78717962331936,-1.6323766605698562e-116
257,16.0312195418814,230,0.5576923076923077,8.940487821433857,-1,-115.9038156976039,-1.2479129811545917e-116
257,16.0312195418814,231,0.557942057942058,8.944491622518244,-1,-116.02052844221976,-9.538312737837798e-117
257,16.0312195418814,232,0.5581918081918082,8.94849542360263,-1,-116.13731790312733,-7.289237434672674e-117
257,16.0312195418814,233,0.5584415584415584,8.952499224687013,-1,-116.2541841263568,-5.569495708512652e-117
257,16.0312195418814,234,0.5586913086913087,8.9565030257714,-1,-116.37112715800582,-4.2547381950930965e-117
257,16.0312195418814,235,0.5589410589410589,8.960506826855786,-1,-116.4881470442393,-3.249772473507751e-117
257,16.0312195418814,236,0.5591908091908092,8.964510627940173,-1,-116.60524383129176,-2.481739360629821e-117
257,16.0312195418814,237,0.5594405594405595,8.968514429024559,-1,-116.7224175654663,-1.8948831527858326e-117
257,16.0312195418814,238,0.5596903096903096,8.972518230108944,-1,-116.8396682931333,-1.4465441952012384e-117
257,16.0312195418814,239,0.5599400599400599,8.97652203119333,-1,-116.95699606073327,-1.1040886344890983e-117
257,16.0312195418814,240,0.5601898101898102,8.980525832277717,-1,-117.07440091477545,-8.425566006202535e-118
257,16.0312195418814,241,0.5604395604395604,8.984529633362103,-1,-117.19188290183844,-6.428610275937746e-118
257,16.0312195418814,242,0.5606893106893107,8.988533434446488,-1,-117.30944206856506,-4.904084350197076e-118
257,16.0312195418814,243,0.560939060939061,8.992537235530875,-1,-117.42707846167795,-3.7404300580364755e-118
257,16.0312195418814,244,0.5611888111888111,8.996541036615259,-1,-117.54479212796049,-2.8523832142449835e-118
257,16.0312195418814,245,0.5614385614385614,9.000544837699646,-1,-117.66258311426428,-2.1747877883798e-118
257,16.0312195418814,246,0.5616883116883117,9.004548638784032,-1,-117.78045146752089,-1.6578625929123223e-118
257,16.0312195418814,247,0.561938061938062,9.008552439868419,-1,-117.89839723472265,-1.2635800640731531e-118
257,16.0312195418814,248,0.5621878121878122,9.012556240952804,-1,-118.01642046293057,-9.628963425005121e-119
257,16.0312195418814,249,0.5624375624375625,9.016560042037192,-1,-118.13452119928597,-7.336329026041589e-119
257,16.0312195418814,250,0.5626873126873126,9.020563843121575,-1,-118.25269949099157,-5.588567605533403e-119
257,16.0312195418814,251,0.5629370629370629,9.024567644205963,-1,-118.37095538531945,-4.2564213672078965e-119
257,16.0312195418814,252,0.5631868131868132,9.028571445290348,-1,-118.48928892962137,-3.2412391081545614e-119
257,16.0312195418814,253,0.5634365634365635,9.032575246374734,-1,-118.60770017131168,-2.467742431930587e-119
257,16.0312195418814,254,0.5636863136863137,9.03657904745912,-1,-118.72618915787547,-1.878498454641696e-119
257,16.0312195418814,255,0.563936063936064,9.040582848543506,-1,-118.84475593687499,-1.4296971884612324e-119
257,16.0312195418814,256,0.5641858141858141,9.044586649627892,-1,-118.96340055593784,-1.0879262207343583e-119
257,16.0312195418814,257,0.5644355644355644,9.048590450712277,-1,-119.0821230627637,-8.277075891995895e-120
257,16.0312195418814,258,0.5646853146853147,9.052594251796664,-1,-119.20092350512643,-6.296170712956713e-120
257,16.0312195418814,259,0.564935064935065,9.05659805288105,-1,-119.31980193086774,-4.7884843142773974e-120
257,16.0312195418814,260,0.5651848151848152,9.060601853965437,-1,-119.43875838790373,-3.6411755018404336e-120
257,16.0312195418814,261,0.5654345654345654,9.06460565504982,-1,-119.5577929242211,-2.7682612643335775e-120
257,16.0312195418814,262,0.5656843156843157,9.068609456134206,-1,-119.6769055878757,-2.104235833978973e-120
257,16.0312195418814,263,0.5659340659340659,9.072613257218594,-1,-119.79609642700228,-1.5992029159658647e-120
257,16.0312195418814,264,0.5661838161838162,9.076617058302979,-1,-119.915365489802,-1.2151629238843851e-120
257,16.0312195418814,265,0.5664335664335665,9.080620859387366,-1,-120.03471282454579,-9.23181675486656e-121
257,16.0312195418814,266,0.5666833166833167,9.084624660471752,-1,-120.15413847958727,-7.012316673141818e-121
257,16.0312195418814,267,0.5669330669330669,9.088628461556137,-1,-120.27364250334381,-5.325464532734965e-121
257,16.0312195418814,268,0.5671828171828172,9.092632262640523,-1,-120.39322494430485,-4.043663944970931e-121
257,16.0312195418814,269,0.5674325674325674,9.09663606372491,-1,-120.51288585104106,-3.06982874906371e-121
257,16.0312195418814,270,0.5676823176823177,9.100639864809295,-1,-120.63262527218829,-2.3301009010274277e-121
257,16.0312195418814,271,0.567932067932068,9.104643665893683,-1,-120.75244325645735,-1.7683032435472781e-121
257,16.0312195418814,272,0.5681818181818181,9.108647466978066,-1,-120.87233985263516,-1.341714605392817e-121
257,16.0312195418814,273,0.5684315684315684,9.112651268062452,-1,-120.99231510957745,-1.0178526002002147e-121
257,16.0312195418814,274,0.5686813186813187,9.116655069146839,-1,-121.11236907621873,-7.72024217357911e-122
257,16.0312195418814,275,0.5689310689310689,9.120658870231225,-1,-121.23250180156371,-5.854613076734491e-122
257,16.0312195418814,276,0.5691808191808192,9.124662671315612,-1,-121.35271333468789,-4.4390155391442034e-122
257,16.0312195418814,277,0.5694305694305695,9.128666472399997,-1,-121.47300372475071,-3.3650868327771677e-122
257,16.0312195418814,278,0.5696803196803197,9.132670273484385,-1,-121.5933730209766,-2.5505096968347733e-122
257,16.0312195418814,279,0.5699300699300699,9.136674074568768,-1,-121.7138212726649,-1.9327635530226536e-122
257,16.0312195418814,280,0.5701798201798202,9.140677875653155,-1,-121.83434852919613,-1.4643721840470153e-122
257,16.0312195418814,281,0.5704295704295704,9.144681676737541,-1,-121.95495484001803,-1.1092901584710659e-122
257,16.0312195418814,282,0.5706793206793207,9.148685477821928,-1,-122.07564025465777,-8.401556364616608e-123
257,16.0312195418814,283,0.570929070929071,9.152689278906314,-1,-122.19640482271225,-6.362022156961229e-123
257,16.0312195418814,284,0.5711788211788211,9.156693079990697,-1,-122.31724859386125,-4.8167200554037264e-123
257,16.0312195418814,285,0.5714285714285714,9.160696881075085,-1,-122.43817161785326,-3.6460983751307364e-123
257,16.0312195418814,286,0.5716783216783217,9.16470068215947,-1,-122.55917394451036,-2.759472405348722e-123
257,16.0312195418814,287,0.5719280719280719,9.168704483243857,-1,-122.68025562373916,-2.0880667425803434e-123
257,16.0312195418814,288,0.5721778221778222,9.172708284328243,-1,-122.80141670551335,-1.5797315595771164e-123
257,16.0312195418814,289,0.5724275724275725,9.17671208541263,-1,-122.92265723988572,-1.1949308128254069e-123
257,16.0312195418814,290,0.5726773226773226,9.180715886497014,-1,-123.04397727698564,-9.036967554124817e-124
257,16.0312195418814,291,0.5729270729270729,9.184719687581401,-1,-123.1653768670136,-6.833184278134644e-124
257,16.0312195418814,292,0.5731768231768232,9.188723488665786,-1,-123.28685606025556,-5.165875553286969e-124
257,16.0312195418814,293,0.5734265734265734,9.192727289750172,-1,-123.40841490706573,-3.904676807991123e-124
257,16.0312195418814,294,0.5736763236763237,9.19673109083456,-1,-123.53005345787506,-2.950845980824363e-124
257,16.0312195418814,295,0.5739260739260739,9.200734891918943,-1,-123.65177176319754,-2.2296065769624767e-124
257,16.0312195418814,296,0.5741758241758241,9.20473869300333,-1,-123.77356987361698,-1.6843414113692698e-124
257,16.0312195418814,297,0.5744255744255744,9.208742494087716,-1,-123.89544783979919,-1.2721905351930232e-124
257,16.0312195418814,298,0.5746753246753247,9.212746295172103,-1,-124.01740571248462,-9.607143716668593e-125
257,16.0312195418814,299,0.5749250749250749,9.216750096256488,-1,-124.13944354248706,-7.253647680966029e-125
257,16.0312195418814,300,0.5751748251748252,9.220753897340876,-1,-124.26156138070787,-5.475687052513963e-125
257,16.0312195418814,301,0.5754245754245755,9.224757698425261,-1,-124.38375927811656,-4.132765105037432e-125
257,16.0312195418814,302,0.5756743256743256,9.228761499509647,-1,-124.50603728576459,-3.1186218275465266e-125
257,16.0312195418814,303,0.5759240759240759,9.232765300594032,-1,-124.62839545478143,-2.3529058267393336e-125
257,16.0312195418814,304,0.5761738261738262,9.236769101678417,-1,-124.75083383636917,-1.7748684261280088e-125
257,16.0312195418814,305,0.5764235764235764,9.240772902762805,-1,-124.8733524818184,-1.3385898209832337e-125
257,16.0312195418814,306,0.5766733266733267,9.24477670384719,-1,-124.99595144248872,-1.0093657347316885e-125
257,16.0312195418814,307,0.5769230769230769,9.248780504931576,-1,-125.11863076982154,-7.609729689678463e-126
257,16.0312195418814,308,0.5771728271728271,9.252784306015961,-1,-125.24139051533892,-5.736004517028034e-126
257,16.0312195418814,309,0.5774225774225774,9.256788107100348,-1,-125.36423073063517,-4.322841074473558e-126
257,16.0312195418814,310,0.5776723276723277,9.260791908184734,-1,-125.48715146739363,-3.25723079870586e-126
257,16.0312195418814,311,0.577922077922078,9.264795709269121,-1,-125.61015277736817,-2.4538455429560494e-126
257,16.0312195418814,312,0.5781718281718282,9.268799510353507,-1,-125.7332347123947,-1.8482694605357695e-126
257,16.0312195418814,313,0.5784215784215784,9.27280331143789,-1,-125.8563973243908,-1.3918828239494102e-126
257,16.0312195418814,314,0.5786713286713286,9.276807112522278,-1,-125.979640665347,-1.0479952992865916e-126
257,16.0312195418814,315,0.5789210789210789,9.280810913606663,-1,-126.10296478734402,-7.889240810977774e-127
257,16.0312195418814,316,0.5791708291708292,9.28481471469105,-1,-126.22636974253311,-5.937864151935416e-127
257,16.0312195418814,317,0.5794205794205795,9.288818515775436,-1,-126.34985558314946,-4.468321534775134e-127
257,16.0312195418814,318,0.5796703296703296,9.292822316859821,-1,-126.47342236150963,-3.3618446311319395e-127
257,16.0312195418814,319,0.5799200799200799,9.296826117944207,-1,-126.5970701300044,-2.5288895976150924e-127
257,16.0312195418814,320,0.5801698301698301,9.300829919028594,-1,-126.72079894111573,-1.9019585977371347e-127
257,16.0312195418814,321,0.5804195804195804,9.30483372011298,-1,-126.8446088473976,-1.430181488945744e-127
257,16.0312195418814,322,0.5806693306693307,9.308837521197367,-1,-126.96849990148453,-1.0752268442973867e-127
257,16.0312195418814,323,0.580919080919081,9.312841322281752,-1,-127.09247215609993,-8.08216744610601e-128
257,16.0312195418814,324,0.5811688311688312,9.316845123366138,-1,-127.2165256640393,-6.073993683668547e-128
257,16.0312195418814,325,0.5814185814185814,9.320848924450523,-1,-127.34066047818715,-4.5639357491368477e-128
257,16.0312195418814,326,0.5816683316683317,9.324852725534909,-1,-127.46487665150423,-3.428651534193277e-128
257,16.0312195418814,327,0.5819180819180819,9.328856526619296,-1,-127.58917423703325,-2.5752877556138616e-128
257,16.0312195418814,328,0.5821678321678322,9.332860327703681,-1,-127.71355328790354,-1.9339565477230066e-128
257,16.0312195418814,329,0.5824175824175825,9.336864128788068,-1,-127.83801385731813,-1.4520652848516026e-128
257,16.0312195418814,330,0.5826673326673326,9.340867929872452,-1,-127.96255599857282,-1.0900439314465306e-128
257,16.0312195418814,331,0.5829170829170829,9.34487173095684,-1,-128.08717976503647,-8.181260757812845e-129
257,16.0312195418814,332,0.5831668331668332,9.348875532041225,-1,-128.2118852101657,-6.139242521044945e-129
257,16.0312195418814,333,0.5834165834165834,9.35287933312561,-1,-128.33667238749842,-4.6060390172179324e-129
257,16.0312195418814,334,0.5836663336663337,9.356883134209998,-1,-128.4615413506513,-3.455084309815527e-129
257,16.0312195418814,335,0.583916083916084,9.360886935294383,-1,-128.58649215333332,-2.5912412384877126e-129
257,16.0312195418814,336,0.5841658341658341,9.364890736378769,-1,-128.7115248493263,-1.9430105140777542e-129
257,16.0312195418814,337,0.5844155844155844,9.368894537463154,-1,-128.83663949250467,-1.45666775756952e-129
257,16.0312195418814,338,0.5846653346653347,9.372898338547541,-1,-128.9618361368191,-1.0918522243203325e-129
257,16.0312195418814,339,0.5849150849150849,9.376902139631927,-1,-129.0871148363071,-8.182483979838067e-130
257,16.0312195418814,340,0.5851648351648352,9.380905940716314,-1,-129.21247564509136,-6.130901728225724e-130
257,16.0312195418814,341,0.5854145854145854,9.384909741800698,-1,-129.33791861737242,-4.592840702105939e-130
257,16.0312195418814,342,0.5856643356643356,9.388913542885085,-1,-129.46344380744526,-3.439982177904415e-130
257,16.0312195418814,343,0.5859140859140859,9.39291734396947,-1,-129.58905126967886,-2.5760170330323657e-130
257,16.0312195418814,344,0.5861638361638362,9.396921145053856,-1,-129.71474105853525,-1.928674513220225e-130
257,16.0312195418814,345,0.5864135864135864,9.400924946138243,-1,-129.8405132285546,-1.4437326277089896e-130
257,16.0312195418814,346,0.5866633366633367,9.404928747222629,-1,-129.966367834365,-1.080518397042877e-130
257,16.0312195418814,347,0.586913086913087,9.408932548307016,-1,-130.09230493068068,-8.085280090027876e-131
257,16.0312195418814,348,0.5871628371628371,9.4129363493914,-1,-130.2183245722955,-6.048886390365975e-131
257,16.0312195418814,349,0.5874125874125874,9.416940150475787,-1,-130.34442681409845,-4.524527017745409e-131
257,16.0312195418814,350,0.5876623376623377,9.420943951560172,-1,-130.47061171105304,-3.383672244309685e-131
257,16.0312195418814,351,0.5879120879120879,9.42494775264456,-1,-130.59687931821892,-2.530000935612507e-131
257,16.0312195418814,352,0.5881618381618382,9.428951553728945,-1,-130.7232296907331,-1.891343055913807e-131
257,16.0312195418814,353,0.5884115884115884,9.432955354813329,-1,-130.84966288382427,-1.4136344365729547e-131
257,16.0312195418814,354,0.5886613386613386,9.436959155897716,-1,-130.976178952805,-1.056382132972522e-131
257,16.0312195418814,355,0.5889110889110889,9.440962956982101,-1,-131.10277795307255,-7.892635506791263e-132
257,16.0312195418814,356,0.5891608391608392,9.444966758066489,-1,-131.22945994011704,-5.89576357840754e-132
257,16.0312195418814,357,0.5894105894105894,9.448970559150874,-1,-131.35622496950577,-4.403267101496539e-132
257,16.0312195418814,358,0.5896603396603397,9.452974360235261,-1,-131.4830730969046,-3.2879628590968736e-132
257,16.0312195418814,359,0.5899100899100899,9.456978161319645,-1,-131.61000437805563,-2.4546841702680322e-132
257,16.0312195418814,360,0.5901598401598401,9.460981962404032,-1,-131.7370188687984,-1.8322348155103438e-132
257,16.0312195418814,361,0.5904095904095904,9.464985763488418,-1,-131.86411662504864,-1.3673615862413295e-132
257,16.0312195418814,362,0.5906593406593407,9.468989564572805,-1,-131.9912977028215,-1.0202398837145984e-132
257,16.0312195418814,363,0.5909090909090909,9.47299336565719,-1,-132.1185621582087,-7.610932000769577e-133
257,16.0312195418814,364,0.5911588411588411,9.476997166741574,-1,-132.2459100474016,-5.676621694152232e-133
257,16.0312195418814,365,0.5914085914085914,9.481000967825961,-1,-132.3733414266693,-4.233100441008675e-133
257,16.0312195418814,366,0.5916583416583416,9.485004768910347,-1,-132.50085635237798,-3.1560483480605327e-133
257,16.0312195418814,367,0.5919080919080919,9.489008569994734,-1,-132.62845488097523,-2.352583891560392e-133
257,16.0312195418814,368,0.5921578421578422,9.49301237107912,-1,-132.75613706900296,-1.7533270416238034e-133
257,16.0312195418814,369,0.5924075924075924,9.497016172163507,-1,-132.8839029730886,-1.306462735922532e-133
257,16.0312195418814,370,0.5926573426573427,9.501019973247892,-1,-133.0117526499493,-9.733014044468596e-134
257,16.0312195418814,371,0.5929070929070929,9.505023774332278,-1,-133.1396861563944,-7.249596640912562e-134
257,16.0312195418814,372,0.5931568431568431,9.509027575416663,-1,-133.26770354931668,-5.398790197639027e-134
257,16.0312195418814,373,0.5934065934065934,9.51303137650105,-1,-133.3958048857076,-4.0197136286106585e-134
257,16.0312195418814,374,0.5936563436563437,9.517035177585436,-1,-133.52399022263748,-2.9923320028460663e-134
257,16.0312195418814,375,0.593906093906094,9.521038978669822,-1,-133.65225961727896,-2.22710340916004e-134
257,16.0312195418814,376,0.5941558441558441,9.525042779754207,-1,-133.78061312688314,-1.6572455942035532e-134
257,16.0312195418814,377,0.5944055944055944,9.529046580838592,-1,-133.909050808802,-1.2329605787721972e-134
257,16.0312195418814,378,0.5946553446553446,9.53305038192298,-1,-134.03757272046934,-9.171223549162506e-135
257,16.0312195418814,379,0.5949050949050949,9.537054183007365,-1,-134.16617891941698,-6.820576440660866e-135
257,16.0312195418814,380,0.5951548451548452,9.541057984091752,-1,-134.29486946326213,-5.071431183627784e-135
257,16.0312195418814,381,0.5954045954045954,9.545061785176138,-1,-134.42364440971735,-3.7701236165137467e-135
257,16.0312195418814,382,0.5956543456543456,9.549065586260523,-1,-134.5525038165842,-2.8021809959641844e-135
257,16.0312195418814,383,0.5959040959040959,9.553069387344909,-1,-134.6814477417562,-2.0823429565018805e-135
257,16.0312195418814,384,0.5961538461538461,9.557073188429294,-1,-134.8104762432208,-1.547119132152678e-135
257,16.0312195418814,385,0.5964035964035964,9.561076989513682,-1,-134.93958937905262,-1.1492397022463467e-135
257,16.0312195418814,386,0.5966533466533467,9.565080790598067,-1,-135.06878720742586,-8.53518212467647e-136
257,16.0312195418814,387,0.5969030969030968,9.569084591682453,-1,-135.1980697865975,-6.337678631829857e-136
257,16.0312195418814,388,0.5971528471528471,9.573088392766838,-1,-135.32743717492852,-4.705034638686449e-136
257,16.0312195418814,389,0.5974025974025974,9.577092193851225,-1,-135.45688943086023,-3.492292161221987e-136
257,16.0312195418814,390,0.5976523476523476,9.58109599493561,-1,-135.5864266129396,-2.5916323182585844e-136
257,16.0312195418814,391,0.5979020979020979,9.585099796019998,-1,-135.71604877979425,-1.9228757400944056e-136
257,16.0312195418814,392,0.5981518481518482,9.589103597104383,-1,-135.845755990157,-1.4264088011737967e-136
257,16.0312195418814,393,0.5984015984015985,9.59310739818877,-1,-135.97554830284363,-1.0579172464072584e-136
257,16.0312195418814,394,0.5986513486513486,9.597111199273154,-1,-136.10542577677276,-7.8446617685060485e-137
257,16.0312195418814,395,0.5989010989010989,9.60111500035754,-1,-136.2353884709493,-5.815827665704363e-137
257,16.0312195418814,396,0.5991508491508492,9.605118801441927,-1,-136.36543644447877,-4.310856393219417e-137
257,16.0312195418814,397,0.5994005994005994,9.609122602526313,-1,-136.4955697565552,-3.194701189399841e-137
257,16.0312195418814,398,0.5996503496503497,9.6131264036107,-1,-136.62578846647276,-2.3670723560221037e-137
257,16.0312195418814,399,0.5999000999000998,9.617130204695084,-1,-136.7560926336149,-1.7535064446707532e-137
257,16.0312195418814,400,0.6001498501498501,9.62113400577947,-1,-136.8864823174649,-1.298726441103288e-137
257,16.0312195418814,401,0.6003996003996004,9.625137806863856,-1,-137.0169575775995,-9.617062144002197e-138
257,16.0312195418814,402,0.6006493506493507,9.629141607948243,-1,-137.14751847368572,-7.120025127379616e-138
257,16.0312195418814,403,0.6008991008991009,9.633145409032629,-1,-137.27816506549712,-5.2702951136931797e-138
257,16.0312195418814,404,0.6011488511488512,9.637149210117014,-1,-137.40889741289038,-3.900341079169426e-138
257,16.0312195418814,405,0.6013986013986014,9.6411530112014,-1,-137.5397155758303,-2.8859209052866154e-138
257,16.0312195418814,406,0.6016483516483516,9.645156812285785,-1,-137.67061961436627,-2.134914002233091e-138
257,16.0312195418814,407,0.6018981018981019,9.649160613370173,-1,-137.80160958865517,-1.57903010942016e-138
257,16.0312195418814,408,0.6021478521478522,9.653164414454558,-1,-137.93268555893954,-1.167654724979443e-138
257,16.0312195418814,409,0.6023976023976024,9.657168215538945,-1,-138.06384758556928,-8.6328146081873e-139
257,16.0312195418814,410,0.6026473526473526,9.661172016623329,-1,-138.1950957289811,-6.3812281302463125e-139
257,16.0312195418814,411,0.6028971028971029,9.665175817707716,-1,-138.3264300497188,-4.71595823496401e-139
257,16.0312195418814,412,0.6031468531468531,9.669179618792102,-1,-138.457850608414,-3.484571590990985e-139
257,16.0312195418814,413,0.6033966033966034,9.673183419876489,-1,-138.58935746580497,-2.5742014712936507e-139
257,16.0312195418814,414,0.6036463536463537,9.677187220960874,-1,-138.7209506827192,-1.901294173375219e-139
257,16.0312195418814,415,0.6038961038961039,9.68119102204526,-1,-138.8526303200906,-1.4040083152357187e-139
257,16.0312195418814,416,0.6041458541458542,9.685194823129647,-1,-138.9843964389429,-1.036581756326256e-139
257,16.0312195418814,417,0.6043956043956044,9.68919862421403,-1,-139.1162491004067,-7.651576058389352e-140
257,16.0312195418814,418,0.6046453546453546,9.693202425298418,-1,-139.2481883657028,-5.64691998924879e-140
257,16.0312195418814,419,0.6048951048951049,9.697206226382804,-1,-139.38021429615955,-4.166637362076678e-140
257,16.0312195418814,420,0.6051448551448552,9.70121002746719,-1,-139.5123269531954,-3.0737818850315676e-140
257,16.0312195418814,421,0.6053946053946054,9.705213828551576,-1,-139.64452639833723,-2.267115267675217e-140
257,16.0312195418814,422,0.6056443556443556,9.709217629635962,-1,-139.77681269320195,-1.6718114941588967e-140
257,16.0312195418814,423,0.6058941058941059,9.713221430720347,-1,-139.90918589951627,-1.2325771163295781e-140
257,16.0312195418814,424,0.6061438561438561,9.717225231804733,-1,-140.04164607909624,-9.085606446145463e-141
257,16.0312195418814,425,0.6063936063936064,9.72122903288912,-1,-140.17419329386894,-6.695865264742765e-141
257,16.0312195418814,426,0.6066433566433567,9.725232833973505,-1,-140.30682760585051,-4.9336960924084576e-141
257,16.0312195418814,427,0.6068931068931069,9.729236635057893,-1,-140.43954907716946,-3.634552302000713e-141
257,16.0312195418814,428,0.6071428571428571,9.733240436142276,-1,-140.5723577700429,-2.6769621456021966e-141
257,16.0312195418814,429,0.6073926073926074,9.737244237226664,-1,-140.7052537468016,-1.9712706381796938e-141
257,16.0312195418814,430,0.6076423576423576,9.74124803831105,-1,-140.83823706986453,-1.4513191645935047e-141
257,16.0312195418814,431,0.6078921078921079,9.745251839395436,-1,-140.97130780176516,-1.0682974659644869e-141
257,16.0312195418814,432,0.6081418581418582,9.749255640479822,-1,-141.10446600512583,-7.862017295373164e-142
257,16.0312195418814,433,0.6083916083916083,9.753259441564207,-1,-141.23771174268305,-5.7847987850982485e-142
257,16.0312195418814,434,0.6086413586413586,9.757263242648593,-1,-141.37104507726409,-4.255542407639067e-142
257,16.0312195418814,435,0.6088911088911089,9.761267043732978,-1,-141.5044660718089,-3.129924979724154e-142
257,16.0312195418814,436,0.6091408591408591,9.765270844817366,-1,-141.63797478935052,-2.3015754192142248e-142
257,16.0312195418814,437,0.6093906093906094,9.769274645901751,-1,-141.77157129303308,-1.6921104477031777e-142
257,16.0312195418814,438,0.6096403596403597,9.773278446986138,-1,-141.905255646097,-1.243782247686089e-142
257,16.0312195418814,439,0.6098901098901099,9.777282248070524,-1,-142.03902791189074,-9.140544937538571e-143
257,16.0312195418814,440,0.6101398601398601,9.78128604915491,-1,-142.1728881538634,-6.716017917892639e-143
257,16.0312195418814,441,0.6103896103896104,9.785289850239295,-1,-142.3068364355681,-4.933595785584281e-143
257,16.0312195418814,442,0.6106393606393606,9.789293651323682,-1,-142.44087282066525,-3.623490936394182e-143
257,16.0312195418814,443,0.6108891108891109,9.793297452408067,-1,-142.5749973729123,-2.660741154820711e-143
257,16.0312195418814,444,0.6111388611388612,9.797301253492453,-1,-142.70921015618006,-1.9533939748301644e-143
257,16.0312195418814,445,0.6113886113886113,9.801305054576838,-1,-142.8435112344336,-1.4338006256783128e-143
257,16.0312195418814,446,0.6116383616383616,9.805308855661224,-1,-142.97790067175433,-1.0522024973670906e-143
257,16.0312195418814,447,0.6118881118881119,9.809312656745611,-1,-143.11237853231668,-7.720074078946342e-144
257,16.0312195418814,448,0.6121378621378621,9.813316457829997,-1,-143.24694488041214,-5.663111592972936e-144
257,16.0312195418814,449,0.6123876123876124,9.817320258914384,-1,-143.38159978042682,-4.1533661547736585e-144
257,16.0312195418814,450,0.6126373626373627,9.82132405999877,-1,-143.51634329686172,-3.0454866713325927e-144
257,16.0312195418814,451,0.6128871128871128,9.825327861083155,-1,-143.6511754943172,-2.232669839628309e-144
257,16.0312195418814,452,0.6131368631368631,9.82933166216754,-1,-143.7860964375036,-1.6364530975730638e-144
257,16.0312195418814,453,0.6133866133866134,9.833335463251927,-1,-143.92110619123673,-1.1992060442009141e-144
257,16.0312195418814,454,0.6136363636363636,9.837339264336313,-1,-144.05620482043744,-8.786080530620038e-145
257,16.0312195418814,455,0.6138861138861139,9.841343065420698,-1,-144.1913923901371,-6.435875139089155e-145
257,16.0312195418814,456,0.6141358641358641,9.845346866505084,-1,-144.32666896546903,-4.71336458736623e-145
257,16.0312195418814,457,0.6143856143856143,9.84935066758947,-1,-144.46203461168056,-3.45116233739212e-145
257,16.0312195418814,458,0.6146353646353646,9.853354468673857,-1,-144.5974893941183,-2.5264494076606898e-145
257,16.0312195418814,459,0.6148851148851149,9.857358269758242,-1,-144.7330333782467,-1.8491264965822145e-145
257,16.0312195418814,460,0.6151348651348651,9.86136207084263,-1,-144.8686666296267,-1.353110830995612e-145
257,16.0312195418814,461,0.6153846153846154,9.865365871927015,-1,-145.00438921393945,-9.8994436085744e-146
257,16.0312195418814,462,0.6156343656343657,9.869369673011402,-1,-145.14020119696443,-7.241004260874297e-146
257,16.0312195418814,463,0.6158841158841158,9.873373474095786,-1,-145.27610264459744,-5.295382738308204e-146
257,16.0312195418814,464,0.6161338661338661,9.877377275180173,-1,-145.41209362283945,-3.8717417102506717e-146
257,16.0312195418814,465,0.6163836163836164,9.881381076264558,-1,-145.54817419780076,-2.83025653731311e-146
257,16.0312195418814,466,0.6166333666333667,9.885384877348944,-1,-145.68434443570436,-2.0685001860582293e-146
257,16.0312195418814,467,0.6168831168831169,9.889388678433331,-1,-145.8206044028775,-1.511456306863041e-146
257,16.0312195418814,468,0.6171328671328671,9.893392479517715,-1,-145.95695416576467,-1.1041951474468577e-146
257,16.0312195418814,469,0.6173826173826173,9.897396280602102,-1,-146.09339379091114,-8.0650341205601e-147
257,16.0312195418814,470,0.6176323676323676,9.901400081686488,-1,-146.22992334498375,-5.88947598199881e-147
257,16.0312195418814,471,0.6178821178821179,9.905403882770875,-1,-146.36654289474882,-4.299887620551296e-147
257,16.0312195418814,472,0.6181318681318682,9.90940768385526,-1,-146.50325250709358,-3.138683272952034e-147
257,16.0312195418814,473,0.6183816183816184,9.913411484939648,-1,-146.64005224901027,-2.2905920601166308e-147
257,16.0312195418814,474,0.6186313686313686,9.917415286024031,-1,-146.77694218760425,-1.6713130812921843e-147
257,16.0312195418814,475,0.6188811188811189,9.921419087108417,-1,-146.91392239009505,-1.2192074559884701e-147
257,16.0312195418814,476,0.6191308691308691,9.925422888192804,-1,-147.050992923809,-8.892156062027483e-148
257,16.0312195418814,477,0.6193806193806194,9.92942668927719,-1,-147.18815385619172,-6.484046844891879e-148
257,16.0312195418814,478,0.6196303696303697,9.933430490361577,-1,-147.3254052547915,-4.727099515355044e-148
257,16.0312195418814,479,0.6198801198801198,9.93743429144596,-1,-147.4627471872807,-3.445504430645052e-148
257,16.0312195418814,480,0.6201298701298701,9.941438092530348,-1,-147.60017972143518,-2.5108471679271926e-148
257,16.0312195418814,481,0.6203796203796204,9.945441893614733,-1,-147.7377029251493,-1.8293511378303686e-148
257,16.0312195418814,482,0.6206293706293706,9.94944569469912,-1,-147.8753168664296,-1.3325488338871564e-148
257,16.0312195418814,483,0.6208791208791209,9.953449495783506,-1,-148.01302161339785,-9.70461669380827e-149
257,16.0312195418814,484,0.6211288711288712,9.957453296867893,-1,-148.15081723428546,-7.0661485898251314e-149
257,16.0312195418814,485,0.6213786213786214,9.961457097952279,-1,-148.28870379744504,-5.143943651754648e-149
257,16.0312195418814,486,0.6216283716283716,9.965460899036662,-1,-148.42668137133367,-3.7438516255525898e-149
257,16.0312195418814,487,0.6218781218781219,9.96946470012105,-1,-148.56475002453465,-2.7242689182320866e-149
257,16.0312195418814,488,0.6221278721278721,9.973468501205435,-1,-148.7029098257371,-1.981938500732737e-149
257,16.0312195418814,489,0.6223776223776224,9.977472302289822,-1,-148.84116084375077,-1.4415813537327668e-149
257,16.0312195418814,490,0.6226273726273727,9.981476103374208,-1,-148.9795031475006,-1.0483271959195625e-149
257,16.0312195418814,491,0.6228771228771228,9.985479904458593,-1,-149.1179368060233,-7.621899078358847e-150
257,16.0312195418814,492,0.6231268731268731,9.989483705542979,-1,-149.25646188847864,-5.540361612602793e-150
257,16.0312195418814,493,0.6233766233766234,9.993487506627366,-1,-149.39507846413235,-4.026442818736251e-150
257,16.0312195418814,494,0.6236263736263736,9.997491307711751,-1,-149.53378660237806,-2.925589560498734e-150
257,16.0312195418814,495,0.6238761238761239,10.001495108796137,-1,-149.67258637271885,-2.1252676288206255e-150
257,16.0312195418814,496,0.6241258741258742,10.005498909880524,-1,-149.81147784477722,-1.543555164680151e-150
257,16.0312195418814,497,0.6243756243756243,10.009502710964908,-1,-149.95046108829578,-1.120827845022004e-150
257,16.0312195418814,498,0.6246253746253746,10.013506512049295,-1,-150.0895361731277,-8.136990835724604e-151
257,16.0312195418814,499,0.6248751248751249,10.01751031313368,-1,-150.2287031692529,-5.906046075425772e-151
257,16.0312195418814,500,0.6251248751248751,10.021514114218068,-1,-150.36796214676036,-4.2858587444516384e-151
257,16.0312195418814,501,0.6253746253746254,10.025517915302453,-1,-150.50731317586514,-3.10947324350722e-151
257,16.0312195418814,502,0.6256243756243756,10.029521716386839,-1,-150.64675632689864,-2.2555043711887283e-151
257,16.0312195418814,503,0.6258741258741258,10.033525517471224,-1,-150.7862916703086,-1.6357176115355548e-151
257,16.0312195418814,504,0.6261238761238761,10.037529318555611,-1,-150.92591927666774,-1.1859891702653759e-151
257,16.0312195418814,505,0.6263736263736264,10.041533119639997,-1,-151.06563921665904,-8.597274300316341e-152
257,16.0312195418814,506,0.6266233766233766,10.045536920724382,-1,-151.20545156109517,-6.230866393350891e-152
257,16.0312195418814,507,0.6268731268731269,10.04954072180877,-1,-151.34535638090406,-4.514853046749391e-152
257,16.0312195418814,508,0.6271228771228772,10.053544522893155,-1,-151.48535374713347,-3.270741736809992e-152
257,16.0312195418814,509,0.6273726273726273,10.05754832397754,-1,-151.6254437309564,-2.368952043422176e-152
257,16.0312195418814,510,0.6276223776223776,10.061552125061926,-1,-151.76562640365754,-1.7154323519863454e-152
257,16.0312195418814,511,0.6278721278721279,10.065555926146313,-1,-151.90590183665304,-1.2419329893122005e-152
257,16.0312195418814,512,0.6281218781218781,10.069559727230699,-1,-152.0462701014748,-8.989383294597211e-153
257,16.0312195418814,513,0.6283716283716284,10.073563528315086,-1,-152.1867312697769,-6.505320983128225e-153
257,16.0312195418814,514,0.6286213786213786,10.07756732939947,-1,-152.32728541333984,-4.7066790719799256e-153
257,16.0312195418814,515,0.6288711288711288,10.081571130483855,-1,-152.46793260405684,-3.404610200089727e-153
257,16.0312195418814,516,0.6291208791208791,10.085574931568242,-1,-152.6086729139541,-2.462221311867768e-153
257,16.0312195418814,517,0.6293706293706294,10.089578732652628,-1,-152.74950641517546,-1.7803016109565983e-153
257,16.0312195418814,518,0.6296203796203796,10.093582533737015,-1,-152.8904331799876,-1.2869652486805737e-153
257,16.0312195418814,519,0.6298701298701299,10.0975863348214,-1,-153.03145328078546,-9.30136568782828e-154
257,16.0312195418814,520,0.6301198801198802,10.101590135905788,-1,-153.172566790077,-6.720989391776887e-154
257,16.0312195418814,521,0.6303696303696303,10.105593936990171,-1,-153.3137737805097,-4.855413477546345e-154
257,16.0312195418814,522,0.6306193806193806,10.109597738074559,-1,-153.45507432483936,-3.506918516701344e-154
257,16.0312195418814,523,0.6308691308691309,10.113601539158944,-1,-153.59646849595822,-2.532395330441565e-154
257,16.0312195418814,524,0.6311188811188811,10.117605340243331,-1,-153.73795636687822,-1.8282838927257352e-154
257,16.0312195418814,525,0.6313686313686313,10.121609141327715,-1,-153.87953801073604,-1.3196598061277067e-154
257,16.0312195418814,526,0.6316183816183816,10.1256129424121,-1,-154.0212135007985,-9.523278809649812e-155
257,16.0312195418814,527,0.6318681318681318,10.129616743496488,-1,-154.16298291044893,-6.870954767892445e-155
257,16.0312195418814,528,0.6321178821178821,10.133620544580873,-1,-154.30484631320604,-4.956255502186785e-155
257,16.0312195418814,529,0.6323676323676324,10.13762434566526,-1,-154.44680378271266,-3.5743429299184962e-155
257,16.0312195418814,530,0.6326173826173827,10.141628146749646,-1,-154.58885539273305,-2.5771791388755935e-155
257,16.0312195418814,531,0.6328671328671329,10.145631947834033,-1,-154.73100121716553,-1.8577992483656616e-155
257,16.0312195418814,532,0.6331168831168831,10.149635748918417,-1,-154.8732413300291,-1.3389324587590926e-155
257,16.0312195418814,533,0.6333666333666333,10.153639550002804,-1,-155.01557580547475,-9.647708977405721e-156
257,16.0312195418814,534,0.6336163836163836,10.15764335108719,-1,-155.15800471778306,-6.950167675132426e-156
257,16.0312195418814,535,0.6338661338661339,10.161647152171575,-1,-155.30052814135303,-5.005781150872741e-156
257,16.0312195418814,536,0.6341158841158842,10.165650953255962,-1,-155.44314615072287,-3.6045731989804057e-156
257,16.0312195418814,537,0.6343656343656343,10.169654754340346,-1,-155.5858588205555,-2.5950228090240184e-156
257,16.0312195418814,538,0.6346153846153846,10.173658555424733,-1,-155.72866622564007,-1.8678146368357515e-156
257,16.0312195418814,539,0.6348651348651349,10.177662356509119,-1,-155.87156844089998,-1.3440999319330338e-156
257,16.0312195418814,540,0.6351148851148851,10.181666157593506,-1,-156.01456554138278,-9.670177785255659e-157
257,16.0312195418814,541,0.6353646353646354,10.185669958677892,-1,-156.1576576022703,-6.955724907584915e-157
257,16.0312195418814,542,0.6356143856143857,10.189673759762279,-1,-156.30084469887572,-5.0021337632770564e-157
257,16.0312195418814,543,0.6358641358641359,10.193677560846664,-1,-156.44412690663418,-3.5964422696442276e-157
257,16.0312195418814,544,0.6361138861138861,10.19768136193105,-1,-156.5875043011211,-2.5852092363054712e-157
257,16.0312195418814,545,0.6363636363636364,10.201685163015435,-1,-156.7309769580414,-1.8579030255104744e-157
257,16.0312195418814,546,0.6366133866133866,10.20568896409982,-1,-156.8745449532248,-1.3349194067381893e-157
257,16.0312195418814,547,0.6368631368631369,10.209692765184208,-1,-157.01820836264048,-9.589404476757157e-158
257,16.0312195418814,548,0.637112887112887,10.213696566268592,-1,-157.1619672623858,-6.887042096977169e-158
257,16.0312195418814,549,0.6373626373626373,10.217700367352979,-1,-157.3058217286908,-4.94513635690343e-158
257,16.0312195418814,550,0.6376123876123876,10.221704168437364,-1,-157.4497718379207,-3.549998438930293e-158
257,16.0312195418814,551,0.6378621378621379,10.225707969521752,-1,-157.59381766656793,-2.5478997338113085e-158
257,16.0312195418814,552,0.6381118881118881,10.229711770606137,-1,-157.7379592912641,-1.8282715817482584e-158
257,16.0312195418814,553,0.6383616383616384,10.233715571690524,-1,-157.88219678877473,-1.3116054458869897e-158
257,16.0312195418814,554,0.6386113886113887,10.23771937277491,-1,-158.0265302359908,-9.407403325287363e-159
257,16.0312195418814,555,0.6388611388611388,10.241723173859295,-1,-158.17095970994723,-6.745906074257443e-159
257,16.0312195418814,556,0.6391108891108891,10.24572697494368,-1,-158.31548528781212,-4.836316475613944e-159
257,16.0312195418814,557,0.6393606393606394,10.249730776028066,-1,-158.46010704688007,-3.4665139570793696e-159
257,16.0312195418814,558,0.6396103896103896,10.253734577112454,-1,-158.60482506459047,-2.484133521886218e-159
257,16.0312195418814,559,0.6398601398601399,10.257738378196839,-1,-158.7496394185163,-1.779756474378932e-159
257,16.0312195418814,560,0.6401098901098901,10.261742179281224,-1,-158.8945501863601,-1.2748227749963818e-159
257,16.0312195418814,561,0.6403596403596403,10.26574598036561,-1,-159.03955744596834,-9.129406687818539e-160
257,16.0312195418814,562,0.6406093906093906,10.269749781449997,-1,-159.18466127532054,-6.536401555612203e-160
257,16.0312195418814,563,0.6408591408591409,10.273753582534383,-1,-159.329861752532,-4.678840575059431e-160
257,16.0312195418814,564,0.6411088911088911,10.27775738361877,-1,-159.47515895585778,-3.348428610959648e-160
257,16.0312195418814,565,0.6413586413586414,10.281761184703155,-1,-159.62055296368794,-2.395780558348252e-160
257,16.0312195418814,566,0.6416083916083917,10.28576498578754,-1,-159.76604385455147,-1.7137842428317266e-160
257,16.0312195418814,567,0.6418581418581418,10.289768786871926,-1,-159.91163170711673,-1.2256551457425119e-160
257,16.0312195418814,568,0.6421078921078921,10.293772587956312,-1,-160.05731660018722,-8.763617215144417e-161
257,16.0312195418814,569,0.6423576423576424,10.297776389040699,-1,-160.20309861270798,-6.264715992792132e-161
257,16.0312195418814,570,0.6426073926073926,10.301780190125085,-1,-160.34897782376385,-4.4773616619708786e-161
257,16.0312195418814,571,0.6428571428571428,10.30578399120947,-1,-160.49495431257463,-3.1992316485499673e-161
257,16.0312195418814,572,0.6431068931068931,10.309787792293855,-1,-160.6410281585046,-2.2854506160031742e-161
257,16.0312195418814,573,0.6433566433566433,10.313791593378243,-1,-160.78719944105774,-1.63230217361028e-161
257,16.0312195418814,574,0.6436063936063936,10.317795394462628,-1,-160.9334682398738,-1.1655522850173567e-161
257,16.0312195418814,575,0.6438561438561439,10.321799195547015,-1,-161.0798346347386,-8.320805400895561e-162
257,16.0312195418814,576,0.6441058941058941,10.3258029966314,-1,-161.2262987055784,-5.938835479694938e-162
257,16.0312195418814,577,0.6443556443556444,10.329806797715786,-1,-161.37286053245649,-4.237790348561683e-162
257,16.0312195418814,578,0.6446053946053946,10.333810598800172,-1,-161.51952019558266,-3.023289978068051e-162
257,16.0312195418814,579,0.6448551448551448,10.337814399884557,-1,-161.6662777753086,-2.1563647543178284e-162
257,16.0312195418814,580,0.6451048951048951,10.341818200968945,-1,-161.8131333521244,-1.537682415327184e-162
257,16.0312195418814,581,0.6453546453546454,10.34582200205333,-1,-161.96008700666704,-1.0962585494250634e-162
257,16.0312195418814,582,0.6456043956043956,10.349825803137717,-1,-162.10713881971614,-7.813780017131185e-163
257,16.0312195418814,583,0.6458541458541458,10.353829604222101,-1,-162.2542888721923,-5.568152584988372e-163
257,16.0312195418814,584,0.6461038961038961,10.357833405306488,-1,-162.40153724516233,-3.967005063756409e-163
257,16.0312195418814,585,0.6463536463536463,10.361837206390874,-1,-162.54888401983698,-2.825634471702957e-163
257,16.0312195418814,586,0.6466033966033966,10.36584100747526,-1,-162.69632927757107,-2.0121980436751836e-163
257,16.0312195418814,587,0.6468531468531469,10.369844808559646,-1,-162.84387309986337,-1.4326064433790134e-163
257,16.0312195418814,588,0.6471028971028971,10.373848609644032,-1,-162.99151556835943,-1.0197282047108476e-163
257,16.0312195418814,589,0.6473526473526474,10.37785241072842,-1,-163.13925676485172,-7.256767938289406e-164
257,16.0312195418814,590,0.6476023976023976,10.381856211812803,-1,-163.28709677127304,-5.16301312083356e-164
257,16.0312195418814,591,0.6478521478521478,10.38586001289719,-1,-163.43503566970827,-3.672521359091378e-164
257,16.0312195418814,592,0.6481018981018981,10.389863813981576,-1,-163.5830735423899,-2.6117190546866445e-164
257,16.0312195418814,593,0.6483516483516484,10.393867615065963,-1,-163.7312104716883,-1.856904327359951e-164
257,16.0312195418814,594,0.6486013986013985,10.397871416150346,-1,-163.87944654013106,-1.3199377806327243e-164
257,16.0312195418814,595,0.6488511488511488,10.401875217234734,-1,-164.02778183039248,-9.380331133521431e-165
257,16.0312195418814,596,0.6491008991008991,10.40587901831912,-1,-164.17621642528596,-6.664745570875215e-165
257,16.0312195418814,597,0.6493506493506493,10.409882819403505,-1,-164.32475040778388,-4.734232606048337e-165
257,16.0312195418814,598,0.6496003996003996,10.413886620487892,-1,-164.47338386100404,-3.3621426741897723e-165
257,16.0312195418814,599,0.6498501498501499,10.417890421572277,-1,-164.62211686820945,-2.3871688117400197e-165
257,16.0312195418814,600,0.6500999000999002,10.421894222656665,-1,-164.77094951281813,-1.6945347804150515e-165
257,16.0312195418814,601,0.6503496503496503,10.425898023741048,-1,-164.91988187839422,-1.2025914770413632e-165
257,16.0312195418814,602,0.6505994005994006,10.429901824825436,-1,-165.06891404865746,-8.532689680084578e-166
257,16.0312195418814,603,0.6508491508491508,10.433905625909821,-1,-165.2180461074685,-6.05276611322181e-166
257,16.0312195418814,604,0.6510989010989011,10.437909426994208,-1,-165.36727813884895,-4.292614232278093e-166
257,16.0312195418814,605,0.6513486513486514,10.441913228078594,-1,-165.51661022696754,-3.0436154011725174e-166
257,16.0312195418814,606,0.6515984015984015,10.445917029162977,-1,-165.6660424561443,-2.1575334807752876e-166
257,16.0312195418814,607,0.6518481518481518,10.449920830247365,-1,-165.81557491085164,-1.5290619778951902e-166
257,16.0312195418814,608,0.6520979020979021,10.45392463133175,-1,-165.96520767571508,-1.0834087138292421e-166
257,16.0312195418814,609,0.6523476523476524,10.457928432416137,-1,-166.1149408355162,-7.674660351041923e-167
257,16.0312195418814,610,0.6525974025974026,10.461932233500523,-1,-166.26477447518025,-5.435325092646322e-167
257,16.0312195418814,611,0.6528471528471529,10.46593603458491,-1,-166.4147086797964,-3.84849848741404e-167
257,16.0312195418814,612,0.6530969030969032,10.469939835669296,-1,-166.56474353460516,-2.7243096289617933e-167
257,16.0312195418814,613,0.6533466533466533,10.473943636753681,-1,-166.71487912499623,-1.9280614661918122e-167
257,16.0312195418814,614,0.6535964035964036,10.477947437838067,-1,-166.8651155365204,-1.3642201611779898e-167
257,16.0312195418814,615,0.6538461538461539,10.481951238922454,-1,-167.01545285488015,-9.650440671057026e-168
257,16.0312195418814,616,0.6540959040959041,10.48595504000684,-1,-167.16589116593724,-6.825097094345109e-168
257,16.0312195418814,617,0.6543456543456543,10.489958841091223,-1,-167.3164305557013,-4.825801391338537e-168
257,16.0312195418814,618,0.6545954045954046,10.49396264217561,-1,-167.4670711103471,-3.411370500782775e-168
257,16.0312195418814,619,0.6548451548451548,10.497966443259996,-1,-167.61781291620423,-2.410943782606351e-168
257,16.0312195418814,620,0.6550949050949051,10.501970244344383,-1,-167.76865605975357,-1.7035070696197302e-168
257,16.0312195418814,621,0.6553446553446554,10.505974045428768,-1,-167.91960062764014,-1.203370532076551e-168
257,16.0312195418814,622,0.6555944055944056,10.509977846513156,-1,-168.07064670666324,-8.498715541918567e-169
257,16.0312195418814,623,0.6558441558441559,10.513981647597541,-1,-168.2217943837848,-6.000751138733168e-169
257,16.0312195418814,624,0.656093906093906,10.517985448681927,-1,-168.3730437461159,-4.2360029500093075e-169
257,16.0312195418814,625,0.6563436563436563,10.521989249766312,-1,-168.5243948809374,-2.989545165606591e-169
257,16.0312195418814,626,0.6565934065934066,10.525993050850698,-1,-168.67584787568495,-2.109366887847407e-169
257,16.0312195418814,627,0.6568431568431569,10.529996851935085,-1,-168.82740281795336,-1.4879803020792648e-169
257,16.0312195418814,628,0.6570929070929071,10.53400065301947,-1,-168.9790597954971,-1.0493979331689784e-169
257,16.0312195418814,629,0.6573426573426573,10.538004454103856,-1,-169.13081889623368,-7.399137598270254e-170
257,16.0312195418814,630,0.6575924075924076,10.542008255188241,-1,-169.28268020824348,-5.21578632980887e-170
257,16.0312195418814,631,0.6578421578421578,10.546012056272628,-1,-169.43464381976028,-3.6758364523642806e-170
257,16.0312195418814,632,0.6580919080919081,10.550015857357014,-1,-169.58670981918831,-2.5899428489299e-170
257,16.0312195418814,633,0.6583416583416584,10.554019658441401,-1,-169.73887829508928,-1.8244068950212007e-170
257,16.0312195418814,634,0.6585914085914086,10.558023459525787,-1,-169.89114933619223,-1.2848447781620579e-170
257,16.0312195418814,635,0.6588411588411589,10.562027260610174,-1,-170.04352303137995,-9.046424617273584e-171
257,16.0312195418814,636,0.6590909090909091,10.566031061694558,-1,-170.19599946970902,-6.367962984612134e-171
257,16.0312195418814,637,0.6593406593406593,10.570034862778943,-1,-170.3485787403946,-4.481477905414587e-171
257,16.0312195418814,638,0.6595904095904096,10.57403866386333,-1,-170.50126093281935,-3.1531096027734715e-171
257,16.0312195418814,639,0.6598401598401599,10.578042464947716,-1,-170.65404613652308,-2.217960786056619e-171
257,16.0312195418814,640,0.66008991008991,10.582046266032101,-1,-170.80693444122065,-1.5597879423271742e-171
257,16.0312195418814,641,0.6603396603396603,10.586050067116487,-1,-170.95992593678625,-1.0966652020281564e-171
257,16.0312195418814,642,0.6605894105894106,10.590053868200874,-1,-171.11302071326247,-7.708667024330608e-172
257,16.0312195418814,643,0.6608391608391608,10.59405766928526,-1,-171.26621886085863,-5.417278201681842e-172
257,16.0312195418814,644,0.6610889110889111,10.598061470369647,-1,-171.41952046994535,-3.806094176136451e-172
257,16.0312195418814,645,0.6613386613386614,10.602065271454032,-1,-171.5729256310686,-2.673464175592829e-172
257,16.0312195418814,646,0.6615884115884116,10.60606907253842,-1,-171.72643443493794,-1.8774378321456725e-172
257,16.0312195418814,647,0.6618381618381618,10.610072873622803,-1,-171.88004697243198,-1.318114166225769e-172
257,16.0312195418814,648,0.6620879120879121,10.614076674707189,-1,-172.03376333459343,-9.252022183549004e-173
257,16.0312195418814,649,0.6623376623376623,10.618080475791576,-1,-172.1875836126409,-6.492566212685746e-173
257,16.0312195418814,650,0.6625874125874126,10.622084276875961,-1,-172.34150789795873,-4.5550390242303344e-173
257,16.0312195418814,651,0.6628371628371629,10.626088077960349,-1,-172.49553628210276,-3.1949474393499975e-173
257,16.0312195418814,652,0.663086913086913,10.630091879044732,-1,-172.6496688567929,-2.2404287817223655e-173
257,16.0312195418814,653,0.6633366633366633,10.63409568012912,-1,-172.80390571392883,-1.5707037697818005e-173
257,16.0312195418814,654,0.6635864135864136,10.638099481213505,-1,-172.9582469455757,-1.1009131377898013e-173
257,16.0312195418814,655,0.6638361638361638,10.642103282297892,-1,-173.11269264397376,-7.714492408850652e-174
257,16.0312195418814,656,0.6640859140859141,10.646107083382278,-1,-173.26724290152765,-5.4045196283898335e-174
257,16.0312195418814,657,0.6643356643356644,10.650110884466663,-1,-173.42189781082382,-3.7853164245961884e-174
257,16.0312195418814,658,0.6645854145854146,10.65411468555105,-1,-173.5766574646158,-2.6505898793432075e-174
257,16.0312195418814,659,0.6648351648351648,10.658118486635434,-1,-173.731521955835,-1.8555729982382292e-174
257,16.0312195418814,660,0.6650849150849151,10.662122287719821,-1,-173.88649137757838,-1.2986993477675188e-174
257,16.0312195418814,661,0.6653346653346653,10.666126088804207,-1,-174.04156582312598,-9.087285586842759e-175
257,16.0312195418814,662,0.6655844155844156,10.670129889888594,-1,-174.19674538592687,-6.357035168859532e-175
257,16.0312195418814,663,0.6658341658341658,10.674133690972978,-1,-174.3520301596098,-4.446003910926487e-175
257,16.0312195418814,664,0.666083916083916,10.678137492057365,-1,-174.5074202379735,-3.1087067918377766e-175
257,16.0312195418814,665,0.6663336663336663,10.68214129314175,-1,-174.6629157149952,-2.1731228832786108e-175
257,16.0312195418814,666,0.6665834165834166,10.686145094226138,-1,-174.81851668482992,-1.5187395936077904e-175
257,16.0312195418814,667,0.6668331668331668,10.690148895310523,-1,-174.9742232418087,-1.061149950611408e-175
257,16.0312195418814,668,0.6670829170829171,10.694152696394909,-1,-175.13003548044074,-7.412496811491681e-176
257,16.0312195418814,669,0.6673326673326674,10.698156497479296,-1,-175.28595349540706,-5.1766226066273035e-176
257,16.0312195418814,670,0.6675824175824175,10.70216029856368,-1,-175.4419773815759,-3.6142868566121685e-176
257,16.0312195418814,671,0.6678321678321678,10.706164099648067,-1,-175.59810723398823,-2.522857763178084e-176
257,16.0312195418814,672,0.6680819180819181,10.710167900732452,-1,-175.75434314786864,-1.7605844111264634e-176
257,16.0312195418814,673,0.6683316683316683,10.71417170181684,-1,-175.91068521861507,-1.22832921501831e-176
257,16.0312195418814,674,0.6685814185814186,10.718175502901225,-1,-176.0671335418099,-8.567743539926615e-177
257,16.0312195418814,675,0.6688311688311688,10.72217930398561,-1,-176.22368821321604,-5.974640614240409e-177
257,16.0312195418814,676,0.669080919080919,10.726183105069996,-1,-176.38034932877656,-4.165342055523737e-177
257,16.0312195418814,677,0.6693306693306693,10.730186906154382,-1,-176.53711698461805,-2.90324051183105e-177
257,16.0312195418814,678,0.6695804195804196,10.734190707238769,-1,-176.693991277042,-2.0230598121407435e-177
257,16.0312195418814,679,0.6698301698301699,10.738194508323154,-1,-176.8509723025414,-1.4093786797454369e-177
257,16.0312195418814,680,0.6700799200799201,10.742198309407542,-1,-177.00806015778713,-9.816119622603866e-178
257,16.0312195418814,681,0.6703296703296704,10.746202110491927,-1,-177.16525493963425,-6.835102951408914e-178
257,16.0312195418814,682,0.6705794205794205,10.750205911576312,-1,-177.32255674512152,-4.758206159812264e-178
257,16.0312195418814,683,0.6708291708291708,10.754209712660698,-1,-177.47996567147538,-3.3115729656101336e-178
257,16.0312195418814,684,0.6710789210789211,10.758213513745085,-1,-177.63748181609952,-2.3041894503980756e-178
257,16.0312195418814,685,0.6713286713286714,10.76221731482947,-1,-177.79510527658948,-1.6028567977923495e-178
257,16.0312195418814,686,0.6715784215784215,10.766221115913856,-1,-177.95283615072495,-1.1147150104901774e-178
257,16.0312195418814,687,0.6718281718281718,10.770224916998242,-1,-178.11067453647118,-7.75042402786492e-179
257,16.0312195418814,688,0.672077922077922,10.774228718082627,-1,-178.26862053198283,-5.387403052531376e-179
257,16.0312195418814,689,0.6723276723276723,10.778232519167014,-1,-178.42667423559504,-3.7439131399562976e-179
257,16.0312195418814,690,0.6725774225774226,10.7822363202514,-1,-178.58483574583752,-2.6011431533867485e-179
257,16.0312195418814,691,0.6728271728271729,10.786240121335787,-1,-178.74310516142586,-1.8067365841847893e-179
257,16.0312195418814,692,0.6730769230769231,10.790243922420172,-1,-178.90148258126393,-1.254635057904803e-179
257,16.0312195418814,693,0.6733266733266733,10.794247723504558,-1,-179.05996810444734,-8.710275578081398e-180
257,16.0312195418814,694,0.6735764235764236,10.798251524588943,-1,-179.21856183025585,-6.0455827460335375e-180
257,16.0312195418814,695,0.6738261738261738,10.80225532567333,-1,-179.37726385816356,-4.195040344104666e-180
257,16.0312195418814,696,0.6740759240759241,10.806259126757716,-1,-179.53607428783607,-2.910219270655116e-180
257,16.0312195418814,697,0.6743256743256744,10.810262927842102,-1,-179.69499321912724,-2.0183978777644764e-180
257,16.0312195418814,698,0.6745754245754245,10.814266728926487,-1,-179.8540207520864,-1.3995204470668062e-180
257,16.0312195418814,699,0.6748251748251748,10.818270530010873,-1,-180.01315698695117,-9.701592147635784e-181
257,16.0312195418814,700,0.6750749250749251,10.82227433109526,-1,-180.17240202415127,-6.723539735326572e-181
257,16.0312195418814,701,0.6753246753246753,10.826278132179645,-1,-180.33175596431525,-4.658477858861228e-181
257,16.0312195418814,702,0.6755744255744256,10.830281933264033,-1,-180.49121890826024,-3.226867193506305e-181
257,16.0312195418814,703,0.6758241758241759,10.834285734348418,-1,-180.65079095700068,-2.2346475876943343e-181
257,16.0312195418814,704,0.6760739260739261,10.838289535432805,-1,-180.81047221174558,-1.547133493839604e-181
257,16.0312195418814,705,0.6763236763236763,10.842293336517189,-1,-180.97026277389384,-1.0708711686698409e-181
257,16.0312195418814,706,0.6765734265734266,10.846297137601576,-1,-181.13016274504773,-7.41032498954131e-182
257,16.0312195418814,707,0.6768231768231768,10.850300938685962,-1,-181.29017222700222,-5.126580402450971e-182
257,16.0312195418814,708,0.6770729270729271,10.854304739770347,-1,-181.45029132174892,-3.545754626631659e-182
257,16.0312195418814,709,0.6773226773226773,10.858308540854733,-1,-181.61052013147918,-2.4517708007032817e-182
257,16.0312195418814,710,0.6775724275724275,10.862312341939118,-1,-181.77085875857992,-1.694888923258097e-182
257,16.0312195418814,711,0.6778221778221778,10.866316143023505,-1,-181.93130730563357,-1.1713662165757356e-182
257,16.0312195418814,712,0.6780719280719281,10.87031994410789,-1,-182.0918658754291,-8.093458134733261e-183
257,16.0312195418814,713,0.6783216783216783,10.874323745192278,-1,-182.25253457094928,-5.590690224780094e-183
257,16.0312195418814,714,0.6785714285714286,10.878327546276664,-1,-182.41331349537833,-3.860881787721228e-183
257,16.0312195418814,715,0.6788211788211789,10.88233134736105,-1,-182.57420275210316,-2.6656139215448473e-183
257,16.0312195418814,716,0.679070929070929,10.886335148445434,-1,-182.73520244470828,-1.8399141326169038e-183
257,16.0312195418814,717,0.6793206793206793,10.89033894952982,-1,-182.89631267697874,-1.2696596651000114e-183
257,16.0312195418814,718,0.6795704295704296,10.894342750614207,-1,-183.05753355290807,-8.759240425060859e-184
257,16.0312195418814,719,0.6798201798201798,10.898346551698593,-1,-183.21886517668733,-6.041361495928849e-184
257,16.0312195418814,720,0.6800699300699301,10.90235035278298,-1,-183.38030765271282,-4.165741792103185e-184
257,16.0312195418814,721,0.6803196803196803,10.906354153867364,-1,-183.54186108558287,-2.8716989832801136e-184
257,16.0312195418814,722,0.6805694305694305,10.91035795495175,-1,-183.70352558010228,-1.9791304463042703e-184
257,16.0312195418814,723,0.6808191808191808,10.914361756036136,-1,-183.86530124128112,-1.3636369439551571e-184
257,16.0312195418814,724,0.6810689310689311,10.918365557120524,-1,-184.0271881743322,-9.393162284813272e-185
257,16.0312195418814,725,0.6813186813186813,10.922369358204909,-1,-184.18918648467326,-6.468647944136879e-185
257,16.0312195418814,726,0.6815684315684316,10.926373159289296,-1,-184.35129627793475,-4.453523230885453e-185
257,16.0312195418814,727,0.6818181818181819,10.930376960373682,-1,-184.5135176599492,-3.065366028270231e-185
257,16.0312195418814,728,0.682067932067932,10.934380761458065,-1,-184.67585073675767,-2.1093529916722934e-185
257,16.0312195418814,729,0.6823176823176823,10.938384562542453,-1,-184.8382956146113,-1.451123533771987e-185
257,16.0312195418814,730,0.6825674325674326,10.942388363626838,-1,-185.00085239996906,-9.980392014200565e-186
257,16.0312195418814,731,0.6828171828171828,10.946392164711225,-1,-185.16352119949656,-6.862443795045151e-186
257,16.0312195418814,732,0.683066933066933,10.95039596579561,-1,-185.3263021200711,-4.717347614216355e-186
257,16.0312195418814,733,0.6833166833166833,10.954399766879996,-1,-185.48919526878387,-3.2419381957998866e-186
257,16.0312195418814,734,0.6835664335664335,10.958403567964382,-1,-185.65220075293283,-2.2274052915836952e-186
257,16.0312195418814,735,0.6838161838161838,10.96240736904877,-1,-185.81531868002872,-1.529964380355992e-186
257,16.0312195418814,736,0.6840659340659341,10.966411170133155,-1,-185.97854915779595,-1.0506325270305658e-186
257,16.0312195418814,737,0.6843156843156843,10.970414971217542,-1,-186.1418922941711,-7.212863373393538e-187
257,16.0312195418814,738,0.6845654345654346,10.974418772301927,-1,-186.30534819730138,-4.950531208717742e-187
257,16.0312195418814,739,0.6848151848151848,10.978422573386311,-1,-186.46891697554935,-3.3969020525306526e-187
257,16.0312195418814,740,0.685064935064935,10.982426374470698,-1,-186.6325987374959,-2.3302432707836584e-187
257,16.0312195418814,741,0.6853146853146853,10.986430175555084,-1,-186.7963935919327,-1.5981090395900217e-187
257,16.0312195418814,742,0.6855644355644356,10.990433976639471,-1,-186.96030164786805,-1.0957168798335794e-187
257,16.0312195418814,743,0.6858141858141859,10.994437777723856,-1,-187.12432301452762,-7.510640684778803e-188
257,16.0312195418814,744,0.686063936063936,10.998441578808242,-1,-187.2884578013541,-5.146858145321079e-188
257,16.0312195418814,745,0.6863136863136863,11.002445379892627,-1,-187.45270611800626,-3.5260939698218494e-188
257,16.0312195418814,746,0.6865634365634365,11.006449180977015,-1,-187.6170680743596,-2.415082247863764e-188
257,16.0312195418814,747,0.6868131868131868,11.0104529820614,-1,-187.7815437805113,-1.6536980697900278e-188
257,16.0312195418814,748,0.6870629370629371,11.014456783145786,-1,-187.94613334677803,-1.1320527217927558e-188
257,16.0312195418814,749,0.6873126873126874,11.018460584230173,-1,-188.11083688369425,-7.74752731901874e-189
257,16.0312195418814,750,0.6875624375624376,11.022464385314558,-1,-188.2756545020153,-5.300849792097495e-189
257,16.0312195418814,751,0.6878121878121878,11.026468186398944,-1,-188.4405863127185,-3.625882174386404e-189
257,16.0312195418814,752,0.688061938061938,11.03047198748333,-1,-188.60563242700343,-2.4795197562264883e-189
257,16.0312195418814,753,0.6883116883116883,11.034475788567716,-1,-188.7707929562902,-1.6951457444384655e-189
257,16.0312195418814,754,0.6885614385614386,11.038479589652102,-1,-188.93606801222128,-1.1585959012793842e-189
257,16.0312195418814,755,0.6888111888111887,11.042483390736487,-1,-189.1014577066636,-7.916665465300706e-190
257,16.0312195418814,756,0.689060939060939,11.046487191820873,-1,-189.26696215171094,-5.408014511468649e-190
257,16.0312195418814,757,0.6893106893106893,11.05049099290526,-1,-189.4325814596786,-3.693333627992643e-190
257,16.0312195418814,758,0.6895604395604396,11.054494793989646,-1,-189.59831574310792,-2.5216468046806973e-190
257,16.0312195418814,759,0.6898101898101898,11.058498595074031,-1,-189.7641651147664,-1.7212140608234015e-190
257,16.0312195418814,760,0.6900599400599401,11.062502396158418,-1,-189.9301296876497,-1.174546763112559e-190
257,16.0312195418814,761,0.6903096903096904,11.066506197242804,-1,-190.09620957497708,-8.012912955675106e-191
257,16.0312195418814,762,0.6905594405594405,11.07050999832719,-1,-190.26240489020023,-5.465062207693422e-191
257,16.0312195418814,763,0.6908091908091908,11.074513799411575,-1,-190.4287157469969,-3.72635522637764e-191
257,16.0312195418814,764,0.6910589410589411,11.078517600495962,-1,-190.59514225927344,-2.540140510462635e-191
257,16.0312195418814,765,0.6913086913086913,11.082521401580347,-1,-190.76168454116578,-1.731073303772215e-191
257,16.0312195418814,766,0.6915584415584416,11.086525202664735,-1,-190.92834270704202,-1.1793895977202062e-191
257,16.0312195418814,767,0.6918081918081918,11.090529003749118,-1,-191.09511687150197,-8.03309917112714e-192
257,16.0312195418814,768,0.692057942057942,11.094532804833504,-1,-191.26200714937534,-5.470069579666497e-192
257,16.0312195418814,769,0.6923076923076923,11.098536605917891,-1,-191.4290136557244,-3.723799971521601e-192
257,16.0312195418814,770,0.6925574425574426,11.102540407002277,-1,-191.59613650584487,-2.534331923402724e-192
257,16.0312195418814,771,0.6928071928071928,11.106544208086664,-1,-191.76337581526641,-1.7243450899748259e-192
257,16.0312195418814,772,0.6930569430569431,11.11054800917105,-1,-191.93073169975327,-1.1729197529984878e-192
257,16.0312195418814,773,0.6933066933066934,11.114551810255437,-1,-192.09820427530408,-7.976194297335581e-193
257,16.0312195418814,774,0.6935564435564435,11.11855561133982,-1,-192.26579365815283,-5.42258466866092e-193
257,16.0312195418814,775,0.6938061938061938,11.122559412424208,-1,-192.43349996476962,-3.6855307174982563e-193
257,16.0312195418814,776,0.6940559440559441,11.126563213508593,-1,-192.60132331186173,-2.504244266580427e-193
257,16.0312195418814,777,0.6943056943056943,11.13056701459298,-1,-192.76926381637546,-1.7011248297681225e-193
257,16.0312195418814,778,0.6945554445554445,11.134570815677364,-1,-192.93732159549498,-1.1552564568230755e-193
257,16.0312195418814,779,0.6948051948051948,11.13857461676175,-1,-193.1054967666427,-7.843379583193276e-194
257,16.0312195418814,780,0.695054945054945,11.142578417846137,-1,-193.2737894474804,-5.3236629592691524e-194
257,16.0312195418814,781,0.6953046953046953,11.146582218930522,-1,-193.44219975591082,-3.6124366859638267e-194
257,16.0312195418814,782,0.6955544455544456,11.15058602001491,-1,-193.61072781007766,-2.4505986499626234e-194
257,16.0312195418814,783,0.6958041958041958,11.154589821099295,-1,-193.7793737283666,-1.6619818307041436e-194
257,16.0312195418814,784,0.6960539460539461,11.158593622183682,-1,-193.94813762940552,-1.1268403000443603e-194
257,16.0312195418814,785,0.6963036963036963,11.162597423268066,-1,-194.11701963206536,-7.638012555425832e-195
257,16.0312195418814,786,0.6965534465534465,11.166601224352453,-1,-194.2860198554605,-5.175831680830423e-195
257,16.0312195418814,787,0.6968031968031968,11.170605025436839,-1,-194.4551384189494,-3.506400996342913e-195
257,16.0312195418814,788,0.6970529470529471,11.174608826521224,-1,-194.62437544213603,-2.3747864258854038e-195
257,16.0312195418814,789,0.6973026973026973,11.178612627605611,-1,-194.79373104487027,-1.6079367272044061e-195
257,16.0312195418814,790,0.6975524475524475,11.182616428689995,-1,-194.96320534724939,-1.0884153367507487e-195
257,16.0312195418814,791,0.6978021978021978,11.186620229774382,-1,-195.13279846961763,-7.36548806942572e-196
257,16.0312195418814,792,0.698051948051948,11.190624030858768,-1,-195.30251053256612,-4.982983710272384e-196
257,16.0312195418814,793,0.6983016983016983,11.194627831943155,-1,-195.47234165693538,-3.3702207104488298e-196
257,16.0312195418814,794,0.6985514485514486,11.19863163302754,-1,-195.64229196381478,-2.278809578135792e-196
257,16.0312195418814,795,0.6988011988011988,11.202635434111928,-1,-195.81236157454433,-1.5404174349134282e-196
257,16.0312195418814,796,0.6990509490509491,11.206639235196313,-1,-195.9825506107145,-1.0409967874974611e-196
257,16.0312195418814,797,0.6993006993006993,11.210643036280699,-1,-196.1528591941674,-7.033003051275861e-197
257,16.0312195418814,798,0.6995504495504495,11.214646837365084,-1,-196.32328744699765,-4.750207193526867e-197
257,16.0312195418814,799,0.6998001998001998,11.21865063844947,-1,-196.49383549155246,-3.207484072384526e-197
257,16.0312195418814,800,0.7000499500499501,11.222654439533857,-1,-196.66450345043307,-2.1651926769660385e-197
257,16.0312195418814,801,0.7002997002997002,11.22665824061824,-1,-196.83529144649407,-1.4611962652540567e-197
257,16.0312195418814,802,0.7005494505494505,11.230662041702628,-1,-197.00619960284618,-9.858262932284015e-198
257,16.0312195418814,803,0.7007992007992008,11.234665842787013,-1,-197.17722804285538,-6.6492392089556605e-198
257,16.0312195418814,804,0.701048951048951,11.2386696438714,-1,-197.34837689014444,-4.483561279075803e-198
257,16.0312195418814,805,0.7012987012987013,11.242673444955786,-1,-197.51964626859365,-3.022412462998522e-198
257,16.0312195418814,806,0.7015484515484516,11.246677246040173,-1,-197.69103630234136,-2.0368718100431323e-198
257,16.0312195418814,807,0.7017982017982018,11.250681047124559,-1,-197.8625471157851,-1.3723120733958815e-198
257,16.0312195418814,808,0.702047952047952,11.254684848208942,-1,-198.03417883358154,-9.243174805367186e-199
257,16.0312195418814,809,0.7022977022977023,11.25868864929333,-1,-198.20593158064764,-6.223983309382479e-199
257,16.0312195418814,810,0.7025474525474525,11.262692450377715,-1,-198.37780548216148,-4.189811822038805e-199
257,16.0312195418814,811,0.7027972027972028,11.266696251462102,-1,-198.54980066356273,-2.8196768352557764e-199
257,16.0312195418814,812,0.7030469530469531,11.270700052546488,-1,-198.72191725055418,-1.8970673495135657e-199
257,16.0312195418814,813,0.7032967032967032,11.274703853630873,-1,-198.8941553691013,-1.2759822437645832e-199
257,16.0312195418814,814,0.7035464535464535,11.278707654715259,-1,-199.0665151454342,-8.579951927758873e-200
257,16.0312195418814,815,0.7037962037962038,11.282711455799646,-1,-199.23899670604771,-5.767708379548785e-200
257,16.0312195418814,816,0.704045954045954,11.286715256884031,-1,-199.41160017770238,-3.8761432809814284e-200
257,16.0312195418814,817,0.7042957042957043,11.290719057968419,-1,-199.5843256874249,-2.6041998681323438e-200
257,16.0312195418814,818,0.7045454545454546,11.294722859052804,-1,-199.75717336250958,-1.749148320843018e-200
257,16.0312195418814,819,0.7047952047952049,11.29872666013719,-1,-199.9301433305184,-1.1745098666373805e-200
257,16.0312195418814,820,0.705044955044955,11.302730461221575,-1,-200.10323571928205,-7.884320691534511e-201
257,16.0312195418814,821,0.7052947052947053,11.30673426230596,-1,-200.27645065690115,-5.291141099851331e-201
257,16.0312195418814,822,0.7055444555444556,11.310738063390348,-1,-200.44978827174634,-3.549864108529859e-201
257,16.0312195418814,823,0.7057942057942058,11.314741864474733,-1,-200.6232486924593,-2.380955659060574e-201
257,16.0312195418814,824,0.706043956043956,11.318745665559119,-1,-200.79683204795364,-1.5964964311612579e-201
257,16.0312195418814,825,0.7062937062937062,11.322749466643504,-1,-200.97053846741613,-1.0701915870295428e-201
257,16.0312195418814,826,0.7065434565434565,11.326753267727891,-1,-201.14436808030646,-7.171861923355096e-202
257,16.0312195418814,827,0.7067932067932068,11.330757068812277,-1,-201.31832101635888,-4.804840589643832e-202
257,16.0312195418814,828,0.707042957042957,11.334760869896664,-1,-201.49239740558278,-3.2181226676708884e-202
257,16.0312195418814,829,0.7072927072927073,11.33876467098105,-1,-201.6665973782634,-2.1547784412294403e-202
257,16.0312195418814,830,0.7075424575424576,11.342768472065435,-1,-201.8409210649628,-1.442377486502716e-202
257,16.0312195418814,831,0.7077922077922079,11.346772273149822,-1,-202.01536859652057,-9.652313154401324e-203
257,16.0312195418814,832,0.708041958041958,11.350776074234206,-1,-202.18994010405444,-6.457432809084623e-203
257,16.0312195418814,833,0.7082917082917083,11.354779875318593,-1,-202.3646357189618,-4.3188118173262013e-203
257,16.0312195418814,834,0.7085414585414586,11.358783676402979,-1,-202.5394555729198,-2.887649162309301e-203
257,16.0312195418814,835,0.7087912087912088,11.362787477487366,-1,-202.71439979788627,-1.9301906259142532e-203
257,16.0312195418814,836,0.709040959040959,11.36679127857175,-1,-202.8894685261008,-1.2898270299934e-203
257,16.0312195418814,837,0.7092907092907093,11.370795079656137,-1,-203.06466189008592,-8.616643199302045e-204
257,16.0312195418814,838,0.7095404595404595,11.374798880740522,-1,-203.2399800226468,-5.754664079273973e-204
257,16.0312195418814,839,0.7097902097902098,11.378802681824908,-1,-203.41542305687338,-3.842173242010047e-204
257,16.0312195418814,840,0.7100399600399601,11.382806482909295,-1,-203.59099112614012,-2.5645364366871955e-204
257,16.0312195418814,841,0.7102897102897103,11.38681028399368,-1,-203.7666843641079,-1.7112585691862702e-204
257,16.0312195418814,842,0.7105394605394606,11.390814085078068,-1,-203.94250290472405,-1.1415556694416405e-204
257,16.0312195418814,843,0.7107892107892108,11.394817886162452,-1,-204.1184468822233,-7.612952459634764e-205
257,16.0312195418814,844,0.711038961038961,11.398821687246839,-1,-204.29451643112924,-5.075555357722872e-205
257,16.0312195418814,845,0.7112887112887113,11.402825488331224,-1,-204.47071168625448,-3.3828934078412953e-205
257,16.0312195418814,846,0.7115384615384616,11.406829289415612,-1,-204.64703278270164,-2.254069057417507e-205
257,16.0312195418814,847,0.7117882117882117,11.410833090499995,-1,-204.82347985586463,-1.5014820482603438e-205
257,16.0312195418814,848,0.712037962037962,11.414836891584383,-1,-205.0000530414293,-9.998778750533851e-206
257,16.0312195418814,849,0.7122877122877123,11.418840692668768,-1,-205.17675247537403,-6.656524343917626e-206
257,16.0312195418814,850,0.7125374625374625,11.422844493753153,-1,-205.35357829397094,-4.4301834059436583e-206
257,16.0312195418814,851,0.7127872127872128,11.42684829483754,-1,-205.53053063378678,-2.9476055543128327e-206
257,16.0312195418814,852,0.7130369630369631,11.430852095921926,-1,-205.70760963168345,-1.960606184869869e-206
257,16.0312195418814,853,0.7132867132867133,11.434855897006313,-1,-205.8848154248194,-1.303720742119433e-206
257,16.0312195418814,854,0.7135364635364636,11.438859698090699,-1,-206.06214815065027,-8.666661799434982e-207
257,16.0312195418814,855,0.7137862137862138,11.442863499175084,-1,-206.23960794692942,-5.759596419715201e-207
257,16.0312195418814,856,0.714035964035964,11.44686730025947,-1,-206.41719495170966,-3.826529345721415e-207
257,16.0312195418814,857,0.7142857142857143,11.450871101343857,-1,-206.5949093033435,-2.5415034094930463e-207
257,16.0312195418814,858,0.7145354645354646,11.454874902428243,-1,-206.77275114048413,-1.6875197313044722e-207
257,16.0312195418814,859,0.7147852147852147,11.458878703512626,-1,-206.9507206020866,-1.12015829151125e-207
257,16.0312195418814,860,0.715034965034965,11.462882504597014,-1,-207.12881782740848,-7.43330875946792e-208
257,16.0312195418814,861,0.7152847152847153,11.466886305681399,-1,-207.30704295601095,-4.931250266101632e-208
257,16.0312195418814,862,0.7155344655344655,11.470890106765786,-1,-207.48539612775957,-3.2704225770572573e-208
257,16.0312195418814,863,0.7157842157842158,11.474893907850172,-1,-207.66387748282523,-2.1683157138965305e-208
257,16.0312195418814,864,0.7160339660339661,11.478897708934559,-1,-207.84248716168523,-1.4371855378187807e-208
257,16.0312195418814,865,0.7162837162837163,11.482901510018944,-1,-208.0212253051238,-9.523019966035887e-209
257,16.0312195418814,866,0.7165334665334665,11.48690531110333,-1,-208.20009205423352,-6.308236192270215e-209
257,16.0312195418814,867,0.7167832167832168,11.490909112187715,-1,-208.3790875504162,-4.177461437586262e-209
257,16.0312195418814,868,0.717032967032967,11.494912913272103,-1,-208.55821193538324,-2.7655917093628767e-209
257,16.0312195418814,869,0.7172827172827173,11.498916714356488,-1,-208.73746535115728,-1.8303521294724187e-209
257,16.0312195418814,870,0.7175324675324675,11.502920515440872,-1,-208.91684794007284,-1.2110220756038305e-209
257,16.0312195418814,871,0.7177822177822177,11.506924316525259,-1,-209.09635984477742,-8.010140895265154e-210
257,16.0312195418814,872,0.718031968031968,11.510928117609645,-1,-209.2760012082322,-5.296619703395539e-210
257,16.0312195418814,873,0.7182817182817183,11.514931918694032,-1,-209.45577217371323,-3.501287927174799e-210
257,16.0312195418814,874,0.7185314685314685,11.518935719778417,-1,-209.63567288481227,-2.3138069177913393e-210
257,16.0312195418814,875,0.7187812187812188,11.522939520862804,-1,-209.81570348543787,-1.528609360097156e-210
257,16.0312195418814,876,0.7190309690309691,11.52694332194719,-1,-209.99586411981633,-1.009568706168724e-210
257,16.0312195418814,877,0.7192807192807193,11.530947123031577,-1,-210.17615493249292,-6.6656893149319195e-211
257,16.0312195418814,878,0.7195304695304695,11.534950924115961,-1,-210.35657606833144,-4.399708785127679e-211
257,16.0312195418814,879,0.7197802197802198,11.538954725200346,-1,-210.53712767251676,-2.9031690645528862e-211
257,16.0312195418814,880,0.72002997002997,11.542958526284734,-1,-210.71780989055463,-1.9150940609180042e-211
257,16.0312195418814,881,0.7202797202797203,11.546962327369119,-1,-210.8986228682764,-1.2629237536134422e-211
257,16.0312195418814,882,0.7205294705294705,11.550966128453505,-1,-211.07956675183527,-8.325939449779715e-212
257,16.0312195418814,883,0.7207792207792207,11.55496992953789,-1,-211.26064168770782,-5.487295044955531e-212
257,16.0312195418814,884,0.721028971028971,11.558973730622277,-1,-211.44184782269693,-3.6153652327509716e-212
257,16.0312195418814,885,0.7212787212787213,11.562977531706663,-1,-211.62318530393253,-2.381303202703543e-212
257,16.0312195418814,886,0.7215284715284715,11.56698133279105,-1,-211.80465427887188,-1.5679987824822602e-212
257,16.0312195418814,887,0.7217782217782218,11.570985133875435,-1,-211.98625489530104,-1.0321554372225325e-212
257,16.0312195418814,888,0.7220279720279721,11.574988934959823,-1,-212.16798730133604,-6.792234926548532e-213
257,16.0312195418814,889,0.7222777222777222,11.578992736044206,-1,-212.34985164542286,-4.468362049009334e-213
257,16.0312195418814,890,0.7225274725274725,11.582996537128592,-1,-212.5318480763387,-2.938677471977244e-213
257,16.0312195418814,891,0.7227772227772228,11.58700033821298,-1,-212.7139767431941,-1.9320717781867564e-213
257,16.0312195418814,892,0.723026973026973,11.591004139297365,-1,-212.89623779543405,-1.2698786001262833e-213
257,16.0312195418814,893,0.7232767232767232,11.59500794038175,-1,-213.07863138283824,-8.343890905672699e-214
257,16.0312195418814,894,0.7235264735264735,11.599011741466136,-1,-213.26115765552194,-5.4807796814042225e-214
257,16.0312195418814,895,0.7237762237762237,11.603015542550523,-1,-213.44381676393706,-3.599011514064377e-214
257,16.0312195418814,896,0.724025974025974,11.607019343634908,-1,-213.62660885887317,-2.362605121844339e-214
257,16.0312195418814,897,0.7242757242757243,11.611023144719296,-1,-213.809534091459,-1.5504790717584196e-214
257,16.0312195418814,898,0.7245254745254746,11.615026945803681,-1,-213.99259261316357,-1.0172024249484579e-214
257,16.0312195418814,899,0.7247752247752248,11.619030746888066,-1,-214.17578457579705,-6.671376091281894e-215
257,16.0312195418814,900,0.7250249750249751,11.623034547972454,-1,-214.35911013151218,-4.374111692287478e-215
257,16.0312195418814,901,0.7252747252747253,11.627038349056837,-1,-214.54256943280464,-2.867018974449576e-215
257,16.0312195418814,902,0.7255244755244755,11.631042150141225,-1,-214.72616263251288,-1.8786131910161587e-215
257,16.0312195418814,903,0.7257742257742258,11.63504595122561,-1,-214.90988988382253,-1.2305807473076323e-215
257,16.0312195418814,904,0.7260239760239761,11.639049752309997,-1,-215.09375134026604,-8.058397008745444e-216
257,16.0312195418814,905,0.7262737262737262,11.643053553394381,-1,-215.27774715572366,-5.275369016253486e-216
257,16.0312195418814,906,0.7265234765234765,11.647057354478768,-1,-215.46187748442344,-3.45241118996346e-216
257,16.0312195418814,907,0.7267732267732268,11.651061155563154,-1,-215.64614248094267,-2.2586946285539356e-216
257,16.0312195418814,908,0.727022977022977,11.655064956647541,-1,-215.83054230021006,-1.4772625894524413e-216
257,16.0312195418814,909,0.7272727272727273,11.659068757731927,-1,-216.0150770975066,-9.658793974109708e-217
257,16.0312195418814,910,0.7275224775224776,11.663072558816312,-1,-216.19974702846653,-6.313249769263261e-217
257,16.0312195418814,911,0.7277722277722278,11.6670763599007,-1,-216.38455224907895,-4.125226043821737e-217
257,16.0312195418814,912,0.728021978021978,11.671080160985083,-1,-216.569492915685,-2.69467928824195e-217
257,16.0312195418814,913,0.7282717282717283,11.67508396206947,-1,-216.75456918498548,-1.7596683187136124e-217
257,16.0312195418814,914,0.7285214785214785,11.679087763153856,-1,-216.9397812140394,-1.1487321763437518e-217
257,16.0312195418814,915,0.7287712287712288,11.683091564238243,-1,-217.1251291602636,-7.496712220817734e-218
257,16.0312195418814,916,0.729020979020979,11.687095365322627,-1,-217.31061318143392,-4.890877874133107e-218
257,16.0312195418814,917,0.7292707292707292,11.691099166407014,-1,-217.49623343568717,-3.1898228467977123e-218
257,16.0312195418814,918,0.7295204795204795,11.6951029674914,-1,-217.68199008152334,-2.07974418404282e-218
257,16.0312195418814,919,0.7297702297702298,11.699106768575787,-1,-217.86788327780593,-1.355553685779807e-218
257,16.0312195418814,920,0.73001998001998,11.703110569660172,-1,-218.05391318376115,-8.832564473056085e-219
257,16.0312195418814,921,0.7302697302697303,11.707114370744558,-1,-218.24007995898387,-5.75334001482115e-219
257,16.0312195418814,922,0.7305194805194806,11.711118171828945,-1,-218.42638376343382,-3.746418044689213e-219
257,16.0312195418814,923,0.7307692307692308,11.71512197291333,-1,-218.61282475743678,-2.438794700129613e-219
257,16.0312195418814,924,0.731018981018981,11.719125773997716,-1,-218.79940310169175,-1.5870729817792364e-219
257,16.0312195418814,925,0.7312687312687313,11.723129575082101,-1,-218.98611895726773,-1.0324785616170568e-219
257,16.0312195418814,926,0.7315184815184815,11.727133376166488,-1,-219.17297248560334,-6.714713921378323e-220
257,16.0312195418814,927,0.7317682317682318,11.731137177250874,-1,-219.3599638485096,-4.365521701523098e-220
257,16.0312195418814,928,0.732017982017982,11.73514097833526,-1,-219.5470932081729,-2.8373100203255344e-220
257,16.0312195418814,929,0.7322677322677322,11.739144779419645,-1,-219.7343607271555,-1.8434835764670828e-220
257,16.0312195418814,930,0.7325174825174825,11.74314858050403,-1,-219.92176656839314,-1.1973839476225615e-220
257,16.0312195418814,931,0.7327672327672328,11.747152381588418,-1,-220.10931089520054,-7.774797830377269e-221
257,16.0312195418814,932,0.733016983016983,11.751156182672803,-1,-220.2969938712738,-5.046684193503899e-221
257,16.0312195418814,933,0.7332667332667333,11.75515998375719,-1,-220.4848156606873,-3.274796664045436e-221
257,16.0312195418814,934,0.7335164835164836,11.759163784841576,-1,-220.67277642789503,-2.1243377764683758e-221
257,16.0312195418814,935,0.7337662337662337,11.763167585925961,-1,-220.8608763377347,-1.3776016753326028e-221
257,16.0312195418814,936,0.734015984015984,11.767171387010347,-1,-221.0491155554292,-8.930678280155921e-222
257,16.0312195418814,937,0.7342657342657343,11.771175188094734,-1,-221.23749424658362,-5.787696556828826e-222
257,16.0312195418814,938,0.7345154845154845,11.77517898917912,-1,-221.4260125771896,-3.749621431660854e-222
257,16.0312195418814,939,0.7347652347652347,11.779182790263505,-1,-221.6146707136303,-2.4284506725301884e-222
257,16.0312195418814,940,0.735014985014985,11.78318659134789,-1,-221.80346882267474,-1.5722846602814344e-222
257,16.0312195418814,941,0.7352647352647352,11.787190392432276,-1,-221.9924070714807,-1.0176370926203293e-222
257,16.0312195418814,942,0.7355144855144855,11.791194193516663,-1,-222.1814856275987,-6.584372196914734e-223
257,16.0312195418814,943,0.7357642357642358,11.795197994601049,-1,-222.3707046589733,-4.2588793885210175e-223
257,16.0312195418814,944,0.736013986013986,11.799201795685436,-1,-222.56006433393782,-2.7538207376323135e-223
257,16.0312195418814,945,0.7362637362637363,11.803205596769821,-1,-222.74956482122644,-1.7800622033671173e-223
257,16.0312195418814,946,0.7365134865134866,11.807209397854209,-1,-222.93920628996932,-1.1502538883242682e-223
257,16.0312195418814,947,0.7367632367632367,11.811213198938592,-1,-223.12898890969078,-7.430381121584883e-224
257,16.0312195418814,948,0.737012987012987,11.81521700002298,-1,-223.31891285031605,-4.798297261978685e-224
257,16.0312195418814,949,0.7372627372627373,11.819220801107365,-1,-223.50897828217242,-3.09757419618865e-224
257,16.0312195418814,950,0.7375124875124875,11.82322460219175,-1,-223.69918537598366,-1.9990084227969185e-224
257,16.0312195418814,951,0.7377622377622377,11.827228403276136,-1,-223.8895343028817,-1.2896316919244165e-224
257,16.0312195418814,952,0.738011988011988,11.831232204360521,-1,-224.08002523440348,-8.317154434040202e-225
257,16.0312195418814,953,0.7382617382617382,11.835236005444909,-1,-224.2706583424871,-5.3621833217361897e-225
257,16.0312195418814,954,0.7385114885114885,11.839239806529294,-1,-224.46143379947992,-3.455940052626753e-225
257,16.0312195418814,955,0.7387612387612388,11.843243607613681,-1,-224.65235177813884,-2.2266308496473832e-225
257,16.0312195418814,956,0.739010989010989,11.847247408698067,-1,-224.8434124516253,-1.4341267890703818e-225
257,16.0312195418814,957,0.7392607392607393,11.851251209782454,-1,-225.03461599351894,-9.233875325712547e-226
257,16.0312195418814,958,0.7395104895104895,11.855255010866838,-1,-225.22596257780913,-5.9434336965715995e-226
257,16.0312195418814,959,0.7397602397602397,11.859258811951225,-1,-225.4174523788964,-3.824261850187395e-226
257,16.0312195418814,960,0.74000999000999,11.86326261303561,-1,-225.60908557159917,-2.4598828711867906e-226
257,16.0312195418814,961,0.7402597402597403,11.867266414119996,-1,-225.80086233115006,-1.5817493652478778e-226
257,16.0312195418814,962,0.7405094905094904,11.871270215204381,-1,-225.99278283320334,-1.0167569900525876e-226
257,16.0312195418814,963,0.7407592407592407,11.875274016288767,-1,-226.18484725382993,-6.533603062837117e-227
257,16.0312195418814,964,0.741008991008991,11.879277817373154,-1,-226.3770557695207,-4.1970508449349716e-227
257,16.0312195418814,965,0.7412587412587412,11.88328161845754,-1,-226.56940855719168,-2.695202760616511e-227
257,16.0312195418814,966,0.7415084915084915,11.887285419541927,-1,-226.76190579417624,-1.7301916263607136e-227
257,16.0312195418814,967,0.7417582417582418,11.891289220626312,-1,-226.95454765824115,-1.1103306841168248e-227
257,16.0312195418814,968,0.7420079920079921,11.8952930217107,-1,-227.14733432757498,-7.123044744243183e-228
257,16.0312195418814,969,0.7422577422577423,11.899296822795085,-1,-227.34026598079265,-4.568083346725825e-228
257,16.0312195418814,970,0.7425074925074925,11.903300623879469,-1,-227.53334279694204,-2.928580747916985e-228
257,16.0312195418814,971,0.7427572427572428,11.907304424963856,-1,-227.72656495549555,-1.87687368172586e-228
257,16.0312195418814,972,0.743006993006993,11.911308226048241,-1,-227.91993263636573,-1.2024509329186059e-228
257,16.0312195418814,973,0.7432567432567433,11.915312027132629,-1,-228.1134460198945,-7.701121585643736e-229
257,16.0312195418814,974,0.7435064935064934,11.919315828217012,-1,-228.30710528685736,-4.93054257360344e-229
257,16.0312195418814,975,0.7437562437562437,11.9233196293014,-1,-228.50091061846967,-3.1556540172169446e-229
257,16.0312195418814,976,0.744005994005994,11.927323430385785,-1,-228.69486219637866,-2.0190069021585058e-229
257,16.0312195418814,977,0.7442557442557443,11.931327231470172,-1,-228.88896020268038,-1.291337602127438e-229
257,16.0312195418814,978,0.7445054945054945,11.935331032554558,-1,-229.08320481990495,-8.256484693244981e-230
257,16.0312195418814,979,0.7447552447552448,11.939334833638945,-1,-229.27759623102617,-5.277202615034411e-230
257,16.0312195418814,980,0.7450049950049951,11.94333863472333,-1,-229.47213461946188,-3.3718277498093063e-230
257,16.0312195418814,981,0.7452547452547452,11.947342435807714,-1,-229.666820169074,-2.153673334576641e-230
257,16.0312195418814,982,0.7455044955044955,11.951346236892102,-1,-229.8616530641772,-1.3751400659650724e-230
257,16.0312195418814,983,0.7457542457542458,11.955350037976487,-1,-230.05663348952692,-8.777412534268979e-231
257,16.0312195418814,984,0.746003996003996,11.959353839060874,-1,-230.25176163033396,-5.600649179870313e-231
257,16.0312195418814,985,0.7462537462537462,11.963357640145258,-1,-230.44703767225423,-3.572418483742128e-231
257,16.0312195418814,986,0.7465034965034965,11.967361441229645,-1,-230.64246180140557,-2.2779185885467612e-231
257,16.0312195418814,987,0.7467532467532467,11.97136524231403,-1,-230.83803420435464,-1.4519972560496682e-231
257,16.0312195418814,988,0.747002997002997,11.975369043398418,-1,-231.03375506812506,-9.252198290498669e-232
257,16.0312195418814,989,0.7472527472527473,11.979372844482803,-1,-231.22962458019657,-5.8935289310493865e-232
257,16.0312195418814,990,0.7475024975024975,11.983376645567189,-1,-231.42564292851085,-3.7528142713043186e-232
257,16.0312195418814,991,0.7477522477522478,11.987380446651576,-1,-231.62181030147153,-2.388854499547494e-232
257,16.0312195418814,992,0.7480019980019981,11.991384247735962,-1,-231.8181268879403,-1.5201033358284648e-232
257,16.0312195418814,993,0.7482517482517482,11.995388048820347,-1,-232.01459287724563,-9.66956913295683e-233
257,16.0312195418814,994,0.7485014985014985,11.999391849904733,-1,-232.21120845917872,-6.148816617439855e-233
257,16.0312195418814,995,0.7487512487512488,12.00339565098912,-1,-232.40797382400447,-3.9086445344343157e-233
257,16.0312195418814,996,0.749000999000999,12.007399452073505,-1,-232.60488916244896,-2.4837669137530817e-233
257,16.0312195418814,997,0.7492507492507492,12.01140325315789,-1,-232.8019546657135,-1.5777759589072204e-233
257,16.0312195418814,998,0.7495004995004995,12.015407054242276,-1,-232.99917052546635,-1.001911760785059e-233
257,16.0312195418814,999,0.7497502497502497,12.019410855326663,-1,-233.19653693385777,-6.360087142253496e-234
257,16.0312195418814,1000,0.75,12.023414656411049,-1,-233.39405408350515,-4.035951293806386e-234
257,16.0312195418814,1001,0.7502497502497503,12.027418457495434,-1,-233.59172216750596,-2.560223222299e-234
257,16.0312195418814,1002,0.7504995004995005,12.031422258579822,-1,-233.78954137943765,-1.6235236543045157e-234
257,16.0312195418814,1003,0.7507492507492508,12.035426059664207,-1,-233.98751191335626,-1.0291722950503501e-234
257,16.0312195418814,1004,0.7509990009990011,12.039429860748594,-1,-234.18563396379596,-6.521778372097981e-235
257,16.0312195418814,1005,0.7512487512487512,12.043433661832978,-1,-234.3839077257833,-4.131352712010492e-235
257,16.0312195418814,1006,0.7514985014985015,12.047437462917365,-1,-234.58233339482314,-2.616173879072921e-235
257,16.0312195418814,1007,0.7517482517482518,12.05144126400175,-1,-234.78091116691022,-1.6561086788158183e-235
257,16.0312195418814,1008,0.7519980019980019,12.055445065086136,-1,-234.97964123852225,-1.0479939161592413e-235
257,16.0312195418814,1009,0.7522477522477522,12.059448866170522,-1,-235.17852380663822,-6.629430062535697e-236
257,16.0312195418814,1010,0.7524975024975025,12.063452667254909,-1,-235.3775590687191,-4.192189745188586e-236
257,16.0312195418814,1011,0.7527472527472527,12.067456468339294,-1,-235.57674722272475,-2.650042123473685e-236
257,16.0312195418814,1012,0.752997002997003,12.07146026942368,-1,-235.77608846710586,-1.674601719820547e-236
257,16.0312195418814,1013,0.7532467532467533,12.075464070508067,-1,-235.975583000818,-1.057832727444442e-236
257,16.0312195418814,1014,0.7534965034965035,12.079467871592453,-1,-236.175231023309,-6.679884860130193e-237
257,16.0312195418814,1015,0.7537462537462538,12.08347167267684,-1,-236.3750327345274,-4.216647196594746e-237
257,16.0312195418814,1016,0.753996003996004,12.087475473761224,-1,-236.5749883349291,-2.66079652735039e-237
257,16.0312195418814,1017,0.7542457542457542,12.09147927484561,-1,-236.77509802547098,-1.678425134690555e-237
257,16.0312195418814,1018,0.7544955044955045,12.095483075929996,-1,-236.9753620076167,-1.0583711485833179e-237
257,16.0312195418814,1019,0.7547452547452547,12.099486877014382,-1,-237.1757804833329,-6.671438957602643e-238
257,16.0312195418814,1020,0.7549950049950049,12.103490678098767,-1,-237.37635365510658,-4.203841613235386e-238
257,16.0312195418814,1021,0.7552447552447552,12.107494479183153,-1,-237.57708172592658,-2.6480017883576218e-238
257,16.0312195418814,1022,0.7554945054945055,12.11149828026754,-1,-237.77796489929636,-1.6673819688458775e-238
257,16.0312195418814,1023,0.7557442557442557,12.115502081351925,-1,-237.97900337923858,-1.0495342622107766e-238
257,16.0312195418814,1024,0.755994005994006,12.119505882436313,-1,-238.18019737028945,-6.6039325623493395e-239
257,16.0312195418814,1025,0.7562437562437563,12.123509683520698,-1,-238.38154707750465,-4.153870208646048e-239
257,16.0312195418814,1026,0.7564935064935066,12.127513484605085,-1,-238.58305270645707,-2.611844358853476e-239
257,16.0312195418814,1027,0.7567432567432568,12.13151728568947,-1,-238.7847144632498,-1.6416687707958623e-239
257,16.0312195418814,1028,0.756993006993007,12.135521086773856,-1,-238.98653255450338,-1.0314957561206275e-239
257,16.0312195418814,1029,0.7572427572427572,12.139524887858242,-1,-239.18850718736232,-6.478773731247815e-240
257,16.0312195418814,1030,0.7574925074925075,12.143528688942629,-1,-239.3906385695093,-4.06781722035223e-240
257,16.0312195418814,1031,0.7577422577422577,12.147532490027013,-1,-239.5929269091472,-2.5531309531039265e-240
257,16.0312195418814,1032,0.7579920079920079,12.151536291111398,-1,-239.79537241501262,-1.60187116939454e-240
257,16.0312195418814,1033,0.7582417582417582,12.155540092195785,-1,-239.9979752963795,-1.0046729366481823e-240
257,16.0312195418814,1034,0.7584915084915085,12.159543893280171,-1,-240.20073576305367,-6.298893086191689e-241
257,16.0312195418814,1035,0.7587412587412588,12.163547694364558,-1,-240.40365402537938,-3.947716661643703e-241
257,16.0312195418814,1036,0.758991008991009,12.167551495448944,-1,-240.6067302942392,-2.4732596130212477e-241
257,16.0312195418814,1037,0.7592407592407593,12.171555296533331,-1,-240.80996478106016,-1.548942224678602e-241
257,16.0312195418814,1038,0.7594905094905096,12.175559097617716,-1,-241.01335769780948,-9.697109555567542e-242
257,16.0312195418814,1039,0.7597402597402597,12.179562898702102,-1,-241.21690925699772,-6.068631164364362e-242
257,16.0312195418814,1040,0.75999000999001,12.183566699786487,-1,-241.42061967168956,-3.796473111271595e-242
257,16.0312195418814,1041,0.7602397602397603,12.187570500870873,-1,-241.6244891554917,-2.3741647058445794e-242
257,16.0312195418814,1042,0.7604895104895104,12.191574301955258,-1,-241.82851792256574,-1.484164629949337e-242
257,16.0312195418814,1043,0.7607392607392607,12.195578103039644,-1,-242.03270618762448,-9.27457061850633e-243
257,16.0312195418814,1044,0.760989010989011,12.199581904124031,-1,-242.23705416593694,-5.793564336134751e-243
257,16.0312195418814,1045,0.7612387612387612,12.203585705208416,-1,-242.44156207332918,-3.6177447892813017e-243
257,16.0312195418814,1046,0.7614885114885115,12.207589506292804,-1,-242.64623012618551,-2.2582388459612035e-243
257,16.0312195418814,1047,0.7617382617382618,12.21159330737719,-1,-242.85105854145178,-1.4090988437816991e-243
257,16.0312195418814,1048,0.761988011988012,12.215597108461576,-1,-243.05604753663766,-8.789263067940595e-244
257,16.0312195418814,1049,0.7622377622377623,12.219600909545962,-1,-243.26119732981655,-5.4802790161987514e-244
257,16.0312195418814,1050,0.7624875124875126,12.22360471063035,-1,-243.46650813963072,-3.4157954867642733e-244
257,16.0312195418814,1051,0.7627372627372627,12.227608511714733,-1,-243.67198018529098,-2.1282361446557216e-244
257,16.0312195418814,1052,0.762987012987013,12.231612312799118,-1,-243.87761368657831,-1.3255200869439507e-244
257,16.0312195418814,1053,0.7632367632367633,12.235616113883506,-1,-244.0834088638504,-8.252606472158268e-245
257,16.0312195418814,1054,0.7634865134865134,12.23961991496789,-1,-244.28936593803786,-5.1361069904662776e-245
257,16.0312195418814,1055,0.7637362637362637,12.243623716052277,-1,-244.49548513064727,-3.195323764270348e-245
257,16.0312195418814,1056,0.763986013986014,12.247627517136662,-1,-244.7017666637715,-1.9871622862360083e-245
257,16.0312195418814,1057,0.7642357642357642,12.25163131822105,-1,-244.90821076007978,-1.2353477822995596e-245
257,16.0312195418814,1058,0.7644855144855145,12.255635119305435,-1,-245.11481764282294,-7.67683766672546e-246
257,16.0312195418814,1059,0.7647352647352648,12.259638920389822,-1,-245.32158753584804,-4.768836843576672e-246
257,16.0312195418814,1060,0.764985014985015,12.263642721474207,-1,-245.5285206635819,-2.9612790654040714e-246
257,16.0312195418814,1061,0.7652347652347653,12.267646522558593,-1,-245.73561725104094,-1.838157620155231e-246
257,16.0312195418814,1062,0.7654845154845155,12.271650323642978,-1,-245.94287752384307,-1.1405713967722215e-246
257,16.0312195418814,1063,0.7657342657342657,12.275654124727364,-1,-246.15030170819313,-7.074541390212511e-247
257,16.0312195418814,1064,0.765984015984016,12.279657925811751,-1,-246.35789003089474,-4.3864175360589804e-247
257,16.0312195418814,1065,0.7662337662337662,12.283661726896135,-1,-246.56564271935363,-2.7186749189352903e-247
257,16.0312195418814,1066,0.7664835164835164,12.287665527980522,-1,-246.77356000157266,-1.684379698943093e-247
257,16.0312195418814,1067,0.7667332667332667,12.291669329064908,-1,-246.98164210616378,-1.0431767374165348e-247
257,16.0312195418814,1068,0.766983016983017,12.295673130149295,-1,-247.18988926234098,-6.458188808020909e-248
257,16.0312195418814,1069,0.7672327672327672,12.29967693123368,-1,-247.39830169992328,-3.9966700872757145e-248
257,16.0312195418814,1070,0.7674825174825175,12.303680732318067,-1,-247.60687964935087,-2.472409198220903e-248
257,16.0312195418814,1071,0.7677322677322678,12.307684533402453,-1,-247.81562334166674,-1.5288914724154377e-248
257,16.0312195418814,1072,0.767982017982018,12.311688334486838,-1,-248.02453300853148,-9.450765592118826e-249
257,16.0312195418814,1073,0.7682317682317683,12.315692135571226,-1,-248.2336088822265,-5.839707810782741e-249
257,16.0312195418814,1074,0.7684815184815185,12.31969593665561,-1,-248.44285119564665,-3.607022109397991e-249
257,16.0312195418814,1075,0.7687312687312687,12.323699737739997,-1,-248.65226018231635,-2.2271005115963746e-249
257,16.0312195418814,1076,0.768981018981019,12.327703538824382,-1,-248.86183607637864,-1.3745607024174842e-249
257,16.0312195418814,1077,0.7692307692307692,12.331707339908768,-1,-249.0715791126016,-8.480488848303173e-250
257,16.0312195418814,1078,0.7694805194805194,12.335711140993153,-1,-249.28148952639023,-5.2301057915071117e-250
257,16.0312195418814,1079,0.7697302697302697,12.33971494207754,-1,-249.49156755377268,-3.224277749353219e-250
257,16.0312195418814,1080,0.76998001998002,12.343718743161926,-1,-249.7018134314167,-1.9869483072404882e-250
257,16.0312195418814,1081,0.7702297702297702,12.347722544246311,-1,-249.912227396621,-1.2239751579769396e-250
257,16.0312195418814,1082,0.7704795204795205,12.351726345330698,-1,-250.1228096873278,-7.536857648641959e-251
257,16.0312195418814,1083,0.7707292707292708,12.355730146415084,-1,-250.33356054211532,-4.639161140034482e-251
257,16.0312195418814,1084,0.770979020979021,12.359733947499471,-1,-250.54448020020965,-2.8544326464085204e-251
257,16.0312195418814,1085,0.7712287712287712,12.363737748583855,-1,-250.75556890148005,-1.7556223399488735e-251
257,16.0312195418814,1086,0.7714785214785215,12.367741549668242,-1,-250.96682688644083,-1.0793768855086117e-251
257,16.0312195418814,1087,0.7717282717282717,12.371745350752628,-1,-251.17825439626566,-6.633543841060255e-252
257,16.0312195418814,1088,0.7719780219780219,12.375749151837013,-1,-251.38985167277218,-4.075194366231076e-252
257,16.0312195418814,1089,0.7722277722277722,12.379752952921399,-1,-251.60161895844067,-2.5025400789061944e-252
257,16.0312195418814,1090,0.7724775224775224,12.383756754005786,-1,-251.81355649640471,-1.5361849414450256e-252
257,16.0312195418814,1091,0.7727272727272727,12.387760555090171,-1,-252.0256645304584,-9.426174375451037e-253
257,16.0312195418814,1092,0.772977022977023,12.391764356174557,-1,-252.2379433050642,-5.781715198306755e-253
257,16.0312195418814,1093,0.7732267732267732,12.395768157258944,-1,-252.45039306534142,-3.54492404836215e-253
257,16.0312195418814,1094,0.7734765234765235,12.39977195834333,-1,-252.66301405708828,-2.1726308547879937e-253
257,16.0312195418814,1095,0.7737262737262738,12.403775759427717,-1,-252.87580652676428,-1.3310472522793781e-253
257,16.0312195418814,1096,0.773976023976024,12.407779560512102,-1,-253.08877072150779,-8.151345070462282e-254
257,16.0312195418814,1097,0.7742257742257742,12.411783361596488,-1,-253.30190688913098,-4.9899145761497486e-254
257,16.0312195418814,1098,0.7744755244755245,12.415787162680873,-1,-253.51521527812213,-3.053407175701426e-254
257,16.0312195418814,1099,0.7747252747252747,12.41979096376526,-1,-253.7286961376575,-1.867685995597247e-254
257,16.0312195418814,1100,0.7749750249750249,12.423794764849644,-1,-253.94234971758698,-1.1419583973064087e-254
257,16.0312195418814,1101,0.7752247752247752,12.427798565934031,-1,-254.15617626845818,-6.979490678130825e-255
257,16.0312195418814,1102,0.7754745254745254,12.431802367018417,-1,-254.37017604149764,-4.26406639608995e-255
257,16.0312195418814,1103,0.7757242757242757,12.435806168102802,-1,-254.58434928863056,-2.604058349901642e-255
257,16.0312195418814,1104,0.775974025974026,12.43980996918719,-1,-254.79869626247162,-1.5896581374106455e-255
257,16.0312195418814,1105,0.7762237762237763,12.443813770271575,-1,-255.01321721633414,-9.700246792312681e-256
257,16.0312195418814,1106,0.7764735264735265,12.447817571355962,-1,-255.2279124042332,-5.916809622425816e-256
257,16.0312195418814,1107,0.7767232767232768,12.451821372440348,-1,-255.44278208088014,-3.6075961860655905e-256
257,16.0312195418814,1108,0.776973026973027,12.455825173524733,-1,-255.6578265017007,-2.198738081338284e-256
257,16.0312195418814,1109,0.7772227772227772,12.459828974609119,-1,-255.8730459228176,-1.3395350359010183e-256
257,16.0312195418814,1110,0.7774725274725275,12.463832775693506,-1,-256.08844060107515,-8.157543511059438e-257
257,16.0312195418814,1111,0.7777222777222776,12.46783657677789,-1,-256.304010794021,-4.965799792227382e-257
257,16.0312195418814,1112,0.7779720279720279,12.471840377862275,-1,-256.5197567599272,-3.0216436116315117e-257
257,16.0312195418814,1113,0.7782217782217782,12.475844178946662,-1,-256.7356787577775,-1.83789731044455e-257
257,16.0312195418814,1114,0.7784715284715285,12.479847980031048,-1,-256.95177704728326,-1.11743675638556e-257
257,16.0312195418814,1115,0.7787212787212787,12.483851781115435,-1,-257.1680518888761,-6.79122487197876e-258
257,16.0312195418814,1116,0.778971028971029,12.48785558219982,-1,-257.38450354371713,-4.1256887066051373e-258
257,16.0312195418814,1117,0.7792207792207793,12.491859383284208,-1,-257.6011322736979,-2.50534607994194e-258
257,16.0312195418814,1118,0.7794705294705295,12.495863184368593,-1,-257.81793834144025,-1.5207634233952262e-258
257,16.0312195418814,1119,0.7797202797202798,12.49986698545298,-1,-258.03492201030707,-9.227371154747646e-259
257,16.0312195418814,1120,0.77997002997003,12.503870786537364,-1,-258.2520835443928,-5.596499323600683e-259
257,16.0312195418814,1121,0.7802197802197802,12.507874587621751,-1,-258.4694232085422,-3.3929447790254535e-259
257,16.0312195418814,1122,0.7804695304695305,12.511878388706137,-1,-258.6869412683372,-2.0561686424320423e-259
257,16.0312195418814,1123,0.7807192807192807,12.51588218979052,-1,-258.90463799011263,-1.2455524200685259e-259
257,16.0312195418814,1124,0.7809690309690309,12.519885990874908,-1,-259.1225136409489,-7.541997064807878e-260
257,16.0312195418814,1125,0.7812187812187812,12.523889791959293,-1,-259.3405684886862,-4.564902555430519e-260
257,16.0312195418814,1126,0.7814685314685315,12.52789359304368,-1,-259.55880280191343,-2.7618316236631235e-260
257,16.0312195418814,1127,0.7817182817182817,12.531897394128066,-1,-259.7772168499877,-1.670256421063012e-260
257,16.0312195418814,1128,0.781968031968032,12.535901195212453,-1,-259.99581090301945,-1.0096924224645857e-260
257,16.0312195418814,1129,0.7822177822177823,12.539904996296839,-1,-260.21458523189426,-6.101193067295777e-261
257,16.0312195418814,1130,0.7824675324675325,12.543908797381226,-1,-260.433540108256,-3.685190065657608e-261
257,16.0312195418814,1131,0.7827172827172827,12.54791259846561,-1,-260.65267580453104,-2.224970183652859e-261
257,16.0312195418814,1132,0.782967032967033,12.551916399549995,-1,-260.87199259390934,-1.342787859710597e-261
257,16.0312195418814,1133,0.7832167832167832,12.555920200634382,-1,-261.0914907503698,-8.100451938881893e-262
257,16.0312195418814,1134,0.7834665334665334,12.559924001718766,-1,-261.31117054866104,-4.8846050186477216e-262
257,16.0312195418814,1135,0.7837162837162837,12.563927802803153,-1,-261.53103226432694,-2.944202896841447e-262
257,16.0312195418814,1136,0.7839660339660339,12.567931603887539,-1,-261.75107617368747,-1.7738783217359205e-262
257,16.0312195418814,1137,0.7842157842157842,12.571935404971926,-1,-261.9713025538634,-1.068310375071737e-262
257,16.0312195418814,1138,0.7844655344655345,12.575939206056312,-1,-262.1917116827593,-6.431145232699867e-263
257,16.0312195418814,1139,0.7847152847152847,12.579943007140699,-1,-262.4123038390851,-3.869868082813433e-263
257,16.0312195418814,1140,0.784965034965035,12.583946808225084,-1,-262.6330793023433,-2.327666186095424e-263
257,16.0312195418814,1141,0.7852147852147853,12.587950609309472,-1,-262.8540383528453,-1.399463729507906e-263
257,16.0312195418814,1142,0.7854645354645355,12.591954410393857,-1,-263.0751812717046,-8.41044022043847e-264
257,16.0312195418814,1143,0.7857142857142857,12.59595821147824,-1,-263.2965083408468,-5.05232941590883e-264
257,16.0312195418814,1144,0.785964035964036,12.599962012562628,-1,-263.5180198430097,-3.0337525682099582e-264
257,16.0312195418814,1145,0.7862137862137862,12.603965813647013,-1,-263.7397160617463,-1.8208909534506838e-264
257,16.0312195418814,1146,0.7864635364635364,12.607969614731399,-1,-263.9615972814316,-1.092452891671123e-264
257,16.0312195418814,1147,0.7867132867132867,12.611973415815784,-1,-264.1836637872592,-6.551431624091381e-265
257,16.0312195418814,1148,0.7869630369630369,12.615977216900172,-1,-264.4059158652544,-3.927210088548629e-265
257,16.0312195418814,1149,0.7872127872127872,12.619981017984557,-1,-264.6283538022656,-2.3531315011402483e-265
257,16.0312195418814,1150,0.7874625374625375,12.623984819068944,-1,-264.85097788598137,-1.409360560402558e-265
257,16.0312195418814,1151,0.7877122877122877,12.62798862015333,-1,-265.07378840491725,-8.437457437957184e-266
257,16.0312195418814,1152,0.787962037962038,12.631992421237715,-1,-265.29678564843965,-5.049104410388166e-266
257,16.0312195418814,1153,0.7882117882117883,12.635996222322103,-1,-265.519969906746,-3.020160986986472e-266
257,16.0312195418814,1154,0.7884615384615384,12.640000023406486,-1,-265.7433414708917,-1.805753765291685e-266
257,16.0312195418814,1155,0.7887112887112887,12.644003824490873,-1,-265.9669006327733,-1.079193615096476e-266
257,16.0312195418814,1156,0.788961038961039,12.648007625575259,-1,-266.19064768514636,-6.446920501460651e-267
257,16.0312195418814,1157,0.7892107892107891,12.652011426659644,-1,-266.4145829216214,-3.849613054248203e-267
257,16.0312195418814,1158,0.7894605394605394,12.65601522774403,-1,-266.6387066366684,-2.2977002068008877e-267
257,16.0312195418814,1159,0.7897102897102897,12.660019028828417,-1,-266.86301912562527,-1.370821396082404e-267
257,16.0312195418814,1160,0.7899600399600399,12.664022829912803,-1,-267.0875206846911,-8.174841016698129e-268
257,16.0312195418814,1161,0.7902097902097902,12.66802663099719,-1,-267.31221161094345,-4.872909986358855e-268
257,16.0312195418814,1162,0.7904595404595405,12.672030432081575,-1,-267.5370922023287,-2.9034061851294383e-268
257,16.0312195418814,1163,0.7907092907092907,12.67603423316596,-1,-267.76216275767536,-1.7291682088190238e-268
257,16.0312195418814,1164,0.790959040959041,12.680038034250348,-1,-267.9874235766914,-1.0293816527523766e-268
257,16.0312195418814,1165,0.7912087912087913,12.684041835334734,-1,-268.2128749599752,-6.125267221526704e-269
257,16.0312195418814,1166,0.7914585414585414,12.688045636419119,-1,-268.43851720900597,-3.6431981353677e-269
257,16.0312195418814,1167,0.7917082917082917,12.692049437503504,-1,-268.66435062616654,-2.1659547225887623e-269
257,16.0312195418814,1168,0.791958041958042,12.696053238587892,-1,-268.89037551472603,-1.2871361422056086e-269
257,16.0312195418814,1169,0.7922077922077921,12.700057039672275,-1,-269.11659217886233,-7.645533950069483e-270
257,16.0312195418814,1170,0.7924575424575424,12.704060840756663,-1,-269.3430009236548,-4.539406512110042e-270
257,16.0312195418814,1171,0.7927072927072927,12.708064641841048,-1,-269.56960205508847,-2.694002192971722e-270
257,16.0312195418814,1172,0.792957042957043,12.712068442925434,-1,-269.79639588006614,-1.5981006197799731e-270
257,16.0312195418814,1173,0.7932067932067932,12.71607224400982,-1,-270.0233827063965,-9.475830717652356e-271
257,16.0312195418814,1174,0.7934565434565435,12.720076045094206,-1,-270.2505628428185,-5.616130065473836e-271
257,16.0312195418814,1175,0.7937062937062938,12.724079846178594,-1,-270.4779365989873,-3.32708120551942e-271
257,16.0312195418814,1176,0.793956043956044,12.728083647262979,-1,-270.7055042854878,-1.9701337664311463e-271
257,16.0312195418814,1177,0.7942057942057942,12.732087448347365,-1,-270.93326621383875,-1.1660946052488072e-271
257,16.0312195418814,1178,0.7944555444555444,12.73609124943175,-1,-271.16122269648577,-6.898859550549875e-272
257,16.0312195418814,1179,0.7947052947052947,12.740095050516137,-1,-271.3893740468231,-4.079678626016147e-272
257,16.0312195418814,1180,0.7949550449550449,12.744098851600521,-1,-271.6177205791809,-2.4114564371512154e-272
257,16.0312195418814,1181,0.7952047952047951,12.748102652684908,-1,-271.84626260883977,-1.4247458189181357e-272
257,16.0312195418814,1182,0.7954545454545454,12.752106453769294,-1,-272.07500045203335,-8.41394265883407e-273
257,16.0312195418814,1183,0.7957042957042957,12.756110254853679,-1,-272.30393442594163,-4.96667307511019e-273
257,16.0312195418814,1184,0.795954045954046,12.760114055938066,-1,-272.53306484871337,-2.9304556378790205e-273
257,16.0312195418814,1185,0.7962037962037962,12.764117857022452,-1,-272.7623920394554,-1.7282555512920526e-273
257,16.0312195418814,1186,0.7964535464535465,12.768121658106839,-1,-272.99191631824203,-1.0187876736023955e-273
257,16.0312195418814,1187,0.7967032967032968,12.772125459191225,-1,-273.2216380061227,-6.002912235492509e-274
257,16.0312195418814,1188,0.796953046953047,12.776129260275612,-1,-273.45155742511355,-3.535432703227352e-274
257,16.0312195418814,1189,0.7972027972027972,12.780133061359995,-1,-273.68167489821946,-2.0812540778783255e-274
257,16.0312195418814,1190,0.7974525474525475,12.784136862444383,-1,-273.9119907494276,-1.2246422841496084e-274
257,16.0312195418814,1191,0.7977022977022977,12.788140663528768,-1,-274.1425053037065,-7.202689550904306e-275
257,16.0312195418814,1192,0.7979520479520479,12.792144464613154,-1,-274.3732188870248,-4.2342950125092054e-275
257,16.0312195418814,1193,0.7982017982017982,12.79614826569754,-1,-274.6041318263434,-2.4881019617610586e-275
257,16.0312195418814,1194,0.7984515484515484,12.800152066781925,-1,-274.83524444962467,-1.461354396127617e-275
257,16.0312195418814,1195,0.7987012987012987,12.804155867866312,-1,-275.0665570858388,-8.579123390221771e-276
257,16.0312195418814,1196,0.798951048951049,12.808159668950697,-1,-275.2980700649586,-5.034193853202536e-276
257,16.0312195418814,1197,0.7992007992007992,12.812163470035085,-1,-275.52978371797775,-2.952679317791553e-276
257,16.0312195418814,1198,0.7994505494505495,12.81616727111947,-1,-275.7616983769078,-1.731018156163433e-276
257,16.0312195418814,1199,0.7997002997002998,12.820171072203857,-1,-275.9938143747743,-1.0143448422162074e-276
257,16.0312195418814,1200,0.7999500499500499,12.824174873288241,-1,-276.22613204563936,-5.94111493737881e-277
257,16.0312195418814,1201,0.8001998001998002,12.828178674372628,-1,-276.45865172459526,-3.4781497420195187e-277
257,16.0312195418814,1202,0.8004495504495505,12.832182475457014,-1,-276.69137374776307,-2.035289781864217e-277
257,16.0312195418814,1203,0.8006993006993006,12.836186276541397,-1,-276.92429845231163,-1.190423653634302e-277
257,16.0312195418814,1204,0.8009490509490509,12.840190077625785,-1,-277.1574261764529,-6.959432445583707e-278
257,16.0312195418814,1205,0.8011988011988012,12.84419387871017,-1,-277.390757259445,-4.066705663525501e-278
257,16.0312195418814,1206,0.8014485514485514,12.848197679794557,-1,-277.62429204160435,-2.3752425161127794e-278
257,16.0312195418814,1207,0.8016983016983017,12.852201480878943,-1,-277.8580308643042,-1.3866572788448396e-278
257,16.0312195418814,1208,0.801948051948052,12.85620528196333,-1,-278.0919740699798,-8.091442085632859e-279
257,16.0312195418814,1209,0.8021978021978022,12.860209083047716,-1,-278.32612200213663,-4.719304477968086e-279
257,16.0312195418814,1210,0.8024475524475525,12.864212884132103,-1,-278.56047500535215,-2.75121793936389e-279
257,16.0312195418814,1211,0.8026973026973028,12.868216685216488,-1,-278.795033425279,-1.6031220023797918e-279
257,16.0312195418814,1212,0.8029470529470529,12.872220486300874,-1,-279.02979760865423,-9.336893203987043e-280
257,16.0312195418814,1213,0.8031968031968032,12.87622428738526,-1,-279.26476790330304,-5.435407342273171e-280
257,16.0312195418814,1214,0.8034465534465535,12.880228088469645,-1,-279.4999446581364,-3.1626806528313604e-280
257,16.0312195418814,1215,0.8036963036963036,12.88423188955403,-1,-279.7353282231672,-1.8393813419292384e-280
257,16.0312195418814,1216,0.8039460539460539,12.888235690638416,-1,-279.97091894951063,-1.0692544109011532e-280
257,16.0312195418814,1217,0.8041958041958042,12.892239491722803,-1,-280.20671718937933,-6.212734730332893e-281
257,16.0312195418814,1218,0.8044455544455544,12.896243292807188,-1,-280.44272329610607,-3.60808453231214e-281
257,16.0312195418814,1219,0.8046953046953047,12.900247093891576,-1,-280.6789376241387,-2.0944132458774757e-281
257,16.0312195418814,1220,0.804945054945055,12.904250894975961,-1,-280.9153605290375,-1.2151768042622438e-281
257,16.0312195418814,1221,0.8051948051948052,12.908254696060348,-1,-281.1519923674984,-7.047054536933076e-282
257,16.0312195418814,1222,0.8054445554445555,12.912258497144734,-1,-281.3888334973451,-4.0847596049808745e-282
257,16.0312195418814,1223,0.8056943056943057,12.916262298229118,-1,-281.6258842775336,-2.3665502064018445e-282
257,16.0312195418814,1224,0.8059440559440559,12.920266099313505,-1,-281.86314506816547,-1.3704239245383814e-282
257,16.0312195418814,1225,0.8061938061938062,12.92426990039789,-1,-282.10061623048585,-7.932019432681486e-283
257,16.0312195418814,1226,0.8064435564435564,12.928273701482276,-1,-282.33829812689464,-4.588828987703858e-283
257,16.0312195418814,1227,0.8066933066933066,12.932277502566661,-1,-282.57619112093994,-2.6534376008057534e-283
257,16.0312195418814,1228,0.8069430569430569,12.936281303651048,-1,-282.8142955773403,-1.5335728901328308e-283
257,16.0312195418814,1229,0.8071928071928072,12.940285104735434,-1,-283.05261186197896,-8.859070096731375e-284
257,16.0312195418814,1230,0.8074425574425574,12.944288905819821,-1,-283.29114034190565,-5.115165126881956e-284
257,16.0312195418814,1231,0.8076923076923077,12.948292706904207,-1,-283.52988138535403,-2.9520153719440234e-284
257,16.0312195418814,1232,0.807942057942058,12.952296507988594,-1,-283.7688353617364,-1.7028039081367202e-284
257,16.0312195418814,1233,0.8081918081918082,12.95630030907298,-1,-284.008002641658,-9.817419714165304e-285
257,16.0312195418814,1234,0.8084415584415585,12.960304110157365,-1,-284.2473835969072,-5.657393707768003e-285
257,16.0312195418814,1235,0.8086913086913087,12.96430791124175,-1,-284.4869786004821,-3.2585275674389326e-285
257,16.0312195418814,1236,0.8089410589410589,12.968311712326136,-1,-284.72678802657975,-1.8759098915823485e-285
257,16.0312195418814,1237,0.8091908091908092,12.972315513410523,-1,-284.9668122506085,-1.0794132613916942e-285
257,16.0312195418814,1238,0.8094405594405594,12.976319314494907,-1,-285.2070516491867,-6.207952007477481e-286
257,16.0312195418814,1239,0.8096903096903096,12.980323115579294,-1,-285.4475066001607,-3.56856325942645e-286
257,16.0312195418814,1240,0.8099400599400599,12.98432691666368,-1,-285.68817748260005,-2.050324104120709e-286
257,16.0312195418814,1241,0.8101898101898102,12.988330717748067,-1,-285.9290646768047,-1.1774306129675493e-286
257,16.0312195418814,1242,0.8104395604395604,12.992334518832452,-1,-286.17016856431167,-6.758206157432478e-287
257,16.0312195418814,1243,0.8106893106893107,12.996338319916838,-1,-286.41148952790365,-3.877130972820435e-287
257,16.0312195418814,1244,0.810939060939061,13.000342121001225,-1,-286.65302795161233,-2.2231668008840847e-287
257,16.0312195418814,1245,0.8111888111888113,13.00434592208561,-1,-286.894784220721,-1.2741359784294312e-287
257,16.0312195418814,1246,0.8114385614385614,13.008349723169996,-1,-287.1367587217729,-7.298628829254642e-288
257,16.0312195418814,1247,0.8116883116883117,13.012353524254381,-1,-287.37895184258105,-4.1787670098540666e-288
257,16.0312195418814,1248,0.811938061938062,13.016357325338769,-1,-287.6213639722286,-2.3913108137150925e-288
257,16.0312195418814,1249,0.8121878121878121,13.020361126423152,-1,-287.8639955010769,-1.3677429941817715e-288
257,16.0312195418814,1250,0.8124375624375624,13.02436492750754,-1,-288.10684682076595,-7.819035397648341e-289
257,16.0312195418814,1251,0.8126873126873126,13.028368728591925,-1,-288.34991832423356,-4.467676057801564e-289
257,16.0312195418814,1252,0.8129370629370629,13.032372529676312,-1,-288.59321040570745,-2.551464877010173e-289
257,16.0312195418814,1253,0.8131868131868132,13.036376330760698,-1,-288.8367234607215,-1.456386146875214e-289
257,16.0312195418814,1254,0.8134365634365635,13.040380131845083,-1,-289.0804578861091,-8.308872866147166e-290
257,16.0312195418814,1255,0.8136863136863137,13.04438393292947,-1,-289.32441408002586,-4.7379003260011355e-290
257,16.0312195418814,1256,0.813936063936064,13.048387734013856,-1,-289.5685924419425,-2.7002722795082586e-290
257,16.0312195418814,1257,0.8141858141858143,13.052391535098243,-1,-289.81299337265835,-1.5381781127496846e-290
257,16.0312195418814,1258,0.8144355644355644,13.056395336182627,-1,-290.05761727430377,-8.757552019648712e-291
257,16.0312195418814,1259,0.8146853146853147,13.060399137267014,-1,-290.3024645503432,-4.983511326458018e-291
257,16.0312195418814,1260,0.814935064935065,13.0644029383514,-1,-290.5475356055937,-2.8344212441949574e-291
257,16.0312195418814,1261,0.8151848151848151,13.068406739435785,-1,-290.79283084621704,-1.611273089309498e-291
257,16.0312195418814,1262,0.8154345654345654,13.07241054052017,-1,-291.0383506797368,-9.154809682338699e-292
257,16.0312195418814,1263,0.8156843156843157,13.076414341604556,-1,-291.2840955150372,-5.1988164560868295e-292
257,16.0312195418814,1264,0.8159340659340659,13.080418142688943,-1,-291.5300657623696,-2.9507623782103262e-292
257,16.0312195418814,1265,0.8161838161838162,13.084421943773329,-1,-291.77626183336946,-1.673933368007195e-292
257,16.0312195418814,1266,0.8164335664335665,13.088425744857716,-1,-292.0226841410492,-9.491084914633187e-293
257,16.0312195418814,1267,0.8166833166833167,13.092429545942101,-1,-292.2693330998143,-5.378570929015968e-293
257,16.0312195418814,1268,0.816933066933067,13.096433347026489,-1,-292.51620912546554,-3.046427692555702e-293
257,16.0312195418814,1269,0.8171828171828172,13.100437148110872,-1,-292.76331263520143,-1.724595961593608e-293
257,16.0312195418814,1270,0.8174325674325674,13.10444094919526,-1,-293.010644047638,-9.757890771315248e-294
257,16.0312195418814,1271,0.8176823176823177,13.108444750279645,-1,-293.2582037828025,-5.518184502729185e-294
257,16.0312195418814,1272,0.8179320679320679,13.11244855136403,-1,-293.50599226214564,-3.1189451540567165e-294
257,16.0312195418814,1273,0.8181818181818181,13.116452352448416,-1,-293.7540099085504,-1.7619358468925075e-294
257,16.0312195418814,1274,0.8184315684315684,13.120456153532801,-1,-294.00225714633234,-9.948162109505127e-295
257,16.0312195418814,1275,0.8186813186813187,13.124459954617189,-1,-294.25073440124925,-5.613911975623325e-295
257,16.0312195418814,1276,0.8189310689310689,13.128463755701574,-1,-294.4994421005156,-3.166342567303254e-295
257,16.0312195418814,1277,0.8191808191808192,13.132467556785961,-1,-294.7483806727976,-1.784922348287373e-295
257,16.0312195418814,1278,0.8194305694305695,13.136471357870347,-1,-294.9975505482271,-1.005656006283823e-295
257,16.0312195418814,1279,0.8196803196803197,13.140475158954734,-1,-295.2469521584087,-5.663016690174973e-296
257,16.0312195418814,1280,0.81993006993007,13.14447896003912,-1,-295.49658593642334,-3.187234836244912e-296
257,16.0312195418814,1281,0.8201798201798202,13.148482761123505,-1,-295.74645231683405,-1.792865388402826e-296
257,16.0312195418814,1282,0.8204295704295704,13.15248656220789,-1,-295.9965517357038,-1.0079715267365791e-296
257,16.0312195418814,1283,0.8206793206793207,13.156490363292278,-1,-296.24688463059056,-5.663897292874245e-297
257,16.0312195418814,1284,0.8209290709290709,13.160494164376662,-1,-296.4974514405616,-3.1808893308047695e-297
257,16.0312195418814,1285,0.8211788211788211,13.164497965461047,-1,-296.74825260619633,-1.7854487713830793e-297
257,16.0312195418814,1286,0.8214285714285714,13.168501766545434,-1,-296.9992885695946,-1.0016394715124392e-297
257,16.0312195418814,1287,0.8216783216783217,13.17250556762982,-1,-297.2505597743889,-5.616169745371565e-298
257,16.0312195418814,1288,0.8219280719280719,13.176509368714207,-1,-297.5020666657474,-3.1472651606246022e-298
257,16.0312195418814,1289,0.8221778221778222,13.180513169798592,-1,-297.7538096903807,-1.762748320720282e-298
257,16.0312195418814,1290,0.8224275724275725,13.18451697088298,-1,-298.0057892965516,-9.867581076651849e-299
257,16.0312195418814,1291,0.8226773226773227,13.188520771967365,-1,-298.25800593408286,-5.520698958947604e-299
257,16.0312195418814,1292,0.8229270729270729,13.19252457305175,-1,-298.5104600543636,-3.087023571580589e-299
257,16.0312195418814,1293,0.8231768231768232,13.196528374136136,-1,-298.7631521103559,-1.7252335282246946e-299
257,16.0312195418814,1294,0.8234265734265734,13.200532175220522,-1,-299.0160825566036,-9.636458233036452e-300
257,16.0312195418814,1295,0.8236763236763236,13.204535976304907,-1,-299.26925184924283,-5.379577280378612e-300
257,16.0312195418814,1296,0.8239260739260739,13.208539777389293,-1,-299.52266044600754,-3.0015083370069376e-300
257,16.0312195418814,1297,0.8241758241758241,13.21254357847368,-1,-299.77630880623525,-1.6737523268043694e-300
257,16.0312195418814,1298,0.8244255744255744,13.216547379558065,-1,-300.03019739087756,-9.32830224425878e-301
257,16.0312195418814,1299,0.8246753246753247,13.220551180642452,-1,-300.2843266625081,-5.196050191283798e-301
257,16.0312195418814,1300,0.8249250749250749,13.224554981726838,-1,-300.5386970853301,-2.8926967967396847e-301
257,16.0312195418814,1301,0.8251748251748252,13.228558782811225,-1,-300.79330912518446,-1.6094996063990549e-301
257,16.0312195418814,1302,0.8254245754245755,13.23256258389561,-1,-301.04816324955675,-8.950282647679753e-302
257,16.0312195418814,1303,0.8256743256743257,13.236566384979998,-1,-301.3032599275863,-4.974392757820811e-302
257,16.0312195418814,1304,0.8259240759240759,13.240570186064382,-1,-301.5585996300747,-2.763123967236971e-302
257,16.0312195418814,1305,0.8261738261738262,13.244573987148767,-1,-301.8141828294958,-1.5339710749848794e-302
257,16.0312195418814,1306,0.8264235764235764,13.248577788233154,-1,-302.07001000000145,-8.511184402474991e-303
257,16.0312195418814,1307,0.8266733266733266,13.252581589317538,-1,-302.32608161742957,-4.719743342836342e-303
257,16.0312195418814,1308,0.8269230769230769,13.256585390401925,-1,-302.5823981593142,-2.6157837692649616e-303
257,16.0312195418814,1309,0.8271728271728271,13.26058919148631,-1,-302.8389601048935,-1.4489049465603301e-303
257,16.0312195418814,1310,0.8274225774225774,13.264592992570698,-1,-303.09576793511815,-8.02106553840967e-304
257,16.0312195418814,1311,0.8276723276723277,13.268596793655083,-1,-303.35282213266055,-4.4379036313898846e-304
257,16.0312195418814,1312,0.827922077922078,13.27260059473947,-1,-303.61012318192286,-2.454012768488773e-304
257,16.0312195418814,1313,0.8281718281718282,13.276604395823856,-1,-303.86767156904585,-1.3562146487026046e-304
257,16.0312195418814,1314,0.8284215784215785,13.280608196908242,-1,-304.12546778191773,-7.490869273702657e-305
257,16.0312195418814,1315,0.8286713286713286,13.284611997992627,-1,-304.38351231018254,-4.135115930949703e-305
257,16.0312195418814,1316,0.8289210789210789,13.288615799077013,-1,-304.6418056452499,-2.2813627953015773e-305
257,16.0312195418814,1317,0.8291708291708292,13.2926196001614,-1,-304.9003482803034,-1.2579162275202279e-305
257,16.0312195418814,1318,0.8294205794205793,13.296623401245784,-1,-305.15914071030954,-6.932011742079057e-306
257,16.0312195418814,1319,0.8296703296703296,13.30062720233017,-1,-305.4181834320278,-3.81782983922082e-306
257,16.0312195418814,1320,0.8299200799200799,13.304631003414556,-1,-305.67747694401857,-2.101469329643807e-306
257,16.0312195418814,1321,0.8301698301698301,13.308634804498944,-1,-305.93702174665424,-1.1560543530296865e-306
257,16.0312195418814,1322,0.8304195804195804,13.312638605583329,-1,-306.1968183421234,-6.355967353878221e-307
257,16.0312195418814,1323,0.8306693306693307,13.316642406667716,-1,-306.45686723444675,-3.4924706537999363e-307
257,16.0312195418814,1324,0.830919080919081,13.320646207752102,-1,-306.71716892948297,-1.9179225725680302e-307
257,16.0312195418814,1325,0.8311688311688312,13.324650008836487,-1,-306.9777239349382,-1.0526307799521966e-307
257,16.0312195418814,1326,0.8314185814185815,13.328653809920874,-1,-307.2385327603765,-5.773873166935203e-308
257,16.0312195418814,1327,0.8316683316683317,13.332657611005258,-1,-307.49959591722813,-3.165221323108963e-308
257,16.0312195418814,1328,0.8319180819180819,13.336661412089645,-1,-307.76091391880084,-1.7341476878665333e-308
257,16.0312195418814,1329,0.8321678321678322,13.34066521317403,-1,-308.02248728028803,-9.4953880909558e-309
257,16.0312195418814,1330,0.8324175824175823,13.344669014258416,-1,-308.2843165187794,-5.196171555798074e-309
257,16.0312195418814,1331,0.8326673326673326,13.348672815342802,-1,-308.5464021532708,-2.841828377989814e-309
257,16.0312195418814,1332,0.8329170829170829,13.352676616427189,-1,-308.8087447046733,-1.553299832187063e-309
257,16.0312195418814,1333,0.8331668331668332,13.356680417511575,-1,-309.07134469582434,-8.48506755137755e-310
257,16.0312195418814,1334,0.8334165834165834,13.36068421859596,-1,-309.3342026514965,-4.63230715508465e-310
257,16.0312195418814,1335,0.8336663336663337,13.364688019680347,-1,-309.59731909840866,-2.52744027417487e-310
257,16.0312195418814,1336,0.833916083916084,13.368691820764733,-1,-309.8606945652354,-1.37817838657686e-310
257,16.0312195418814,1337,0.8341658341658342,13.37269562184912,-1,-310.12432958261775,-7.510527097814e-311
257,16.0312195418814,1338,0.8344155844155844,13.376699422933504,-1,-310.38822468317295,-4.0904898261866e-311
257,16.0312195418814,1339,0.8346653346653347,13.380703224017891,-1,-310.6523804015056,-2.2264841022816e-311
257,16.0312195418814,1340,0.8349150849150849,13.384707025102276,-1,-310.91679727421706,-1.2111633646405e-311
257,16.0312195418814,1341,0.8351648351648351,13.388710826186662,-1,-311.18147583991674,-6.58452059039e-312
257,16.0312195418814,1342,0.8354145854145854,13.392714627271047,-1,-311.4464166392326,-3.57753062991e-312
257,16.0312195418814,1343,0.8356643356643356,13.396718428355435,-1,-311.7116202148215,-1.942583900744e-312
257,16.0312195418814,1344,0.8359140859140859,13.40072222943982,-1,-311.97708711137994,-1.054175427237e-312
257,16.0312195418814,1345,0.8361638361638362,13.404726030524206,-1,-312.24281787565525,-5.7171834038e-313
257,16.0312195418814,1346,0.8364135864135864,13.408729831608593,-1,-312.5088130564558,-3.09875288097e-313
257,16.0312195418814,1347,0.8366633366633367,13.412733632692978,-1,-312.77507320466214,-1.67852106283e-313
257,16.0312195418814,1348,0.836913086913087,13.416737433777365,-1,-313.0415988732387,-9.0865940643e-314
257,16.0312195418814,1349,0.8371628371628372,13.420741234861751,-1,-313.308390617244,-4.915971798e-314
257,16.0312195418814,1350,0.8374125874125874,13.424745035946136,-1,-313.5754489938424,-2.6579757e-314
257,16.0312195418814,1351,0.8376623376623377,13.428748837030522,-1,-313.8427745623153,-1.4362347743e-314
257,16.0312195418814,1352,0.8379120879120879,13.43275263811491,-1,-314.1103678840721,-7.75589848e-315
257,16.0312195418814,1353,0.8381618381618381,13.436756439199293,-1,-314.37822952266185,-4.18572293e-315
257,16.0312195418814,1354,0.8384115884115884,13.440760240283678,-1,-314.646360043785,-2.257563404e-315
257,16.0312195418814,1355,0.8386613386613386,13.444764041368066,-1,-314.9147600153042,-1.21685823e-315
257,16.0312195418814,1356,0.8389110889110889,13.448767842452451,-1,-315.18343000725616,-6.5549592e-316
257,16.0312195418814,1357,0.8391608391608392,13.452771643536838,-1,-315.45237059186394,-3.5288192e-316
257,16.0312195418814,1358,0.8394105894105894,13.456775444621224,-1,-315.7215823435481,-1.89853084e-316
257,16.0312195418814,1359,0.8396603396603397,13.460779245705611,-1,-315.9910658389389,-1.02078473e-316
257,16.0312195418814,1360,0.83991008991009,13.464783046789996,-1,-316.2608216568886,-5.4850214e-317
257,16.0312195418814,1361,0.8401598401598401,13.468786847874382,-1,-316.530850378484,-2.945436e-317
257,16.0312195418814,1362,0.8404095904095904,13.472790648958767,-1,-316.8011525870552,-1.5806924e-317
257,16.0312195418814,1363,0.8406593406593407,13.476794450043155,-1,-317.0717288681915,-8.477564e-318
257,16.0312195418814,1364,0.8409090909090908,13.480798251127538,-1,-317.34257980975343,-4.54381e-318
257,16.0312195418814,1365,0.8411588411588411,13.484802052211924,-1,-317.6137060018846,-2.43385e-318
257,16.0312195418814,1366,0.8414085914085914,13.488805853296311,-1,-317.88510803702326,-1.30284e-318
257,16.0312195418814,1367,0.8416583416583416,13.492809654380697,-1,-318.1567865099148,-6.9697e-319
257,16.0312195418814,1368,0.8419080919080919,13.496813455465084,-1,-318.42874201762527,-3.72614e-319
257,16.0312195418814,1369,0.8421578421578422,13.50081725654947,-1,-318.7009751595537,-1.9908e-319
257,16.0312195418814,1370,0.8424075924075924,13.504821057633857,-1,-318.973486537446,-1.06293e-319
257,16.0312195418814,1371,0.8426573426573427,13.508824858718242,-1,-319.2462767554073,-5.672e-320
257,16.0312195418814,1372,0.842907092907093,13.51282865980263,-1,-319.51934641991335,-3.0247e-320
257,16.0312195418814,1373,0.8431568431568431,13.516832460887013,-1,-319.79269613982416,-1.6116e-320
257,16.0312195418814,1374,0.8434065934065934,13.5208362619714,-1,-320.0663265264012,-8.58e-321
257,16.0312195418814,1375,0.8436563436563437,13.524840063055786,-1,-320.340238193317,-4.57e-321
257,16.0312195418814,1376,0.8439060939060938,13.52884386414017,-1,-320.61443175666756,-2.43e-321
257,16.0312195418814,1377,0.8441558441558441,13.532847665224557,-1,-320.8889078349872,-1.29e-321
257,16.0312195418814,1378,0.8444055944055944,13.536851466308942,-1,-321.163667049263,-6.87e-322
257,16.0312195418814,1379,0.8446553446553446,13.54085526739333,-1,-321.43871002294884,-3.66e-322
257,16.0312195418814,1380,0.8449050949050949,13.544859068477715,-1,-321.71403738197614,-1.93e-322
257,16.0312195418814,1381,0.8451548451548452,13.548862869562102,-1,-321.9896497547694,-1.04e-322
257,16.0312195418814,1382,0.8454045954045954,13.552866670646488,-1,-322.2655477722643,-5.4e-323
257,16.0312195418814,1383,0.8456543456543457,13.556870471730875,-1,-322.5417320679165,-3e-323
257,16.0312195418814,1384,0.8459040959040959,13.560874272815258,-1,-322.81820327771464,-1.5e-323
257,16.0312195418814,1385,0.8461538461538461,13.564878073899644,-1,-323.09496204019985,-1e-323
257,16.0312195418814,1386,0.8464035964035964,13.568881874984031,-1,-323.3720089964784,-0.0
257,16.0312195418814,1387,0.8466533466533466,13.572885676068415,-1,-323.64934479023117,-0.0
257,16.0312195418814,1388,0.8469030969030968,13.576889477152802,-1,-323.92697006773693,-0.0
257,16.0312195418814,1389,0.8471528471528471,13.580893278237188,-1,-324.2048854778838,-0.0
257,16.0312195418814,1390,0.8474025974025974,13.584897079321575,-1,-324.4830916721788,-0.0
257,16.0312195418814,1391,0.8476523476523476,13.58890088040596,-1,-324.7615893047681,-0.0
257,16.0312195418814,1392,0.8479020979020979,13.592904681490348,-1,-325.0403790324535,-0.0
257,16.0312195418814,1393,0.8481518481518482,13.596908482574733,-1,-325.31946151469873,-0.0
257,16.0312195418814,1394,0.8484015984015985,13.60091228365912,-1,-325.59883741365866,-0.0
257,16.0312195418814,1395,0.8486513486513487,13.604916084743506,-1,-325.8785073941844,-0.0
257,16.0312195418814,1396,0.8489010989010989,13.60891988582789,-1,-326.1584721238382,-0.0
257,16.0312195418814,1397,0.8491508491508492,13.612923686912277,-1,-326.4387322729166,-0.0
257,16.0312195418814,1398,0.8494005994005994,13.616927487996662,-1,-326.7192885144567,-0.0
257,16.0312195418814,1399,0.8496503496503496,13.620931289081048,-1,-327.00014152426144,-0.0
257,16.0312195418814,1400,0.8499000999000998,13.624935090165433,-1,-327.2812919809125,-0.0
257,16.0312195418814,1401,0.8501498501498501,13.62893889124982,-1,-327.56274056577917,-0.0
257,16.0312195418814,1402,0.8503996003996004,13.632942692334206,-1,-327.84448796304616,-0.0
257,16.0312195418814,1403,0.8506493506493507,13.636946493418593,-1,-328.12653485972015,-0.0
257,16.0312195418814,1404,0.8508991008991009,13.640950294502979,-1,-328.40888194565315,-0.0
257,16.0312195418814,1405,0.8511488511488512,13.644954095587364,-1,-328.6915299135518,-0.0
257,16.0312195418814,1406,0.8513986013986015,13.648957896671751,-1,-328.9744794590066,-0.0
257,16.0312195418814,1407,0.8516483516483516,13.652961697756135,-1,-329.2577312804926,-0.0
257,16.0312195418814,1408,0.8518981018981019,13.656965498840522,-1,-329.5412860793993,-0.0
257,16.0312195418814,1409,0.8521478521478522,13.660969299924908,-1,-329.82514456003645,-0.0
257,16.0312195418814,1410,0.8523976023976023,13.664973101009293,-1,-330.10930742966684,-0.0
257,16.0312195418814,1411,0.8526473526473526,13.668976902093679,-1,-330.39377539850784,-0.0
257,16.0312195418814,1412,0.8528971028971029,13.672980703178066,-1,-330.67854917975757,-0.0
257,16.0312195418814,1413,0.8531468531468531,13.676984504262451,-1,-330.9636294896058,-0.0
257,16.0312195418814,1414,0.8533966033966034,13.680988305346839,-1,-331.2490170472646,-0.0
257,16.0312195418814,1415,0.8536463536463537,13.684992106431224,-1,-331.5347125749716,-0.0
257,16.0312195418814,1416,0.8538961038961039,13.68899590751561,-1,-331.8207167980164,-0.0
257,16.0312195418814,1417,0.8541458541458542,13.692999708599997,-1,-332.1070304447515,-0.0
257,16.0312195418814,1418,0.8543956043956045,13.697003509684382,-1,-332.3936542466255,-0.0
257,16.0312195418814,1419,0.8546453546453546,13.701007310768768,-1,-332.6805889381827,-0.0
257,16.0312195418814,1420,0.8548951048951049,13.705011111853153,-1,-332.9678352570952,-0.0
257,16.0312195418814,1421,0.8551448551448552,13.70901491293754,-1,-333.25539394417154,-0.0
257,16.0312195418814,1422,0.8553946053946053,13.713018714021924,-1,-333.54326574338995,-0.0
257,16.0312195418814,1423,0.8556443556443556,13.717022515106311,-1,-333.8314514019006,-0.0
257,16.0312195418814,1424,0.8558941058941059,13.721026316190697,-1,-334.11995167005267,-0.0
257,16.0312195418814,1425,0.8561438561438561,13.725030117275082,-1,-334.4087673014193,-0.0
257,16.0312195418814,1426,0.8563936063936064,13.72903391835947,-1,-334.697899052806,-0.0
257,16.0312195418814,1427,0.8566433566433567,13.733037719443855,-1,-334.9873476842772,-0.0
257,16.0312195418814,1428,0.8568931068931069,13.737041520528242,-1,-335.27711395917174,-0.0
257,16.0312195418814,1429,0.8571428571428572,13.741045321612628,-1,-335.5671986441309,-0.0
257,16.0312195418814,1430,0.8573926073926075,13.745049122697015,-1,-335.8576025091081,-0.0
257,16.0312195418814,1431,0.8576423576423576,13.749052923781399,-1,-336.1483263273909,-0.0
257,16.0312195418814,1432,0.8578921078921079,13.753056724865786,-1,-336.43937087563455,-0.0
257,16.0312195418814,1433,0.8581418581418581,13.75706052595017,-1,-336.7307369338634,-0.0
257,16.0312195418814,1434,0.8583916083916083,13.761064327034557,-1,-337.0224252854992,-0.0
257,16.0312195418814,1435,0.8586413586413586,13.765068128118942,-1,-337.31443671739333,-0.0
257,16.0312195418814,1436,0.8588911088911089,13.769071929203328,-1,-337.60677201982867,-0.0
257,16.0312195418814,1437,0.8591408591408591,13.773075730287715,-1,-337.8994319865487,-0.0
257,16.0312195418814,1438,0.8593906093906094,13.7770795313721,-1,-338.1924174147899,-0.0
257,16.0312195418814,1439,0.8596403596403597,13.781083332456488,-1,-338.4857291052848,-0.0
257,16.0312195418814,1440,0.8598901098901099,13.785087133540873,-1,-338.7793678622904,-0.0
257,16.0312195418814,1441,0.8601398601398602,13.78909093462526,-1,-339.07333449362187,-0.0
257,16.0312195418814,1442,0.8603896103896104,13.793094735709644,-1,-339.3676298106569,-0.0
257,16.0312195418814,1443,0.8606393606393606,13.797098536794032,-1,-339.6622546283673,-0.0
257,16.0312195418814,1444,0.8608891108891109,13.801102337878417,-1,-339.9572097653374,-0.0
257,16.0312195418814,1445,0.8611388611388611,13.8051061389628,-1,-340.25249604379513,-0.0
257,16.0312195418814,1446,0.8613886113886113,13.809109940047188,-1,-340.54811428962296,-0.0
257,16.0312195418814,1447,0.8616383616383616,13.813113741131573,-1,-340.84406533238933,-0.0
257,16.0312195418814,1448,0.8618881118881119,13.81711754221596,-1,-341.14035000536865,-0.0
257,16.0312195418814,1449,0.8621378621378621,13.821121343300346,-1,-341.4369691455604,-0.0
257,16.0312195418814,1450,0.8623876123876124,13.825125144384733,-1,-341.7339235937272,-0.0
257,16.0312195418814,1451,0.8626373626373627,13.829128945469119,-1,-342.0312141943995,-0.0
257,16.0312195418814,1452,0.862887112887113,13.833132746553506,-1,-342.3288417959103,-0.0
257,16.0312195418814,1453,0.8631368631368632,13.837136547637892,-1,-342.62680725042185,-0.0
257,16.0312195418814,1454,0.8633866133866134,13.841140348722277,-1,-342.9251114139382,-0.0
257,16.0312195418814,1455,0.8636363636363636,13.845144149806663,-1,-343.2237551463462,-0.0
257,16.0312195418814,1456,0.8638861138861138,13.849147950891046,-1,-343.52273931142304,-0.0
257,16.0312195418814,1457,0.8641358641358641,13.853151751975433,-1,-343.82206477687157,-0.0
257,16.0312195418814,1458,0.8643856143856143,13.857155553059819,-1,-344.12173241434647,-0.0
257,16.0312195418814,1459,0.8646353646353646,13.861159354144206,-1,-344.421743099468,-0.0
257,16.0312195418814,1460,0.8648851148851149,13.865163155228592,-1,-344.72209771186664,-0.0
257,16.0312195418814,1461,0.8651348651348651,13.869166956312979,-1,-345.02279713518755,-0.0
257,16.0312195418814,1462,0.8653846153846154,13.873170757397364,-1,-345.32384225713355,-0.0
257,16.0312195418814,1463,0.8656343656343657,13.877174558481752,-1,-345.6252339694809,-0.0
257,16.0312195418814,1464,0.865884115884116,13.881178359566137,-1,-345.9269731681085,-0.0
257,16.0312195418814,1465,0.8661338661338661,13.885182160650523,-1,-346.22906075303047,-0.0
257,16.0312195418814,1466,0.8663836163836164,13.889185961734908,-1,-346.5314976284091,-0.0
257,16.0312195418814,1467,0.8666333666333667,13.893189762819294,-1,-346.83428470260145,-0.0
257,16.0312195418814,1468,0.8668831168831168,13.897193563903679,-1,-347.13742288816456,-0.0
257,16.0312195418814,1469,0.8671328671328671,13.901197364988064,-1,-347.44091310190413,-0.0
257,16.0312195418814,1470,0.8673826173826173,13.905201166072452,-1,-347.74475626488345,-0.0
257,16.0312195418814,1471,0.8676323676323676,13.909204967156837,-1,-348.0489533024674,-0.0
257,16.0312195418814,1472,0.8678821178821179,13.913208768241224,-1,-348.35350514433753,-0.0
257,16.0312195418814,1473,0.8681318681318682,13.91721256932561,-1,-348.6584127245307,-0.0
257,16.0312195418814,1474,0.8683816183816184,13.921216370409997,-1,-348.96367698146065,-0.0
257,16.0312195418814,1475,0.8686313686313687,13.925220171494383,-1,-349.26929885795124,-0.0
257,16.0312195418814,1476,0.868881118881119,13.929223972578768,-1,-349.5752793012638,-0.0
257,16.0312195418814,1477,0.8691308691308691,13.933227773663154,-1,-349.88161926312597,-0.0
257,16.0312195418814,1478,0.8693806193806194,13.937231574747539,-1,-350.18831969976435,-0.0
257,16.0312195418814,1479,0.8696303696303695,13.941235375831925,-1,-350.4953815719295,-0.0
257,16.0312195418814,1480,0.8698801198801198,13.94523917691631,-1,-350.80280584493215,-0.0
257,16.0312195418814,1481,0.8701298701298701,13.949242978000697,-1,-351.11059348866775,-0.0
257,16.0312195418814,1482,0.8703796203796204,13.953246779085083,-1,-351.41874547765184,-0.0
257,16.0312195418814,1483,0.8706293706293706,13.95725058016947,-1,-351.72726279104825,-0.0
257,16.0312195418814,1484,0.8708791208791209,13.961254381253855,-1,-352.03614641270093,-0.0
257,16.0312195418814,1485,0.8711288711288712,13.965258182338243,-1,-352.34539733116736,-0.0
257,16.0312195418814,1486,0.8713786213786214,13.969261983422628,-1,-352.6550165397459,-0.0
257,16.0312195418814,1487,0.8716283716283717,13.973265784507014,-1,-352.965005036515,-0.0
257,16.0312195418814,1488,0.8718781218781219,13.977269585591399,-1,-353.2753638243555,-0.0
257,16.0312195418814,1489,0.8721278721278721,13.981273386675785,-1,-353.5860939109965,-0.0
257,16.0312195418814,1490,0.8723776223776224,13.985277187760172,-1,-353.8971963090317,-0.0
257,16.0312195418814,1491,0.8726273726273726,13.989280988844556,-1,-354.20867203597186,-0.0
257,16.0312195418814,1492,0.8728771228771228,13.993284789928943,-1,-354.52052211425723,-0.0
257,16.0312195418814,1493,0.8731268731268731,13.997288591013328,-1,-354.832747571313,-0.0
257,16.0312195418814,1494,0.8733766233766234,14.001292392097715,-1,-355.14534943956465,-0.0
257,16.0312195418814,1495,0.8736263736263736,14.005296193182101,-1,-355.45832875648455,-0.0
257,16.0312195418814,1496,0.8738761238761239,14.009299994266486,-1,-355.7716865646227,-0.0
257,16.0312195418814,1497,0.8741258741258742,14.013303795350874,-1,-356.08542391163775,-0.0
257,16.0312195418814,1498,0.8743756243756244,14.01730759643526,-1,-356.3995418503426,-0.0
257,16.0312195418814,1499,0.8746253746253747,14.021311397519646,-1,-356.7140414387237,-0.0
257,16.0312195418814,1500,0.8748751248751249,14.02531519860403,-1,-357.0289237399973,-0.0
257,16.0312195418814,1501,0.8751248751248751,14.029318999688417,-1,-357.34418982262946,-0.0
257,16.0312195418814,1502,0.8753746253746253,14.033322800772801,-1,-357.65984076037904,-0.0
257,16.0312195418814,1503,0.8756243756243756,14.037326601857188,-1,-357.97587763233855,-0.0
257,16.0312195418814,1504,0.8758741258741258,14.041330402941574,-1,-358.2923015229573,-0.0
257,16.0312195418814,1505,0.8761238761238761,14.045334204025961,-1,-358.60911352209877,-0.0
257,16.0312195418814,1506,0.8763736263736264,14.049338005110346,-1,-358.92631472506355,-0.0
257,16.0312195418814,1507,0.8766233766233766,14.053341806194732,-1,-359.24390623263236,-0.0
257,16.0312195418814,1508,0.8768731268731269,14.05734560727912,-1,-359.56188915110863,-0.0
257,16.0312195418814,1509,0.8771228771228772,14.061349408363505,-1,-359.88026459234595,-0.0
257,16.0312195418814,1510,0.8773726273726274,14.065353209447892,-1,-360.19903367380306,-0.0
257,16.0312195418814,1511,0.8776223776223776,14.069357010532276,-1,-360.5181975185751,-0.0
257,16.0312195418814,1512,0.8778721278721279,14.073360811616663,-1,-360.83775725542625,-0.0
257,16.0312195418814,1513,0.8781218781218781,14.077364612701048,-1,-361.15771401884723,-0.0
257,16.0312195418814,1514,0.8783716283716283,14.081368413785434,-1,-361.47806894908473,-0.0
257,16.0312195418814,1515,0.8786213786213786,14.08537221486982,-1,-361.79882319218024,-0.0
257,16.0312195418814,1516,0.8788711288711288,14.089376015954205,-1,-362.1199779000218,-0.0
257,16.0312195418814,1517,0.8791208791208791,14.093379817038592,-1,-362.44153423037955,-0.0
257,16.0312195418814,1518,0.8793706293706294,14.097383618122977,-1,-362.76349334694487,-0.0
257,16.0312195418814,1519,0.8796203796203796,14.101387419207365,-1,-363.0858564193816,-0.0
257,16.0312195418814,1520,0.8798701298701299,14.10539122029175,-1,-363.40862462336514,-0.0
257,16.0312195418814,1521,0.8801198801198802,14.109395021376137,-1,-363.7317991406197,-0.0
257,16.0312195418814,1522,0.8803696303696305,14.113398822460523,-1,-364.055381158975,-0.0
257,16.0312195418814,1523,0.8806193806193806,14.117402623544908,-1,-364.37937187239964,-0.0
257,16.0312195418814,1524,0.8808691308691309,14.121406424629294,-1,-364.70377248105143,-0.0
257,16.0312195418814,1525,0.881118881118881,14.12541022571368,-1,-365.0285841913234,-0.0
257,16.0312195418814,1526,0.8813686313686313,14.129414026798065,-1,-365.35380821587944,-0.0
257,16.0312195418814,1527,0.8816183816183816,14.13341782788245,-1,-365.6794457737166,-0.0
257,16.0312195418814,1528,0.8818681318681318,14.137421628966838,-1,-366.0054980902015,-0.0
257,16.0312195418814,1529,0.8821178821178821,14.141425430051223,-1,-366.3319663971123,-0.0
257,16.0312195418814,1530,0.8823676323676324,14.14542923113561,-1,-366.65885193270003,-0.0
257,16.0312195418814,1531,0.8826173826173827,14.149433032219996,-1,-366.9861559417249,-0.0
257,16.0312195418814,1532,0.8828671328671329,14.153436833304383,-1,-367.313879675513,-0.0
257,16.0312195418814,1533,0.8831168831168832,14.157440634388768,-1,-367.6420243919912,-0.0
257,16.0312195418814,1534,0.8833666333666333,14.161444435473154,-1,-367.9705913557562,-0.0
257,16.0312195418814,1535,0.8836163836163836,14.16544823655754,-1,-368.29958183810857,-0.0
257,16.0312195418814,1536,0.8838661338661339,14.169452037641925,-1,-368.62899711711145,-0.0
257,16.0312195418814,1537,0.884115884115884,14.17345583872631,-1,-368.9588384776298,-0.0
257,16.0312195418814,1538,0.8843656343656343,14.177459639810696,-1,-369.2891072114,-0.0
257,16.0312195418814,1539,0.8846153846153846,14.181463440895083,-1,-369.61980461706435,-0.0
257,16.0312195418814,1540,0.8848651348651349,14.185467241979469,-1,-369.950932000235,-0.0
257,16.0312195418814,1541,0.8851148851148851,14.189471043063856,-1,-370.2824906735338,-0.0
257,16.0312195418814,1542,0.8853646353646354,14.193474844148241,-1,-370.6144819566605,-0.0
257,16.0312195418814,1543,0.8856143856143857,14.197478645232628,-1,-370.9469071764358,-0.0
257,16.0312195418814,1544,0.8858641358641359,14.201482446317014,-1,-371.27976766686,-0.0
257,16.0312195418814,1545,0.8861138861138862,14.205486247401401,-1,-371.6130647691676,-0.0
257,16.0312195418814,1546,0.8863636363636364,14.209490048485785,-1,-371.9467998318749,-0.0
257,16.0312195418814,1547,0.8866133866133866,14.21349384957017,-1,-372.2809742108518,-0.0
257,16.0312195418814,1548,0.8868631368631368,14.217497650654556,-1,-372.61558926936294,-0.0
257,16.0312195418814,1549,0.887112887112887,14.221501451738941,-1,-372.9506463781324,-0.0
257,16.0312195418814,1550,0.8873626373626373,14.225505252823329,-1,-373.2861469154007,-0.0
257,16.0312195418814,1551,0.8876123876123876,14.229509053907714,-1,-373.622092266977,-0.0
257,16.0312195418814,1552,0.8878621378621379,14.233512854992101,-1,-373.95848382630413,-0.0
257,16.0312195418814,1553,0.8881118881118881,14.237516656076487,-1,-374.29532299451915,-0.0
257,16.0312195418814,1554,0.8883616383616384,14.241520457160874,-1,-374.63261118050593,-0.0
257,16.0312195418814,1555,0.8886113886113887,14.24552425824526,-1,-374.9703498009611,-0.0
257,16.0312195418814,1556,0.8888611388611389,14.249528059329647,-1,-375.30854028045474,-0.0
257,16.0312195418814,1557,0.8891108891108891,14.25353186041403,-1,-375.6471840514884,-0.0
257,16.0312195418814,1558,0.8893606393606394,14.257535661498416,-1,-375.98628255455884,-0.0
257,16.0312195418814,1559,0.8896103896103896,14.261539462582803,-1,-376.32583723822495,-0.0
257,16.0312195418814,1560,0.8898601398601398,14.265543263667187,-1,-376.665849559168,-0.0
257,16.0312195418814,1561,0.8901098901098901,14.269547064751574,-1,-377.00632098225435,-0.0
257,16.0312195418814,1562,0.8903596403596403,14.27355086583596,-1,-377.34725298060243,-0.0
257,16.0312195418814,1563,0.8906093906093906,14.277554666920347,-1,-377.68864703564776,-0.0
257,16.0312195418814,1564,0.8908591408591409,14.281558468004732,-1,-378.0305046372094,-0.0
257,16.0312195418814,1565,0.8911088911088911,14.28556226908912,-1,-378.372827283557,-0.0
257,16.0312195418814,1566,0.8913586413586414,14.289566070173505,-1,-378.7156164814774,-0.0
257,16.0312195418814,1567,0.8916083916083917,14.29356987125789,-1,-379.058873746343,-0.0
257,16.0312195418814,1568,0.8918581418581419,14.297573672342278,-1,-379.4026006021806,-0.0
257,16.0312195418814,1569,0.8921078921078921,14.301577473426661,-1,-379.7467985817417,-0.0
257,16.0312195418814,1570,0.8923576423576424,14.305581274511049,-1,-380.09146922657385,-0.0
257,16.0312195418814,1571,0.8926073926073925,14.309585075595432,-1,-380.4366140870905,-0.0
257,16.0312195418814,1572,0.8928571428571428,14.31358887667982,-1,-380.7822347226426,-0.0
257,16.0312195418814,1573,0.8931068931068931,14.317592677764205,-1,-381.1283327015914,-0.0
257,16.0312195418814,1574,0.8933566433566433,14.321596478848592,-1,-381.4749096013816,-0.0
257,16.0312195418814,1575,0.8936063936063936,14.325600279932978,-1,-381.82196700861664,-0.0
257,16.0312195418814,1576,0.8938561438561439,14.329604081017365,-1,-382.16950651913265,-0.0
257,16.0312195418814,1577,0.8941058941058941,14.33360788210175,-1,-382.51752973807436,-0.0
257,16.0312195418814,1578,0.8943556443556444,14.337611683186136,-1,-382.86603827997175,-0.0
257,16.0312195418814,1579,0.8946053946053947,14.341615484270523,-1,-383.21503376881753,-0.0
257,16.0312195418814,1580,0.8948551448551448,14.345619285354907,-1,-383.5645178381447,-0.0
257,16.0312195418814,1581,0.8951048951048951,14.349623086439294,-1,-383.9144921311063,-0.0
257,16.0312195418814,1582,0.8953546453546454,14.35362688752368,-1,-384.26495830055455,-0.0
257,16.0312195418814,1583,0.8956043956043955,14.357630688608065,-1,-384.6159180091221,-0.0
257,16.0312195418814,1584,0.8958541458541458,14.36163448969245,-1,-384.9673729293032,-0.0
257,16.0312195418814,1585,0.8961038961038961,14.365638290776838,-1,-385.3193247435366,-0.0
257,16.0312195418814,1586,0.8963536463536463,14.369642091861223,-1,-385.6717751442879,-0.0
257,16.0312195418814,1587,0.8966033966033966,14.373645892945609,-1,-386.02472583413515,-0.0
257,16.0312195418814,1588,0.8968531468531469,14.377649694029996,-1,-386.3781785258528,-0.0
257,16.0312195418814,1589,0.8971028971028971,14.381653495114382,-1,-386.7321349424984,-0.0
257,16.0312195418814,1590,0.8973526473526474,14.385657296198769,-1,-387.0865968174995,-0.0
257,16.0312195418814,1591,0.8976023976023977,14.389661097283154,-1,-387.4415658947416,-0.0
257,16.0312195418814,1592,0.8978521478521478,14.39366489836754,-1,-387.79704392865665,-0.0
257,16.0312195418814,1593,0.8981018981018981,14.397668699451925,-1,-388.1530326843142,-0.0
257,16.0312195418814,1594,0.8983516483516483,14.40167250053631,-1,-388.50953393751047,-0.0
257,16.0312195418814,1595,0.8986013986013985,14.405676301620696,-1,-388.86654947486244,-0.0
257,16.0312195418814,1596,0.8988511488511488,14.409680102705083,-1,-389.2240810938973,-0.0
257,16.0312195418814,1597,0.8991008991008991,14.413683903789469,-1,-389.58213060314944,-0.0
257,16.0312195418814,1598,0.8993506493506493,14.417687704873854,-1,-389.94069982225545,-0.0
257,16.0312195418814,1599,0.8996003996003996,14.421691505958242,-1,-390.29979058204935,-0.0
257,16.0312195418814,1600,0.8998501498501499,14.425695307042627,-1,-390.6594047246595,-0.0
257,16.0312195418814,1601,0.9000999000999002,14.429699108127014,-1,-391.019544103608,-0.0
257,16.0312195418814,1602,0.9003496503496504,14.4337029092114,-1,-391.3802105839024,-0.0
257,16.0312195418814,1603,0.9005994005994006,14.437706710295785,-1,-391.7414060421497,-0.0
257,16.0312195418814,1604,0.9008491508491508,14.44171051138017,-1,-392.10313236665036,-0.0
257,16.0312195418814,1605,0.9010989010989011,14.445714312464558,-1,-392.4653914574996,-0.0
257,16.0312195418814,1606,0.9013486513486513,14.449718113548942,-1,-392.82818522669226,-0.0
257,16.0312195418814,1607,0.9015984015984015,14.453721914633327,-1,-393.1915155982297,-0.0
257,16.0312195418814,1608,0.9018481518481518,14.457725715717714,-1,-393.5553845082262,-0.0
257,16.0312195418814,1609,0.9020979020979021,14.4617295168021,-1,-393.9197939050131,-0.0
257,16.0312195418814,1610,0.9023476523476524,14.465733317886487,-1,-394.284745749249,-0.0
257,16.0312195418814,1611,0.9025974025974026,14.469737118970873,-1,-394.65024201403537,-0.0
257,16.0312195418814,1612,0.9028471528471529,14.47374092005526,-1,-395.01628468501906,-0.0
257,16.0312195418814,1613,0.9030969030969032,14.477744721139645,-1,-395.3828757605072,-0.0
257,16.0312195418814,1614,0.9033466533466534,14.481748522224033,-1,-395.75001725158546,-0.0
257,16.0312195418814,1615,0.9035964035964036,14.485752323308416,-1,-396.11771118222595,-0.0
257,16.0312195418814,1616,0.9038461538461539,14.489756124392803,-1,-396.4859595894107,-0.0
257,16.0312195418814,1617,0.904095904095904,14.493759925477187,-1,-396.8547645232485,-0.0
257,16.0312195418814,1618,0.9043456543456543,14.497763726561573,-1,-397.22412804708694,-0.0
257,16.0312195418814,1619,0.9045954045954046,14.50176752764596,-1,-397.59405223764196,-0.0
257,16.0312195418814,1620,0.9048451548451548,14.505771328730345,-1,-397.96453918511094,-0.0
257,16.0312195418814,1621,0.9050949050949051,14.509775129814733,-1,-398.3355909933075,-0.0
257,16.0312195418814,1622,0.9053446553446554,14.513778930899118,-1,-398.70720977977794,-0.0
257,16.0312195418814,1623,0.9055944055944056,14.517782731983505,-1,-399.0793976759274,-0.0
257,16.0312195418814,1624,0.9058441558441559,14.52178653306789,-1,-399.4521568271512,-0.0
257,16.0312195418814,1625,0.9060939060939062,14.525790334152278,-1,-399.8254893929632,-0.0
257,16.0312195418814,1626,0.9063436563436563,14.529794135236662,-1,-400.19939754712965,-0.0
257,16.0312195418814,1627,0.9065934065934066,14.533797936321047,-1,-400.5738834777945,-0.0
257,16.0312195418814,1628,0.9068431568431569,14.537801737405434,-1,-400.9489493876169,-0.0
257,16.0312195418814,1629,0.907092907092907,14.541805538489818,-1,-401.3245974939133,-0.0
257,16.0312195418814,1630,0.9073426573426573,14.545809339574205,-1,-401.7008300287854,-0.0
257,16.0312195418814,1631,0.9075924075924076,14.54981314065859,-1,-402.07764923926396,-0.0
257,16.0312195418814,1632,0.9078421578421578,14.553816941742978,-1,-402.4550573874449,-0.0
257,16.0312195418814,1633,0.9080919080919081,14.557820742827364,-1,-402.833056750644,-0.0
257,16.0312195418814,1634,0.9083416583416584,14.56182454391175,-1,-403.2116496215253,-0.0
257,16.0312195418814,1635,0.9085914085914086,14.565828344996136,-1,-403.5908383082523,-0.0
257,16.0312195418814,1636,0.9088411588411589,14.569832146080524,-1,-403.9706251346479,-0.0
257,16.0312195418814,1637,0.9090909090909092,14.573835947164909,-1,-404.35101244032455,-0.0
257,16.0312195418814,1638,0.9093406593406593,14.577839748249293,-1,-404.7320025808436,-0.0
257,16.0312195418814,1639,0.9095904095904096,14.58184354933368,-1,-405.11359792787994,-0.0
257,16.0312195418814,1640,0.9098401598401598,14.585847350418064,-1,-405.49580086935754,-0.0
257,16.0312195418814,1641,0.91008991008991,14.589851151502451,-1,-405.8786138096163,-0.0
257,16.0312195418814,1642,0.9103396603396603,14.593854952586836,-1,-406.2620391695774,-0.0
257,16.0312195418814,1643,0.9105894105894106,14.597858753671224,-1,-406.64607938688937,-0.0
257,16.0312195418814,1644,0.9108391608391608,14.60186255475561,-1,-407.03073691610706,-0.0
257,16.0312195418814,1645,0.9110889110889111,14.605866355839996,-1,-407.41601422884224,-0.0
257,16.0312195418814,1646,0.9113386613386614,14.609870156924382,-1,-407.8019138139439,-0.0
257,16.0312195418814,1647,0.9115884115884116,14.613873958008769,-1,-408.1884381776571,-0.0
257,16.0312195418814,1648,0.9118381618381619,14.617877759093155,-1,-408.57558984379693,-0.0
257,16.0312195418814,1649,0.9120879120879121,14.621881560177538,-1,-408.96337135393156,-0.0
257,16.0312195418814,1650,0.9123376623376623,14.625885361261926,-1,-409.35178526754106,-0.0
257,16.0312195418814,1651,0.9125874125874126,14.629889162346311,-1,-409.74083416221407,-0.0
257,16.0312195418814,1652,0.9128371628371628,14.633892963430696,-1,-410.1305206338109,-0.0
257,16.0312195418814,1653,0.913086913086913,14.637896764515082,-1,-410.5208472966595,-0.0
257,16.0312195418814,1654,0.9133366633366633,14.64190056559947,-1,-410.9118167837337,-0.0
257,16.0312195418814,1655,0.9135864135864136,14.645904366683855,-1,-411.3034317468405,-0.0
257,16.0312195418814,1656,0.9138361638361638,14.649908167768242,-1,-411.69569485681683,-0.0
257,16.0312195418814,1657,0.9140859140859141,14.653911968852627,-1,-412.0886088037096,-0.0
257,16.0312195418814,1658,0.9143356643356644,14.657915769937013,-1,-412.4821762969873,-0.0
257,16.0312195418814,1659,0.9145854145854146,14.6619195710214,-1,-412.8764000657173,-0.0
257,16.0312195418814,1660,0.9148351648351649,14.665923372105786,-1,-413.27128285878837,-0.0
257,16.0312195418814,1661,0.9150849150849151,14.669927173190171,-1,-413.6668274450894,-0.0
257,16.0312195418814,1662,0.9153346653346653,14.673930974274557,-1,-414.0630366137394,-0.0
257,16.0312195418814,1663,0.9155844155844156,14.677934775358944,-1,-414.4599131742713,-0.0
257,16.0312195418814,1664,0.9158341658341658,14.681938576443327,-1,-414.8574599568652,-0.0
257,16.0312195418814,1665,0.916083916083916,14.685942377527715,-1,-415.25567981254324,-0.0
257,16.0312195418814,1666,0.9163336663336663,14.6899461786121,-1,-415.6545756134001,-0.0
257,16.0312195418814,1667,0.9165834165834166,14.693949979696487,-1,-416.05415025281377,-0.0
257,16.0312195418814,1668,0.9168331668331668,14.697953780780873,-1,-416.4544066456708,-0.0
257,16.0312195418814,1669,0.9170829170829171,14.701957581865258,-1,-416.855347728595,-0.0
257,16.0312195418814,1670,0.9173326673326674,14.705961382949646,-1,-417.25697646016647,-0.0
257,16.0312195418814,1671,0.9175824175824177,14.709965184034031,-1,-417.6592958211671,-0.0
257,16.0312195418814,1672,0.9178321678321678,14.713968985118417,-1,-418.0623088147973,-0.0
257,16.0312195418814,1673,0.9180819180819181,14.717972786202802,-1,-418.4660184669338,-0.0
257,16.0312195418814,1674,0.9183316683316683,14.72197658728719,-1,-418.8704278263567,-0.0
257,16.0312195418814,1675,0.9185814185814185,14.725980388371573,-1,-419.27553996499626,-0.0
257,16.0312195418814,1676,0.9188311688311688,14.72998418945596,-1,-419.6813579781877,-0.0
257,16.0312195418814,1677,0.919080919080919,14.733987990540346,-1,-420.0878849849095,-0.0
257,16.0312195418814,1678,0.9193306693306693,14.737991791624731,-1,-420.49512412805353,-0.0
257,16.0312195418814,1679,0.9195804195804196,14.741995592709118,-1,-420.9030785746753,-0.0
257,16.0312195418814,1680,0.9198301698301699,14.745999393793504,-1,-421.31175151624745,-0.0
257,16.0312195418814,1681,0.9200799200799201,14.750003194877891,-1,-421.72114616894464,-0.0
257,16.0312195418814,1682,0.9203296703296704,14.754006995962277,-1,-422.13126577389977,-0.0
257,16.0312195418814,1683,0.9205794205794207,14.758010797046664,-1,-422.54211359747285,-0.0
257,16.0312195418814,1684,0.9208291708291708,14.762014598131048,-1,-422.9536929315429,-0.0
257,16.0312195418814,1685,0.9210789210789211,14.766018399215435,-1,-423.3660070937782,-0.0
257,16.0312195418814,1686,0.9213286713286714,14.77002220029982,-1,-423.7790594279204,-0.0
257,16.0312195418814,1687,0.9215784215784215,14.774026001384206,-1,-424.19285330407945,-0.0
257,16.0312195418814,1688,0.9218281718281718,14.778029802468591,-1,-424.6073921190227,-0.0
257,16.0312195418814,1689,0.922077922077922,14.782033603552977,-1,-425.02267929647655,-0.0
257,16.0312195418814,1690,0.9223276723276723,14.786037404637364,-1,-425.43871828741527,-0.0
257,16.0312195418814,1691,0.9225774225774226,14.79004120572175,-1,-425.85551257038674,-0.0
257,16.0312195418814,1692,0.9228271728271729,14.794045006806137,-1,-426.27306565180606,-0.0
257,16.0312195418814,1693,0.9230769230769231,14.798048807890522,-1,-426.6913810662813,-0.0
257,16.0312195418814,1694,0.9233266733266734,14.80205260897491,-1,-427.1104623769192,-0.0
257,16.0312195418814,1695,0.9235764235764236,14.806056410059293,-1,-427.53031317566825,-0.0
257,16.0312195418814,1696,0.9238261738261738,14.81006021114368,-1,-427.9509370836318,-0.0
257,16.0312195418814,1697,0.9240759240759241,14.814064012228066,-1,-428.37233775141056,-0.0
257,16.0312195418814,1698,0.9243256743256743,14.81806781331245,-1,-428.79451885943644,-0.0
257,16.0312195418814,1699,0.9245754245754245,14.822071614396837,-1,-429.21748411831464,-0.0
257,16.0312195418814,1700,0.9248251748251748,14.826075415481222,-1,-429.6412372691828,-0.0
257,16.0312195418814,1701,0.9250749250749251,14.83007921656561,-1,-430.065782084053,-0.0
257,16.0312195418814,1702,0.9253246753246753,14.834083017649995,-1,-430.491122366177,-0.0
257,16.0312195418814,1703,0.9255744255744256,14.838086818734382,-1,-430.91726195041156,-0.0
257,16.0312195418814,1704,0.9258241758241759,14.842090619818768,-1,-431.34420470358526,-0.0
257,16.0312195418814,1705,0.9260739260739261,14.846094420903155,-1,-431.7719545248744,-0.0
257,16.0312195418814,1706,0.9263236763236764,14.85009822198754,-1,-432.2005153461876,-0.0
257,16.0312195418814,1707,0.9265734265734266,14.854102023071926,-1,-432.6298911325542,-0.0
257,16.0312195418814,1708,0.9268231768231768,14.858105824156311,-1,-433.06008588251177,-0.0
257,16.0312195418814,1709,0.9270729270729271,14.862109625240697,-1,-433.4911036285091,-0.0
257,16.0312195418814,1710,0.9273226773226773,14.866113426325082,-1,-433.9229484373109,-0.0
257,16.0312195418814,1711,0.9275724275724275,14.870117227409468,-1,-434.3556244104104,-0.0
257,16.0312195418814,1712,0.9278221778221778,14.874121028493855,-1,-434.78913568444597,-0.0
257,16.0312195418814,1713,0.9280719280719281,14.87812482957824,-1,-435.22348643162627,-0.0
257,16.0312195418814,1714,0.9283216783216783,14.882128630662628,-1,-435.65868086016155,-0.0
257,16.0312195418814,1715,0.9285714285714286,14.886132431747013,-1,-436.09472321470105,-0.0
257,16.0312195418814,1716,0.9288211788211789,14.8901362328314,-1,-436.53161777677866,-0.0
257,16.0312195418814,1717,0.9290709290709291,14.894140033915786,-1,-436.9693688652639,-0.0
257,16.0312195418814,1718,0.9293206793206793,14.89814383500017,-1,-437.4079808368214,-0.0
257,16.0312195418814,1719,0.9295704295704296,14.902147636084557,-1,-437.8474580863777,-0.0
257,16.0312195418814,1720,0.9298201798201798,14.906151437168942,-1,-438.2878050475935,-0.0
257,16.0312195418814,1721,0.93006993006993,14.910155238253328,-1,-438.7290261933461,-0.0
257,16.0312195418814,1722,0.9303196803196803,14.914159039337713,-1,-439.1711260362182,-0.0
257,16.0312195418814,1723,0.9305694305694305,14.9181628404221,-1,-439.6141091289946,-0.0
257,16.0312195418814,1724,0.9308191808191808,14.922166641506486,-1,-440.05798006516704,-0.0
257,16.0312195418814,1725,0.9310689310689311,14.926170442590873,-1,-440.5027434794475,-0.0
257,16.0312195418814,1726,0.9313186813186813,14.930174243675259,-1,-440.9484040482895,-0.0
257,16.0312195418814,1727,0.9315684315684316,14.934178044759646,-1,-441.3949664904179,-0.0
257,16.0312195418814,1728,0.9318181818181819,14.938181845844031,-1,-441.8424355673684,-0.0
257,16.0312195418814,1729,0.9320679320679321,14.942185646928417,-1,-442.2908160840344,-0.0
257,16.0312195418814,1730,0.9323176823176823,14.946189448012802,-1,-442.74011288922475,-0.0
257,16.0312195418814,1731,0.9325674325674326,14.950193249097188,-1,-443.19033087622597,-0.0
257,16.0312195418814,1732,0.9328171828171828,14.954197050181575,-1,-443.64147498338144,-0.0
257,16.0312195418814,1733,0.933066933066933,14.958200851265959,-1,-444.0935501946775,-0.0
257,16.0312195418814,1734,0.9333166833166833,14.962204652350346,-1,-444.54656154033415,-0.0
257,16.0312195418814,1735,0.9335664335664335,14.966208453434731,-1,-445.00051409740905,-0.0
257,16.0312195418814,1736,0.9338161838161838,14.970212254519119,-1,-445.4554129904169,-0.0
257,16.0312195418814,1737,0.9340659340659341,14.974216055603504,-1,-445.91126339195193,-0.0
257,16.0312195418814,1738,0.9343156843156843,14.978219856687891,-1,-446.3680705233219,-0.0
257,16.0312195418814,1739,0.9345654345654346,14.982223657772277,-1,-446.8258396552047,-0.0
257,16.0312195418814,1740,0.9348151848151849,14.986227458856662,-1,-447.28457610829213,-0.0
257,16.0312195418814,1741,0.935064935064935,14.990231259941048,-1,-447.7442852539698,-0.0
257,16.0312195418814,1742,0.9353146853146853,14.994235061025433,-1,-448.20497251499006,-0.0
257,16.0312195418814,1743,0.9355644355644356,14.99823886210982,-1,-448.66664336617674,-0.0
257,16.0312195418814,1744,0.9358141858141857,15.002242663194204,-1,-449.1293033351165,-0.0
257,16.0312195418814,1745,0.936063936063936,15.006246464278592,-1,-449.592958002884,-0.0
257,16.0312195418814,1746,0.9363136863136863,15.010250265362977,-1,-450.05761300476445,-0.0
257,16.0312195418814,1747,0.9365634365634365,15.014254066447364,-1,-450.5232740310112,-0.0
257,16.0312195418814,1748,0.9368131868131868,15.01825786753175,-1,-450.9899468275824,-0.0
257,16.0312195418814,1749,0.9370629370629371,15.022261668616135,-1,-451.4576371969187,-0.0
257,16.0312195418814,1750,0.9373126873126874,15.026265469700522,-1,-451.926350998735,-0.0
257,16.0312195418814,1751,0.9375624375624376,15.030269270784908,-1,-452.3960941508008,-0.0
257,16.0312195418814,1752,0.9378121878121879,15.034273071869295,-1,-452.8668726297583,-0.0
257,16.0312195418814,1753,0.938061938061938,15.038276872953679,-1,-453.3386924719582,-0.0
257,16.0312195418814,1754,0.9383116883116883,15.042280674038066,-1,-453.81155977428404,-0.0
257,16.0312195418814,1755,0.9385614385614386,15.046284475122452,-1,-454.2854806950156,-0.0
257,16.0312195418814,1756,0.9388111888111887,15.050288276206837,-1,-454.7604614547072,-0.0
257,16.0312195418814,1757,0.939060939060939,15.054292077291223,-1,-455.2365083370613,-0.0
257,16.0312195418814,1758,0.9393106893106893,15.05829587837561,-1,-455.7136276898494,-0.0
257,16.0312195418814,1759,0.9395604395604396,15.062299679459995,-1,-456.1918259258159,-0.0
257,16.0312195418814,1760,0.9398101898101898,15.06630348054438,-1,-456.6711095236297,-0.0
257,16.0312195418814,1761,0.9400599400599401,15.070307281628768,-1,-457.151485028833,-0.0
257,16.0312195418814,1762,0.9403096903096904,15.074311082713153,-1,-457.63295905481135,-0.0
257,16.0312195418814,1763,0.9405594405594406,15.07831488379754,-1,-458.1155382838003,-0.0
257,16.0312195418814,1764,0.9408091908091908,15.082318684881924,-1,-458.5992294678729,-0.0
257,16.0312195418814,1765,0.9410589410589411,15.086322485966312,-1,-459.08403942999496,-0.0
257,16.0312195418814,1766,0.9413086913086913,15.090326287050697,-1,-459.5699750650484,-0.0
257,16.0312195418814,1767,0.9415584415584415,15.094330088135083,-1,-460.05704334092474,-0.0
257,16.0312195418814,1768,0.9418081918081918,15.098333889219468,-1,-460.5452512995953,-0.0
257,16.0312195418814,1769,0.942057942057942,15.102337690303854,-1,-461.03460605823494,-0.0
257,16.0312195418814,1770,0.9423076923076923,15.10634149138824,-1,-461.5251148103498,-0.0
257,16.0312195418814,1771,0.9425574425574426,15.110345292472626,-1,-462.0167848269287,-0.0
257,16.0312195418814,1772,0.9428071928071928,15.114349093557014,-1,-462.50962345762883,-0.0
257,16.0312195418814,1773,0.9430569430569431,15.118352894641399,-1,-463.0036381319618,-0.0
257,16.0312195418814,1774,0.9433066933066934,15.122356695725786,-1,-463.49883636053517,-0.0
257,16.0312195418814,1775,0.9435564435564436,15.126360496810172,-1,-463.9952257362902,-0.0
257,16.0312195418814,1776,0.9438061938061938,15.130364297894557,-1,-464.4928139357674,-0.0
257,16.0312195418814,1777,0.9440559440559441,15.134368098978943,-1,-464.99160872042364,-0.0
257,16.0312195418814,1778,0.9443056943056943,15.13837190006333,-1,-465.49161793794536,-0.0
257,16.0312195418814,1779,0.9445554445554445,15.142375701147714,-1,-465.99284952359136,-0.0
257,16.0312195418814,1780,0.9448051948051948,15.146379502232099,-1,-466.49531150159254,-0.0
257,16.0312195418814,1781,0.945054945054945,15.150383303316486,-1,-466.99901198654067,-0.0
257,16.0312195418814,1782,0.9453046953046953,15.154387104400872,-1,-467.5039591848314,-0.0
257,16.0312195418814,1783,0.9455544455544456,15.158390905485259,-1,-468.0101613961232,-0.0
257,16.0312195418814,1784,0.9458041958041958,15.162394706569644,-1,-468.5176270148427,-0.0
257,16.0312195418814,1785,0.9460539460539461,15.166398507654032,-1,-469.02636453170095,-0.0
257,16.0312195418814,1786,0.9463036963036964,15.170402308738417,-1,-469.5363825352577,-0.0
257,16.0312195418814,1787,0.9465534465534465,15.174406109822803,-1,-470.0476897135023,-0.0
257,16.0312195418814,1788,0.9468031968031968,15.178409910907188,-1,-470.5602948554898,-0.0
257,16.0312195418814,1789,0.9470529470529471,15.182413711991574,-1,-471.07420685299263,-0.0
257,16.0312195418814,1790,0.9473026973026972,15.186417513075959,-1,-471.5894347021919,-0.0
257,16.0312195418814,1791,0.9475524475524475,15.190421314160345,-1,-472.10598750541135,-0.0
257,16.0312195418814,1792,0.9478021978021978,15.194425115244732,-1,-472.62387447288137,-0.0
257,16.0312195418814,1793,0.948051948051948,15.198428916329117,-1,-473.1431049245432,-0.0
257,16.0312195418814,1794,0.9483016983016983,15.202432717413505,-1,-473.6636882918919,-0.0
257,16.0312195418814,1795,0.9485514485514486,15.20643651849789,-1,-474.18563411986145,-0.0
257,16.0312195418814,1796,0.9488011988011988,15.210440319582277,-1,-474.7089520687488,-0.0
257,16.0312195418814,1797,0.9490509490509491,15.214444120666663,-1,-475.2336519161804,-0.0
257,16.0312195418814,1798,0.9493006993006994,15.21844792175105,-1,-475.75974355912274,-0.0
257,16.0312195418814,1799,0.9495504495504495,15.222451722835434,-1,-476.28723701593674,-0.0
257,16.0312195418814,1800,0.9498001998001998,15.22645552391982,-1,-476.8161424284787,-0.0
257,16.0312195418814,1801,0.9500499500499501,15.230459325004206,-1,-477.34647006424547,-0.0
257,16.0312195418814,1802,0.9502997002997002,15.23446312608859,-1,-477.87823031857675,-0.0
257,16.0312195418814,1803,0.9505494505494505,15.238466927172977,-1,-478.4114337168924,-0.0
257,16.0312195418814,1804,0.9507992007992008,15.242470728257363,-1,-478.9460909169935,-0.0
257,16.0312195418814,1805,0.951048951048951,15.24647452934175,-1,-479.4822127114112,-0.0
257,16.0312195418814,1806,0.9512987012987013,15.250478330426136,-1,-480.0198100298077,-0.0
257,16.0312195418814,1807,0.9515484515484516,15.254482131510523,-1,-480.5588939414336,-0.0
257,16.0312195418814,1808,0.9517982017982018,15.258485932594908,-1,-481.09947565764963,-0.0
257,16.0312195418814,1809,0.9520479520479521,15.262489733679294,-1,-481.6415665344954,-0.0
257,16.0312195418814,1810,0.9522977022977023,15.26649353476368,-1,-482.18517807532044,-0.0
257,16.0312195418814,1811,0.9525474525474525,15.270497335848065,-1,-482.73032193348735,-0.0
257,16.0312195418814,1812,0.9527972027972028,15.274501136932452,-1,-483.277009915128,-0.0
257,16.0312195418814,1813,0.953046953046953,15.278504938016836,-1,-483.8252539819675,-0.0
257,16.0312195418814,1814,0.9532967032967032,15.282508739101223,-1,-484.37506625422776,-0.0
257,16.0312195418814,1815,0.9535464535464535,15.286512540185608,-1,-484.9264590135754,-0.0
257,16.0312195418814,1816,0.9537962037962038,15.290516341269996,-1,-485.4794447061661,-0.0
257,16.0312195418814,1817,0.954045954045954,15.294520142354381,-1,-486.0340359457534,-0.0
257,16.0312195418814,1818,0.9542957042957043,15.298523943438768,-1,-486.59024551686935,-0.0
257,16.0312195418814,1819,0.9545454545454546,15.302527744523154,-1,-487.14808637808846,-0.0
257,16.0312195418814,1820,0.9547952047952049,15.30653154560754,-1,-487.7075716653727,-0.0
257,16.0312195418814,1821,0.9550449550449551,15.310535346691927,-1,-488.26871469549786,-0.0
257,16.0312195418814,1822,0.9552947052947053,15.31453914777631,-1,-488.8315289695594,-0.0
257,16.0312195418814,1823,0.9555444555444556,15.318542948860697,-1,-489.3960281765893,-0.0
257,16.0312195418814,1824,0.9557942057942058,15.322546749945083,-1,-489.9622261972271,-0.0
257,16.0312195418814,1825,0.956043956043956,15.326550551029468,-1,-490.53013710752043,-0.0
257,16.0312195418814,1826,0.9562937062937062,15.330554352113854,-1,-491.09977518280004,-0.0
257,16.0312195418814,1827,0.9565434565434565,15.334558153198241,-1,-491.67115490166435,-0.0
257,16.0312195418814,1828,0.9567932067932068,15.338561954282627,-1,-492.2442909500636,-0.0
257,16.0312195418814,1829,0.957042957042957,15.342565755367014,-1,-492.81919822549264,-0.0
257,16.0312195418814,1830,0.9572927072927073,15.3465695564514,-1,-493.39589184128783,-0.0
257,16.0312195418814,1831,0.9575424575424576,15.350573357535785,-1,-493.9743871310493,-0.0
257,16.0312195418814,1832,0.9577922077922079,15.354577158620172,-1,-494.5546996531583,-0.0
257,16.0312195418814,1833,0.958041958041958,15.358580959704556,-1,-495.136845195445,-0.0
257,16.0312195418814,1834,0.9582917082917083,15.362584760788943,-1,-495.7208397799518,-0.0
257,16.0312195418814,1835,0.9585414585414586,15.366588561873328,-1,-496.30669966784524,-0.0
257,16.0312195418814,1836,0.9587912087912087,15.370592362957714,-1,-496.8944413644524,-0.0
257,16.0312195418814,1837,0.959040959040959,15.3745961640421,-1,-497.4840816244328,-0.0
257,16.0312195418814,1838,0.9592907092907093,15.378599965126487,-1,-498.075637457101,-0.0
257,16.0312195418814,1839,0.9595404595404595,15.382603766210872,-1,-498.6691261318867,-0.0
257,16.0312195418814,1840,0.9597902097902098,15.386607567295258,-1,-499.2645651839559,-0.0
257,16.0312195418814,1841,0.9600399600399601,15.390611368379645,-1,-499.86197241997314,-0.0
257,16.0312195418814,1842,0.9602897102897103,15.39461516946403,-1,-500.46136592405014,-0.0
257,16.0312195418814,1843,0.9605394605394606,15.398618970548418,-1,-501.0627640638396,-0.0
257,16.0312195418814,1844,0.9607892107892109,15.402622771632803,-1,-501.6661854968178,-0.0
257,16.0312195418814,1845,0.961038961038961,15.406626572717188,-1,-502.271649176738,-0.0
257,16.0312195418814,1846,0.9612887112887113,15.410630373801574,-1,-502.8791743602753,-0.0
257,16.0312195418814,1847,0.9615384615384616,15.414634174885961,-1,-503.4887806138626,-0.0
257,16.0312195418814,1848,0.9617882117882117,15.418637975970345,-1,-504.10048782072823,-0.0
257,16.0312195418814,1849,0.962037962037962,15.422641777054732,-1,-504.714316188139,-0.0
257,16.0312195418814,1850,0.9622877122877123,15.426645578139118,-1,-505.3302862548562,-0.0
257,16.0312195418814,1851,0.9625374625374625,15.430649379223503,-1,-505.9484188988163,-0.0
257,16.0312195418814,1852,0.9627872127872128,15.43465318030789,-1,-506.56873534504166,-0.0
257,16.0312195418814,1853,0.9630369630369631,15.438656981392276,-1,-507.19125717378955,-0.0
257,16.0312195418814,1854,0.9632867132867133,15.442660782476663,-1,-507.81600632895095,-0.0
257,16.0312195418814,1855,0.9635364635364636,15.446664583561049,-1,-508.4430051267047,-0.0
257,16.0312195418814,1856,0.9637862137862138,15.450668384645434,-1,-509.07227626443614,-0.0
257,16.0312195418814,1857,0.964035964035964,15.45467218572982,-1,-509.70384282993734,-0.0
257,16.0312195418814,1858,0.9642857142857143,15.458675986814207,-1,-510.33772831089533,-0.0
257,16.0312195418814,1859,0.9645354645354645,15.46267978789859,-1,-510.9739566046689,-0.0
257,16.0312195418814,1860,0.9647852147852147,15.466683588982976,-1,-511.61255202839624,-0.0
257,16.0312195418814,1861,0.965034965034965,15.470687390067363,-1,-512.2535393294005,-0.0
257,16.0312195418814,1862,0.9652847152847153,15.474691191151749,-1,-512.896943695946,-0.0
257,16.0312195418814,1863,0.9655344655344655,15.478694992236136,-1,-513.5427907683351,-0.0
257,16.0312195418814,1864,0.9657842157842158,15.482698793320521,-1,-514.1911066503819,-0.0
257,16.0312195418814,1865,0.9660339660339661,15.486702594404909,-1,-514.8419179212359,-0.0
257,16.0312195418814,1866,0.9662837162837163,15.490706395489294,-1,-515.4952516476249,-0.0
257,16.0312195418814,1867,0.9665334665334666,15.494710196573681,-1,-516.1511353964881,-0.0
257,16.0312195418814,1868,0.9667832167832168,15.498713997658065,-1,-516.8095972480394,-0.0
257,16.0312195418814,1869,0.967032967032967,15.502717798742452,-1,-517.4706658092816,-0.0
257,16.0312195418814,1870,0.9672827172827173,15.506721599826838,-1,-518.1343702279601,-0.0
257,16.0312195418814,1871,0.9675324675324675,15.510725400911221,-1,-518.8007402070214,-0.0
257,16.0312195418814,1872,0.9677822177822177,15.514729201995609,-1,-519.4698060195558,-0.0
257,16.0312195418814,1873,0.968031968031968,15.518733003079994,-1,-520.141598524262,-0.0
257,16.0312195418814,1874,0.9682817182817183,15.522736804164381,-1,-520.8161491814692,-0.0
257,16.0312195418814,1875,0.9685314685314685,15.526740605248767,-1,-521.4934900697107,-0.0
257,16.0312195418814,1876,0.9687812187812188,15.530744406333154,-1,-522.173653902901,-0.0
257,16.0312195418814,1877,0.9690309690309691,15.53474820741754,-1,-522.8566740481278,-0.0
257,16.0312195418814,1878,0.9692807192807193,15.538752008501927,-1,-523.5425845440923,-0.0
257,16.0312195418814,1879,0.9695304695304695,15.54275580958631,-1,-524.2314201202179,-0.0
257,16.0312195418814,1880,0.9697802197802198,15.546759610670696,-1,-524.9232162164716,-0.0
257,16.0312195418814,1881,0.97002997002997,15.550763411755083,-1,-525.6180090039263,-0.0
257,16.0312195418814,1882,0.9702797202797202,15.554767212839467,-1,-526.3158354060824,-0.0
257,16.0312195418814,1883,0.9705294705294705,15.558771013923854,-1,-527.0167331210068,-0.0
257,16.0312195418814,1884,0.9707792207792207,15.56277481500824,-1,-527.7207406443125,-0.0
257,16.0312195418814,1885,0.971028971028971,15.566778616092627,-1,-528.427897293025,-0.0
257,16.0312195418814,1886,0.9712787212787213,15.570782417177012,-1,-529.1382432303743,-0.0
257,16.0312195418814,1887,0.9715284715284715,15.5747862182614,-1,-529.8518194915578,-0.0
257,16.0312195418814,1888,0.9717782217782218,15.578790019345785,-1,-530.5686680105227,-0.0
257,16.0312195418814,1889,0.9720279720279721,15.582793820430172,-1,-531.2888316478092,-0.0
257,16.0312195418814,1890,0.9722777222777224,15.586797621514558,-1,-532.0123542195311,-0.0
257,16.0312195418814,1891,0.9725274725274725,15.590801422598942,-1,-532.73928052751,-0.0
257,16.0312195418814,1892,0.9727772227772228,15.594805223683329,-1,-533.4696563906587,-0.0
257,16.0312195418814,1893,0.973026973026973,15.598809024767714,-1,-534.2035286776505,-0.0
257,16.0312195418814,1894,0.9732767232767232,15.6028128258521,-1,-534.9409453409766,-0.0
257,16.0312195418814,1895,0.9735264735264735,15.606816626936485,-1,-535.6819554523961,-0.0
257,16.0312195418814,1896,0.9737762237762237,15.610820428020872,-1,-536.4266092399298,-0.0
257,16.0312195418814,1897,0.974025974025974,15.614824229105258,-1,-537.1749581264252,-0.0
257,16.0312195418814,1898,0.9742757242757243,15.618828030189645,-1,-537.9270547697895,-0.0
257,16.0312195418814,1899,0.9745254745254746,15.62283183127403,-1,-538.6829531049941,-0.0
257,16.0312195418814,1900,0.9747752247752248,15.626835632358416,-1,-539.4427083879264,-0.0
257,16.0312195418814,1901,0.9750249750249751,15.630839433442803,-1,-540.2063772411918,-0.0
257,16.0312195418814,1902,0.9752747252747253,15.634843234527187,-1,-540.9740177019996,-0.0
257,16.0312195418814,1903,0.9755244755244755,15.638847035611574,-1,-541.7456892722136,-0.0
257,16.0312195418814,1904,0.9757742257742258,15.64285083669596,-1,-542.521452970695,-0.0
257,16.0312195418814,1905,0.976023976023976,15.646854637780345,-1,-543.3013713881065,-0.0
257,16.0312195418814,1906,0.9762737262737262,15.65085843886473,-1,-544.0855087442637,-0.0
257,16.0312195418814,1907,0.9765234765234765,15.654862239949118,-1,-544.8739309482143,-0.0
257,16.0312195418814,1908,0.9767732267732268,15.658866041033503,-1,-545.6667056612014,-0.0
257,16.0312195418814,1909,0.977022977022977,15.66286984211789,-1,-546.4639023626764,-0.0
257,16.0312195418814,1910,0.9772727272727273,15.666873643202276,-1,-547.265592419545,-0.0
257,16.0312195418814,1911,0.9775224775224776,15.670877444286662,-1,-548.0718491588449,-0.0
257,16.0312195418814,1912,0.9777722277722278,15.674881245371049,-1,-548.8827479440569,-0.0
257,16.0312195418814,1913,0.9780219780219781,15.678885046455434,-1,-549.6983662552984,-0.0
257,16.0312195418814,1914,0.9782717282717283,15.68288884753982,-1,-550.5187837736023,-0.0
257,16.0312195418814,1915,0.9785214785214785,15.686892648624205,-1,-551.3440824695782,-0.0
257,16.0312195418814,1916,0.9787712287712288,15.690896449708593,-1,-552.1743466967158,-0.0
257,16.0312195418814,1917,0.979020979020979,15.694900250792976,-1,-553.0096632896425,-0.0
257,16.0312195418814,1918,0.9792707292707292,15.698904051877363,-1,-553.8501216676436,-0.0
257,16.0312195418814,1919,0.9795204795204795,15.702907852961749,-1,-554.6958139438225,-0.0
257,16.0312195418814,1920,0.9797702297702298,15.706911654046136,-1,-555.5468350402484,-0.0
257,16.0312195418814,1921,0.98001998001998,15.710915455130522,-1,-556.4032828095188,-0.0
257,16.0312195418814,1922,0.9802697302697303,15.714919256214907,-1,-557.2652581631777,-0.0
257,16.0312195418814,1923,0.9805194805194806,15.718923057299294,-1,-558.132865207467,-0.0
257,16.0312195418814,1924,0.9807692307692308,15.72292685838368,-1,-559.006211386913,-0.0
257,16.0312195418814,1925,0.981018981018981,15.726930659468065,-1,-559.8854076363364,-0.0
257,16.0312195418814,1926,0.9812687312687313,15.73093446055245,-1,-560.7705685418796,-0.0
257,16.0312195418814,1927,0.9815184815184815,15.734938261636838,-1,-561.6618125117141,-0.0
257,16.0312195418814,1928,0.9817682317682317,15.738942062721222,-1,-562.5592619571588,-0.0
257,16.0312195418814,1929,0.982017982017982,15.742945863805609,-1,-563.4630434849862,-0.0
257,16.0312195418814,1930,0.9822677322677322,15.746949664889994,-1,-564.3732881017806,-0.0
257,16.0312195418814,1931,0.9825174825174825,15.75095346597438,-1,-565.2901314312801,-0.0
257,16.0312195418814,1932,0.9827672327672328,15.754957267058767,-1,-566.2137139457191,-0.0
257,16.0312195418814,1933,0.983016983016983,15.758961068143153,-1,-567.1441812123209,-0.0
257,16.0312195418814,1934,0.9832667332667333,15.76296486922754,-1,-568.0816841561077,-0.0
257,16.0312195418814,1935,0.9835164835164836,15.766968670311925,-1,-569.0263793404579,-0.0
257,16.0312195418814,1936,0.9837662337662338,15.770972471396313,-1,-569.9784292668072,-0.0
257,16.0312195418814,1937,0.984015984015984,15.774976272480696,-1,-570.9380026951719,-0.0
257,16.0312195418814,1938,0.9842657342657343,15.778980073565084,-1,-571.905274987284,-0.0
257,16.0312195418814,1939,0.9845154845154845,15.782983874649469,-1,-572.8804284742978,-0.0
257,16.0312195418814,1940,0.9847652347652347,15.786987675733855,-1,-573.8636528512696,-0.0
257,16.0312195418814,1941,0.985014985014985,15.79099147681824,-1,-574.8551456008395,-0.0
257,16.0312195418814,1942,0.9852647352647352,15.794995277902625,-1,-575.8551124487743,-0.0
257,16.0312195418814,1943,0.9855144855144855,15.798999078987013,-1,-576.8637678543844,-0.0
257,16.0312195418814,1944,0.9857642357642358,15.803002880071398,-1,-577.8813355391187,-0.0
257,16.0312195418814,1945,0.986013986013986,15.807006681155785,-1,-578.9080490570245,-0.0
257,16.0312195418814,1946,0.9862637362637363,15.811010482240171,-1,-579.9441524112258,-0.0
257,16.0312195418814,1947,0.9865134865134866,15.815014283324558,-1,-580.9899007210086,-0.0
257,16.0312195418814,1948,0.9867632367632367,15.819018084408942,-1,-582.0455609447141,-0.0
257,16.0312195418814,1949,0.987012987012987,15.823021885493329,-1,-583.111412664248,-0.0
257,16.0312195418814,1950,0.9872627372627373,15.827025686577715,-1,-584.1877489377322,-0.0
257,16.0312195418814,1951,0.9875124875124874,15.831029487662098,-1,-585.2748772277117,-0.0
257,16.0312195418814,1952,0.9877622377622377,15.835033288746486,-1,-586.3731204132249,-0.0
257,16.0312195418814,1953,0.988011988011988,15.839037089830871,-1,-587.4828178952278,-0.0
257,16.0312195418814,1954,0.9882617382617382,15.843040890915258,-1,-588.6043268061082,-0.0
257,16.0312195418814,1955,0.9885114885114885,15.847044691999644,-1,-589.7380233355082,-0.0
257,16.0312195418814,1956,0.9887612387612388,15.851048493084031,-1,-590.8843041864482,-0.0
257,16.0312195418814,1957,0.989010989010989,15.855052294168416,-1,-592.0435881777634,-0.0
257,16.0312195418814,1958,0.9892607392607393,15.859056095252804,-1,-593.2163180112178,-0.0
257,16.0312195418814,1959,0.9895104895104896,15.86305989633719,-1,-594.4029622244711,-0.0
257,16.0312195418814,1960,0.9897602397602397,15.867063697421575,-1,-595.6040173543811,-0.0
257,16.0312195418814,1961,0.99000999000999,15.87106749850596,-1,-596.8200103390192,-0.0
257,16.0312195418814,1962,0.9902597402597403,15.875071299590346,-1,-598.0515011913695,-0.0
257,16.0312195418814,1963,0.9905094905094904,15.879075100674731,-1,-599.2990859833074,-0.0
257,16.0312195418814,1964,0.9907592407592407,15.883078901759117,-1,-600.5634001850086,-0.0
257,16.0312195418814,1965,0.991008991008991,15.887082702843504,-1,-601.8451224129519,-0.0
257,16.0312195418814,1966,0.9912587412587412,15.89108650392789,-1,-603.1449786493804,-0.0
257,16.0312195418814,1967,0.9915084915084915,15.895090305012276,-1,-604.4637470077613,-0.0
257,16.0312195418814,1968,0.9917582417582418,15.899094106096662,-1,-605.8022631332163,-0.0
257,16.0312195418814,1969,0.9920079920079921,15.90309790718105,-1,-607.1614263445172,-0.0
257,16.0312195418814,1970,0.9922577422577423,15.907101708265435,-1,-608.5422066460296,-0.0
257,16.0312195418814,1971,0.9925074925074925,15.911105509349818,-1,-609.945652765202,-0.0
257,16.0312195418814,1972,0.9927572427572428,15.915109310434206,-1,-611.3729014050864,-0.0
257,16.0312195418814,1973,0.993006993006993,15.919113111518591,-1,-612.8251879443275,-0.0
257,16.0312195418814,1974,0.9932567432567432,15.923116912602977,-1,-614.3038588713955,-0.0
257,16.0312195418814,1975,0.9935064935064934,15.927120713687362,-1,-615.8103863096394,-0.0
257,16.0312195418814,1976,0.9937562437562437,15.93112451477175,-1,-617.3463850796417,-0.0
257,16.0312195418814,1977,0.994005994005994,15.935128315856135,-1,-618.9136328627554,-0.0
257,16.0312195418814,1978,0.9942557442557443,15.939132116940522,-1,-620.5140941840108,-0.0
257,16.0312195418814,1979,0.9945054945054945,15.943135918024907,-1,-622.1499491378744,-0.0
257,16.0312195418814,1980,0.9947552447552448,15.947139719109295,-1,-623.8236280565015,-0.0
257,16.0312195418814,1981,0.9950049950049951,15.95114352019368,-1,-625.5378536961725,-0.0
257,16.0312195418814,1982,0.9952547452547453,15.955147321278066,-1,-627.2956930365623,-0.0
257,16.0312195418814,1983,0.9955044955044955,15.959151122362451,-1,-629.1006215144604,-0.0
257,16.0312195418814,1984,0.9957542457542458,15.963154923446837,-1,-630.9566035480675,-0.0
257,16.0312195418814,1985,0.996003996003996,15.967158724531224,-1,-632.8681947065295,-0.0
257,16.0312195418814,1986,0.9962537462537462,15.971162525615608,-1,-634.8406730933374,-0.0
257,16.0312195418814,1987,0.9965034965034965,15.975166326699995,-1,-636.8802108544876,-0.0
257,16.0312195418814,1988,0.9967532467532467,15.97917012778438,-1,-638.9941018935651,-0.0
257,16.0312195418814,1989,0.997002997002997,15.983173928868768,-1,-641.191070100185,-0.0
257,16.0312195418814,1990,0.9972527472527473,15.987177729953153,-1,-643.4816958953746,-0.0
257,16.0312195418814,1991,0.9975024975024975,15.991181531037538,-1,-645.8790218621077,-0.0
257,16.0312195418814,1992,0.9977522477522478,15.995185332121926,-1,-648.3994389761847,-0.0
257,16.0312195418814,1993,0.9980019980019981,15.999189133206311,-1,-651.0640309153703,-0.0
257,16.0312195418814,1994,0.9982517482517482,16.003192934290695,-1,-653.9007041767566,-0.0
257,16.0312195418814,1995,0.9985014985014985,16.007196735375082,-1,-656.9477512383924,-0.0
257,16.0312195418814,1996,0.9987512487512488,16.01120053645947,-1,-660.2602380519716,-0.0
257,16.0312195418814,1997,0.9990009990009989,16.015204337543853,-1,-663.9225572717121,-0.0
257,16.0312195418814,1998,0.9992507492507492,16.01920813862824,-1,-668.076497786877,-0.0
257,16.0312195418814,1999,0.9995004995004995,16.023211939712628,-1,-672.9977367866117,-0.0
257,16.0312195418814,2000,0.9997502497502497,16.02721574079701,-1,-679.3943572093286,-0.0
