floor_grid_tcritical 2026-01-25_2219
B_min = 3.0
t_critical = 0.15
grid_step_h = 0.00025
i	theta	P_A
0	-0.5	1.66223919518145090625743767661412389588224819828588297252593
1	-0.49975	1.6622428606535085841908263716606305769999479146364882493884
2	-0.4995	1.66225385707387827628140880894079494390059149128652342257706
3	-0.49925	1.66227218445514996011721198995793724778254413194099411664231
4	-0.499	1.66229784281830694073485256583049151009791898150482827714903
5	-0.49875	1.66233083219272586420665240171119331472965114211748092409495
6	-0.4985	1.66237115261617673666711660026916034527227205086236365637346
7	-0.49825	1.66241880413482294878329033488783814339019442614438039775026
8	-0.498	1.66247378680322130567480139679039516731610140720685668726716
9	-0.49775	1.66253610068432206229068603961278165240861531689665083041137
10	-0.4975	1.66260574584946896425138653795520609818681440112877747598648
11	-0.49725	1.66268272237839929416559989111158674010884437914768969030686
12	-0.497	1.66276703035924392343294832746523584062276000590662458921718
13	-0.49675	1.66285866988852736954473372691535455422629764737268853535314
14	-0.4965	1.66295764107116785889632980613748029736541960397571494883669
15	-0.49625	1.66306394402047739512605793246417686223162554261334009384425
16	-0.496	1.66317757885816183299668477469085788756061461899826087153343
17	-0.49575	1.66329854571432095783697269116589598799769084727294713090455
18	-0.4955	1.6634268447274485705620068251244569571489300071636363400337
19	-0.49525	1.66356247604443257829231635239314383279591017723107486023205
20	-0.495	1.66370543982055509059310123536065500674597113965132417201443
21	-0.49475	1.66385573621949252135617020752396723078180463657536543877693
22	-0.4945	1.66401336541331569634849057303917402008422641262266942078684
23	-0.49425	1.66417832758248996645254578360439611772505867739308040296667
24	-0.494	1.66435062291587532662499267876753053033289763699410642599722
25	-0.49375	1.66453025161072654060140677348827526996359432503407795595377
26	-0.493499999999999999999999999999999999999999999999999999999999	1.66471721387269327137620107661279213028877910098121263222781
27	-0.493249999999999999999999999999999999999999999999999999999999	1.6649115099158202174881016539789773623529539011918043096331
28	-0.492999999999999999999999999999999999999999999999999999999999	1.66511313996254725514286153831733959153536207290186549173774
29	-0.492749999999999999999999999999999999999999999999999999999999	1.66532210424370958620619366312280554849793840669583399971461
30	-0.492499999999999999999999999999999999999999999999999999999999	1.66553840299853789210120328744220620297867306992888306007397
31	-0.492249999999999999999999999999999999999999999999999999999999	1.66576203647465849364590091126732654822143213565059251767441
32	-0.491999999999999999999999999999999999999999999999999999999999	1.66599300492809351686767798518240852855755126819566605393413
33	-0.491749999999999999999999999999999999999999999999999999999999	1.66623130862326106483292982134846538805495357922585827870288
34	-0.491499999999999999999999999999999999999999999999999999999999	1.66647694783297539553131304409851563313082913907014063368943
35	-0.491249999999999999999999999999999999999999999999999999999999	1.66672992283844710585542870567574841225009258424987856634588
36	-0.490999999999999999999999999999999999999999999999999999999999	1.66699023392928332171802686430343905268520445367888887089918
37	-0.490749999999999999999999999999999999999999999999999999999999	1.66725788140348789435013400618959431562406717038658632891385
38	-0.490499999999999999999999999999999999999999999999999999999999	1.66753286556746160282481121862579777907455394757478335346341
39	-0.490249999999999999999999999999999999999999999999999999999999	1.66781518673600236285255851645087384110092006504396957090706
40	-0.489999999999999999999999999999999999999999999999999999999999	1.66810484523230544189568921725629875747443740761857441596
41	-0.489749999999999999999999999999999999999999999999999999999999	1.66840184138796368065030778028126809095309018394561384971608
42	-0.489499999999999999999999999999999999999999999999999999999999	1.66870617554296772094583509848032386103071464906429572547504
43	-0.489249999999999999999999999999999999999999999999999999999999	1.66901784804570624011333689127545518381278260877251435487376
44	-0.488999999999999999999999999999999999999999999999999999999999	1.66933685925296619187522361558910863777826868369643243369904
45	-0.488749999999999999999999999999999999999999999999999999999999	1.66966320952993305381020422348839701308415113548106839293832
46	-0.488499999999999999999999999999999999999999999999999999999999	1.66999689925019108144869117478095016697072943021789174325419
47	-0.488249999999999999999999999999999999999999999999999999999999	1.67033792879572356905517039085026971107975660846789651084723
48	-0.487999999999999999999999999999999999999999999999999999999999	1.67068629855691311715536734059891216810380367399292387889494
49	-0.487749999999999999999999999999999999999999999999999999999999	1.67104200893254190686735920931277182735095158776262083119565
50	-0.487499999999999999999999999999999999999999999999999999999999	1.67140506032979198109710314533709661053923429580225400033002
51	-0.487249999999999999999999999999999999999999999999999999999999	1.67177545316424553266017193646991004390573697736139864789585
52	-0.486999999999999999999999999999999999999999999999999999999999	1.67215318785988519939281116677466106530203304124596687256198
53	-0.486749999999999999999999999999999999999999999999999999999999	1.67253826484909436631675597397362066353882898328283556665875
54	-0.486499999999999999999999999999999999999999999999999999999999	1.67293068457265747492357099662907960699438983037482293564634
55	-0.486249999999999999999999999999999999999999999999999999999999	1.67333044747976033964560399791375585274557285734904009119831
56	-0.485999999999999999999999999999999999999999999999999999999999	1.67373755402799047158197200791950987283615611771870285763254
57	-0.485749999999999999999999999999999999999999999999999999999999	1.67415200468333740954932866820138719598134987583239981497668
58	-0.485499999999999999999999999999999999999999999999999999999999	1.67457379992019305852849281969228194668699113932509005789362
59	-0.485249999999999999999999999999999999999999999999999999999999	1.67500294022135203557935127738633835033831825082783691251418
60	-0.484999999999999999999999999999999999999999999999999999999999	1.67543942607801202329778321145569636257464221427125365042154
61	-0.484749999999999999999999999999999999999999999999999999999999	1.67588325798977413088968963396023223389498756217775807209729
62	-0.484499999999999999999999999999999999999999999999999999999999	1.67633443646464326293854920230505811740995685692126259755555
63	-0.484249999999999999999999999999999999999999999999999999999999	1.67679296201902849594426092441471668360727351258242460763057
64	-0.483999999999999999999999999999999999999999999999999999999999	1.67725883517774346271237541559355825572972419069846575176301
65	-0.483749999999999999999999999999999999999999999999999999999999	1.67773205647400674467415914264522756712399416068447235335774
66	-0.483499999999999999999999999999999999999999999999999999999999	1.67821262644944227221928062649706793975524335626681212401574
67	-0.483249999999999999999999999999999999999999999999999999999999	1.67870054565407973312425388983502936503725946414774435292598
68	-0.482999999999999999999999999999999999999999999999999999999999	1.67919581464635498916112256067056496713632602091827743125923
69	-0.482749999999999999999999999999999999999999999999999999999999	1.67969843399311050097221800595486570330842372415054437765249
70	-0.482499999999999999999999999999999999999999999999999999999999	1.68020840426959576129817670100295459246348734162718377492613
71	-0.482249999999999999999999999999999999999999999999999999999999	1.68072572605946773664775577032033414405862478399020414652169
72	-0.481999999999999999999999999999999999999999999999999999999999	1.68125039995479131749934129322297231924384452136516229223931
73	-0.481749999999999999999999999999999999999999999999999999999999	1.6817824265560397771254015832484340573912445804677425950102
74	-0.481499999999999999999999999999999999999999999999999999999999	1.68232180647209523913249725366989105431794427607398128030644
75	-0.481249999999999999999999999999999999999999999999999999999999	1.68286854032024915381082150240138163495996266878062919986191
76	-0.480999999999999999999999999999999999999999999999999999999999	1.68342262872620278338860771823656470721636918413911494288817
77	-0.480749999999999999999999999999999999999999999999999999999999	1.68398407232406769628810725676842245164501068587726808550753
78	-0.480499999999999999999999999999999999999999999999999999999998	1.68455287175636627048120808862848515616349416854644558868039
79	-0.480249999999999999999999999999999999999999999999999999999998	1.68512902767403220604413501505709189024776223104089299336845
80	-0.479999999999999999999999999999999999999999999999999999999998	1.68571254073641104701204430652910162097076326078952462842566
81	-0.479749999999999999999999999999999999999999999999999999999998	1.68630341161126071263569997953357934525023297547808536667358
82	-0.479499999999999999999999999999999999999999999999999999999998	1.68690164097475203814379551502654430830915715513804800709252
83	-0.479249999999999999999999999999999999999999999999999999999998	1.68750722951146932511586366999300853535827341349194439648624
84	-0.478999999999999999999999999999999999999999999999999999999998	1.68812017791441090157209817148415221923511156790346193007481
85	-0.478749999999999999999999999999999999999999999999999999999998	1.68874048688498969188779454102014056799689046255850305773964
86	-0.478499999999999999999999999999999999999999999999999999999998	1.68936815713303379664150310701890500608665271567398586204342
87	-0.478249999999999999999999999999999999999999999999999999999998	1.69000318937678708250737545464476443076859817041313345867395
88	-0.477999999999999999999999999999999999999999999999999999999998	1.69064558434290978230357616695597569360091099696248151521906
89	-0.477749999999999999999999999999999999999999999999999999999998	1.69129534276647910531002475932535480308387752492910184819087
90	-0.477499999999999999999999999999999999999999999999999999999998	1.69195246539098985797012823174233417912233551531335432688503
91	-0.477249999999999999999999999999999999999999999999999999999998	1.69261695296835507509256269177960834656853218505266542177893
92	-0.476999999999999999999999999999999999999999999999999999999998	1.69328880625890666167056306579722837097072345043215028294969
93	-0.476749999999999999999999999999999999999999999999999999999998	1.69396802603139604543758304850986680879553434923685939725576
94	-0.476499999999999999999999999999999999999999999999999999999998	1.69465461306299484027959317258200915515978132268497280213797
95	-0.476249999999999999999999999999999999999999999999999999999998	1.6953485681392955206256932417397541767060548945110222837927
96	-0.475999999999999999999999999999999999999999999999999999999998	1.69604989205431210694012639437205996235663399942719661267161
97	-0.475749999999999999999999999999999999999999999999999999999998	1.69675858561048086244019578119152577192645363320565387830751
98	-0.475499999999999999999999999999999999999999999999999999999998	1.69747464961866100116600128176647842796865329343808711429396
99	-0.475249999999999999999999999999999999999999999999999999999998	1.69819808489813540752933288223294193743277219768023880716735
100	-0.474999999999999999999999999999999999999999999999999999999998	1.69892889227661136747047932193802121044440997302764247054904
101	-0.474749999999999999999999999999999999999999999999999999999998	1.69966707259022131135313542192756960418301129481975618118346
102	-0.474499999999999999999999999999999999999999999999999999999998	1.7004126266835235687290191649251443838407295754926068282702
103	-0.474249999999999999999999999999999999999999999999999999999998	1.70116555540950313510524013669369073765815152387345537580984
104	-0.473999999999999999999999999999999999999999999999999999999998	1.70192585962957245084889439444767430678285424412396079782578
105	-0.473749999999999999999999999999999999999999999999999999999998	1.70269354021357219236479723139801750086735246492031668128495
106	-0.473499999999999999999999999999999999999999999999999999999998	1.70346859803977207568370468975761332821437461844189039907657
107	-0.473249999999999999999999999999999999999999999999999999999998	1.70425103399487167259981706989067721702241579882036589854026
108	-0.472999999999999999999999999999999999999999999999999999999998	1.70504084897400123949780312312184220548242418187933097970967
109	-0.472749999999999999999999999999999999999999999999999999999998	1.70583804388072255901103213248655000221086002728076032867385
110	-0.472499999999999999999999999999999999999999999999999999999998	1.7066426196270297946541527119484902968066743754495399464792
111	-0.472249999999999999999999999999999999999999999999999999999998	1.70745457713335035857461192296880538923839831996085161175281
112	-0.471999999999999999999999999999999999999999999999999999999998	1.70827391732854579256916625051333818130126757129004888232607
113	-0.471749999999999999999999999999999999999999999999999999999998	1.70910064114991266251289713144877048663874233700215161196882
114	-0.471499999999999999999999999999999999999999999999999999999998	1.70993474954318346634970811972003095284992681069941164973052
115	-0.471249999999999999999999999999999999999999999999999999999998	1.71077624346252755579474843772831354608722843603071946336792
116	-0.470999999999999999999999999999999999999999999999999999999998	1.71162512387055207190067863504538436739587883409301179299748
117	-0.470749999999999999999999999999999999999999999999999999999998	1.712481391738302894641168387205964860667594349508531305957
118	-0.470499999999999999999999999999999999999999999999999999999998	1.71334504804526560666649415211368955121244806718617158430129
119	-0.470249999999999999999999999999999999999999999999999999999998	1.71421609377936647138758549297367923302644266575645495247272
120	-0.469999999999999999999999999999999999999999999999999999999998	1.71509452993697342554635340812176717535797801246622930122672
121	-0.469749999999999999999999999999999999999999999999999999999998	1.71598035752289708643162201325286065895303637345463604618618
122	-0.469499999999999999999999999999999999999999999999999999999998	1.71687357755039177390147643405616815380747628993225783154699
123	-0.469249999999999999999999999999999999999999999999999999999998	1.71777419104115654737433482094278094229655864583981297651407
124	-0.468999999999999999999999999999999999999999999999999999999998	1.71868219902533625795255102630442055655786864098957886133409
125	-0.468749999999999999999999999999999999999999999999999999999998	1.71959760254152261584385672257844750845792735348651893635145
126	-0.468499999999999999999999999999999999999999999999999999999998	1.7205204026367552732474576204262146091020600699496380956282
127	-0.468249999999999999999999999999999999999999999999999999999998	1.72145060036652292287310800477863066509011413745227714125644
128	-0.467999999999999999999999999999999999999999999999999999999998	1.72238819679476441226300107669082469751914431637825153079514
129	-0.467749999999999999999999999999999999999999999999999999999998	1.72333319299386987408782960531188128975062386704938034685903
130	-0.467499999999999999999999999999999999999999999999999999999997	1.72428559004468187258989219135994969744136919450108307752288
131	-0.467249999999999999999999999999999999999999999999999999999997	1.72524538903649656634764505595220727596704762604082593750961
132	-0.466999999999999999999999999999999999999999999999999999999997	1.72621259106706488753762773123919587156071249451201205591083
133	-0.466749999999999999999999999999999999999999999999999999999997	1.72718719724259373787122337691240688972060071212187424632529
134	-0.466499999999999999999999999999999999999999999999999999999997	1.72816920867774720138525071428459824430174494005681780133865
135	-0.466249999999999999999999999999999999999999999999999999999997	1.72915862649564777426692479239062005851799528249965893727416
136	-0.465999999999999999999999999999999999999999999999999999999997	1.73015545182787761189526801364448116002923245248321526559106
137	-0.465749999999999999999999999999999999999999999999999999999997	1.73115968581447979328260108535455886813601289199210997560199
138	-0.465499999999999999999999999999999999999999999999999999999997	1.73217132960395960310129586329941509570366645512065892044861
139	-0.465249999999999999999999999999999999999999999999999999999997	1.73319038435328583148252845017647440537036392065186338532882
140	-0.464999999999999999999999999999999999999999999999999999999997	1.73421685122789209177533144074940359539177337242914750528114
141	-0.464749999999999999999999999999999999999999999999999999999997	1.73525073140167815645580890275273779702855040822988642619008
142	-0.464499999999999999999999999999999999999999999999999999999997	1.73629202605701131137794658400128353524584875795985712434661
143	-0.464249999999999999999999999999999999999999999999999999999997	1.73734073638472772855902297775714311294839504481106919095148
144	-0.463999999999999999999999999999999999999999999999999999999997	1.73839686358413385769420429641285038684165942901840464398966
145	-0.463749999999999999999999999999999999999999999999999999999997	1.73946040886300783659648813426411295433016969390955317593591
146	-0.463499999999999999999999999999999999999999999999999999999997	1.74053137343760092075974668000514451970808423533367415208961
147	-0.463249999999999999999999999999999999999999999999999999999997	1.74160975853263893224421080514584240869821550617884994036196
148	-0.462999999999999999999999999999999999999999999999999999999997	1.7426955653813237280853312425136725963437976334935786581238
149	-0.462749999999999999999999999999999999999999999999999999999997	1.74378879522533468842855241618396205742403984323715206268877
150	-0.462499999999999999999999999999999999999999999999999999999997	1.74488944931483022459413832753068879257340890047787864530841
151	-0.462249999999999999999999999999999999999999999999999999999997	1.7459975289084493072777982786876489684812921311079280720424
152	-0.461999999999999999999999999999999999999999999999999999999997	1.7471130352733130150944731617715333967684842639001060600573
153	-0.461749999999999999999999999999999999999999999999999999999997	1.74823596968502610367426059709214844331033391180123208609237
154	-0.461499999999999999999999999999999999999999999999999999999997	1.74936633342767859552107940374378271775862463314800709614288
155	-0.461249999999999999999999999999999999999999999999999999999997	1.75050412779384739084630076905450073517036879695776569201592
156	-0.460999999999999999999999999999999999999999999999999999999997	1.75164935408459789959120508712293947787584478704818454602119
157	-0.460749999999999999999999999999999999999999999999999999999997	1.75280201360948569485375979898916439071456053646825578648525
158	-0.460499999999999999999999999999999999999999999999999999999997	1.75396210768655818793685472590077135556916352445869580984978
159	-0.460249999999999999999999999999999999999999999999999999999997	1.75512963764235632523677738082158400197862525153549434698643
160	-0.459999999999999999999999999999999999999999999999999999999997	1.75630460481191630719236161010342627149772347829890320785347
161	-0.459749999999999999999999999999999999999999999999999999999997	1.75748701053877132951689869555967114871631404803806510357197
162	-0.459499999999999999999999999999999999999999999999999999999997	1.75867685617495334693656077564452898539103027576933310214207
163	-0.459249999999999999999999999999999999999999999999999999999997	1.75987414308099485966075216180126756017677404410223486310145
164	-0.458999999999999999999999999999999999999999999999999999999997	1.7610788726259307228114748711887989904142860254963638733632
165	-0.458749999999999999999999999999999999999999999999999999999997	1.76229104618729997904047050896965164932635408705865469833972
166	-0.458499999999999999999999999999999999999999999999999999999997	1.76351066515114771456458155133203091923304342320257805843697
167	-0.458249999999999999999999999999999999999999999999999999999997	1.76473773091202693885146114376282398371869088782616369025181
168	-0.457999999999999999999999999999999999999999999999999999999997	1.76597224487300048818945177727615288534557728695130841494347
169	-0.457749999999999999999999999999999999999999999999999999999997	1.7672142084456429533771496779745007898349210927303564821363
170	-0.457499999999999999999999999999999999999999999999999999999997	1.7684636230500426317698734822707229015064699175510479081356
171	-0.457249999999999999999999999999999999999999999999999999999997	1.76972049011480350392196281127790273618947560844383577599344
172	-0.456999999999999999999999999999999999999999999999999999999997	1.77098481107704723506554474338401399473651870929966766795079
173	-0.456749999999999999999999999999999999999999999999999999999997	1.77225658738241520166812395413036875099623882451320154626517
174	-0.456499999999999999999999999999999999999999999999999999999997	1.77353582048507054331307548762542540985725443246084811146308
175	-0.456249999999999999999999999999999999999999999999999999999997	1.77482251184770024014884778442632944528845191427359162729242
176	-0.455999999999999999999999999999999999999999999999999999999997	1.77611666294151721615441775784749159207080385870573144825934
177	-0.455749999999999999999999999999999999999999999999999999999997	1.77741827524626246847027942490800060622632145209133533092264
178	-0.455499999999999999999999999999999999999999999999999999999997	1.77872735025020722304599290066987068701684341277208913010628
179	-0.455249999999999999999999999999999999999999999999999999999997	1.7800438894501551168570714967731308808351563277218773666378
180	-0.454999999999999999999999999999999999999999999999999999999997	1.7813678943514444069457412679328409773439140243376698041262
181	-0.454749999999999999999999999999999999999999999999999999999997	1.78269936646795020654186966558493654239798892798494351820223
182	-0.454499999999999999999999999999999999999999999999999999999996	1.7840383073220867485221280274776795918691207061765619035283
183	-0.454249999999999999999999999999999999999999999999999999999996	1.78538471844480967646722649769762341018713686582809409730144
184	-0.453999999999999999999999999999999999999999999999999999999996	1.78673860137561836357883967545772938205038258605155158418737
185	-0.453749999999999999999999999999999999999999999999999999999996	1.78809995766255825971962687519633103032271389956053667176622
186	-0.453499999999999999999999999999999999999999999999999999999996	1.78946878886222326684154238754740768679312714615023208424839
187	-0.453249999999999999999999999999999999999999999999999999999996	1.79084509653975814306942860312740611743301789361083955261605
188	-0.452999999999999999999999999999999999999999999999999999999996	1.79222888226886093570868834159911948997404516186448328846259
189	-0.452749999999999999999999999999999999999999999999999999999996	1.79362014763178544344764226005285007840550429416991608132115
190	-0.452499999999999999999999999999999999999999999999999999999996	1.79501889421934370802699284050094216525449093598299940867179
191	-0.452249999999999999999999999999999999999999999999999999999996	1.79642512363090853565063821950450591679270804135867014563445
192	-0.451999999999999999999999999999999999999999999999999999999996	1.79783883747441604841390706711182021858487018748589330689484
193	-0.451749999999999999999999999999999999999999999999999999999996	1.79926003736636826602711989103918778598035963957263368617854
194	-0.451499999999999999999999999999999999999999999999999999999996	1.80068872493183571811422257920253595146017393036956569536498
195	-0.451249999999999999999999999999999999999999999999999999999996	1.80212490180446008736808474333167011117398406362166770805967
196	-0.450999999999999999999999999999999999999999999999999999999996	1.80356856962645688384590853267421120750155528289220325114056
197	-0.450749999999999999999999999999999999999999999999999999999996	1.80501973004861815069005309411518212560911551998763676734438
198	-0.450499999999999999999999999999999999999999999999999999999996	1.806478384730315201561445807981458063872226909768210578416
199	-0.450249999999999999999999999999999999999999999999999999999996	1.80794453533950139007462387213791393584429155467714976870103
200	-0.449999999999999999999999999999999999999999999999999999999996	1.80941818355271491152532878567502266356621028855668083091508
201	-0.449749999999999999999999999999999999999999999999999999999996	1.81089933105508163720346184268904701867074114346363235422787
202	-0.449499999999999999999999999999999999999999999999999999999996	1.81238797954031798158610093171257229962042752081820292507334
203	-0.449249999999999999999999999999999999999999999999999999999996	1.81388413071073380270717779280663668427409650799266370455162
204	-0.448999999999999999999999999999999999999999999999999999999996	1.81538778627723533600232045791412567432890421562064792681264
205	-0.448749999999999999999999999999999999999999999999999999999996	1.81689894795932816192927793673307879652346316244317661191701
206	-0.448499999999999999999999999999999999999999999999999999999996	1.81841761748512020766626335623283711646297666545850721068922
207	-0.448249999999999999999999999999999999999999999999999999999996	1.8199437965913247831924777633407035653104346461953123614434
208	-0.447999999999999999999999999999999999999999999999999999999996	1.82147748702326365205700970380898690596627986746225242591024
209	-0.447749999999999999999999999999999999999999999999999999999996	1.82301869053487013714424554257217101074576078184451358853969
210	-0.447499999999999999999999999999999999999999999999999999999996	1.82456740888869226174587233896633778031054983760773526193585
211	-0.447249999999999999999999999999999999999999999999999999999996	1.8261236438558959262515089811587548042314355338421000816824
212	-0.446999999999999999999999999999999999999999999999999999999996	1.82768739721626812077196226538305045427302070324468102977382
213	-0.446749999999999999999999999999999999999999999999999999999996	1.82925867075822017401107272466184712053977462565737947984931
214	-0.446499999999999999999999999999999999999999999999999999999996	1.83083746627879103870409031640161939259025523615875887407495
215	-0.446249999999999999999999999999999999999999999999999999999996	1.83242378558365061394250261655313965625199685802540428104291
216	-0.445999999999999999999999999999999999999999999999999999999996	1.8340176304871031047072279881476027420324649073637702066266
217	-0.445749999999999999999999999999999999999999999999999999999996	1.8356190028120904189340833423604495968127648025283495808944
218	-0.445499999999999999999999999999999999999999999999999999999996	1.83722790439019560243744063945519105152642353700503164389442
219	-0.445249999999999999999999999999999999999999999999999999999996	1.83884433706164631201999823386887118073643424681090163155957
220	-0.444999999999999999999999999999999999999999999999999999999996	1.84046830267531832709861260138893097980498806173806741542244
221	-0.444749999999999999999999999999999999999999999999999999999996	1.84209980308873910017816294612836046947741697091446565838293
222	-0.444499999999999999999999999999999999999999999999999999999996	1.84373884016809134650745572034436604234859693701861061037558
223	-0.444249999999999999999999999999999999999999999999999999999996	1.84538541578821667325321825080100789768130705292981419380475
224	-0.443999999999999999999999999999999999999999999999999999999996	1.84703953183261924853028050130902875591866113682023578371869
225	-0.443749999999999999999999999999999999999999999999999999999996	1.84870119019346951062810156247352496867814869105481397288761
226	-0.443499999999999999999999999999999999999999999999999999999996	1.85037039277160791777586279695731870785943086461639701847179
227	-0.443249999999999999999999999999999999999999999999999999999996	1.85204714147654873879042273236949776826070658850616306319406
228	-0.442999999999999999999999999999999999999999999999999999999996	1.85373143822648388495350983509025595760917362513537809250161
229	-0.442749999999999999999999999999999999999999999999999999999996	1.85542328494828678346661826805312050064047818662531341499814
230	-0.442499999999999999999999999999999999999999999999999999999996	1.85712268357751629283416868506623375685866547087553687901362
231	-0.442249999999999999999999999999999999999999999999999999999996	1.85882963605842066052760109524356656017889403715691161917866
232	-0.441999999999999999999999999999999999999999999999999999999996	1.86054414434394152328517989534999949416326894807789588500603
233	-0.441749999999999999999999999999999999999999999999999999999996	1.86226621039571795040441236739511882695635625300732607777153
234	-0.441499999999999999999999999999999999999999999999999999999995	1.86399583618409053038611132593369261397151291460088047302949
235	-0.441249999999999999999999999999999999999999999999999999999995	1.86573302368810550129127022678241084205508286019532713214448
236	-0.440999999999999999999999999999999999999999999999999999999995	1.86747777489551892517406496902240427881819769732304506581559
237	-0.440749999999999999999999999999999999999999999999999999999995	1.86923009180280090695645088825022954448016332700224388240483
238	-0.440499999999999999999999999999999999999999999999999999999995	1.87098997641513985811198610433807225910906930909804252737833
239	-0.440249999999999999999999999999999999999999999999999999999995	1.87275743074644680552868350498685598605345513924657979961323
240	-0.439999999999999999999999999999999999999999999999999999999995	1.87453245681935974592287327087368155277363302951384606949307
241	-0.439749999999999999999999999999999999999999999999999999999995	1.87631505666524804617824603322906480685201763328429241976536
242	-0.439499999999999999999999999999999999999999999999999999999995	1.87810523232421688998644355450450752800383761212042296468586
243	-0.439249999999999999999999999999999999999999999999999999999995	1.87990298584511177116776929193659644895853299697058628477862
244	-0.438999999999999999999999999999999999999999999999999999999995	1.88170831928552303405280539706615433519049762972730228967996
245	-0.438749999999999999999999999999999999999999999999999999999995	1.88352123471179046130794567667420403585299857031570023804401
246	-0.438499999999999999999999999999999999999999999999999999999995	1.88534173419900790959008584745472198410857639323538406016775
247	-0.438249999999999999999999999999999999999999999999999999999995	1.88716981983102799341795311362292960168649388706192071465519
248	-0.437999999999999999999999999999999999999999999999999999999995	1.88900549370046681764980673938596850923124699131655544342307
249	-0.437749999999999999999999999999999999999999999999999999999995	1.89084875790870875895949993287388116124319844037679928316784
250	-0.437499999999999999999999999999999999999999999999999999999995	1.89269961456591129670516106110311000402228288739196093297361
251	-0.437249999999999999999999999999999999999999999999999999999995	1.89455806579100989358702903345076714705675547149743296517941
252	-0.436999999999999999999999999999999999999999999999999999999995	1.896424113711722926493263680854256689479367112924864156193
253	-0.436749999999999999999999999999999999999999999999999999999995	1.89829776046455666793484717668773596291984328545339562993212
254	-0.436499999999999999999999999999999999999999999999999999999995	1.90017900819481031847299705044813696172599151593715607446512
255	-0.436249999999999999999999999999999999999999999999999999999995	1.90206785905658109054482519472801035357083411841209469623246
256	-0.435999999999999999999999999999999999999999999999999999999995	1.90396431521276934409530051745624810656650675567507793434726
257	-0.435749999999999999999999999999999999999999999999999999999995	1.90586837883508377442590560332546626602657030765540377131082
258	-0.435499999999999999999999999999999999999999999999999999999995	1.90778005210404665267271997925166966992613909466899445388666
259	-0.435249999999999999999999999999999999999999999999999999999995	1.90969933720899911932901438746524149908284604233366973852578
260	-0.434999999999999999999999999999999999999999999999999999999995	1.91162623634810653122980191553384043537023020257553876332476
261	-0.434749999999999999999999999999999999999999999999999999999995	1.91356075172836386241816297467485431766066248178642479579219
262	-0.434499999999999999999999999999999999999999999999999999999995	1.91550288556560115931554201582273542217441671183125863844274
263	-0.434249999999999999999999999999999999999999999999999999999995	1.91745264008448905062060458705940520799066472032943275328617
264	-0.433999999999999999999999999999999999999999999999999999999995	1.91941001751854431236364392646985971124437671658941098785211
265	-0.433749999999999999999999999999999999999999999999999999999995	1.9213750201101354885459368118191773264668600983308569551872
266	-0.433499999999999999999999999999999999999999999999999999999995	1.92334765011048856779586891352537150874936548720448433494559
267	-0.433249999999999999999999999999999999999999999999999999999995	1.92532790977969271647608048138583488690766583869756628338185
268	-0.432999999999999999999999999999999999999999999999999999999995	1.92731580138670606867832389986309415292634243667106963893692
269	-0.432749999999999999999999999999999999999999999999999999999995	1.92931132720936157354517553320842797911709918318514304777227
270	-0.432499999999999999999999999999999999999999999999999999999995	1.93131448953437290036020541236225165367829721742161297627261
271	-0.432249999999999999999999999999999999999999999999999999999995	1.93332529065734040185067975278505990009976836193248941776128
272	-0.431999999999999999999999999999999999999999999999999999999995	1.93534373288275713614935309881542200689652642952780052543858
273	-0.431749999999999999999999999999999999999999999999999999999995	1.93736981852401494786439912880349158707866641612156962098209
274	-0.431499999999999999999999999999999999999999999999999999999995	1.93940354990341060870903188942127093838682785793609014448873
275	-0.431249999999999999999999999999999999999999999999999999999995	1.94144492935215201814488252080802540178466816505228664715737
276	-0.430999999999999999999999999999999999999999999999999999999995	1.94349395921036446449572045048831011438325854789819610675532
277	-0.430749999999999999999999999999999999999999999999999999999995	1.94555064182709694699064263753450054057342861259438605355454
278	-0.430499999999999999999999999999999999999999999999999999999995	1.94761497956032855919839980378683742456466800519683765683527
279	-0.430249999999999999999999999999999999999999999999999999999995	1.94968697477697493431708476096298390654254443642676232374679
280	-0.429999999999999999999999999999999999999999999999999999999995	1.95176662985289475278597499637895598955898737831463580090682
281	-0.429749999999999999999999999999999999999999999999999999999995	1.95385394717289631268889968128085873209187053345409458285134
282	-0.429499999999999999999999999999999999999999999999999999999995	1.95594892913074416342109028029479607428762087408108621917529
283	-0.429249999999999999999999999999999999999999999999999999999995	1.9580515781291658030940740344111166329398458714801824335629
284	-0.428999999999999999999999999999999999999999999999999999999995	1.96016189657985844015578082972916684831788654548496863021595
285	-0.428749999999999999999999999999999999999999999999999999999995	1.96227988690349581970565641673219722807019468361032095598327
286	-0.428499999999999999999999999999999999999999999999999999999994	1.96440555152973511498720867730519717685269818567546531156219
287	-0.428249999999999999999999999999999999999999999999999999999994	1.96653889289722388454305871655340356080628553950024183095625
288	-0.427999999999999999999999999999999999999999999999999999999994	1.96867991345360709552022505156628258355281603162063856673398
289	-0.427749999999999999999999999999999999999999999999999999999994	1.97082861565553421361603714778130557262469452869136776434268
290	-0.427499999999999999999999999999999999999999999999999999999994	1.97298500196866636015775408405643324446138333158637400581488
291	-0.427249999999999999999999999999999999999999999999999999999994	1.9751490748676835368116552788268193064888946716285209147218
292	-0.426999999999999999999999999999999999999999999999999999999994	1.97732083683629191842007305101320477679492355429024204077295
293	-0.426749999999999999999999999999999999999999999999999999999994	1.97950029036723121446755139022871420075907185954964892242852
294	-0.426499999999999999999999999999999999999999999999999999999994	1.98168743796228209968004174120988394986778988534858015048761
295	-0.426249999999999999999999999999999999999999999999999999999994	1.98388228213227371426378493754217878545635701865501905092708
296	-0.425999999999999999999999999999999999999999999999999999999994	1.98608482539709123429327872028039575525075604502857802769145
297	-0.425749999999999999999999999999999999999999999999999999999994	1.98829507028568351276049261895777188332292704860573809588929
298	-0.425499999999999999999999999999999999999999999999999999999994	1.99051301933607079180026642707118639550042982829731114713091
299	-0.425249999999999999999999999999999999999999999999999999999994	1.99273867509535248660961514312197506498590254608352029564456
300	-0.424999999999999999999999999999999999999999999999999999999994	1.99497204011971504158146214374466272414778996035927861329778
301	-0.424749999999999999999999999999999999999999999999999999999994	1.99721311697443985917613357979740423525821625108508225972932
302	-0.424499999999999999999999999999999999999999999999999999999994	1.9994619082339113020567706123142869498271679242308056979258
303	-0.424249999999999999999999999999999999999999999999999999999994	2.00171841648162476901765220609745535463774284412852085171909
304	-0.423999999999999999999999999999999999999999999999999999999994	2.00398264431019484523726984799546842378823563152921696789211
305	-0.423749999999999999999999999999999999999999999999999999999994	2.00625459432136352739085682848747912701351560512902456391579
306	-0.423499999999999999999999999999999999999999999999999999999994	2.00853426912600852415994869336198121916987575219058276471501
307	-0.423249999999999999999999999999999999999999999999999999999994	2.01082167134415163267943821171469216199535438177922914446682
308	-0.422999999999999999999999999999999999999999999999999999999994	2.01311680360496719146548779224506291438580165188462768615428
309	-0.422749999999999999999999999999999999999999999999999999999994	2.01541966854679061037057478734140160333509368517780384799435
310	-0.422499999999999999999999999999999999999999999999999999999994	2.01773026881712697811487062953351070857672672901603624041413
311	-0.422249999999999999999999999999999999999999999999999999999994	2.02004860707265974794609332377060597922465118127673605892195
312	-0.421999999999999999999999999999999999999999999999999999999994	2.02237468597925950198292454825369149594803302825304757834336
313	-0.421749999999999999999999999999999999999999999999999999999994	2.02470850821199279480004757321148962174850565414624056455928
314	-0.421499999999999999999999999999999999999999999999999999999994	2.02705007645513107681584046844921586890021975607276657757779
315	-0.421249999999999999999999999999999999999999999999999999999994	2.02939939340215969804675071450984612276227664136429959980934
316	-0.420999999999999999999999999999999999999999999999999999999994	2.03175646175578699279538243705849150176246622041902960357895
317	-0.420749999999999999999999999999999999999999999999999999999994	2.03412128422795344584234612822547137472005478510382374635222
318	-0.420499999999999999999999999999999999999999999999999999999994	2.03649386353984094071495298112142778152414794399128576264832
319	-0.420249999999999999999999999999999999999999999999999999999994	2.03887420242188209060888192397493125142403542032938648119351
320	-0.419999999999999999999999999999999999999999999999999999999994	2.0412623036137696525420071781563181583666941034631256434639
321	-0.419749999999999999999999999999999999999999999999999999999994	2.04365816986446602532264775997051496346732892511250455219083
322	-0.419499999999999999999999999999999999999999999999999999999994	2.04606180393221283191758788017107156177286832887964032177821
323	-0.419249999999999999999999999999999999999999999999999999999994	2.04847320858454058680831874872994185684038622722377195514841
324	-0.418999999999999999999999999999999999999999999999999999999994	2.05089238659827844892706794697528199543004639810728312152374
325	-0.418749999999999999999999999999999999999999999999999999999994	2.05331934075956406076731236668793533350824711809797874334349
326	-0.418499999999999999999999999999999999999999999999999999999994	2.05575407386385347426661481845679672374829964957628400643121
327	-0.418249999999999999999999999999999999999999999999999999999994	2.0581965887159311640627828622921038948785460599621074982707
328	-0.417999999999999999999999999999999999999999999999999999999994	2.06064688812992012872752129537239878473765624971280383894057
329	-0.417749999999999999999999999999999999999999999999999999999994	2.0631049749292920805849371284768133565812869387024838507674
330	-0.417499999999999999999999999999999999999999999999999999999994	2.06557085194687772472545787818628848330184226546278031696797
331	-0.417249999999999999999999999999999999999999999999999999999994	2.06804452202487712782894068082020048147090644095807132952506
332	-0.416999999999999999999999999999999999999999999999999999999994	2.07052598801487017741398118124416965617372547162360190349868
333	-0.416749999999999999999999999999999999999999999999999999999994	2.07301525277782713213367745051935546885199857085049915312453
334	-0.416499999999999999999999999999999999999999999999999999999994	2.07551231918411926374136542668801187468320965981984803435315
335	-0.416249999999999999999999999999999999999999999999999999999994	2.07801719011352959135311863907775457894319485624424714649339
336	-0.415999999999999999999999999999999999999999999999999999999994	2.08052986845526370863709635508237751260237594124352805399073
337	-0.415749999999999999999999999999999999999999999999999999999993	2.08305035710796070456313086661855376397276187936880430795934
338	-0.415499999999999999999999999999999999999999999999999999999993	2.08557865897970417834926649900037241386322794762434864902614
339	-0.415249999999999999999999999999999999999999999999999999999993	2.08811477698803334924530016591171234546110622210207911388053
340	-0.414999999999999999999999999999999999999999999999999999999993	2.09065871405995426179672599904628451739665546515663047037754
341	-0.414749999999999999999999999999999999999999999999999999999993	2.09321047313195108723585483884790268379657486428290110273409
342	-0.414499999999999999999999999999999999999999999999999999999993	2.09577005714999752165026327310780872527543328612865869347633
343	-0.414249999999999999999999999999999999999999999999999999999993	2.09833746906956828158212654292061180379465855552954324053302
344	-0.413999999999999999999999999999999999999999999999999999999993	2.1009127118556506977154050910976014094358282687942909736284
345	-0.413749999999999999999999999999999999999999999999999999999993	2.1034957884827564073112858974937328987489053306598356848953
346	-0.413499999999999999999999999999999999999999999999999999999993	2.10608670193493314605572712020901140324358558177144365832454
347	-0.413249999999999999999999999999999999999999999999999999999993	2.10868545520577663998641803314437572291583335733290246563828
348	-0.412999999999999999999999999999999999999999999999999999999993	2.1112920512984425981699459112789190575486112500227617241438
349	-0.412749999999999999999999999999999999999999999999999999999993	2.11390649322565880680345745812899858096677271787297478204453
350	-0.412499999999999999999999999999999999999999999999999999999993	2.11652878400973732541861468848018417265397930883893900202513
351	-0.412249999999999999999999999999999999999999999999999999999993	2.11915892668258678586917396747275312895707780687772045954365
352	-0.411999999999999999999999999999999999999999999999999999999993	2.12179692428572479478706225878910379019272530608302314028257
353	-0.411749999999999999999999999999999999999999999999999999999993	2.12444277987029044019538664485438476169205800237744350579548
354	-0.411499999999999999999999999999999999999999999999999999999993	2.1270964964970569029703919459388984265791455879798108545307
355	-0.411249999999999999999999999999999999999999999999999999999993	2.12975807723644417384797687866620289460904748902492704852218
356	-0.410999999999999999999999999999999999999999999999999999999993	2.13242752516853187667399175401572286155746991682772782324665
357	-0.410749999999999999999999999999999999999999999999999999999993	2.13510484338307219860117031730514066972010385268553118656786
358	-0.410499999999999999999999999999999999999999999999999999999993	2.1377900349795029279391950752015638616287743266735948406308
359	-0.410249999999999999999999999999999999999999999999999999999993	2.1404831030669606003680594354137966570989597328544643210849
360	-0.409999999999999999999999999999999999999999999999999999999993	2.14318405076429375422857130175300670455958828538497035566759
361	-0.409749999999999999999999999999999999999999999999999999999993	2.14589288120007629560754151963043532504077955679234805663597
362	-0.409499999999999999999999999999999999999999999999999999999993	2.14860959751262097393891685422910825068413494662249442981625
363	-0.409249999999999999999999999999999999999999999999999999999993	2.15133420284999296884585110551120417766779835989418471315084
364	-0.408999999999999999999999999999999999999999999999999999999993	2.15406670037002358895245962140524906061442423206533812940188
365	-0.408749999999999999999999999999999999999999999999999999999993	2.15680709324032408339777196399413808278305311762172713515418
366	-0.408499999999999999999999999999999999999999999999999999999993	2.15955538463829956678818491487088415348121085837446317630608
367	-0.408249999999999999999999999999999999999999999999999999999993	2.1623115777511630583285234771600664747821280175942574015714
368	-0.407999999999999999999999999999999999999999999999999999999993	2.16507567577594963587564114567986135817372017552955942821213
369	-0.407749999999999999999999999999999999999999999999999999999993	2.16784768191953070566233257655066059277918811025780618030308
370	-0.407499999999999999999999999999999999999999999999999999999993	2.17062759939862838844319199700092539741856862716783893605774
371	-0.407249999999999999999999999999999999999999999999999999999993	2.17341543143983002281792935949253355481783305478077615976344
372	-0.406999999999999999999999999999999999999999999999999999999993	2.1762111812796027864915534664572779229791592085365540546971
373	-0.406749999999999999999999999999999999999999999999999999999993	2.17901485216430843623474717833481963768816915286011340601546
374	-0.406499999999999999999999999999999999999999999999999999999993	2.18182644735021816731169447422564162368018623732804916875217
375	-0.406249999999999999999999999999999999999999999999999999999993	2.18464597010352759314657266788292686696466389905184029655654
376	-0.405999999999999999999999999999999999999999999999999999999993	2.18747342370037184600389559909783254374037183602114001084862
377	-0.405749999999999999999999999999999999999999999999999999999993	2.19030881142684079946188522949019182725114339581895626238521
378	-0.405499999999999999999999999999999999999999999999999999999993	2.19315213657899441346205988058525226136280338613889166671767
379	-0.405249999999999999999999999999999999999999999999999999999993	2.19600340246287820272225746970117023454721604316902197523444
380	-0.404999999999999999999999999999999999999999999999999999999993	2.19886261239453882930436163504003461957213087396384384101918
381	-0.404749999999999999999999999999999999999999999999999999999993	2.20172976970003982013206770550288573598668770220117860301374
382	-0.404499999999999999999999999999999999999999999999999999999993	2.20460487771547741025811417376292606170111475796516653708452
383	-0.404249999999999999999999999999999999999999999999999999999993	2.20748793978699651268451378425141708934646442451109255581109
384	-0.403999999999999999999999999999999999999999999999999999999993	2.21037895927080681554344666275573625880610714682159350217308
385	-0.403749999999999999999999999999999999999999999999999999999993	2.21327793953319900745062620371789521690553346368142026436149
386	-0.403499999999999999999999999999999999999999999999999999999993	2.21618488395056113184711680807820200028077334523856825462996
387	-0.403249999999999999999999999999999999999999999999999999999993	2.21909979590939507114977114226443780500283485211673656029602
388	-0.402999999999999999999999999999999999999999999999999999999993	2.22202267880633316153466348192523823450522491851030805952829
389	-0.402749999999999999999999999999999999999999999999999999999992	2.22495353604815493918212502710575971833092455077514134588803
390	-0.402499999999999999999999999999999999999999999999999999999992	2.22789237105180401881623694424129383308446582721739514767076
391	-0.402249999999999999999999999999999999999999999999999999999992	2.23083918724440510537590742069964686758318057747418081301411
392	-0.401999999999999999999999999999999999999999999999999999999992	2.23379398806328113965895032636107381043442072209946426539116
393	-0.401749999999999999999999999999999999999999999999999999999992	2.23675677695597057878489528124007395529210769682595133457998
394	-0.401499999999999999999999999999999999999999999999999999999992	2.23972755738024481232659214641427318051323548644419348430951
395	-0.401249999999999999999999999999999999999999999999999999999992	2.2427063328041257149650273061565739671066351458835962972197
396	-0.400999999999999999999999999999999999999999999999999999999992	2.24569310670590333652614471143285085786396317571812215943039
397	-0.400749999999999999999999999999999999999999999999999999999992	2.24868788257415373026286162873797226402151846323012997412253
398	-0.400499999999999999999999999999999999999999999999999999999992	2.25169066390775692024988750415498774540528131823846215452665
399	-0.400249999999999999999999999999999999999999999999999999999992	2.25470145421591500876339443174470307652187098159838184981221
400	-0.399999999999999999999999999999999999999999999999999999999992	2.25772025701817042452204952976972399858738811832609870131319
401	-0.399749999999999999999999999999999999999999999999999999999992	2.26074707584442431267040320035169354890621856722481819663313
402	-0.399499999999999999999999999999999999999999999999999999999992	2.263781914234955067390132901139146109514758891407848892507
403	-0.399249999999999999999999999999999999999999999999999999999992	2.2668247757404370080291698152792011129565346893766577825228
404	-0.398999999999999999999999999999999999999999999999999999999992	2.26987566392195919964328579296288637339979690707424203338643
405	-0.398749999999999999999999999999999999999999999999999999999992	2.27293458235104441884929027924935982889300599330683984863299
406	-0.398499999999999999999999999999999999999999999999999999999992	2.2760015346096682658935817646451935508403125980994902860452
407	-0.398249999999999999999999999999999999999999999999999999999992	2.27907652429027842384441572357996131151986980393837523378556
408	-0.397999999999999999999999999999999999999999999999999999999992	2.28215955499581406582089116872358107399375919416659863240975
409	-0.397749999999999999999999999999999999999999999999999999999992	2.28525063033972541117632097396928431462998055222846730287452
410	-0.397499999999999999999999999999999999999999999999999999999992	2.28834975394599343155833713448788487429047872975739419881105
411	-0.397249999999999999999999999999999999999999999999999999999992	2.2914569294491497077727912678714482125949592833234684780862
412	-0.396999999999999999999999999999999999999999999999999999999992	2.29457216049429643838324304605684867295041128698926850785482
413	-0.396749999999999999999999999999999999999999999999999999999992	2.2976954507371266009825850141874907233906752073505832033555
414	-0.396499999999999999999999999999999999999999999999999999999992	2.30082680384394426707813153128026436255606987177067158106297
415	-0.396249999999999999999999999999999999999999999999999999999992	2.30396622349168507153630249067444112301906790136175205450309
416	-0.395999999999999999999999999999999999999999999999999999999992	2.30711371336793683753785917862785572743075995594009257852377
417	-0.395749999999999999999999999999999999999999999999999999999992	2.31026927717096035799950024069395799428971284143773344503015
418	-0.395499999999999999999999999999999999999999999999999999999992	2.31343291860971033442250038198833249128893316604154944681402
419	-0.395249999999999999999999999999999999999999999999999999999992	2.31660464140385647413397326419297362995996709536307999216207
420	-0.394999999999999999999999999999999999999999999999999999999992	2.31978444928380474689126321494378636121849697720431874503512
421	-0.394749999999999999999999999999999999999999999999999999999992	2.32297234599071880182491797063338498831952945802616896390302
422	-0.394499999999999999999999999999999999999999999999999999999992	2.32616833527654154570066686891254888762145808704081227758338
423	-0.394249999999999999999999999999999999999999999999999999999992	2.32937242090401688348582583031251056227165886207667415463536
424	-0.393999999999999999999999999999999999999999999999999999999992	2.332584606646711622210572258211295675083275601410013603
425	-0.393749999999999999999999999999999999999999999999999999999992	2.33580489628903753911957978236144533490110658267747231452776
426	-0.393499999999999999999999999999999999999999999999999999999992	2.33903329362627361511457471367492172091255872736066013938712
427	-0.393249999999999999999999999999999999999999999999999999999992	2.3422698024645884344934733079799138565995315012351431749076
428	-0.392999999999999999999999999999999999999999999999999999999992	2.34551442662106275199688159584885543144279827783054114233323
429	-0.392749999999999999999999999999999999999999999999999999999992	2.34876716992371222817788776694600675100463661235132111073646
430	-0.392499999999999999999999999999999999999999999999999999999992	2.3520280362115103341162510440331397318505970665718579007106
431	-0.392249999999999999999999999999999999999999999999999999999992	2.35529702933441142650329078796226328513337188535854107520643
432	-0.391999999999999999999999999999999999999999999999999999999992	2.35857415315337399412900538562081546393552464353606867941813
433	-0.391749999999999999999999999999999999999999999999999999999992	2.36185941154038407680820243361449539408202012472892748634134
434	-0.391499999999999999999999999999999999999999999999999999999992	2.36515280837847885778769998800886452210056611887253689950208
435	-0.391249999999999999999999999999999999999999999999999999999992	2.36845434756177043068196335203627127297930781994262993131247
436	-0.390999999999999999999999999999999999999999999999999999999992	2.37176403299546974198987316744765410287109280660773962603087
437	-0.390749999999999999999999999999999999999999999999999999999992	2.37508186859591071025067861009688136920075194844296983616333
438	-0.390499999999999999999999999999999999999999999999999999999992	2.37840785829057452290257441615002807958534493863190160852872
439	-0.390249999999999999999999999999999999999999999999999999999992	2.38174200601811411191275243259352985575209751006177353665453
440	-0.389999999999999999999999999999999999999999999999999999999992	2.38508431572837880925321754587691780731999685678302331978194
441	-0.389749999999999999999999999999999999999999999999999999999991	2.38843479138243918330212434779917615184522572450931346742404
442	-0.389499999999999999999999999999999999999999999999999999999991	2.39179343695261205725588490119664362437693569556643774810295
443	-0.389249999999999999999999999999999999999999999999999999999991	2.39516025642248571064281962351609238130282837383581235575228
444	-0.388999999999999999999999999999999999999999999999999999999991	2.39853525378694526503467276870251852469313581059029444762218
445	-0.388749999999999999999999999999999999999999999999999999999991	2.40191843305219825505789141258744296462203124124428391979385
446	-0.388499999999999999999999999999999999999999999999999999999991	2.40530979823580038581217239057193327576831760463325339291787
447	-0.388249999999999999999999999999999999999999999999999999999991	2.40870935336668147780941545615731566742625518828797985908847
448	-0.387999999999999999999999999999999999999999999999999999999991	2.41211710248517160055188318294510024048274554438843696198185
449	-0.387749999999999999999999999999999999999999999999999999999991	2.4155330496430273958740589801315499565826255860115919099909
450	-0.387499999999999999999999999999999999999999999999999999999991	2.41895719890345859217841419215813383147613499589803650717244
451	-0.387249999999999999999999999999999999999999999999999999999991	2.42238955434115471070104376781926789026386100270927506781547
452	-0.386999999999999999999999999999999999999999999999999999999991	2.42583012004231196494890757442654742199830943164628711426359
453	-0.386749999999999999999999999999999999999999999999999999999991	2.42927890010466035445622126112318759942142640034926058450103
454	-0.386499999999999999999999999999999999999999999999999999999991	2.43273589863749095401337680556346946283084797290940792327377
455	-0.386249999999999999999999999999999999999999999999999999999991	2.43620111976168339952763867424527291014907160301012158919048
456	-0.385999999999999999999999999999999999999999999999999999999991	2.43967456760973357168075705403572592345065640868947122369986
457	-0.385749999999999999999999999999999999999999999999999999999991	2.44315624632578147855456503699294794686625374312534731153135
458	-0.385499999999999999999999999999999999999999999999999999999991	2.44664616006563933840158212950411873872478384567288316461109
459	-0.385249999999999999999999999999999999999999999999999999999991	2.45014431299681986374363217799104247538246975829122210290114
460	-0.384999999999999999999999999999999999999999999999999999999991	2.45365070929856474798749992585959437637978213846735611272186
461	-0.384749999999999999999999999999999999999999999999999999999991	2.45716535316187335575269710979590411720018940323126562961015
462	-0.384499999999999999999999999999999999999999999999999999999991	2.46068824878953161811248643867838247201877035304832681441088
463	-0.384249999999999999999999999999999999999999999999999999999991	2.46421940039614113395542014695605061021856696651821333149052
464	-0.383999999999999999999999999999999999999999999999999999999991	2.46775881220814847868078924895742167196099745723402063637876
465	-0.383749999999999999999999999999999999999999999999999999999991	2.47130648846387472144755031480503589252254749515142458931953
466	-0.383499999999999999999999999999999999999999999999999999999991	2.47486243341354515220249871693586894690762017121320308542612
467	-0.383249999999999999999999999999999999999999999999999999999991	2.47842665131931921971969103414232438349160311979906875321777
468	-0.382999999999999999999999999999999999999999999999999999999991	2.48199914645532068188938482399073783280752882159562115906121
469	-0.382749999999999999999999999999999999999999999999999999999991	2.48557992310766796950106146185123530229874178352924871407285
470	-0.382499999999999999999999999999999999999999999999999999999991	2.48916898557450476477142737396539101990379530886579105164155
471	-0.382249999999999999999999999999999999999999999999999999999991	2.49276633816603079587465094234685706626436047482802496581322
472	-0.381999999999999999999999999999999999999999999999999999999991	2.49637198520453284873848681120031951128446442963497564980393
473	-0.381749999999999999999999999999999999999999999999999999999991	2.49998593102441599737636645929148242841810293609713244120593
474	-0.381499999999999999999999999999999999999999999999999999999991	2.50360817997223505403199390263688323348563798697711856402883
475	-0.381249999999999999999999999999999999999999999999999999999991	2.50723873640672624041947844034020760002965107030170494169564
476	-0.380999999999999999999999999999999999999999999999999999999991	2.51087760469883908134856263772138353258568836943216789669058
477	-0.380749999999999999999999999999999999999999999999999999999991	2.5145247892317685220310634404186398348008594535230784443268
478	-0.380499999999999999999999999999999999999999999999999999999991	2.51818029440098727037123761726264074912237895817380210958428
479	-0.380249999999999999999999999999999999999999999999999999999991	2.52184412461427836554940982582030331528147362510026169600251
480	-0.379999999999999999999999999999999999999999999999999999999991	2.52551628429176797421486267100800452156156970707383322458501
481	-0.379749999999999999999999999999999999999999999999999999999991	2.52919677786595841561068337353881613026801297265738934667631
482	-0.379499999999999999999999999999999999999999999999999999999991	2.53288560978176141695999127169630198905086396079500256440423
483	-0.379249999999999999999999999999999999999999999999999999999991	2.53658278449653160044973453856507473939430838690637099352504
484	-0.378999999999999999999999999999999999999999999999999999999991	2.54028830648010020315504339999497787602095412853824400184737
485	-0.378749999999999999999999999999999999999999999999999999999991	2.54400218021480903125396097988892682042510465320377861859919
486	-0.378499999999999999999999999999999999999999999999999999999991	2.54772441019554464988924187360568571479024069372383338200921
487	-0.378249999999999999999999999999999999999999999999999999999991	2.55145500092977281004081285314969945053714227704560266053785
488	-0.377999999999999999999999999999999999999999999999999999999991	2.55519395693757311377942993624790593132410164728731482087116
489	-0.377749999999999999999999999999999999999999999999999999999991	2.55894128275167391927904160333734179908619173866169462970484
490	-0.377499999999999999999999999999999999999999999999999999999991	2.562696982917487486972379420944149729293192058883492508079
491	-0.377249999999999999999999999999999999999999999999999999999991	2.56646106199314536824134492705479943477252309427726566617841
492	-0.376999999999999999999999999999999999999999999999999999999991	2.57023352454953403804084555509413170641381562287485620610211
493	-0.37674999999999999999999999999999999999999999999999999999999	2.57401437517033077286185282036812173704237327153963366299355
494	-0.37649999999999999999999999999999999999999999999999999999999	2.57780361845203977544661316974970308882059381377573265575522
495	-0.37624999999999999999999999999999999999999999999999999999999	2.58160125900402854767613600654912495092214084835627303495782
496	-0.37599999999999999999999999999999999999999999999999999999999	2.58540730144856451305731465360563623899133691660359365487285
497	-0.37574999999999999999999999999999999999999999999999999999999	2.58922175042085189024430461548442388292284729138903660443694
498	-0.37549999999999999999999999999999999999999999999999999999999	2.59304461056906881903608965321759523164755757456120423914271
499	-0.37524999999999999999999999999999999999999999999999999999999	2.5968758865544047402995101013889956835738692622919960877319
500	-0.37499999999999999999999999999999999999999999999999999999999	2.60071558305109803127440974777692597669020166864152370020369
501	-0.37474999999999999999999999999999999999999999999999999999999	2.60456370474647389772497767163848472783227457505071922658368
502	-0.37449999999999999999999999999999999999999999999999999999999	2.60842025634098252440881991060769563674852972499771081075699
503	-0.37424999999999999999999999999999999999999999999999999999999	2.61228524254823748534279291181775493976062056062106434024864
504	-0.37399999999999999999999999999999999999999999999999999999999	2.61615866809505441535216663515055208550060129146997397684808
505	-0.37374999999999999999999999999999999999999999999999999999999	2.62004053772148994439726013154927639166273000219784960732354
506	-0.37349999999999999999999999999999999999999999999999999999999	2.62393085618088089617930663437432997766589232175498252936527
507	-0.37324999999999999999999999999999999999999999999999999999999	2.62782962823988375253495889530396273607948412278818300759061
508	-0.37299999999999999999999999999999999999999999999999999999999	2.6317368586785143851365388879436630062231240187948633775421
509	-0.37274999999999999999999999999999999999999999999999999999999	2.63565255229018805602286931298309510399075978508575989043045
510	-0.37249999999999999999999999999999999999999999999999999999999	2.6395767138817596884932977905095889734889494913669549564503
511	-0.37224999999999999999999999999999999999999999999999999999999	2.64350934827356440990533844125532097985484440240189995819036
512	-0.37199999999999999999999999999999999999999999999999999999999	2.64745046029945836792420996364956230922427794616387353806306
513	-0.37174999999999999999999999999999999999999999999999999999999	2.65140005480685982178044453332822163991106887337781588291603
514	-0.37149999999999999999999999999999999999999999999999999999999	2.65535813665679051009967811321983870023102997583908042468892
515	-0.37124999999999999999999999999999999999999999999999999999999	2.65932471072391729687671029372528188313794069365266649275429
516	-0.37099999999999999999999999999999999999999999999999999999999	2.66329978189659409717394081333506383087642888989341988453837
517	-0.37074999999999999999999999999999999999999999999999999999999	2.66728335507690408413235067103984203089037465732405024184184
518	-0.37049999999999999999999999999999999999999999999999999999999	2.6712754351807021788912984651085246592201001375311238076353
519	-0.37024999999999999999999999999999999999999999999999999999999	2.67527602713765782502154751152922021070587212299092900078182
520	-0.36999999999999999999999999999999999999999999999999999999999	2.67928513589129804908412664420518214211643225160879121809966
521	-0.36974999999999999999999999999999999999999999999999999999999	2.68330276639905080893585761373123621011264377434407509936447
522	-0.36949999999999999999999999999999999999999999999999999999999	2.68732892363228863141065491939933277621833372969953580162453
523	-0.36924999999999999999999999999999999999999999999999999999999	2.69136361257637254101401996844819228014377216059191962488602
524	-0.36899999999999999999999999999999999999999999999999999999999	2.69540683823069628127651089724174423113368567462948405177555
525	-0.36874999999999999999999999999999999999999999999999999999999	2.69945860560873083042037245210826679241552025709116592112188
526	-0.36849999999999999999999999999999999999999999999999999999999	2.70351891973806921300195725539169792278501828983220214342619
527	-0.36824999999999999999999999999999999999999999999999999999999	2.70758778566047160920106081858121658767280927917240838149515
528	-0.36799999999999999999999999999999999999999999999999999999999	2.71166520843191076343682805425245275317268798118419231720744
529	-0.36774999999999999999999999999999999999999999999999999999999	2.71575119312261769399846902837307669225893466165788140612332
530	-0.36749999999999999999999999999999999999999999999999999999999	2.71984574481712770538764653204556681696851969825379829704537
531	-0.36724999999999999999999999999999999999999999999999999999999	2.72394886861432670507806798608533749591228481877151632470828
532	-0.36699999999999999999999999999999999999999999999999999999999	2.72806056962749782640652947343110618514453254814938665030089
533	-0.36674999999999999999999999999999999999999999999999999999999	2.73218085298436835931842057509486280302370036408892171439103
534	-0.36649999999999999999999999999999999999999999999999999999999	2.73630972382715699069950541839724315984276284843871627699138
535	-0.36624999999999999999999999999999999999999999999999999999999	2.74044718731262135603464818620161142989368251513419820871991
536	-0.36599999999999999999999999999999999999999999999999999999999	2.7445932486121059041430505387500412741861604044276262717774
537	-0.36574999999999999999999999999999999999999999999999999999999	2.7487479129115900767485142229094737689932581544212882436886
538	-0.36549999999999999999999999999999999999999999999999999999999	2.75291118541173680465223484595627629406542929882019116465501
539	-0.36524999999999999999999999999999999999999999999999999999999	2.75708307132794132228467263267606869711895761555809595110401
540	-0.36499999999999999999999999999999999999999999999999999999999	2.76126357589038030242213322716842779459981521883845646280373
541	-0.36474999999999999999999999999999999999999999999999999999999	2.76545270434406131286282650738731353409932013101122415569161
542	-0.36449999999999999999999999999999999999999999999999999999999	2.76965046194887259686635421561858244834759967858287904273744
543	-0.36424999999999999999999999999999999999999999999999999999999	2.77385685397963317916980823774045367148546512105660402831512
544	-0.36399999999999999999999999999999999999999999999999999999999	2.77807188572614329940294085562733711755248470547558793266304
545	-0.363749999999999999999999999999999999999999999999999999999989	2.78229556249323517473419651929699310687425088425595459049626
546	-0.363499999999999999999999999999999999999999999999999999999989	2.78652788960082409358877190868699290757940915418282029932917
547	-0.363249999999999999999999999999999999999999999999999999999989	2.79076887238395984228929755107434890263158592211313207890115
548	-0.362999999999999999999999999999999999999999999999999999999989	2.79501851619287846647921030239908004530454298346287199977102
549	-0.362749999999999999999999999999999999999999999999999999999989	2.79927682639305436919841186388474590907330269570756140667883
550	-0.362499999999999999999999999999999999999999999999999999999989	2.80354380836525274749038446562993002401463109266041973257515
551	-0.362249999999999999999999999999999999999999999999999999999989	2.80781946750558236942956118404221455596110153549899891496054
552	-0.361999999999999999999999999999999999999999999999999999999989	2.81210380922554869346742534938063950890216765248591329647467
553	-0.361749999999999999999999999999999999999999999999999999999989	2.81639683895210733200554142406434133917551614458394254997891
554	-0.361499999999999999999999999999999999999999999999999999999989	2.82069856212771786111349887412223452228685613121709817263477
555	-0.361249999999999999999999999999999999999999999999999999999989	2.82500898421039797831958119906510446816386918601364938451956
556	-0.360999999999999999999999999999999999999999999999999999999989	2.82932811067377801041185471496466748226354140306718893449171
557	-0.360749999999999999999999999999999999999999999999999999999989	2.83365594700715577319730618858269711634635671594914508466221
558	-0.360499999999999999999999999999999999999999999999999999999989	2.83799249871555178517664528552509489504715105350979834275501
559	-0.360249999999999999999999999999999999999999999999999999999989	2.84233777131976483710242731268578381934817156070762917337159
560	-0.359999999999999999999999999999999999999999999999999999999989	2.84669177035642791939824419635354962211480294299190683885104
561	-0.359749999999999999999999999999999999999999999999999999999989	2.85105450137806450942687733552446490755615421557770078595118
562	-0.359499999999999999999999999999999999999999999999999999999989	2.85542596995314522060550520002729670328677666110438257632858
563	-0.359249999999999999999999999999999999999999999999999999999989	2.85980618166614481537631160146229126780911502275879474357414
564	-0.358999999999999999999999999999999999999999999999999999999989	2.86419514211759958405114774971493711325582998380842897802501
565	-0.358749999999999999999999999999999999999999999999999999999989	2.86859285692416509155926281859078461561946644450524142081407
566	-0.358499999999999999999999999999999999999999999999999999999989	2.87299933171867429413753408220335780143217317015621464222892
567	-0.358249999999999999999999999999999999999999999999999999999989	2.87741457215019602801309905204410066121464393163888656496952
568	-0.357999999999999999999999999999999999999999999999999999999989	2.8818385838840938721388187477200184253312403953810286811942
569	-0.357749999999999999999999999999999999999999999999999999999989	2.88627137260208538705258357835761364721064978517878385060303
570	-0.357499999999999999999999999999999999999999999999999999999989	2.89071294400230173194211160449301622247887238912862459943542
571	-0.357249999999999999999999999999999999999999999999999999999989	2.89516330379934766200758350141393697525634635768152222441449
572	-0.356999999999999999999999999999999999999999999999999999999989	2.89962245772436190822520966557746822320845516910519087197308
573	-0.356749999999999999999999999999999999999999999999999999999989	2.90409041152507794162563290876745590940819727075491838916139
574	-0.356499999999999999999999999999999999999999999999999999999989	2.90856717096588512421193538463350715888028141895087612703245
575	-0.356249999999999999999999999999999999999999999999999999999989	2.91305274182789024865294110542498918550244099978726837829678
576	-0.355999999999999999999999999999999999999999999999999999999989	2.91754712990897946889848595105723912153165528566317636225508
577	-0.355749999999999999999999999999999999999999999999999999999989	2.9220503410238806238743657677969048550925251479290662853359
578	-0.355499999999999999999999999999999999999999999999999999999989	2.9265623810042259564257703212241506421406491066956999154324
579	-0.355249999999999999999999999999999999999999999999999999999989	2.93108325569861522968916683084706171365455493830678578868515
580	-0.354999999999999999999999999999999999999999999999999999999989	2.93561297097267924308381189667244800403007096807828678998571
581	-0.354749999999999999999999999999999999999999999999999999999989	2.94015153270914375012534515778909117307127272059821372326421
582	-0.354499999999999999999999999999999999999999999999999999999989	2.94469894680789378027525232796169777417011052669219044028547
583	-0.354249999999999999999999999999999999999999999999999999999989	2.94925521918603836705137966349796534323778326675697367865101
584	-0.353999999999999999999999999999999999999999999999999999999989	2.95382035577797568463613676614143256966275253183606291134502
585	-0.353749999999999999999999999999999999999999999999999999999989	2.9583943625354585952305402421445197405268969392937954698007
586	-0.353499999999999999999999999999999999999999999999999999999989	2.96297724542766060941382746346440628350769575628644715047437
587	-0.353249999999999999999999999999999999999999999999999999999989	2.96756901044124226178000784547240716525849434204914748177696
588	-0.352999999999999999999999999999999999999999999999999999999989	2.97216966358041790413441900675536925402653043695345880092487
589	-0.352749999999999999999999999999999999999999999999999999999989	2.97677921086702291854511725141077014652393542331871582132764
590	-0.352499999999999999999999999999999999999999999999999999999989	2.98139765834058135255575635541511454170602388725080858239798
591	-0.352249999999999999999999999999999999999999999999999999999989	2.98602501205837397887849599072994931253268295632168420015186
592	-0.351999999999999999999999999999999999999999999999999999999989	2.99066127809550678189743163019467218450615490506170710571153
593	-0.351749999999999999999999999999999999999999999999999999999989	2.99530646254497987332505179118351199104979871964261534475013
594	-0.351499999999999999999999999999999999999999999999999999999989	2.99996057151775683936630634657741166849713349819758187524411
595	-0.351249999999999999999999999999999999999999999999999999999989	3.00462361114283452175701170978911617900842995719306218511972
596	-0.350999999999999999999999999999999999999999999999999999999989	3.00929558756731323505552534022659404495623926651899385486535
597	-0.350749999999999999999999999999999999999999999999999999999988	3.01397650695646742257889357241572871329456939282965779768401
598	-0.350499999999999999999999999999999999999999999999999999999988	3.01866637549381675338701360365115050294150114373509774333863
599	-0.350249999999999999999999999999999999999999999999999999999988	3.02336519938119766273075294102945419826206383850325070291139
600	-0.349999999999999999999999999999999999999999999999999999999988	3.02807298483883533839243807047810092580285123995407568405682
601	-0.349749999999999999999999999999999999999999999999999999999988	3.03278973810541615535965893128197484444052127529432611095114
602	-0.349499999999999999999999999999999999999999999999999999999988	3.03751546543816056128593732491227930022911644040831389254027
603	-0.349249999999999999999999999999999999999999999999999999999988	3.04225017311289641520447602390091939517820934106389059144795
604	-0.348999999999999999999999999999999999999999999999999999999988	3.04699386742413278197394144424552491653126964167851915440786
605	-0.348749999999999999999999999999999999999999999999999999999988	3.05174655468513418494803667449852568838781663207897163337167
606	-0.348499999999999999999999999999999999999999999999999999999988	3.05650824122799531937349378937464649121544686791533360488639
607	-0.348249999999999999999999999999999999999999999999999999999988	3.06127893340371622903405509046386519216356207063887754012635
608	-0.347999999999999999999999999999999999999999999999999999999988	3.06605863758227794867102258850172686948159536361972516259515
609	-0.347749999999999999999999999999999999999999999999999999999988	3.0708473601527186147240340496566631135073721175106983526572
610	-0.347499999999999999999999999999999999999999999999999999999988	3.07564510752321004694887265347451173448619333969742696262617
611	-0.347249999999999999999999999999999999999999999999999999999988	3.08045188612113480348233613551166949976256388596995394680994
612	-0.346999999999999999999999999999999999999999999999999999999988	3.08526770239316371193748059834503828206373790586310779547536
613	-0.346749999999999999999999999999999999999999999999999999999988	3.09009256280533387912591435764972331501782424456333427749883
614	-0.346499999999999999999999999999999999999999999999999999999988	3.09492647384312718201724863449956144973871922501159603273739
615	-0.346249999999999999999999999999999999999999999999999999999988	3.09976944201154924255931500212981126367598907816701064238598
616	-0.345999999999999999999999999999999999999999999999999999999988	3.1046214738352088889963346383170001440216578418674104513178
617	-0.345749999999999999999999999999999999999999999999999999999988	3.1094825758583981063358720185506314044311633760650531166213
618	-0.345499999999999999999999999999999999999999999999999999999988	3.11435275464517247862912610763810561009053727772573408368353
619	-0.345249999999999999999999999999999999999999999999999999999988	3.11923201677943212574290576771987010860854950618063108030604
620	-0.344999999999999999999999999999999999999999999999999999999988	3.12412036886500313731550340038661638671124068075898231807025
621	-0.344749999999999999999999999999999999999999999999999999999988	3.12901781752571950660262218329140942485294989490731514126651
622	-0.344499999999999999999999999999999999999999999999999999999988	3.13392436940550556693352805304994943916438127227047719362896
623	-0.344249999999999999999999999999999999999999999999999999999988	3.13884003116845893351168823414950846891140076497533784836293
624	-0.343999999999999999999999999999999999999999999999999999999988	3.14376480949893395330832402799290709950042063480298748032711
625	-0.343749999999999999999999999999999999999999999999999999999988	3.14869871110162566581154716917223168533747121479682355336573
626	-0.343499999999999999999999999999999999999999999999999999999988	3.15364174270165427740806674182333933030640003910470805464336
627	-0.343249999999999999999999999999999999999999999999999999999988	3.15859391104465015218884784383241058984940548611296656924962
628	-0.342999999999999999999999999999999999999999999999999999999988	3.16355522289683932198457430928497698027508926901805146848608
629	-0.342749999999999999999999999999999999999999999999999999999988	3.16852568504512951845131627056916825984564914301783465543894
630	-0.342499999999999999999999999999999999999999999999999999999988	3.17350530429719673004142958384856227720525154652059025747301
631	-0.342249999999999999999999999999999999999999999999999999999988	3.1784940874815722867094185802719761374691145914210489198045
632	-0.341999999999999999999999999999999999999999999999999999999988	3.18349204144773047521727666754848480435851409656217628139487
633	-0.341749999999999999999999999999999999999999999999999999999988	3.18849917306617668791868142185007559074566485110130426187399
634	-0.341499999999999999999999999999999999999999999999999999999988	3.19351548922853610791636241008816122151898595190440735265021
635	-0.341249999999999999999999999999999999999999999999999999999988	3.19854099684764293350198150134134062553385882050965276967334
636	-0.340999999999999999999999999999999999999999999999999999999988	3.20357570285763014480296729971791495872292659206674292296277
637	-0.340749999999999999999999999999999999999999999999999999999988	3.20861961421401981557592799758405611836525551834647424247847
638	-0.340499999999999999999999999999999999999999999999999999999988	3.21367273789381397310153084849098987854061864816854543020043
639	-0.340249999999999999999999999999999999999999999999999999999988	3.2187350808955860091510820361621303572036287125421622419135
640	-0.339999999999999999999999999999999999999999999999999999999988	3.22380665023957264501046841468878037997973735618610888090842
641	-0.339749999999999999999999999999999999999999999999999999999988	3.22888745296776645356263286303945417383239374298066865697906
642	-0.339499999999999999999999999999999999999999999999999999999988	3.23397749614400894144534828380409976452370306976716250064818
643	-0.339249999999999999999999999999999999999999999999999999999988	3.23907678685408419431673203375253269427505581458227770082835
644	-0.338999999999999999999999999999999999999999999999999999999988	3.2441853322058130882767032565679349180364940735363278320521
645	-0.338749999999999999999999999999999999999999999999999999999988	3.24930313932914807050843065261129461505780889399567345659539
646	-0.338499999999999999999999999999999999999999999999999999999988	3.2544302153762685122197481256880030804789890949464236937458
647	-0.338249999999999999999999999999999999999999999999999999999988	3.25956656752167663698053095375575290663967161239835842283245
648	-0.337999999999999999999999999999999999999999999999999999999987	3.26471220296229402756812610289963060950813334462445002043499
649	-0.337749999999999999999999999999999999999999999999999999999987	3.2698671289175587144491175076145680715290844834441192891524
650	-0.337499999999999999999999999999999999999999999999999999999987	3.27503135262952284904198104373675238356579978982929020875879
651	-0.337249999999999999999999999999999999999999999999999999999987	3.28020488136295096492154499387321419550389889965256727813598
652	-0.336999999999999999999999999999999999999999999999999999999987	3.28538772240541883014262052187942619110094218894972281198106
653	-0.336749999999999999999999999999999999999999999999999999999987	3.29057988306741289387670350819130456722842154542898191570388
654	-0.336499999999999999999999999999999999999999999999999999999987	3.29578137068243033057227452937796059737904701467561360636233
655	-0.336249999999999999999999999999999999999999999999999999999987	3.30099219260707968486593827328511631598472619230287727989284
656	-0.335999999999999999999999999999999999999999999999999999999987	3.30621235622118212048844774812752618389208830528310316122773
657	-0.335749999999999999999999999999999999999999999999999999999987	3.31144186892787327642655275481252112285899151663235616885682
658	-0.335499999999999999999999999999999999999999999999999999999987	3.31668073815370573361859673400380170376291967177182009658017
659	-0.335249999999999999999999999999999999999999999999999999999987	3.32192897134875209547886176275826614087402045929892750496369
660	-0.334999999999999999999999999999999999999999999999999999999987	3.32718657598670868556282865221597504082661265927331977682188
661	-0.334749999999999999999999999999999999999999999999999999999987	3.33245355956499986570277828246295790563285918611858766411526
662	-0.334499999999999999999999999999999999999999999999999999999987	3.33772992960488297796051200043667923768232249682412081423783
663	-0.334249999999999999999999999999999999999999999999999999999987	3.34301569365155391376141360118034240412034914981413078745434
664	-0.333999999999999999999999999999999999999999999999999999999987	3.34831085927425331359161361391593610658838433156166415704566
665	-0.333749999999999999999999999999999999999999999999999999999987	3.35361543406637340065764882681133206216052336331867299064271
666	-0.333499999999999999999999999999999999999999999999999999999987	3.35892942564556545192573671495907831458003627193314586130089
667	-0.333249999999999999999999999999999999999999999999999999999987	3.36425284165384790997560619444769232860626344348761116430415
668	-0.332999999999999999999999999999999999999999999999999999999987	3.36958568975771513912174342347040114596558426822344951605748
669	-0.332749999999999999999999999999999999999999999999999999999987	3.37492797764824682927292472366539633059914351353787871775401
670	-0.332499999999999999999999999999999999999999999999999999999987	3.38027971304121805101901861831109856165634411122459399379558
671	-0.332249999999999999999999999999999999999999999999999999999987	3.38564090367720996545224599812375834592574727468614040915807
672	-0.331999999999999999999999999999999999999999999999999999999987	3.39101155732172119224839205226318462914956383788086991274251
673	-0.331749999999999999999999999999999999999999999999999999999987	3.39639168176527983955186636631914349554035120749805708816637
674	-0.331499999999999999999999999999999999999999999999999999999987	3.40178128482355619922700901764029468712300282581860239392167
675	-0.331249999999999999999999999999999999999999999999999999999987	3.40718037433747611105664112104150285974973773133529680958765
676	-0.330999999999999999999999999999999999999999999999999999999987	3.4125889581733349994875586269008813476599958907381422467882
677	-0.330749999999999999999999999999999999999999999999999999999987	3.41800704422291258654146878371372620004044592990495222470945
678	-0.330499999999999999999999999999999999999999999999999999999987	3.423434640403588284528770085654020766585807314452984283006
679	-0.330249999999999999999999999999999999999999999999999999999987	3.42887175465845727222157927252840610950852208671436970115473
680	-0.329999999999999999999999999999999999999999999999999999999987	3.43431839495644725816151357719763897935814026464868785914452
681	-0.329749999999999999999999999999999999999999999999999999999987	3.43977456929243593479694346918069672948339686697485650983462
682	-0.329499999999999999999999999999999999999999999999999999999987	3.44524028568736912716374117043635636987280463127694078726687
683	-0.329249999999999999999999999999999999999999999999999999999987	3.4507155521883796398429637705276540914321002514607859822152
684	-0.328999999999999999999999999999999999999999999999999999999987	3.456200376868906805948427396415709736336200807363970648094
685	-0.328749999999999999999999999999999999999999999999999999999987	3.46169476782881674191675115251501568389210620453166460173447
686	-0.328499999999999999999999999999999999999999999999999999999987	3.46719873319452331189217699750706931859153527320964155629195
687	-0.328249999999999999999999999999999999999999999999999999999987	3.47271228111910980551830492651442405195521487312805131570246
688	-0.327999999999999999999999999999999999999999999999999999999987	3.47823541978245133296882234397664513047259239307755707737221
689	-0.327749999999999999999999999999999999999999999999999999999987	3.48376815739133794106935290997544290579459607843429365717487
690	-0.327499999999999999999999999999999999999999999999999999999987	3.48931050217959845438270398950463558369134648535929232767011
691	-0.327249999999999999999999999999999999999999999999999999999987	3.49486246240822504515005370159742126266091901842506861988899
692	-0.326999999999999999999999999999999999999999999999999999999987	3.50042404636549853600098902728966786279002420052593634667824
693	-0.326749999999999999999999999999999999999999999999999999999987	3.50599526236711443936578606875494425559687958003687628493848
694	-0.326499999999999999999999999999999999999999999999999999999987	3.51157611875630973754391293590184243228193378588509560856888
695	-0.326249999999999999999999999999999999999999999999999999999987	3.51716662390399040740343545325452440740804181486870914617923
696	-0.325999999999999999999999999999999999999999999999999999999987	3.52276678620885969370681651369677941589352310380791128820426
697	-0.325749999999999999999999999999999999999999999999999999999987	3.52837661409754713507952204398208182499863706922256292624298
698	-0.325499999999999999999999999999999999999999999999999999999987	3.53399611602473834665888077981622692696320929199935205434103
699	-0.325249999999999999999999999999999999999999999999999999999987	3.53962530047330556348179196851378971381209170200534956104759
700	-0.324999999999999999999999999999999999999999999999999999999986	3.54526417595443894869113532011765078402547644848577781384292
701	-0.324749999999999999999999999999999999999999999999999999999986	3.55091275100777867066211161155319455122488470563676149497107
702	-0.324499999999999999999999999999999999999999999999999999999986	3.556571034201547753171230913668896686995391290756933014988
703	-0.324249999999999999999999999999999999999999999999999999999986	3.56223903413268570275226906140254694379108773290265376382383
704	-0.323999999999999999999999999999999999999999999999999999999986	3.56791675942698291740523232902700427745996154645072704828003
705	-0.323749999999999999999999999999999999999999999999999999999986	3.57360421873921588084620591440449021017825650437539839730645
706	-0.323499999999999999999999999999999999999999999999999999999986	3.57930142075328314650791439006439005883451317308868231616424
707	-0.323249999999999999999999999999999999999999999999999999999986	3.58500837418234211552289235908706143216650220479467588006763
708	-0.322999999999999999999999999999999999999999999999999999999986	3.59072508776894661294335177731935125963916914119303474578675
709	-0.322749999999999999999999999999999999999999999999999999999986	3.59645157028518526647413939018679693957628567852407372961576
710	-0.322499999999999999999999999999999999999999999999999999999986	3.60218783053282069201760410485224488166179056865726393971059
711	-0.322249999999999999999999999999999999999999999999999999999986	3.60793387734342949035174050198181049378185301261658306334744
712	-0.321999999999999999999999999999999999999999999999999999999986	3.61368971957854305928564171393155242369917171149520396221973
713	-0.321749999999999999999999999999999999999999999999999999999986	3.61945536612978922565908318851278084603208398104211535158303
714	-0.321499999999999999999999999999999999999999999999999999999986	3.62523082591903470157596905311936003293339055661817214878915
715	-0.321249999999999999999999999999999999999999999999999999999986	3.63101610789852836928440552913518445730458163715931520624796
716	-0.320999999999999999999999999999999999999999999999999999999986	3.63681122105104539913932176015390573600065256056166628620009
717	-0.320749999999999999999999999999999999999999999999999999999986	3.64261617439003220510683815134819245047259598183636651323405
718	-0.320499999999999999999999999999999999999999999999999999999986	3.64843097695975224229298651577816440548522932737759520468437
719	-0.320249999999999999999999999999999999999999999999999999999986	3.65425563783543265100291563372849613648793760660898936595553
720	-0.319999999999999999999999999999999999999999999999999999999986	3.66009016612341175186037090325650372361129561995481139376622
721	-0.319749999999999999999999999999999999999999999999999999999986	3.66593457096128739654101824671032974292229398954691896780123
722	-0.319499999999999999999999999999999999999999999999999999999986	3.67178886151806617869709099447385468568806550630751026896997
723	-0.319249999999999999999999999999999999999999999999999999999986	3.67765304699431350967487475179556621741579408053730843123375
724	-0.318999999999999999999999999999999999999999999999999999999986	3.68352713662230456365070992819001505195769074890795385086471
725	-0.318749999999999999999999999999999999999999999999999999999986	3.68941113966617609683548533523514052613301721153871517743522
726	-0.318499999999999999999999999999999999999999999999999999999986	3.69530506542207914542201970404305224876718779766486961737111
727	-0.318249999999999999999999999999999999999999999999999999999986	3.70120892321833260697428180741503664703925644570916135213277
728	-0.317999999999999999999999999999999999999999999999999999999986	3.70712272241557770998208476560432709736187521299628953607469
729	-0.317749999999999999999999999999999999999999999999999999999986	3.71304647240693337632970674334308578824709400832378453231113
730	-0.317499999999999999999999999999999999999999999999999999999986	3.7189801826181524814518392867215767925028351773865565348271
731	-0.317249999999999999999999999999999999999999999999999999999986	3.72492386250777901697534668175187620638158944303155040393926
732	-0.316999999999999999999999999999999999999999999999999999999986	3.73087752156730616067053562485312043147303539778942651921541
733	-0.316749999999999999999999999999999999999999999999999999999986	3.73684116932133525856098486463814485752129021136360985531132
734	-0.316499999999999999999999999999999999999999999999999999999986	3.74281481532773572406646999256768263137451726968897271533639
735	-0.316249999999999999999999999999999999999999999999999999999986	3.74879846917780585907913991829731115649127038118682601686679
736	-0.315999999999999999999999999999999999999999999999999999999986	3.75479214049643460189885945762353650085414484589137818795862
737	-0.315749999999999999999999999999999999999999999999999999999986	3.76079583894226420697952758330449119396848159073146396151399
738	-0.315499999999999999999999999999999999999999999999999999999986	3.76680957420785386146421394086523802038781671085266295915189
739	-0.315249999999999999999999999999999999999999999999999999999986	3.77283335601984424351312791468232384903891556233251181401669
740	-0.314999999999999999999999999999999999999999999999999999999986	3.7788671941391230274547455487638310601361815342889740778613
741	-0.314749999999999999999999999999999999999999999999999999999986	3.78491109836099134081687068898327736727389050894791238996258
742	-0.314499999999999999999999999999999999999999999999999999999986	3.79096507851533117832099852906285566476796033092555780847302
743	-0.314249999999999999999999999999999999999999999999999999999986	3.7970291444667737779500830239931115467868746882084782159137
744	-0.313999999999999999999999999999999999999999999999999999999986	3.80310330611486896422668509716007611626547271410307397376333
745	-0.313749999999999999999999999999999999999999999999999999999986	3.80918757339425546386549692923653200457883964721666015574548
746	-0.313499999999999999999999999999999999999999999999999999999986	3.81528195627483219899139959855526929492769622940862553715701
747	-0.313249999999999999999999999999999999999999999999999999999986	3.82138646476193056314151766754939974660638972777935582816982
748	-0.312999999999999999999999999999999999999999999999999999999986	3.8275011088964876852971857038972806759006863130414375901965
749	-0.312749999999999999999999999999999999999999999999999999999986	3.8336258987552206872193389168668991841555323291781309403062
750	-0.312499999999999999999999999999999999999999999999999999999986	3.83976084445080193938858381026770572370943140103875090009045
751	-0.312249999999999999999999999999999999999999999999999999999986	3.84590595613203532087909573726011390468434088164437805605555
752	-0.311999999999999999999999999999999999999999999999999999999985	3.85206124398403348852352922553000225925260960943389486486059
753	-0.311749999999999999999999999999999999999999999999999999999985	3.85822671822839616075431466309580185118324276277352360870696
754	-0.311499999999999999999999999999999999999999999999999999999985	3.86440238912338942153505213695924905177531984791876310612261
755	-0.311249999999999999999999999999999999999999999999999999999985	3.87058826696412604982420064319861257665992326199422121681834
756	-0.310999999999999999999999999999999999999999999999999999999985	3.87678436208274688004189928476555296602195617831240971109698
757	-0.310749999999999999999999999999999999999999999999999999999985	3.88299068484860319903954719157158310706976520423464718323273
758	-0.310499999999999999999999999999999999999999999999999999999985	3.88920724566844018510071148837025003994018939642848661462428
759	-0.310249999999999999999999999999999999999999999999999999999985	3.8954340549865813945310284539216626339103448681196622355938
760	-0.309999999999999999999999999999999999999999999999999999999985	3.90167112328511430142401281695058737687343142787216294171836
761	-0.309749999999999999999999999999999999999999999999999999999985	3.90791846108407689621909467996658749398942966796337462120392
762	-0.309499999999999999999999999999999999999999999999999999999985	3.91417607894164534869776361308355001482444346752640997110585
763	-0.309249999999999999999999999999999999999999999999999999999985	3.92044398745432274109341578101084518119405079863802692096459
764	-0.308999999999999999999999999999999999999999999999999999999985	3.9267221972571288770203733243036796474006000425385937477992
765	-0.308749999999999999999999999999999999999999999999999999999985	3.93301071902379117195757638011427602496060117510710071920244
766	-0.308499999999999999999999999999999999999999999999999999999985	3.93930956346693663105263786986404674200948075411518297400264
767	-0.308249999999999999999999999999999999999999999999999999999985	3.94561874133828492004230027565587419696043901948269640288639
768	-0.307999999999999999999999999999999999999999999999999999999985	3.95193826342884253511584285045342712650988677681276130260316
769	-0.307749999999999999999999999999999999999999999999999999999985	3.95826814056909807757865783803382469520886673853870075499189
770	-0.307499999999999999999999999999999999999999999999999999999985	3.96460838362921863920404609878892817069933791929774618158302
771	-0.307249999999999999999999999999999999999999999999999999999985	3.97095900351924730419227683026295577800630401991334381536416
772	-0.306999999999999999999999999999999999999999999999999999999985	3.97732001118930177368711362283956577156090999831887954175582
773	-0.306749999999999999999999999999999999999999999999999999999985	3.98369141762977411883133068949460943988482892415629820079103
774	-0.306499999999999999999999999999999999999999999999999999999985	3.99007323387153166837422954454960375789785869068780139713777
775	-0.306249999999999999999999999999999999999999999999999999999985	3.99646547098611903687581847268538141023822999980051105706318
776	-0.305999999999999999999999999999999999999999999999999999999985	4.0028681400859612995841356211240102775389923278370927656016
777	-0.305749999999999999999999999999999999999999999999999999999985	4.00928125232456832009418226208413963495659872642226980821365
778	-0.305499999999999999999999999999999999999999999999999999999985	4.01570481889674023692908650876612459839448068573424557265676
779	-0.305249999999999999999999999999999999999999999999999999999985	4.0221388510387741152164403277910551831196623676748191015313
780	-0.304999999999999999999999999999999999999999999999999999999985	4.02858336002867176966524487789592640743509875004876445794841
781	-0.304749999999999999999999999999999999999999999999999999999985	4.03503835718634876508156182457451793239064619725255255327501
782	-0.304499999999999999999999999999999999999999999999999999999985	4.04150385387384460069380214112721925687693743842806258406452
783	-0.304249999999999999999999999999999999999999999999999999999985	4.04797986149553408459158981817072739496741804681814898648514
784	-0.303999999999999999999999999999999999999999999999999999999985	4.05446639149833990461531667801010825035020996352777975006065
785	-0.303749999999999999999999999999999999999999999999999999999985	4.06096345537194640206685694133397701744865327319984737658696
786	-0.303499999999999999999999999999999999999999999999999999999985	4.06747106464901455464543713736434733722164102155580038421493
787	-0.303249999999999999999999999999999999999999999999999999999985	4.07398923090539817504635920271408517644577682083859589751741
788	-0.302999999999999999999999999999999999999999999999999999999985	4.08051796576036133169415299851558686138066328706854034364427
789	-0.302749999999999999999999999999999999999999999999999999999985	4.0870572808767969981157898114912148092749195497213829149468
790	-0.302499999999999999999999999999999999999999999999999999999985	4.09360718796144693749382151598107215245916595541834526381515
791	-0.302249999999999999999999999999999999999999999999999999999985	4.10016769876512282897372178576963501910567125807764992767974
792	-0.301999999999999999999999999999999999999999999999999999999985	4.10673882508292864233429688386821046673344443053625429274686
793	-0.301749999999999999999999999999999999999999999999999999999985	4.11332057875448426766480495395376077630537338791373043562232
794	-0.301499999999999999999999999999999999999999999999999999999985	4.11991297166415040672737521936815519447316637174414777819338
795	-0.301249999999999999999999999999999999999999999999999999999985	4.12651601574125473271845289653271923143317186654070943073371
796	-0.300999999999999999999999999999999999999999999999999999999985	4.13312972296031932517831278303527784976793412247566778691018
797	-0.300749999999999999999999999999999999999999999999999999999985	4.13975410534128938683318522178226973032167917797597595927916
798	-0.300499999999999999999999999999999999999999999999999999999985	4.14638917494976324919022330829524702298873572554891821805096
799	-0.300249999999999999999999999999999999999999999999999999999985	4.15303494389722367374141063678270793285695707896546667997834
800	-0.299999999999999999999999999999999999999999999999999999999985	4.15969142434127045566856541180098944666602174291260618115422
801	-0.299749999999999999999999999999999999999999999999999999999985	4.16635862848585433697784022730729615211179803190153867206016
802	-0.299499999999999999999999999999999999999999999999999999999985	4.17303656858151223602854807624387584388890173235447012529134
803	-0.299249999999999999999999999999999999999999999999999999999985	4.17972525692560380045776504533386128602880456286894304419569
804	-0.298999999999999999999999999999999999999999999999999999999984	4.18642470586254929053896951664764474087252226929769408923916
805	-0.298749999999999999999999999999999999999999999999999999999984	4.19313492778406880004997738606959905008892895801435506443416
806	-0.298499999999999999999999999999999999999999999999999999999984	4.19985593512942282176262366658987950595505011933057903819821
807	-0.298249999999999999999999999999999999999999999999999999999984	4.20658774038565416470402372002191173244602664635990060165589
808	-0.297999999999999999999999999999999999999999999999999999999984	4.2133303560878312303768231040344232181421966451531911308033
809	-0.297749999999999999999999999999999999999999999999999999999984	4.22008379481929265516361448304108299166259769376118202000199
810	-0.297499999999999999999999999999999999999999999999999999999984	4.22684806921189332617866408323319787108729298678327903626476
811	-0.297249999999999999999999999999999999999999999999999999999984	4.23362319194625177786824962650765414708341212885453814553272
812	-0.296999999999999999999999999999999999999999999999999999999984	4.24040917575199897669926740872761303090019348504176802593172
813	-0.296749999999999999999999999999999999999999999999999999999984	4.24720603340802850131431904895247787534594866525184994516679
814	-0.296499999999999999999999999999999999999999999999999999999984	4.25401377774274812557023928302393461299453537966781254995023
815	-0.296249999999999999999999999999999999999999999999999999999984	4.26083242163433281191597586291678112622928343313257113243392
816	-0.295999999999999999999999999999999999999999999999999999999984	4.26766197801097912260488200889893412592533973262831057452033
817	-0.295749999999999999999999999999999999999999999999999999999984	4.27450245985116105627583180169600356297359890770507295752686
818	-0.295499999999999999999999999999999999999999999999999999999984	4.28135388018388731747712025391949083433594818019169335032916
819	-0.295249999999999999999999999999999999999999999999999999999984	4.28821625208896002674686342182205458302183258082494323393682
820	-0.294999999999999999999999999999999999999999999999999999999984	4.29508958869723487890357066818073511196283111822800574500014
821	-0.294749999999999999999999999999999999999999999999999999999984	4.30197390319088275724072192326830164177443647817653302200372
822	-0.294499999999999999999999999999999999999999999999999999999984	4.30886920880365281135954837216988726800184646401596285061085
823	-0.294249999999999999999999999999999999999999999999999999999984	4.31577551882113700641478628200908570579987607650671331122964
824	-0.293999999999999999999999999999999999999999999999999999999984	4.32269284658103615158895153092112074482178395560969378212223
825	-0.293749999999999999999999999999999999999999999999999999999984	4.32962120547342741565166767081736758737200626157777129631768
826	-0.293499999999999999999999999999999999999999999999999999999984	4.33656060894103333750177390702730473227841933672729375716446
827	-0.293249999999999999999999999999999999999999999999999999999984	4.34351107047949233963134206854105183495179547949804644380712
828	-0.292999999999999999999999999999999999999999999999999999999984	4.35047260363763075249234433134795894167940164313656689690299
829	-0.292749999999999999999999999999999999999999999999999999999984	4.35744522201773635778853700251397265282828999915713606119243
830	-0.292499999999999999999999999999999999999999999999999999999984	4.36442893927583345875716093202050554918218558837522560270138
831	-0.292249999999999999999999999999999999999999999999999999999984	4.37142376912195948554730695039278732906030204570090634177393
832	-0.291999999999999999999999999999999999999999999999999999999984	4.37842972532044314384425598961836469155679782602028906919326
833	-0.291749999999999999999999999999999999999999999999999999999984	4.38544682169018411493177908900163555665085974781525105416661
834	-0.291499999999999999999999999999999999999999999999999999999984	4.39247507210493431542727317189753931190926095438835231348152
835	-0.291249999999999999999999999999999999999999999999999999999984	4.39951449049358072496771515838036922230799822545360189802034
836	-0.290999999999999999999999999999999999999999999999999999999984	4.40656509084042979016774050658772371126937651696291965671123
837	-0.290749999999999999999999999999999999999999999999999999999984	4.41362688718549341321469350448854375489209814942762850913101
838	-0.290499999999999999999999999999999999999999999999999999999984	4.42069989362477653350925641581394876062628045072540033333065
839	-0.290249999999999999999999999999999999999999999999999999999984	4.42778412431056631080424376932072869124931249994125168749024
840	-0.289999999999999999999999999999999999999999999999999999999984	4.43487959345172291833834751859539767847302579138738230293599
841	-0.289749999999999999999999999999999999999999999999999999999984	4.44198631531397195450603933802059092412810282818315604546839
842	-0.289499999999999999999999999999999999999999999999999999999984	4.44910430422019848164947880558406570920000945552796972216438
843	-0.289249999999999999999999999999999999999999999999999999999984	4.45623357455074270060314149957669022024353316564121638544051
844	-0.288999999999999999999999999999999999999999999999999999999984	4.46337414074369726966696994684924944141559681363942119816173
845	-0.288749999999999999999999999999999999999999999999999999999984	4.4705260172952062767291637463052659271899645768568340896655
846	-0.288499999999999999999999999999999999999999999999999999999984	4.47768921875976587330526389189001240217744984131809955450837
847	-0.288249999999999999999999999999999999999999999999999999999984	4.48486375975052657930595117163727045455290310578258736560192
848	-0.287999999999999999999999999999999999999999999999999999999984	4.49204965493959726739197035833287861540889980121613315464947
849	-0.287749999999999999999999999999999999999999999999999999999984	4.49924691905835083582081156574195692555066712646210089093205
850	-0.287499999999999999999999999999999999999999999999999999999984	4.50645556689773157873622845241501231330494080162084383704933
851	-0.287249999999999999999999999999999999999999999999999999999984	4.51367561330856426289835074059996616415625191265678860049302
852	-0.286999999999999999999999999999999999999999999999999999999984	4.52090707320186491989905660585319844523417762789221684576028
853	-0.286749999999999999999999999999999999999999999999999999999984	4.52814996154915336295440970589367175402756771640514453295251
854	-0.286499999999999999999999999999999999999999999999999999999984	4.53540429338276743741333677450073688423533822052038714360387
855	-0.286249999999999999999999999999999999999999999999999999999984	4.5426700837961790141693256241964407650723047226115210381888
856	-0.285999999999999999999999999999999999999999999999999999999983	4.54994734794431173520976089327765150701911226960389610254369
857	-0.285749999999999999999999999999999999999999999999999999999983	4.55723610104386052058558674835766035800659121837245321426346
858	-0.285499999999999999999999999999999999999999999999999999999983	4.56453635837361284613229281937161557999891137779373623159378
859	-0.285249999999999999999999999999999999999999999999999999999983	4.57184813527477180132176270282794670242261883365305237821535
860	-0.284999999999999999999999999999999999999999999999999999999983	4.57917144715128093667330422003855957439413774067368967426981
861	-0.284749999999999999999999999999999999999999999999999999999983	4.58650630947015091020119805533269291579734568279206596123057
862	-0.284499999999999999999999999999999999999999999999999999999983	4.59385273776178794242535721600983414674751943629040028945556
863	-0.284249999999999999999999999999999999999999999999999999999983	4.60121074762032408952118473797765122590258650673075624130834
864	-0.283999999999999999999999999999999999999999999999999999999983	4.60858035470394934423445199126160251587075841585706688814066
865	-0.283749999999999999999999999999999999999999999999999999999983	4.61596157473524557423699559596310548874233386570826399933851
866	-0.283499999999999999999999999999999999999999999999999999999983	4.62335442350152230764924811520944596850017702699522243732204
867	-0.283249999999999999999999999999999999999999999999999999999983	4.63075891685515437550607711576974090671214522613849311984396
868	-0.282999999999999999999999999999999999999999999999999999999983	4.63817507071392142099310964289013897884136713983837364442425
869	-0.282749999999999999999999999999999999999999999999999999999983	4.6456029010613492853316654019340629180324859462065791937433
870	-0.282499999999999999999999999999999999999999999999999999999983	4.6530424239470532802416127286546182800819613453041015253154
871	-0.282249999999999999999999999999999999999999999999999999999983	4.66049365548708335696289750990291781429158456341482134379321
872	-0.281999999999999999999999999999999999999999999999999999999983	4.667956611864271181868177329105766694997837204520284569819
873	-0.281749999999999999999999999999999999999999999999999999999983	4.67543130932857912875092199185413064513868880853030194046434
874	-0.281499999999999999999999999999999999999999999999999999999983	4.68291776419745119792551796627570211902717307969069621845581
875	-0.281249999999999999999999999999999999999999999999999999999983	4.69041599285616587232833887409639476380669150219853904737604
876	-0.280999999999999999999999999999999999999999999999999999999983	4.69792601175819092086141770853875779412380788540042585673983
877	-0.280749999999999999999999999999999999999999999999999999999983	4.70544783742554015927327964491125460746377415665084304845283
878	-0.280499999999999999999999999999999999999999999999999999999983	4.71298148644913217892466785250065961671295823839768877215034
879	-0.280249999999999999999999999999999999999999999999999999999983	4.72052697548915105384031930871422465955930208607936729157718
880	-0.279999999999999999999999999999999999999999999999999999999983	4.7280843212754090365016239475787802293402462999009015651832
881	-0.279749999999999999999999999999999999999999999999999999999983	4.73565354060771125288892922645535905051403892672371464102438
882	-0.279499999999999999999999999999999999999999999999999999999983	4.74323465035622240733643404123455543466612691459377027012127
883	-0.279249999999999999999999999999999999999999999999999999999983	4.75082766746183550781705152748441930679633770626292548070349
884	-0.278999999999999999999999999999999999999999999999999999999983	4.75843260893654262232931031103156090669981161464292913946657
885	-0.278749999999999999999999999999999999999999999999999999999983	4.76604949186380767711330886590043331908741864718597035455862
886	-0.278499999999999999999999999999999999999999999999999999999983	4.77367833339894130747793844144862970038283690970883717899304
887	-0.278249999999999999999999999999999999999999999999999999999983	4.78131915076947777207704716611591528991858220756801321532749
888	-0.277999999999999999999999999999999999999999999999999999999983	4.78897196127555394152793204557645851985732843179456621563105
889	-0.277749999999999999999999999999999999999999999999999999999983	4.79663678229029037232151726205558352550769078606256014944658
890	-0.277499999999999999999999999999999999999999999999999999999983	4.8043136312601744770298070533887750363305850957476164574226
891	-0.277249999999999999999999999999999999999999999999999999999983	4.81200252570544580187269009949074700227669111508238807443313
892	-0.276999999999999999999999999999999999999999999999999999999983	4.81970348322048342276292035462409810176998097531449960627715
893	-0.276749999999999999999999999999999999999999999999999999999983	4.82741652147419547100510721023696110581729438317213796476805
894	-0.276499999999999999999999999999999999999999999999999999999983	4.83514165821041079988181631860749196659633890302708533966334
895	-0.276249999999999999999999999999999999999999999999999999999983	4.84287891124827280341741190465497552700663320502477904406868
896	-0.275999999999999999999999999999999999999999999999999999999983	4.85062829848263539866806248347833052355230557678974066645608
897	-0.275749999999999999999999999999999999999999999999999999999983	4.85838983788446118294438511447050533854475174179611549401537
898	-0.275499999999999999999999999999999999999999999999999999999983	4.86616354750122177743151917753797801755274224931089228176045
899	-0.275249999999999999999999999999999999999999999999999999999983	4.87394944545730036872999965934510089848899467092722121608677
900	-0.274999999999999999999999999999999999999999999999999999999983	4.88174754995439645989964258163752209998634442074108372648027
901	-0.274749999999999999999999999999999999999999999999999999999983	4.88955787927193284264776197103080254611148886422617609277167
902	-0.274499999999999999999999999999999999999999999999999999999983	4.89738045176746480236240912874916318744516782043021094550898
903	-0.274249999999999999999999999999999999999999999999999999999983	4.90521528587709156775096136504237783589706395165725660884151
904	-0.273999999999999999999999999999999999999999999999999999999983	4.91306240011587001690428925826778182769906574471393547210746
905	-0.273749999999999999999999999999999999999999999999999999999983	4.92092181307823065166689931094625178654875673143446896192064
906	-0.273499999999999999999999999999999999999999999999999999999983	4.92879354343839585225388301838412088093785453680249306454412
907	-0.273249999999999999999999999999999999999999999999999999999983	4.93667760995080042411620423911718434429475765050303600283143
908	-0.272999999999999999999999999999999999999999999999999999999982	4.94457403145051444911682474508441943596140485495149374520444
909	-0.272749999999999999999999999999999999999999999999999999999982	4.95248282685366845314140330252947446362983340626365173703728
910	-0.272499999999999999999999999999999999999999999999999999999982	4.96040401515788090232880694610796296000769007018800152646365
911	-0.272249999999999999999999999999999999999999999999999999999982	4.96833761544268804016844459664524602087605512576640278363957
912	-0.271999999999999999999999999999999999999999999999999999999982	4.9762836468699760777734731593280572396738804573008397185954
913	-0.271749999999999999999999999999999999999999999999999999999982	4.98424212868441574970123502913335828979068319668524395334717
914	-0.271499999999999999999999999999999999999999999999999999999982	4.99221308021389924775486381236218148570314908905526973636334
915	-0.271249999999999999999999999999999999999999999999999999999982	5.00019652086997954526284231829501153169136712401167102708726
916	-0.270999999999999999999999999999999999999999999999999999999982	5.00819247014831212439641373655291648772866735029767392099546
917	-0.270749999999999999999999999999999999999999999999999999999982	5.01620094762909911914813362897479420851680982564373691246714
918	-0.270499999999999999999999999999999999999999999999999999999982	5.02422197297753588665850714645499722596804939393747089723838
919	-0.270249999999999999999999999999999999999999999999999999999982	5.03225556594426001964158292908393187478696694082503766567159
920	-0.269999999999999999999999999999999999999999999999999999999982	5.04030174636580281272457264065233809823539958376966778015836
921	-0.269749999999999999999999999999999999999999999999999999999982	5.04836053416504319558103318495626840282460246531870662178961
922	-0.269499999999999999999999999999999999999999999999999999999982	5.05643194935166414580188749007337968937075126854567402341407
923	-0.269249999999999999999999999999999999999999999999999999999982	5.06451601202261159451356944600238284414643766590996251039011
924	-0.268999999999999999999999999999999999999999999999999999999982	5.07261274236255583781785923789152854463617378989842913180237
925	-0.268749999999999999999999999999999999999999999999999999999982	5.08072216064435546719352700720519013531841108480892214415287
926	-0.268499999999999999999999999999999999999999999999999999999982	5.0888442872295238320657255503665421217884633005555994490997
927	-0.268249999999999999999999999999999999999999999999999999999982	5.09697914256869804781516666008757601944057976447352380980727
928	-0.267999999999999999999999999999999999999999999999999999999982	5.10512674720211056256548073734991299426311328996830410719681
929	-0.267749999999999999999999999999999999999999999999999999999982	5.11328712176006329615379543712840542233516904201677832991318
930	-0.267499999999999999999999999999999999999999999999999999999982	5.12146028696340436475647631997319382726253362987985521042368
931	-0.267249999999999999999999999999999999999999999999999999999982	5.1296462636240074047091507017359741068748328575847916387871
932	-0.266999999999999999999999999999999999999999999999999999999982	5.13784507264525350912758503752943648935265327813652582815711
933	-0.266749999999999999999999999999999999999999999999999999999982	5.1460567350225157910037061306621887584441213823027900850813
934	-0.266499999999999999999999999999999999999999999999999999999982	5.15428127184364658651904708422899504082952961307925653884792
935	-0.266249999999999999999999999999999999999999999999999999999982	5.16251870428946731238616004738720039257178342023888148517693
936	-0.265999999999999999999999999999999999999999999999999999999982	5.17076905363426099109706925840931821748637720726844279926563
937	-0.265749999999999999999999999999999999999999999999999999999982	5.17903234124626745802663943328994561803978120953062412962187
938	-0.265499999999999999999999999999999999999999999999999999999982	5.18730858858818126440780594500246617723631149327208325557887
939	-0.265249999999999999999999999999999999999999999999999999999982	5.19559781721765229026495420897012661026110083092942402755613
940	-0.264999999999999999999999999999999999999999999999999999999982	5.20390004878778908146134593041716019201100055891911490869485
941	-0.264749999999999999999999999999999999999999999999999999999982	5.21221530504766492508636904486177785413659701204537717044303
942	-0.264499999999999999999999999999999999999999999999999999999982	5.2205436078428266774785359297664457466946260845401221403554
943	-0.264249999999999999999999999999999999999999999999999999999982	5.22888497911580635925057038814049974943830356818239697743112
944	-0.263999999999999999999999999999999999999999999999999999999982	5.23723944090663553175360757716795751495187695219575966073147
945	-0.263749999999999999999999999999999999999999999999999999999982	5.24560701535336246948848201817276037333275392893329962109573
946	-0.263499999999999999999999999999999999999999999999999999999982	5.25398772469257214304329658726707752824571051401521452408308
947	-0.263249999999999999999999999999999999999999999999999999999982	5.26238159125990902720794942442514759393369450060995115210097
948	-0.262999999999999999999999999999999999999999999999999999999982	5.2707886374906027489880454541495125317445017631704673132175
949	-0.262749999999999999999999999999999999999999999999999999999982	5.2792088859199965903126340904546423629126731566649580176875
950	-0.262499999999999999999999999999999999999999999999999999999982	5.28764235918407886030249407447022575225139354726495871080561
951	-0.262249999999999999999999999999999999999999999999999999999982	5.29608908002001715203822960055374524392606165491513745155376
952	-0.261999999999999999999999999999999999999999999999999999999982	5.30454907126669549884024822581153026484738921097215417158933
953	-0.261749999999999999999999999999999999999999999999999999999982	5.31302235586525444514575979049743256472296960474340920183806
954	-0.261499999999999999999999999999999999999999999999999999999982	5.32150895685963404714126592704640241033753124091543245391756
955	-0.261249999999999999999999999999999999999999999999999999999982	5.33000889739711981838260088896645492314673195700681628645442
956	-0.260999999999999999999999999999999999999999999999999999999982	5.33852220072889163570843553348981079897010573390697193703434
957	-0.260749999999999999999999999999999999999999999999999999999982	5.34704889021057562082726644963792990940748786120061058809566
958	-0.260499999999999999999999999999999999999999999999999999999982	5.35558898930279901303228050113151756067025790538339785679285
959	-0.260249999999999999999999999999999999999999999999999999999981	5.36414252157174804857311047463714244076793380401671391454327
960	-0.259999999999999999999999999999999999999999999999999999999981	5.37270951068972886228837906898825862997469589531390490869436
961	-0.259749999999999999999999999999999999999999999999999999999981	5.38128998043573142717806506780254403489739664026714814394095
962	-0.259499999999999999999999999999999999999999999999999999999981	5.3898839546959965476701160998417805296704657045562343594137
963	-0.259249999999999999999999999999999999999999999999999999999981	5.39849145746458592241137575716330412322674829370947689133536
964	-0.258999999999999999999999999999999999999999999999999999999981	5.4071125128439552924887878135410827720885925109452303626428
965	-0.258749999999999999999999999999999999999999999999999999999981	5.41574714504553069106298562120723761754496928343362972414537
966	-0.258499999999999999999999999999999999999999999999999999999981	5.42439537839028781047276917171567192498990021604771920128154
967	-0.258249999999999999999999999999999999999999999999999999999981	5.43305723730933450294561444744329144450039578411853549381486
968	-0.257999999999999999999999999999999999999999999999999999999981	5.44173274634449643112624817557651799912053051479636141174525
969	-0.257749999999999999999999999999999999999999999999999999999981	5.45042193014890588471245448801358242523278905380991150833062
970	-0.257499999999999999999999999999999999999999999999999999999981	5.45912481348759377956465679914749270826423995081759945062071
971	-0.257249999999999999999999999999999999999999999999999999999981	5.46784142123808485573343689782846081117126227284131569148935
972	-0.256999999999999999999999999999999999999999999999999999999981	5.47657177839099609092701221599602316094950182366250583034061
973	-0.256749999999999999999999999999999999999999999999999999999981	5.48531591005063834601878983683718751250531272228564723643835
974	-0.256499999999999999999999999999999999999999999999999999999981	5.49407384143562125927345033747763050260252226340384664802112
975	-0.256249999999999999999999999999999999999999999999999999999981	5.50284559787946140604858426706982081143960758205748641187551
976	-0.255999999999999999999999999999999999999999999999999999999981	5.51163120483119374080770712594154747482330598580728260088348
977	-0.255749999999999999999999999999999999999999999999999999999981	5.52043068785598633835951326275016066819651909855743810089121
978	-0.255499999999999999999999999999999999999999999999999999999981	5.52924407263575845131749321316627193311714305686543530917831
979	-0.255249999999999999999999999999999999999999999999999999999981	5.53807138496980190085353067453103306029694545056250624768489
980	-0.254999999999999999999999999999999999999999999999999999999981	5.54691265077540581789881249440941219032172251013194051290707
981	-0.254749999999999999999999999999999999999999999999999999999981	5.55576789608848475202532563330801056659696526740253260672839
982	-0.254499999999999999999999999999999999999999999999999999999981	5.56463714706421016532137686635019009939600449938914893412709
983	-0.254249999999999999999999999999999999999999999999999999999981	5.5735204299776453286549517746037345462300529808228692748171
984	-0.253999999999999999999999999999999999999999999999999999999981	5.58241777122438363779932703799913163098719978232450009907676
985	-0.253749999999999999999999999999999999999999999999999999999981	5.59132919732119036697616180593879086846360454535288184388822
986	-0.253499999999999999999999999999999999999999999999999999999981	5.60025473490664787745231754881175186745124144871883392367739
987	-0.253249999999999999999999999999999999999999999999999999999981	5.60919441074180429890788877499993980993226340897185450960862
988	-0.252999999999999999999999999999999999999999999999999999999981	5.61814825171082570137436675496924018619119248418953482423769
989	-0.252749999999999999999999999999999999999999999999999999999981	5.62711628482165177562350227691528105078653002271187823776041
990	-0.252499999999999999999999999999999999999999999999999999999981	5.63609853720665503996927874503194193445858230781765110669457
991	-0.252249999999999999999999999999999999999999999999999999999981	5.64509503612330359152745082600486439102921403268497971928756
992	-0.251999999999999999999999999999999999999999999999999999999981	5.65410580895482742005934348110439371941569303867085186202284
993	-0.251749999999999999999999999999999999999999999999999999999981	5.66313088321088830260903864335635010307079101340050718836917
994	-0.251499999999999999999999999999999999999999999999999999999981	5.67217028652825329722569898727586666663059354037533071669013
995	-0.251249999999999999999999999999999999999999999999999999999981	5.68122404667147185414558708927216530999069670097753772927565
996	-0.250999999999999999999999999999999999999999999999999999999981	5.6902921915335565628913306065695138426486432845672426837279
997	-0.250749999999999999999999999999999999999999999999999999999981	5.69937474913666755382915664624996692071857501210972077618372
998	-0.250499999999999999999999999999999999999999999999999999999981	5.70847174763280057280816790572648616943418695493314211620527
999	-0.250249999999999999999999999999999999999999999999999999999981	5.71758321530447874758925600911231570681200086639908163570461
1000	-0.249999999999999999999999999999999999999999999999999999999981	5.72670918056544806485494022222651573940801201272486915844715
1001	-0.249749999999999999999999999999999999999999999999999999999981	5.73584967196137657667527879671625826683418111904508197864311
1002	-0.249499999999999999999999999999999999999999999999999999999981	5.74500471817055735538902187653547998785098567433166723225023
1003	-0.249249999999999999999999999999999999999999999999999999999981	5.75417434800461521594335541304149865675673401360666584578437
1004	-0.248999999999999999999999999999999999999999999999999999999981	5.76335859040921722481992100166238852518014931791063051466149
1005	-0.248749999999999999999999999999999999999999999999999999999981	5.77255747446478701475928300346071894689747967622640422724048
1006	-0.248499999999999999999999999999999999999999999999999999999981	5.78177102938722292458064768401346519548922169162516899550901
1007	-0.248249999999999999999999999999999999999999999999999999999981	5.7909992845286199834784152283075203028288631861740866298687
1008	-0.247999999999999999999999999999999999999999999999999999999981	5.80024226937799575926206011407593086608649702946361413647267
1009	-0.247749999999999999999999999999999999999999999999999999999981	5.80950001356202009009088408757658741400805281920155977187351
1010	-0.247499999999999999999999999999999999999999999999999999999981	5.81877254684574871934036442411395164507532882084120589873429
1011	-0.247249999999999999999999999999999999999999999999999999999981	5.82805989913336085332212370626003728680508780871497375998546
1012	-0.246999999999999999999999999999999999999999999999999999999981	5.83736210046890066166497134641177216060423075076353997984387
1013	-0.246749999999999999999999999999999999999999999999999999999981	5.84667918103702274025000674097490275656707314450849994588872
1014	-0.246499999999999999999999999999999999999999999999999999999981	5.85601117116374155667842438653262204312890203835933532914211
1015	-0.246249999999999999999999999999999999999999999999999999999981	5.86535810131718489833641751896952434779709485678944976633951
1016	-0.245999999999999999999999999999999999999999999999999999999981	5.8747200021083513432074337476573092895208648639670561632205
1017	-0.245749999999999999999999999999999999999999999999999999999981	5.88409690429187177366798852743153053212744474914925429694508
1018	-0.245499999999999999999999999999999999999999999999999999999981	5.89348883876677495358928480425371082287194722636709812873832
1019	-0.245249999999999999999999999999999999999999999999999999999981	5.90289583657725718915301433138487809824156394498155515482251
1020	-0.244999999999999999999999999999999999999999999999999999999981	5.91231792891345609387592240703789591216162494892953220675241
1021	-0.244749999999999999999999999999999999999999999999999999999981	5.9217551471122284784239974355073405287614023107303141807696
1022	-0.244499999999999999999999999999999999999999999999999999999981	5.93120752265793238588349394160444918845581733165907973540928
1023	-0.244249999999999999999999999999999999999999999999999999999981	5.94067508718321329324240652694382394715618362695235757908467
1024	-0.243999999999999999999999999999999999999999999999999999999981	5.95015787246979449992247667244468816258790484482107580423245
1025	-0.243749999999999999999999999999999999999999999999999999999981	5.95965591044927172428832806053925565091297627835528424584779
1026	-0.243499999999999999999999999999999999999999999999999999999981	5.9691692332039119291468828771157758856622516313295895724222
1027	-0.243249999999999999999999999999999999999999999999999999999981	5.97869787296745639733680488696304147649309629165284348247376
1028	-0.242999999999999999999999999999999999999999999999999999999981	5.98824186212592807859433835073271865881971062092844951980351
1029	-0.242749999999999999999999999999999999999999999999999999999981	5.99780123321844322896855832077562928922212438901107826711346
1030	-0.242499999999999999999999999999999999999999999999999999999981	6.00737601893802736414571063122449233880623756797866405441214
1031	-0.242249999999999999999999999999999999999999999999999999999981	6.01696625213243554812899195468030888664923311582618209530341
1032	-0.241999999999999999999999999999999999999999999999999999999981	6.02657196580497703880679445847351453162482019610671865601617
1033	-0.241749999999999999999999999999999999999999999999999999999981	6.03619319311534431202910853437331772112806569920031344282501
1034	-0.241499999999999999999999999999999999999999999999999999999981	6.04582996738044648589843332305966167349340599455695539129229
1035	-0.241249999999999999999999999999999999999999999999999999999981	6.0554823220752471670681806820505948061620113543723370571042
1036	-0.240999999999999999999999999999999999999999999999999999999981	6.06515029083360674092816607116057599024959677709186326643274
1037	-0.240749999999999999999999999999999999999999999999999999999981	6.07483390744912912764335161317087814530838103447081283231911
1038	-0.240499999999999999999999999999999999999999999999999999999981	6.08453320587601302609853422903690181337620172932645363389565
1039	-0.240249999999999999999999999999999999999999999999999999999981	6.09424822022990766788814698345743531664653690754424060767877
1040	-0.239999999999999999999999999999999999999999999999999999999981	6.10397898478877310357675617917765934004948862890396992598111
1041	-0.239749999999999999999999999999999999999999999999999999999981	6.11372553399374504354218170988083118486162675149121914784777
1042	-0.239499999999999999999999999999999999999999999999999999999981	6.12348790245000427579943495382127980301592598282970058965038
1043	-0.239249999999999999999999999999999999999999999999999999999981	6.13326612492765068328984812157798153681895438691942163184206
1044	-0.238999999999999999999999999999999999999999999999999999999981	6.14306023636258188320585234302082749025525384732330503164591
1045	-0.238749999999999999999999999999999999999999999999999999999981	6.15287027185737651100783959294576261633216967308873573048802
1046	-0.238499999999999999999999999999999999999999999999999999999981	6.16269626668218217187540633174557654852112959356701904260025
1047	-0.238249999999999999999999999999999999999999999999999999999981	6.17253825627560808242101481164535419762636443195061837198668
1048	-0.237999999999999999999999999999999999999999999999999999999981	6.18239627624562242557971151699624977581093238097306446331917
1049	-0.237749999999999999999999999999999999999999999999999999999981	6.19227036237045444167400112427650363811341385658373344649784
1050	-0.237499999999999999999999999999999999999999999999999999999981	6.20216055059950127873827844496682016761260679667550524406605
1051	-0.237249999999999999999999999999999999999999999999999999999981	6.2120668770542396252723596162061610429035134112944121473395
1052	-0.236999999999999999999999999999999999999999999999999999999981	6.221989378029142148678616693492037050228468345057564507587
1053	-0.236749999999999999999999999999999999999999999999999999999981	6.23192808999259876272199593641369717126344134878848253068812
1054	-0.236499999999999999999999999999999999999999999999999999999981	6.241883049587842747436778415354021712626830731634135051326
1055	-0.236249999999999999999999999999999999999999999999999999999981	6.25185429363388174498831084694543226887525251398188260440747
1056	-0.235999999999999999999999999999999999999999999999999999999981	6.26184185912643365508208331798165368759928926492201607358247
1057	-0.235749999999999999999999999999999999999999999999999999999981	6.27184578323886745359644709373567147129052707207640447538936
1058	-0.235499999999999999999999999999999999999999999999999999999981	6.28186610332314895819893811914359733529266293208439859583475
1059	-0.235249999999999999999999999999999999999999999999999999999981	6.29190285691079156478958797819001816802640775154158970228812
1060	-0.234999999999999999999999999999999999999999999999999999999981	6.30195608171381197869775161881626846231543559147914097318219
1061	-0.234749999999999999999999999999999999999999999999999999999981	6.31202581562569096464184748755896840051062051233497109849641
1062	-0.234499999999999999999999999999999999999999999999999999999981	6.32211209672233913954397802510409962368849819029705117638634
1063	-0.234249999999999999999999999999999999999999999999999999999981	6.33221496326306783237366368790724484402255408831675681962567
1064	-0.233999999999999999999999999999999999999999999999999999999981	6.3423344536915650352768684768289007061341671436968384952059
1065	-0.233749999999999999999999999999999999999999999999999999999981	6.35247060663687647032810582035177235766428105461304084440852
1066	-0.233499999999999999999999999999999999999999999999999999999981	6.36262346091439179632467677664759574042573180489089936949846
1067	-0.233249999999999999999999999999999999999999999999999999999981	6.37279305552683598012299383116110149189458118910474783194596
1068	-0.232999999999999999999999999999999999999999999999999999999981	6.38297942966526585709746876246869315543277069435954980469981
1069	-0.232749999999999999999999999999999999999999999999999999999981	6.39318262271007190538257755527443406161624854112606730732571
1070	-0.232499999999999999999999999999999999999999999999999999999981	6.40340267423198525863844431608735570961950893970611458330535
1071	-0.232249999999999999999999999999999999999999999999999999999981	6.41363962399308998215959448502042445723909377999301386450262
1072	-0.231999999999999999999999999999999999999999999999999999999981	6.42389351194784063722539995275813348551086803182616459390858
1073	-0.231749999999999999999999999999999999999999999999999999999981	6.43416437824408515866915932312646838227099858015787639144847
1074	-0.231499999999999999999999999999999999999999999999999999999981	6.44445226322409307072070956416472338126010109664453299281241
1075	-0.231249999999999999999999999999999999999999999999999999999981	6.45475720742558906625493443226163645617849361374500518095248
1076	-0.230999999999999999999999999999999999999999999999999999999981	6.46507925158279197465550381124212371338965125319359489093302
1077	-0.230749999999999999999999999999999999999999999999999999999981	6.47541843662745914357962966154429250358877598722654014909261
1078	-0.230499999999999999999999999999999999999999999999999999999981	6.4857748036899362599855415032766443089679186376022936454793
1079	-0.230249999999999999999999999999999999999999999999999999999981	6.49614839410021263585974983498380978852112023494096916909883
1080	-0.229999999999999999999999999999999999999999999999999999999981	6.50653924938898198415596188114833119998751314269782090107768
1081	-0.229749999999999999999999999999999999999999999999999999999981	6.5169474112887087105317225145571373633545917143816544154534
1082	-0.229499999999999999999999999999999999999999999999999999999981	6.52737292173469974654245574349129652986552150852281846623629
1083	-0.229249999999999999999999999999999999999999999999999999999981	6.53781582286618195002556009221430850892324240398749961069326
1084	-0.228999999999999999999999999999999999999999999999999999999981	6.5482761570273850984795455104995060876534156439285808326736
1085	-0.228749999999999999999999999999999999999999999999999999999981	6.55875396676863050131487076301628808461836319103607902489705
1086	-0.228499999999999999999999999999999999999999999999999999999981	6.5692492948474252569241288711811795543503750713520304017467
1087	-0.228249999999999999999999999999999999999999999999999999999981	6.57976218422956218058951406204356633571283370250633895827081
1088	-0.227999999999999999999999999999999999999999999999999999999981	6.59029267809022542931506642363743340456686549011630436666444
1089	-0.227749999999999999999999999999999999999999999999999999999981	6.60084081981510184974000932055383404717470408152030224382199
1090	-0.227499999999999999999999999999999999999999999999999999999981	6.61140665300149807535754847219841905270513426460732619982893
1091	-0.227249999999999999999999999999999999999999999999999999999981	6.62199022145946339933076895701425716853723273028830884887066
1092	-0.226999999999999999999999999999999999999999999999999999999981	6.63259156921291844926372542374299231135590824570105173312855
1093	-0.226749999999999999999999999999999999999999999999999999999981	6.64321074050078969035144923186072598636971763518838907911316
1094	-0.226499999999999999999999999999999999999999999999999999999981	6.65384777977814978339737148956461957004204645530218325294466
1095	-0.226249999999999999999999999999999999999999999999999999999981	6.66450273171736382425056000072450957159639735305419366278385
1096	-0.225999999999999999999999999999999999999999999999999999999981	6.67517564120924149127816756740880270125810102669635483497325
1097	-0.225749999999999999999999999999999999999999999999999999999981	6.68586655336419512755056511497105102857890083056709507830273
1098	-0.225499999999999999999999999999999999999999999999999999999981	6.69657551351340378447776149677971148331555972024415308945037
1099	-0.225249999999999999999999999999999999999999999999999999999981	6.70730256720998325369586796529128095154912871741982660045746
1100	-0.224999999999999999999999999999999999999999999999999999999981	6.71804776023016211406152411403856600790852940784019918577793
1101	-0.224749999999999999999999999999999999999999999999999999999981	6.72881113857446382067033812246531053406145474254045508932494
1102	-0.224499999999999999999999999999999999999999999999999999999981	6.73959274846889486287248145960040508852307666311934217645573
1103	-0.224249999999999999999999999999999999999999999999999999999981	6.75039263636613901831459046990919164931683643032799709899723
1104	-0.223999999999999999999999999999999999999999999999999999999981	6.76121084894675773009203767451958335296431242931733556647972
1105	-0.223749999999999999999999999999999999999999999999999999999981	6.77204743312039663414941691847605170976481704397390634801375
1106	-0.223499999999999999999999999999999999999999999999999999999981	6.78290243602699826411971096374310138708919006102565724387789
1107	-0.223249999999999999999999999999999999999999999999999999999981	6.79377590503802096084404958431221840602313040776615850042205
1108	-0.222999999999999999999999999999999999999999999999999999999981	6.80466788775766401386419200473788516204779217293489723846124
1109	-0.222749999999999999999999999999999999999999999999999999999981	6.81557843202409906222885049512932484914072686707270271310334
1110	-0.222499999999999999999999999999999999999999999999999999999981	6.82650758591070778200268246274611791454523376848578395629544
1111	-0.222249999999999999999999999999999999999999999999999999999981	6.83745539772732588791318633445998207668407238591931695331538
1112	-0.221999999999999999999999999999999999999999999999999999999981	6.84842191602149347661581127237914693661916747158669929030107
1113	-0.221749999999999999999999999999999999999999999999999999999981	6.8594071895797117391013011615337321186116077542849234870481
1114	-0.221499999999999999999999999999999999999999999999999999999981	6.87041126742870606981160768831441034999057416940639566267116
1115	-0.221249999999999999999999999999999999999999999999999999999981	6.88143419883669560007159349808706438536534869952978504925302
1116	-0.220999999999999999999999999999999999999999999999999999999981	6.89247603331466918348317165096997811569511284700909382013774
1117	-0.220749999999999999999999999999999999999999999999999999999981	6.90353682061766786096645861312360259871069474177650467957334
1118	-0.220499999999999999999999999999999999999999999999999999999981	6.91461661074607383316892100190309494114023070513763299778465
1119	-0.220249999999999999999999999999999999999999999999999999999981	6.9257154539469059679983368612521542846475311821062088433968
1120	-0.219999999999999999999999999999999999999999999999999999999981	6.93683340071512187106863542428390393520933310734062001282602
1121	-0.219749999999999999999999999999999999999999999999999999999981	6.9479705017949265468792895911745973359847618159822850711949
1122	-0.219499999999999999999999999999999999999999999999999999999981	6.95912680818108767857887659424742048805915714254349741997407
1123	-0.219249999999999999999999999999999999999999999999999999999981	6.97030237112025755419165782548758133779804913033356262919171
1124	-0.218999999999999999999999999999999999999999999999999999999981	6.98149724211230166721252124790127656642279439030851167151156
1125	-0.218749999999999999999999999999999999999999999999999999999981	6.99271147291163401950034127140354043095909302480478007197517
1126	-0.218499999999999999999999999999999999999999999999999999999981	7.00394511552855915442270289450062032694513511338146232127235
1127	-0.218249999999999999999999999999999999999999999999999999999981	7.01519822223062094822597011172657119552203768821474255658844
1128	-0.217999999999999999999999999999999999999999999999999999999981	7.0264708455439581876238132395559718613478208141101544702025
1129	-0.217749999999999999999999999999999999999999999999999999999981	7.03776303825466696161450544586649578019932492699610927784091
1130	-0.217499999999999999999999999999999999999999999999999999999981	7.04907485341016989555251424533549914762148351753676426751292
1131	-0.217249999999999999999999999999999999999999999999999999999981	7.06040634432059225551310724078302684478732301475892845198759
1132	-0.216999999999999999999999999999999999999999999999999999999981	7.07175756456014495099982046377181248098452986207540301261342
1133	-0.216749999999999999999999999999999999999999999999999999999981	7.08312856796851446405365912194884440521533179468648437456917
1134	-0.216499999999999999999999999999999999999999999999999999999981	7.0945194086522597328297705204395592162950374171944094173548
1135	-0.216249999999999999999999999999999999999999999999999999999981	7.1059301409862160177120028040035050294731649595223720253113
1136	-0.215999999999999999999999999999999999999999999999999999999981	7.11736081961490577803819565811397381582132925206407177609188
1137	-0.215749999999999999999999999999999999999999999999999999999981	7.12881149945395658750919417095803340421263423040962254114691
1138	-0.215499999999999999999999999999999999999999999999999999999981	7.14028223569152611635238791185418902507600305955127448900042
1139	-0.215249999999999999999999999999999999999999999999999999999981	7.15177308378973420830600638797007933017506846268529347243779
1140	-0.214999999999999999999999999999999999999999999999999999999981	7.16328409948610208048340109845358872159457612602601277975187
1141	-0.214749999999999999999999999999999999999999999999999999999981	7.17481533879499867416706433452809881043627295307857511370824
1142	-0.214499999999999999999999999999999999999999999999999999999981	7.18636685800909418457012580900133902932993968472333472202174
1143	-0.214249999999999999999999999999999999999999999999999999999981	7.1979387137008207975884794724802589578120455476898717863426
1144	-0.213999999999999999999999999999999999999999999999999999999981	7.20953096272384066154947300825133175990702739167332228816327
1145	-0.213749999999999999999999999999999999999999999999999999999981	7.22114366221452112194318919155632379179113991211471838438703
1146	-0.213499999999999999999999999999999999999999999999999999999981	7.23277686959341724709970841438157993988181513331508924862384
1147	-0.213249999999999999999999999999999999999999999999999999999981	7.244430642566761672750311228295733120142908553683918891124
1148	-0.212999999999999999999999999999999999999999999999999999999981	7.25610503912796179338230389911618036661846929697015418126465
1149	-0.212749999999999999999999999999999999999999999999999999999981	7.2678001175591043282659729787619760902484494490623016766117
1150	-0.212499999999999999999999999999999999999999999999999999999981	7.27951593643246728999804017590455618071320074466882818727269
1151	-0.212249999999999999999999999999999999999999999999999999999981	7.29125255461203938336883884310159166323378451499656483333402
1152	-0.211999999999999999999999999999999999999999999999999999999981	7.30301003125504686232020977671157003026837748444385196047013
1153	-0.211749999999999999999999999999999999999999999999999999999981	7.31478842581348787271775740392122458481145655202765292123581
1154	-0.211499999999999999999999999999999999999999999999999999999981	7.32658779803567430861455752612783312283231327952983053771022
1155	-0.211249999999999999999999999999999999999999999999999999999981	7.33840820796778120963360336394052500089700990625820686329597
1156	-0.210999999999999999999999999999999999999999999999999999999981	7.3502497159554037270431555032419618717656208453347020318948
1157	-0.210749999999999999999999999999999999999999999999999999999981	7.36211238264512168604266028976095359383918762749195696090006
1158	-0.210499999999999999999999999999999999999999999999999999999981	7.37399626898607177171695608138950659525038605981353361410313
1159	-0.210249999999999999999999999999999999999999999999999999999981	7.38590143623152736605303235267256633773060223852276486311939
1160	-0.209999999999999999999999999999999999999999999999999999999981	7.39782794594048606334657673906902329155755621193225599767944
1161	-0.209749999999999999999999999999999999999999999999999999999981	7.40977585997926489125487245424233820242690723623764115620011
1162	-0.209499999999999999999999999999999999999999999999999999999981	7.42174524052310326467822480106981052948162953431255543135681
1163	-0.209249999999999999999999999999999999999999999999999999999981	7.43373615005777369957393134491717091880660282619657781449487
1164	-0.208999999999999999999999999999999999999999999999999999999981	7.44574865138120031372479525843516683951767740665067436786256
1165	-0.208749999999999999999999999999999999999999999999999999999981	7.45778280760508514139824381107081117794255717836168846387454
1166	-0.208499999999999999999999999999999999999999999999999999999981	7.46983868215654228874218127593092006039606000104117655905689
1167	-0.208249999999999999999999999999999999999999999999999999999981	7.48191633877973995666970383952164578446098432525633995329234
1168	-0.207999999999999999999999999999999999999999999999999999999981	7.49401584153755035788665845331249278139557075142731120975923
1169	-0.207749999999999999999999999999999999999999999999999999999981	7.50613725481320755461366181958935302012560804892654152389757
1170	-0.207499999999999999999999999999999999999999999999999999999981	7.51828064331197324344753253273604654455402651634108414804026
1171	-0.207249999999999999999999999999999999999999999999999999999981	7.53044607206281051369605027432810401427164053606209213480336
1172	-0.206999999999999999999999999999999999999999999999999999999981	7.54263360642006560540446114058162376595992568609313125435313
1173	-0.206749999999999999999999999999999999999999999999999999999981	7.55484331206515769317211668140875002075063730001619159711597
1174	-0.206499999999999999999999999999999999999999999999999999999981	7.56707525500827672173298381462646829342586653640342079001899
1175	-0.206249999999999999999999999999999999999999999999999999999981	7.57932950159008931914440993705436693709515658875147751141303
1176	-0.205999999999999999999999999999999999999999999999999999999981	7.59160611848345281329438748551883931458886230410086450499655
1177	-0.205749999999999999999999999999999999999999999999999999999981	7.60390517269513737729854879461737442550550890424175388929754
1178	-0.205499999999999999999999999999999999999999999999999999999981	7.61622673156755632921414791532812787973552757978593885306048
1179	-0.205249999999999999999999999999999999999999999999999999999981	7.62857086278050461134926231225788092056897149621970359685887
1180	-0.204999999999999999999999999999999999999999999999999999999981	7.6409376343529054742912838934273000647359683666638864983503
1181	-0.204749999999999999999999999999999999999999999999999999999981	7.65332711464456539061937410409557182293826322071945321637932
1182	-0.204499999999999999999999999999999999999999999999999999999981	7.665739372357937223100838887575511903012045379439615026235
1183	-0.204249999999999999999999999999999999999999999999999999999981	7.67817447653989167200124180668414577348827269530296315325782
1184	-0.203999999999999999999999999999999999999999999999999999999981	7.69063249658349702596242170739057751898407893125804845334465
1185	-0.203749999999999999999999999999999999999999999999999999999981	7.70311350222980724072131770117206761539119516797530449904321
1186	-0.203499999999999999999999999999999999999999999999999999999981	7.71561756356965836975553016518393363940384926238412457758041
1187	-0.203249999999999999999999999999999999999999999999999999999981	7.72814475104547337074876161969601776359951019026984596682547
1188	-0.202999999999999999999999999999999999999999999999999999999981	7.74069513545307531157058391835154264401428537503433219108928
1189	-0.202749999999999999999999999999999999999999999999999999999981	7.75326878794350899926026480267656610527335369474642750551287
1190	-0.202499999999999999999999999999999999999999999999999999999981	7.76586578002487105529355257575291241439193025490790043699476
1191	-0.202249999999999999999999999999999999999999999999999999999981	7.77848618356414846019425589025976553854553426723513146266692
1192	-0.201999999999999999999999999999999999999999999999999999999981	7.79113007078906559032905825095907916968130387694720297966187
1193	-0.201749999999999999999999999999999999999999999999999999999981	7.80379751428993976949416398441042055744444670644660378861299
1194	-0.201499999999999999999999999999999999999999999999999999999981	7.8164885870215453576659726446178701071477720396780636795577
1195	-0.201249999999999999999999999999999999999999999999999999999981	7.82920336230498639904490892620342773313726095537318243202447
1196	-0.200999999999999999999999999999999999999999999999999999999981	7.84194191382957785127168025472247267937708804297443771974054
1197	-0.200749999999999999999999999999999999999999999999999999999981	7.8547043156547354174384776850929166669273179935986901916141
1198	-0.200499999999999999999999999999999999999999999999999999999981	7.86749064221187400225385916740037420496542721321122935212225
1199	-0.200249999999999999999999999999999999999999999999999999999981	7.88030096830631481344913744857664525470186728808126552936674
1200	-0.199999999999999999999999999999999999999999999999999999999981	7.89313536911920112923591586773395774972516672536867201345711
1201	-0.199749999999999999999999999999999999999999999999999999999981	7.90599392020942275233885023082694515037283776230694737021967
1202	-0.199499999999999999999999999999999999999999999999999999999981	7.91887669751554917083463810882497176748591504918392172729443
1203	-0.199249999999999999999999999999999999999999999999999999999981	7.93178377735777144572752069186091057905894148268789694859177
1204	-0.198999999999999999999999999999999999999999999999999999999981	7.94471523643985284488309722949234436617076068754289793712648
1205	-0.198749999999999999999999999999999999999999999999999999999981	7.95767115185108824262586662731979080872303235986977027069872
1206	-0.198499999999999999999999999999999999999999999999999999999981	7.9706516010682723039814915118686341441368526508335598115941
1207	-0.198249999999999999999999999999999999999999999999999999999981	7.98365666195767647221219157629970527103666724637566534965339
1208	-0.197999999999999999999999999999999999999999999999999999999981	7.99668641277703477795277780684264292875902178677368390390281
1209	-0.197749999999999999999999999999999999999999999999999999999981	8.00974093217753848790549773329123686745950546150148667757434
1210	-0.197499999999999999999999999999999999999999999999999999999981	8.02282029920583961069393252884425884768805970725739097137558
1211	-0.197249999999999999999999999999999999999999999999999999999981	8.03592459330606327710952587113473945819739799710472095334539
1212	-0.196999999999999999999999999999999999999999999999999999999981	8.04905389432182901160878608772959699663493386539125442644842
1213	-0.196749999999999999999999999999999999999999999999999999999981	8.0622082824982809115346391901461947914394227704728742107464
1214	-0.196499999999999999999999999999999999999999999999999999999981	8.07538783848412675014167068879766458095683876909112044640334
1215	-0.196249999999999999999999999999999999999999999999999999999981	8.08859264333368601910192607860404252221318779351366834951893
1216	-0.195999999999999999999999999999999999999999999999999999999981	8.10182277850894692575538882459590949036631400000918140594573
1217	-0.195749999999999999999999999999999999999999999999999999999981	8.11507832588163235994706349240207095889931816805397615710117
1218	-0.195499999999999999999999999999999999999999999999999999999981	8.12835936773527484486060096222720235341319544387568078126518
1219	-0.195249999999999999999999999999999999999999999999999999999981	8.14166598676730048581645067507638702108092281273270455812859
1220	-0.194999999999999999999999999999999999999999999999999999999981	8.15499826609112193055044742820743441073683035626888787625532
1221	-0.194749999999999999999999999999999999999999999999999999999981	8.16835628923824035402637077489402900270155561777719930992022
1222	-0.194499999999999999999999999999999999999999999999999999999981	8.18174014016035648036318453993549097720593314511894593649573
1223	-0.194249999999999999999999999999999999999999999999999999999981	8.19514990323149065397420078786411327982674153072178952743744
1224	-0.193999999999999999999999999999999999999999999999999999999981	8.20858566325011197152114269447218742102700927840709129018372
1225	-0.193749999999999999999999999999999999999999999999999999999981	8.22204750544127648578082752629040046879898058404682302797839
1226	-0.193499999999999999999999999999999999999999999999999999999981	8.23553551545877449200577507703671805772439738698489044499251
1227	-0.193249999999999999999999999999999999999999999999999999999981	8.2490497793872869068322865569408028403187411537428738245059
1228	-0.192999999999999999999999999999999999999999999999999999999981	8.26259038374455074925024951821115462452111855253376518951385
1229	-0.192749999999999999999999999999999999999999999999999999999981	8.27615741548353373259791865490819681303731082135775655580527
1230	-0.192499999999999999999999999999999999999999999999999999999981	8.2897509619946179759820102173196137622902040876803550398633
1231	-0.192249999999999999999999999999999999999999999999999999999981	8.30337111110779284294843652325629666387272073307454026080576
1232	-0.191999999999999999999999999999999999999999999999999999999981	8.31701795109485691464170100153565682495928486398020153946157
1233	-0.191749999999999999999999999999999999999999999999999999999981	8.33069157067162910409117487418196873603373595447029035808308
1234	-0.191499999999999999999999999999999999999999999999999999999981	8.3443920590001689176499825802791282900955580354435919531903
1235	-0.191249999999999999999999999999999999999999999999999999999981	8.35811950569100586898683003203702618304874535642280992888301
1236	-0.190999999999999999999999999999999999999999999999999999999981	8.37187400080537805039261045792841654972167631316361296354383
1237	-0.190749999999999999999999999999999999999999999999999999999981	8.38565563485747986551180659307462193424815861745473291117859
1238	-0.190499999999999999999999999999999999999999999999999999999981	8.39946449881671892694336192570678254740210604425098022689313
1239	-0.190249999999999999999999999999999999999999999999999999999981	8.41330068410998212147660109929078506413112687094540283042547
1240	-0.189999999999999999999999999999999999999999999999999999999981	8.42716428262391084503472075608557568162604460116910249726626
1241	-0.189749999999999999999999999999999999999999999999999999999981	8.44105538670718540869112425486157674867475629649400192171879
1242	-0.189499999999999999999999999999999999999999999999999999999981	8.45497408917281861640221073765592069309429242372141830857055
1243	-0.189249999999999999999999999999999999999999999999999999999981	8.46892048330045851436392161776000262174096423294835111518157
1244	-0.188999999999999999999999999999999999999999999999999999999981	8.48289466283870031114816305512993181784900147535691762414464
1245	-0.188749999999999999999999999999999999999999999999999999999981	8.49689672200740746700892535456710627976390788248642850582235
1246	-0.188499999999999999999999999999999999999999999999999999999981	8.51092675550004194996627003671150250105316906719212015077135
1247	-0.188249999999999999999999999999999999999999999999999999999981	8.5249848584860036554791097087708767686528975977929208594599
1248	-0.187999999999999999999999999999999999999999999999999999999981	8.53907112661297898570461841772695510873126543998515948336551
1249	-0.187749999999999999999999999999999999999999999999999999999981	8.55318565600929858351293097366266271745671210210028695751324
1250	-0.187499999999999999999999999999999999999999999999999999999981	8.56732854328630421558026526112579441830795001427754465951675
1251	-0.187249999999999999999999999999999999999999999999999999999981	8.58149988554072479802147464668753864498276491288150238900299
1252	-0.186999999999999999999999999999999999999999999999999999999981	8.59569978035706155714404738561700078880517047510771754320891
1253	-0.186749999999999999999999999999999999999999999999999999999981	8.60992832580998231700945183542862807884587874046814875331447
1254	-0.186499999999999999999999999999999999999999999999999999999981	8.62418562046672490457421191601835030645644458531336722879456
1255	-0.186249999999999999999999999999999999999999999999999999999981	8.63847176338950966225191439365149154354503376900285692392255
1256	-0.185999999999999999999999999999999999999999999999999999999981	8.65278685413796105678822209842162063785048122896075856781988
1257	-0.185749999999999999999999999999999999999999999999999999999981	8.6671309927715383723736150606983977106775489202942873624461
1258	-0.185499999999999999999999999999999999999999999999999999999981	8.68150427985197547493272072794263319645322628450729403534753
1259	-0.185249999999999999999999999999999999999999999999999999999981	8.69590681644572963352443681077135641160682710774230408150508
1260	-0.184999999999999999999999999999999999999999999999999999999981	8.71033870412643938376330372023706498355194546874507824668975
1261	-0.184749999999999999999999999999999999999999999999999999999981	8.724800044977391417129451659509837232142670723813206219028
1262	-0.184499999999999999999999999999999999999999999999999999999981	8.73929094159399647897162967949961994875808003811570548225235
1263	-0.184249999999999999999999999999999999999999999999999999999981	8.75381149708627425692501559599675808250190789244487713197782
1264	-0.183999999999999999999999999999999999999999999999999999999981	8.76836181508134724036239747635666470191342500100806448915364
1265	-0.183749999999999999999999999999999999999999999999999999999981	8.78294199972594353037359594541471636196834105269512851984936
1266	-0.183499999999999999999999999999999999999999999999999999999981	8.79755215568890857862334391340837288172958877694230518955734
1267	-0.183249999999999999999999999999999999999999999999999999999981	8.8121923881637258322719340875348182833600120363907561419865
1268	-0.182999999999999999999999999999999999999999999999999999999981	8.82686280287104626095545784389473493293100053237378639123335
1269	-0.182749999999999999999999999999999999999999999999999999999981	8.84156350606122674061306015609511844422549468014416461190686
1270	-0.182499999999999999999999999999999999999999999999999999999981	8.85629460451687726771698808725485226538129382942983010113026
1271	-0.182249999999999999999999999999999999999999999999999999999981	8.87105620555541697620697391870564396270919276948948893828093
1272	-0.181999999999999999999999999999999999999999999999999999999981	8.88584841703163892815332259453650263759069430226287681376639
1273	-0.181749999999999999999999999999999999999999999999999999999981	8.90067134734028364787261624649102737501313715129564769794672
1274	-0.181499999999999999999999999999999999999999999999999999999981	8.91552510541862136789585066398318449144107766531943551180272
1275	-0.181249999999999999999999999999999999999999999999999999999981	8.93040980074904295384071925729689121010860910813247054918862
1276	-0.180999999999999999999999999999999999999999999999999999999981	8.94532554336165947386729386619385740403040137038564227579408
1277	-0.180749999999999999999999999999999999999999999999999999999981	8.96027244383691037699914813490761074366980633385005408966811
1278	-0.180499999999999999999999999999999999999999999999999999999981	8.97525061330818024316965239309010590988306926266568894420347
1279	-0.180249999999999999999999999999999999999999999999999999999981	8.99026016346442406640535811236862147783343512140808745327978
1280	-0.179999999999999999999999999999999999999999999999999999999981	9.00530120655280103108469882211247243048100144396360206470109
1281	-0.179749999999999999999999999999999999999999999999999999999981	9.02037385538131673971027128241040480779398113671652412945206
1282	-0.179499999999999999999999999999999999999999999999999999999981	9.03547822332147384910632872089834936108884027673207357287659
1283	-0.179249999999999999999999999999999999999999999999999999999981	9.05061442431093107039941454613196521335770140657539631424213
1284	-0.178999999999999999999999999999999999999999999999999999999981	9.06578257285617048655888209780131905978980317634778260975658
1285	-0.178749999999999999999999999999999999999999999999999999999981	9.08098278403517313966496999919494469627806658787995008139375
1286	-0.178499999999999999999999999999999999999999999999999999999981	9.09621517350010283843471415791345235872220757885228728561241
1287	-0.178249999999999999999999999999999999999999999999999999999981	9.11147985747999813486985126640870021662647939575469267854687
1288	-0.177999999999999999999999999999999999999999999999999999999981	9.12677695278347241719557379432816491874550806288081685545505
1289	-0.177749999999999999999999999999999999999999999999999999999981	9.1421065768014220645340960381996293902232696047850754832127
1290	-0.177499999999999999999999999999999999999999999999999999999981	9.15746884750974260700204191494812193921641549575988606466167
1291	-0.177249999999999999999999999999999999999999999999999999999981	9.17286388347205283313521891102723957605593220415609060336478
1292	-0.176999999999999999999999999999999999999999999999999999999981	9.18829180384242678472794385425256539819343134832493687318328
1293	-0.176749999999999999999999999999999999999999999999999999999981	9.20375272836813357732627368055481616539562799796059700269977
1294	-0.176499999999999999999999999999999999999999999999999999999981	9.21924677739238498273480056144692890321621949109341382578337
1295	-0.176249999999999999999999999999999999999999999999999999999981	9.23477407185709070798462172145370534401644909994153305461445
1296	-0.175999999999999999999999999999999999999999999999999999999981	9.25033473330562130326520965562988746275572273697921653937347
1297	-0.175749999999999999999999999999999999999999999999999999999981	9.26592888388557862934470139186612293314953747232685991766147
1298	-0.175499999999999999999999999999999999999999999999999999999981	9.281556646351573812991102477879208604117889062824914426729
1299	-0.175249999999999999999999999999999999999999999999999999999981	9.29721814406801261686056238742015220411616093649384723122851
1300	-0.174999999999999999999999999999999999999999999999999999999981	9.31291350101188814823771616556653563860477545143309897523278
1301	-0.174749999999999999999999999999999999999999999999999999999981	9.32864284177558082889658867255143454665191758740047356188834
1302	-0.174499999999999999999999999999999999999999999999999999999981	9.3444062915696655461982021344567643753607772266504834606928
1303	-0.174249999999999999999999999999999999999999999999999999999981	9.360203976225725903352287272277700624325680320338976230276
1304	-0.173999999999999999999999999999999999999999999999999999999981	9.3760360221991754845448383911529147323459273281058906365112
1305	-0.173749999999999999999999999999999999999999999999999999999981	9.39190255657208604837013164669125051788488443886519771546004
1306	-0.173499999999999999999999999999999999999999999999999999999981	9.40780370705602256070469420444543282646479254834144301014545
1307	-0.173249999999999999999999999999999999999999999999999999999981	9.42373960199488497582101378801651591530790284628820757746116
1308	-0.172999999999999999999999999999999999999999999999999999999981	9.4397103703677566721599493796690795083821895825088159985736
1309	-0.172749999999999999999999999999999999999999999999999999999981	9.45571614179175944676227331013328884858810346567418459761472
1310	-0.172499999999999999999999999999999999999999999999999999999981	9.47175704652491496990096378749667027400554696775274719597577
1311	-0.172249999999999999999999999999999999999999999999999999999981	9.48783321546901259895618853852539927623942991164883501005098
1312	-0.171999999999999999999999999999999999999999999999999999999981	9.50394478017248344803378038543732537039031876146219732554883
1313	-0.171749999999999999999999999999999999999999999999999999999981	9.52009187283328060724480213123293116626856612574487046976245
1314	-0.171499999999999999999999999999999999999999999999999999999981	9.53627462630176540293792102068235465282739645209473016709986
1315	-0.171249999999999999999999999999999999999999999999999999999981	9.55249317408359958750714420542400192306727243371032681049649
1316	-0.170999999999999999999999999999999999999999999999999999999981	9.56874765034264334468437988374089365503406513142058841439523
1317	-0.170749999999999999999999999999999999999999999999999999999981	9.58503818990385899346864972112797347551308339124594975800577
1318	-0.170499999999999999999999999999999999999999999999999999999981	9.60136492825622027104094410748549000314454241384740319568528
1319	-0.170249999999999999999999999999999999999999999999999999999981	9.61772800155562707216503170762629998156287482892622895977938
1320	-0.169999999999999999999999999999999999999999999999999999999981	9.63412754662782551967934907451729382547346446058167096023467
1321	-0.169749999999999999999999999999999999999999999999999999999981	9.65056370097133323774273671082577584362286310234312563141922
1322	-0.169499999999999999999999999999999999999999999999999999999981	9.66703660276036969650657811266887757382204384697840119022571
1323	-0.169249999999999999999999999999999999999999999999999999999981	9.68354639084779149384715248181937124938910256195834536672524
1324	-0.168999999999999999999999999999999999999999999999999999999981	9.70009320476803243670403556927775774654738327289095459851089
1325	-0.168749999999999999999999999999999999999999999999999999999981	9.71667718474004828143247318756932688803486634565874486812574
1326	-0.168499999999999999999999999999999999999999999999999999999981	9.73329847167026598938909593235164362885537670982668294015258
1327	-0.168249999999999999999999999999999999999999999999999999999981	9.74995720715553735073042007817334471463056557631938680444809
1328	-0.167999999999999999999999999999999999999999999999999999999981	9.76665353348609682611155771530400713680709654963906134974026
1329	-0.167749999999999999999999999999999999999999999999999999999981	9.78338759364852345262769889859815306014125690393001714179851
1330	-0.167499999999999999999999999999999999999999999999999999999981	9.80015953132870665694248037919257454642191961166503431205388
1331	-0.167249999999999999999999999999999999999999999999999999999981	9.81696949091481581509456035087758926817970458851749777203306
1332	-0.166999999999999999999999999999999999999999999999999999999981	9.83381761750027339496580790369564049369737464247454172271319
1333	-0.166749999999999999999999999999999999999999999999999999999981	9.85070405688673151383071115028477295784252964242232267060799
1334	-0.166499999999999999999999999999999999999999999999999999999981	9.86762895558705173978612106306381560557779805159415342144781
1335	-0.166249999999999999999999999999999999999999999999999999999981	9.88459246082828796218248079499790760850504891321300192197503
1336	-0.165999999999999999999999999999999999999999999999999999999981	9.90159472055467215244143449086775915012590612966260847629209
1337	-0.165749999999999999999999999999999999999999999999999999999981	9.91863588343060283284934704182861724805151200440580583613284
1338	-0.165499999999999999999999999999999999999999999999999999999981	9.93571609884363606706096837969004030715386842900274475840402
1339	-0.165249999999999999999999999999999999999999999999999999999981	9.95283551690747878213140390788282056434197234437372491260687
1340	-0.164999999999999999999999999999999999999999999999999999999981	9.96999428846498422791685725438998890022503024963898468111548
1341	-0.164749999999999999999999999999999999999999999999999999999981	9.98719256509114937564443290921000238533132991010101399445448
1342	-0.164499999999999999999999999999999999999999999999999999999981	10.0044304990961140533477540450531610778845610582994682047991
1343	-0.164249999999999999999999999999999999999999999999999999999981	10.0217082435281616116973837516216109611214386609968307633611
1344	-0.163999999999999999999999999999999999999999999999999999999981	10.039025952176720909522144042484254315208707291259969741896
1345	-0.163749999999999999999999999999999999999999999999999999999981	10.0563837795753694040185033834335498595601441383376670921168
1346	-0.163499999999999999999999999999999999999999999999999999999981	10.0737818810048371262793361670100235618225128524198352469987
1347	-0.163249999999999999999999999999999999999999999999999999999981	10.0912204124960113183396214025566901988716340038979424594181
1348	-0.162999999999999999999999999999999999999999999999999999999981	10.1086995308329415034341065436363031449415533309126214673927
1349	-0.162749999999999999999999999999999999999999999999999999999981	10.1262193935558447565896681275159120846120074053438388380291
1350	-0.162499999999999999999999999999999999999999999999999999999981	10.1437801589641109380320945987657412291242256473868109179906
1351	-0.162249999999999999999999999999999999999999999999999999999981	10.1613819861193076471723276242244429271706282606694121739172
1352	-0.161999999999999999999999999999999999999999999999999999999981	10.179025034848184650149844020343582007899506381145913036578
1353	-0.161749999999999999999999999999999999999999999999999999999981	10.1967094657456775290498469923785521911462641820432883261718
1354	-0.161499999999999999999999999999999999999999999999999999999981	10.2144354401779102959752567579701800666008413643015305700816
1355	-0.161249999999999999999999999999999999999999999999999999999981	10.2322031202851967101431288676753789106268530909035109383018
1356	-0.160999999999999999999999999999999999999999999999999999999981	10.2500126689850400310870536555411660227226677193743740949918
1357	-0.160749999999999999999999999999999999999999999999999999999981	10.2678642499751309358812601079521747365946834847567819767179
1358	-0.160499999999999999999999999999999999999999999999999999999981	10.2857580277363433230575076228966906957834159597274829415715
1359	-0.160249999999999999999999999999999999999999999999999999999981	10.3036941675357277205613328788130952758563263242622023886659
1360	-0.159999999999999999999999999999999999999999999999999999999981	10.3216728354295020096887471172919224707015713355035106116939
1361	-0.159749999999999999999999999999999999999999999999999999999981	10.3396941982660391714569597838509420150156279332015364662417
1362	-0.159499999999999999999999999999999999999999999999999999999981	10.3577584236888517562920332259011556543588281763244413532445
1363	-0.159249999999999999999999999999999999999999999999999999999981	10.3758656801395727722614328227149623915728680894271968378363
1364	-0.158999999999999999999999999999999999999999999999999999999981	10.3940161368609326813390974732496094738156701358389150951063
1365	-0.158749999999999999999999999999999999999999999999999999999981	10.4122099638997321873637738011293429243612467155254955429408
1366	-0.158499999999999999999999999999999999999999999999999999999981	10.430447332109810493436777716125894468271734844024186338128
1367	-0.158249999999999999999999999999999999999999999999999999999981	10.4487284131550087005018999249013536093878717707505641825377
1368	-0.157999999999999999999999999999999999999999999999999999999981	10.4670533795121280127566752064846564113051069160271678771184
1369	-0.157749999999999999999999999999999999999999999999999999999981	10.4854224044738824093594930324260720492527920231334499787897
1370	-0.157499999999999999999999999999999999999999999999999999999981	10.5038356621518454356198302754806596752970926164548601621321
1371	-0.157249999999999999999999999999999999999999999999999999999981	10.522293327479390760488012666631364310617918016935465331292
1372	-0.156999999999999999999999999999999999999999999999999999999981	10.5407955762146261406951240868623997143763370249767127598662
1373	-0.156749999999999999999999999999999999999999999999999999999981	10.5593425849433204253317317942288125964475579842528807773131
1374	-0.156499999999999999999999999999999999999999999999999999999981	10.5779345310818232279947175973866438695368491219472637936978
1375	-0.156249999999999999999999999999999999999999999999999999999981	10.5965715928799768868734222500835262481529380384942739015571
1376	-0.155999999999999999999999999999999999999999999999999999999981	10.6152539494240203262882314774861017745241824565351707072577
1377	-0.155749999999999999999999999999999999999999999999999999999981	10.6339817806394844262353515575180711171969940406138785552172
1378	-0.155499999999999999999999999999999999999999999999999999999981	10.6527552672940784994295206742515256756892571936891370448832
1379	-0.155249999999999999999999999999999999999999999999999999999981	10.6715745910005674681704455663142604806236436330517111122219
1380	-0.154999999999999999999999999999999999999999999999999999999981	10.6904399342196393260874932905537126890356993668068363804892
1381	-0.154749999999999999999999999999999999999999999999999999999981	10.7093514802627624624392428640030572681032844668457295416727
1382	-0.154499999999999999999999999999999999999999999999999999999981	10.7283094132950324191585343927331425810429020414794411339107
1383	-0.154249999999999999999999999999999999999999999999999999999981	10.7473139183380076432382528351080671031492418005589861896408
1384	-0.153999999999999999999999999999999999999999999999999999999981	10.7663651812725337893468440361823862314097217195055793998169
1385	-0.153749999999999999999999999999999999999999999999999999999981	10.7854633888415561197440617678355752937073777698976950912034
1386	-0.153499999999999999999999999999999999999999999999999999999981	10.804608728652919540635251213358036103512199575489951017301
1387	-0.153249999999999999999999999999999999999999999999999999999981	10.8238013891821558060551369229838392170759218674029977341505
1388	-0.152999999999999999999999999999999999999999999999999999999981	10.8430415597752574122081372388082884704544646658256648101755
1389	-0.152749999999999999999999999999999999999999999999999999999981	10.8623294306514376969101932134922421854496700083342152071946
1390	-0.152499999999999999999999999999999999999999999999999999999981	10.881665192905876650375483915686549511794489519243290898605
1391	-0.152249999999999999999999999999999999999999999999999999999981	10.901049038512451935068692585971021785126882730419910879551
1392	-0.151999999999999999999999999999999999999999999999999999999981	10.9204811603264546036981652671329936113756303072335060582614
1393	-0.151749999999999999999999999999999999999999999999999999999981	10.9399617520872889956558261550647818812900265575662131406923
1394	-0.151499999999999999999999999999999999999999999999999999999981	10.9594910084211562833145278240584570398992141521119373128554
1395	-0.151249999999999999999999999999999999999999999999999999999981	10.9790691248437211305710504115256945767741278608342010789876
1396	-0.150999999999999999999999999999999999999999999999999999999981	10.9986962977627609168716374275916351541164816688996386491753
1397	-0.150749999999999999999999999999999999999999999999999999999981	11.0183727244807969706751675714447315619141118628664866801658
1398	-0.150499999999999999999999999999999999999999999999999999999981	11.0380986031977072468951971159604250195783364959473710725419
1399	-0.150249999999999999999999999999999999999999999999999999999981	11.0578741330133198733145362158232045280333836218014197314156
1400	-0.149999999999999999999999999999999999999999999999999999999981	11.077699513929986981283099864582971858616424071641221865764
1401	-0.149749999999999999999999999999999999999999999999999999999981	11.0975749468551382261898399394213710563530382545488450674049
1402	-0.149499999999999999999999999999999999999999999999999999999981	11.117500633603813393240943397222746807514646605751010024088
1403	-0.149249999999999999999999999999999999999999999999999999999981	11.1374767769011734739774825945537418351439102734463177514907
1404	-0.148999999999999999999999999999999999999999999999999999999981	11.1575035803849895887246210823425368542848838004090808549917
1405	-0.148749999999999999999999999999999999999999999999999999999981	11.1775812486081091197795910840684845716655382902673374842165
1406	-0.148499999999999999999999999999999999999999999999999999999981	11.1977099870408984096152310595128803031427586186308018142446
1407	-0.148249999999999999999999999999999999999999999999999999999981	11.2178900020736613676981520096420620591520620413025095229252
1408	-0.147999999999999999999999999999999999999999999999999999999981	11.2381215010190333186938231177520824521262282209897661079035
1409	-0.147749999999999999999999999999999999999999999999999999999981	11.258404692114349413853249511375496936590922385543447863833
1410	-0.147499999999999999999999999999999999999999999999999999999981	11.2787397845239869162456609142676337366085301029800934340267
1411	-0.147249999999999999999999999999999999999999999999999999999981	11.2991269883416806592169283161203496695817257086507322232234
1412	-0.146999999999999999999999999999999999999999999999999999999981	11.3195665145928109660124501875514363341771492983262554480842
1413	-0.146749999999999999999999999999999999999999999999999999999981	11.3400585752366633069041590321905210344854214767132466286525
1414	-0.146499999999999999999999999999999999999999999999999999999981	11.3606033831686589584022372460888476383964739550436564102107
1415	-0.146249999999999999999999999999999999999999999999999999999981	11.3812011522225559172112277038514474589507455042948769618722
1416	-0.145999999999999999999999999999999999999999999999999999999981	11.4018520971726193095055939621922130698175461302584790182687
1417	-0.145749999999999999999999999999999999999999999999999999999981	11.4225564337357605238495277072300900770234735589557496428153
1418	-0.145499999999999999999999999999999999999999999999999999999981	11.4433143785736442836680029093492876070364244354875017168503
1419	-0.145249999999999999999999999999999999999999999999999999999981	11.4641261492947628625888086351236793756498932702210072705543
1420	-0.144999999999999999999999999999999999999999999999999999999981	11.4849919644564766332166129770249242790626311596811734573836
1421	-0.144749999999999999999999999999999999999999999999999999999981	11.5059120435670201269680624385488030983014970254675409898321
1422	-0.144499999999999999999999999999999999999999999999999999999981	11.5268866070874727694895337992690312659267776319941074887202
1423	-0.144249999999999999999999999999999999999999999999999999999981	11.5479158764336934428944446807936239289844548146774937758727
1424	-0.143999999999999999999999999999999999999999999999999999999981	11.5690000739782180125929968571509808085486369996012103617153
1425	-0.143749999999999999999999999999999999999999999999999999999981	11.5901394230521189428418615071860830545292506196693914479762
1426	-0.143499999999999999999999999999999999999999999999999999999981	11.6113341479468261113125935693765375287970285548526570982657
1427	-0.143249999999999999999999999999999999999999999999999999999981	11.632584473915907918963445574378021494111314666095777809604
1428	-0.142999999999999999999999999999999999999999999999999999999981	11.6538906271768117772976894126126819375409381269302557971409
1429	-0.142749999999999999999999999999999999999999999999999999999981	11.6752528349125630407004844477262058668621008235594639769098
1430	-0.142499999999999999999999999999999999999999999999999999999981	11.6966713252734214369636768354342493741623758537686311921911
1431	-0.142249999999999999999999999999999999999999999999999999999981	11.7181463273784940343315903366389921556661791706417043375484
1432	-0.141999999999999999999999999999999999999999999999999999999981	11.7396780713173037684287739265610463029952455614982788133489
1433	-0.141749999999999999999999999999999999999999999999999999999981	11.7612667881513125372606950871433548407772842629919887478582
1434	-0.141499999999999999999999999999999999999999999999999999999981	11.782912709915397857108387486324852464524643078483433172781
1435	-0.141249999999999999999999999999999999999999999999999999999981	11.80461606961928205656594441910595032981601603902950735972
1436	-0.140999999999999999999999999999999999999999999999999999999981	11.8263771012489129701933508132954941528243029344534231749831
1437	-0.140749999999999999999999999999999999999999999999999999999981	11.8481960397677950772743122931700976268123903852962870515153
1438	-0.140499999999999999999999999999999999999999999999999999999981	11.8700731211182700149773051988146126803442986660128015053354
1439	-0.140249999999999999999999999999999999999999999999999999999981	11.8920085822227453788158623334850129560068315789311123892192
1440	-0.139999999999999999999999999999999999999999999999999999999981	11.9140026609848707066889419900693938401067836893067308726911
1441	-0.139749999999999999999999999999999999999999999999999999999981	11.936055596290659525951909994122893469362999105561753458883
1442	-0.139499999999999999999999999999999999999999999999999999999981	11.9581676280095563259209950762709239604904307305971335356998
1443	-0.139249999999999999999999999999999999999999999999999999999981	11.980338996995447300946847736154468317238846168032030951228
1444	-0.138999999999999999999999999999999999999999999999999999999981	12.0025699450876136917038251169649116867059862484664907636936
1445	-0.138749999999999999999999999999999999999999999999999999999981	12.0248607151116265346286153188763030783960767809872590611104
1446	-0.138499999999999999999999999999999999999999999999999999999981	12.0472115508801816115025733801301162785112016908796320850969
1447	-0.138249999999999999999999999999999999999999999999999999999981	12.0696226971938733730044309811263050097337302995496382861916
1448	-0.137999999999999999999999999999999999999999999999999999999981	12.0920943998419065916616202333581400660814794279574966082895
1449	-0.137749999999999999999999999999999999999999999999999999999981	12.114626905602744480997071017399720777424085566040072969346
1450	-0.137499999999999999999999999999999999999999999999999999999981	12.1372204622446919988017489756459887118574987853668174562125
1451	-0.137249999999999999999999999999999999999999999999999999999981	12.1598753185264130333591412035694046587842989744440855786897
1452	-0.136999999999999999999999999999999999999999999999999999999981	12.1825917241973801521041092991838311872123798817734843873498
1453	-0.136749999999999999999999999999999999999999999999999999999981	12.2053699299982555726127523621495534376624230159978125515064
1454	-0.136499999999999999999999999999999999999999999999999999999981	12.2282101876612019959898913327970822295118066093472646710904
1455	-0.136249999999999999999999999999999999999999999999999999999981	12.251112749910121922644234873020247457215275584460411948476
1456	-0.135999999999999999999999999999999999999999999999999999999981	12.274077870460824050115949261875453966621958990425861303532
1457	-0.135749999999999999999999999999999999999999999999999999999981	12.297105804021115332044963987817509351506682991724806636096
1458	-0.135499999999999999999999999999999999999999999999999999999981	12.3201968062908172565386351367682223974730289304467618572899
1459	-0.135249999999999999999999999999999999999999999999999999999981	12.3433511339617048811120961470369886635181430786887936554524
1460	-0.134999999999999999999999999999999999999999999999999999999981	12.3665690447173671400314882645246082853662702518548547279087
1461	-0.134749999999999999999999999999999999999999999999999999999981	12.3898507972329869182870225520326091588475851618665122495179
1462	-0.134499999999999999999999999999999999999999999999999999999981	12.4131966511750393645572271545348001247690910209306927841373
1463	-0.134249999999999999999999999999999999999999999999999999999981	12.4366068672009068933955282707403638400621973620685269880396
1464	-0.133999999999999999999999999999999999999999999999999999999981	12.4600817069584093044732574376584314144753728738832815768906
1465	-0.133749999999999999999999999999999999999999999999999999999981	12.4836214330852474240470347043061487102800524756510367000881
1466	-0.133499999999999999999999999999999999999999999999999999999981	12.5072263092083586508810183512335566816815708219520303614371
1467	-0.133249999999999999999999999999999999999999999999999999999981	12.5308965999431827656435172233795656076303399688063964578368
1468	-0.132999999999999999999999999999999999999999999999999999999981	12.5546325708928363393107216873922506119413840363098717271471
1469	-0.132749999999999999999999999999999999999999999999999999999981	12.5784344886471940523456249834280207772935886830548263540765
1470	-0.132499999999999999999999999999999999999999999999999999999981	12.6023026207818752123753918103505315837849320721789930137464
1471	-0.132249999999999999999999999999999999999999999999999999999981	12.6262372358571337337633122378459469582945392053721212968569
1472	-0.131999999999999999999999999999999999999999999999999999999981	12.6502386034166498178598979416809876672171938162045883478636
1473	-0.131749999999999999999999999999999999999999999999999999999981	12.6743069939862215478194916023221157310029472226229050744372
1474	-0.131499999999999999999999999999999999999999999999999999999981	12.6984426790723545866818434993334672351689093697236983344236
1475	-0.131249999999999999999999999999999999999999999999999999999981	12.722645931160748141940354718028101440098164988407772171396
1476	-0.130999999999999999999999999999999999999999999999999999999981	12.7469170237146753340480066049985929386877189873105883121341
1477	-0.130749999999999999999999999999999999999999999999999999999981	12.7712562311732560802463250159339714643728648545258588502715
1478	-0.130499999999999999999999999999999999999999999999999999999981	12.7956638289496205787400219979097139459912819403678225294789
1479	-0.130249999999999999999999999999999999999999999999999999999981	12.8201400934289614515781974916707290839735299674514554874092
1480	-0.129999999999999999999999999999999999999999999999999999999981	12.8446853019664725776401757642299743056046275197567745219038
1481	-0.129749999999999999999999999999999999999999999999999999999981	12.8692997328851726198582291926803623950786009916360765677101
1482	-0.129499999999999999999999999999999999999999999999999999999981	12.893983665473611223238668218074792709425998825183112729618
1483	-0.129249999999999999999999999999999999999999999999999999999981	12.9187373799834558323651438503614166414920979302623622603451
1484	-0.128999999999999999999999999999999999999999999999999999999981	12.9435611576269570488816434105565604582256065302650742626357
1485	-0.128749999999999999999999999999999999999999999999999999999981	12.9684552805742904209557207026245823677318687799998717632551
1486	-0.128499999999999999999999999999999999999999999999999999999981	12.9934200319507725279131838803766254185739663882035475913501
1487	-0.128249999999999999999999999999999999999999999999999999999981	13.0184556958339491941120010676780393934493056003457040993281
1488	-0.127999999999999999999999999999999999999999999999999999999981	13.0435625572505536366838481792773710096476906005509432289376
1489	-0.127749999999999999999999999999999999999999999999999999999981	13.0687409021733323220148299618030357508912766451322328480232
1490	-0.127499999999999999999999999999999999999999999999999999999981	13.0939910175177362757608123731575997671224522385851828461728
1491	-0.127249999999999999999999999999999999999999999999999999999981	13.119313191138475560795916244917116717178812958633237227806
1492	-0.126999999999999999999999999999999999999999999999999999999981	13.1447077118259346067734909459192642419530387877236188715295
1493	-0.126749999999999999999999999999999999999999999999999999999981	13.1701748693024460439358149436036282538701461018554534251198
1494	-0.126499999999999999999999999999999999999999999999999999999981	13.19571495421842066244041271923406167380789846434635357357
1495	-0.126249999999999999999999999999999999999999999999999999999981	13.2213282581483310867758442718542733955464983762220084026423
1496	-0.125999999999999999999999999999999999999999999999999999999981	13.2470150735865467228167815494869276413695318418343925355822
1497	-0.125749999999999999999999999999999999999999999999999999999981	13.272775693943017502715862419260877656571318633565117234989
1498	-0.125499999999999999999999999999999999999999999999999999999981	13.298610413538803920146996351276449329139745566282773516565
1499	-0.125249999999999999999999999999999999999999999999999999999981	13.3245195276014508154003408448966488788606246990289317462894
1500	-0.124999999999999999999999999999999999999999999999999999999981	13.3505033322602023364819953252773128820610292130270044045245
1501	-0.124749999999999999999999999999999999999999999999999999999981	13.3765621245410554686905616340492872126960856532308658867683
1502	-0.124499999999999999999999999999999999999999999999999999999981	13.4026962023616494911271622952684172214752187078586750220043
1503	-0.124249999999999999999999999999999999999999999999999999999981	13.4289058645259886842444304208061048284517641835971395152271
1504	-0.123999999999999999999999999999999999999999999999999999999981	13.4551914107189955778526083563702270165741216419920126108214
1505	-0.123749999999999999999999999999999999999999999999999999999981	13.4815531415008919939765178904865019384138041915379570390444
1506	-0.123499999999999999999999999999999999999999999999999999999981	13.5079913583014051035951801024154217402708697885782820794318
1507	-0.123249999999999999999999999999999999999999999999999999999981	13.5345063634137956805957430728500374963963980599607004985341
1508	-0.122999999999999999999999999999999999999999999999999999999981	13.5610984599887057002346876739941055111056963140681926443299
1509	-0.122749999999999999999999999999999999999999999999999999999981	13.5877679520278223930216873904708174820309178360226681824584
1510	-0.122499999999999999999999999999999999999999999999999999999981	13.6145151443773558282247578844088388717952729485309878400315
1511	-0.122249999999999999999999999999999999999999999999999999999981	13.6413403427213270641393080060020170709746407759819783035157
1512	-0.121999999999999999999999999999999999999999999999999999999981	13.6682438535746638648683638909517809025041812489874637359117
1513	-0.121749999999999999999999999999999999999999999999999999999981	13.6952259842761009456266586330583465048070149240303281828089
1514	-0.121499999999999999999999999999999999999999999999999999999981	13.722287042980881670507651748191235255926302902064082338101
1515	-0.121249999999999999999999999999999999999999999999999999999981	13.7494273386532580882401721319677898328729662147964132049584
1516	-0.120999999999999999999999999999999999999999999999999999999981	13.7766471810587861527106932134905630411398614613752844560049
1517	-0.120749999999999999999999999999999999999999999999999999999981	13.8039468807564129359388022269721529000223424482450316649243
1518	-0.120499999999999999999999999999999999999999999999999999999981	13.8313267490903526017678987848099397752224863502761415930373
1519	-0.120249999999999999999999999999999999999999999999999999999981	13.8587870981817478687713664454969198547839119251284282166705
1520	-0.119999999999999999999999999999999999999999999999999999999981	13.8863282409201136507773576822326056165947182226824422033388
1521	-0.119749999999999999999999999999999999999999999999999999999981	13.9139504909545595229840127438648633613734914250789691130114
1522	-0.119499999999999999999999999999999999999999999999999999999981	13.9416541626847876208726383162588164771821648342403044041005
1523	-0.119249999999999999999999999999999999999999999999999999999981	13.9694395712518625380304960593320302001258011050369067023265
1524	-0.118999999999999999999999999999999999999999999999999999999981	13.9973070325287497475689436779939338110381573491168828658151
1525	-0.118749999999999999999999999999999999999999999999999999999981	14.0252568631106190300684429856657566708929569370489375872253
1526	-0.118499999999999999999999999999999999999999999999999999999981	14.0532893803049093489012773764676350480154088226851914369337
1527	-0.118249999999999999999999999999999999999999999999999999999981	14.0814049021211515713777534276617994636069848669168203874366
1528	-0.117999999999999999999999999999999999999999999999999999999981	14.1096037472605453914344226777443146607400072927276136850759
1529	-0.117749999999999999999999999999999999999999999999999999999981	14.1378862351052867665358564601192755597846620288191624857454
1530	-0.117499999999999999999999999999999999999999999999999999999981	14.1662526857076421380973327927801363814773158094845196600314
1531	-0.117249999999999999999999999999999999999999999999999999999981	14.1947034197787656610572363685847722692103817733224468299261
1532	-0.116999999999999999999999999999999999999999999999999999999981	14.2232387586772556242380158594774652112451934879641475079662
1533	-0.116749999999999999999999999999999999999999999999999999999981	14.2518590243974461988363766289729228075737258269769900661635
1534	-0.116499999999999999999999999999999999999999999999999999999981	14.2805645395574306077804114625883487842690836148300922615479
1535	-0.116249999999999999999999999999999999999999999999999999999981	14.3093556273868117637872034067859105167121212880186720926918
1536	-0.115999999999999999999999999999999999999999999999999999999981	14.3382326117141763787529121956713059629914946371246029317932
1537	-0.115749999999999999999999999999999999999999999999999999999981	14.3671958169542885016125469268392153497960802330248378757657
1538	-0.115499999999999999999999999999999999999999999999999999999981	14.3962455680949983960228359160993539442385998006287057877928
1539	-0.115249999999999999999999999999999999999999999999999999999981	14.4253821906838626231533753122295393572095571788328643080089
1540	-0.114999999999999999999999999999999999999999999999999999999981	14.4546060108144711485233651205070774418887340048447439174301
1541	-0.114749999999999999999999999999999999999999999999999999999981	14.4839173551124772451987744058360617936845779379260024114157
1542	-0.114499999999999999999999999999999999999999999999999999999981	14.5133165507213259187730288736158298755150881068990480220594
1543	-0.114249999999999999999999999999999999999999999999999999999981	14.5428039252876765323988657699762341856161923799391282991682
1544	-0.113999999999999999999999999999999999999999999999999999999981	14.572379806946515262725712163028659671343128274564644304687
1545	-0.113749999999999999999999999999999999999999999999999999999981	14.6020445243059529699319567061386890178947104402234494496799
1546	-0.113499999999999999999999999999999999999999999999999999999981	14.6317984064317040171312375461300259157130155558578492335906
1547	-0.113249999999999999999999999999999999999999999999999999999981	14.6616417828312415262830955121541345289323948511535077468013
1548	-0.112999999999999999999999999999999999999999999999999999999981	14.6915749834376245093580851512682870989491797641044967163725
1549	-0.112749999999999999999999999999999999999999999999999999999981	14.7215983385929922649030552921584964159056376331355241453069
1550	-0.112499999999999999999999999999999999999999999999999999999981	14.7517121790317213813314882017470996937367767336422559808347
1551	-0.112249999999999999999999999999999999999999999999999999999981	14.781916835863240639234536815662257124721680507203217961095
1552	-0.111999999999999999999999999999999999999999999999999999999981	14.8122126405544990557790784011472757344851502012352300688687
1553	-0.111749999999999999999999999999999999999999999999999999999981	14.8425999249120822648384150785972055080294927491308385114223
1554	-0.111499999999999999999999999999999999999999999999999999999981	14.8730790210639723768982597081511489346631774441423124576622
1555	-0.111249999999999999999999999999999999999999999999999999999981	14.9036502614409464130047796092371108392791894168223502512722
1556	-0.110999999999999999999999999999999999999999999999999999999981	14.9343139787576083570825364497005022946887261475590463836032
1557	-0.110749999999999999999999999999999999999999999999999999999981	14.9650705059930498208583498727503537026447604104824827673896
1558	-0.110499999999999999999999999999999999999999999999999999999981	14.9959201763711342653930113434896987218139060138066748421868
1559	-0.110249999999999999999999999999999999999999999999999999999981	15.0268633233403996728573740714990657589876506760069026889857
1560	-0.109999999999999999999999999999999999999999999999999999999981	15.0579002805535745117040497017724976523243137394077580813027
1561	-0.109749999999999999999999999999999999999999999999999999999981	15.0890313818467017877925819092085452608376092309405818832397
1562	-0.109499999999999999999999999999999999999999999999999999999981	15.1202569612178659233368044646059880880668118996432503751089
1563	-0.109249999999999999999999999999999999999999999999999999999981	15.1515773528055171547708346394755569447365590186772366774546
1564	-0.108999999999999999999999999999999999999999999999999999999981	15.1829928908663880897879647778979358340223959227308120528241
1565	-0.108749999999999999999999999999999999999999999999999999999981	15.2145039097529970129082237910145798641258687910102867173653
1566	-0.108499999999999999999999999999999999999999999999999999999981	15.24611074389073247798969079818798274104556912808149339536
1567	-0.108249999999999999999999999999999999999999999999999999999981	15.2778137277545136751303469211519932884438383123077423195356
1568	-0.107999999999999999999999999999999999999999999999999999999981	15.3096131958450210084264384014713130718234681299320424958246
1569	-0.107749999999999999999999999999999999999999999999999999999981	15.3415094826644912700755943863453337287835671063715517144437
1570	-0.107499999999999999999999999999999999999999999999999999999981	15.3735029226920717453544165383138814469480884788291829100362
1571	-0.107249999999999999999999999999999999999999999999999999999981	15.4055938503587275320775882958080911569052940913564938298303
1572	-0.106999999999999999999999999999999999999999999999999999999981	15.4377826000216963072759367413721693373564819305305485670241
1573	-0.106749999999999999999999999999999999999999999999999999999981	15.4700695059384847230320735339819857068424588089848336372008
1574	-0.106499999999999999999999999999999999999999999999999999999981	15.5024549022404005627025655649588474792255861658998840262685
1575	-0.106249999999999999999999999999999999999999999999999999999981	15.53493912290561473815394393608117713360573616607933946502
1576	-0.105999999999999999999999999999999999999999999999999999999981	15.5675225017317471581657477078290286594399328766909841723322
1577	-0.105749999999999999999999999999999999999999999999999999999981	15.6002053723079704478273185495543118013324114585618199958279
1578	-0.105499999999999999999999999999999999999999999999999999999981	15.6329880679866254485969343891615912984584085301079148665003
1579	-0.105249999999999999999999999999999999999999999999999999999981	15.6658709218543423787234463144138267355694481832150763258803
1580	-0.104999999999999999999999999999999999999999999999999999999981	15.6988542667026614839738597855552318133068999051897212755959
1581	-0.104749999999999999999999999999999999999999999999999999999981	15.7319384349981469590879329596895179979804923514526741857809
1582	-0.104499999999999999999999999999999999999999999999999999999981	15.7651237588519878711161771138507329186518812975150521307261
1583	-0.104249999999999999999999999999999999999999999999999999999981	15.7984105699890797668146471039725607531801735579732662569455
1584	-0.103999999999999999999999999999999999999999999999999999999981	15.8317991997165805975933123614735026379936473091328404813864
1585	-0.103749999999999999999999999999999999999999999999999999999981	15.865289978891934547170022369461284841001137291047313940489
1586	-0.103499999999999999999999999999999999999999999999999999999981	15.898883237890357299095272576679660381160042242905292486673
1587	-0.103249999999999999999999999999999999999999999999999999999981	15.9325793065717762337110256112485969628942484387690771060768
1588	-0.102999999999999999999999999999999999999999999999999999999981	15.9663785142472189969173916879759336348783910061032413292512
1589	-0.102749999999999999999999999999999999999999999999999999999981	16.0002811896446438363724338859112349722453746136907298572786
1590	-0.102499999999999999999999999999999999999999999999999999999981	16.0342876608742050544719351044954462851419484188190101971953
1591	-0.102249999999999999999999999999999999999999999999999999999981	16.0683982553929468816776392814154343153113535031271863876951
1592	-0.101999999999999999999999999999999999999999999999999999999981	16.1026132999689190285150687136567910663590045674353173420992
1593	-0.101749999999999999999999999999999999999999999999999999999981	16.1369331206447071298771594243248109525229017240788743869979
1594	-0.101499999999999999999999999999999999999999999999999999999981	16.1713580427003712511801284290829963258142377754167823684792
1595	-0.101249999999999999999999999999999999999999999999999999999981	16.2058883906157855824565302559125649440568295997151352311604
1596	-0.100999999999999999999999999999999999999999999999999999999981	16.2405244880323724036715890588794382861903543530397981126713
1597	-0.100749999999999999999999999999999999999999999999999999999981	16.2752666577142233624477105697612871991067858773023982707562
1598	-0.100499999999999999999999999999999999999999999999999999999981	16.3101152215086010640145934153361012451287228605418431375321
1599	-0.100249999999999999999999999999999999999999999999999999999981	16.3450705003058139326055010861469258634882532067513666970875
1600	-0.0999999999999999999999999999999999999999999999999999999999808	16.3801328139984572637318894708068160724915393384496279148142
1601	-0.0997499999999999999999999999999999999999999999999999999999808	16.4153024814400133478275278153247305589287922247476013320063
1602	-0.0994999999999999999999999999999999999999999999999999999999808	16.4505798204028035076992885409167879529743639933015023506706
1603	-0.0992499999999999999999999999999999999999999999999999999999808	16.485965147535284855095682603498118627013744808300548847385
1604	-0.0989999999999999999999999999999999999999999999999999999999808	16.5214587783186845355477507067304242999852990351472761136512
1605	-0.0987499999999999999999999999999999999999999999999999999999808	16.5570610270229641954928710074055746764393799702820383161992
1606	-0.0984999999999999999999999999999999999999999999999999999999808	16.5927722066621073716042269027104205343044385373362917096306
1607	-0.0982499999999999999999999999999999999999999999999999999999808	16.6285926289487224692619576059952589401519915472196789316675
1608	-0.0979999999999999999999999999999999999999999999999999999999808	16.6645226042479539652623166804227816384616957299876437405087
1609	-0.0977499999999999999999999999999999999999999999999999999999808	16.7005624415306944392154963432615382928648226940953936513775
1610	-0.0974999999999999999999999999999999999999999999999999999999808	16.7367124483260900086792406738527941061507549268111602603058
1611	-0.0972499999999999999999999999999999999999999999999999999999808	16.7729729306733317149631829935736901108970871950056033496443
1612	-0.0969999999999999999999999999999999999999999999999999999999808	16.809344193072725379768343359388741007067493509952954355457
1613	-0.0967499999999999999999999999999999999999999999999999999999808	16.8458265384360324274488965235103460986926368746440119991977
1614	-0.0964999999999999999999999999999999999999999999999999999999808	16.8824202680360741437518133639064249810061787198747152152253
1615	-0.0962499999999999999999999999999999999999999999999999999999808	16.9191256814555918194581092395516989312711302618456108563658
1616	-0.0959999999999999999999999999999999999999999999999999999999808	16.9559430765353552064722112320401106559213976201018315065098
1617	-0.0957499999999999999999999999999999999999999999999999999999808	16.9928727493215116946395993132332412224233627607055264813699
1618	-0.0954999999999999999999999999999999999999999999999999999999808	17.0299149940121685999748223070808398436313203580037212558943
1619	-0.0952499999999999999999999999999999999999999999999999999999808	17.0670701029032009391109132161358617366385840000217496084371
1620	-0.0949999999999999999999999999999999999999999999999999999999808	17.1043383663332770506970572411317297994283789165034366146084
1621	-0.0947499999999999999999999999999999999999999999999999999999808	17.1417200726280944122352938104837499574052322876648507951796
1622	-0.0944999999999999999999999999999999999999999999999999999999808	17.1792155080438179905215370622629417627371000762929935715703
1623	-0.0942499999999999999999999999999999999999999999999999999999808	17.2168249567097134555050496419577301409571608828315281872768
1624	-0.0939999999999999999999999999999999999999999999999999999999808	17.2545487005699675810687850861996403826249979411055648242824
1625	-0.0937499999999999999999999999999999999999999999999999999999808	17.2923870193246881520271317020103823329151065143054849806095
1626	-0.0934999999999999999999999999999999999999999999999999999999808	17.330340190370075694605291265615614340488181651587583797515
1627	-0.0932499999999999999999999999999999999999999999999999999999808	17.368408488737759347874906329550324974581914132131687690249
1628	-0.0929999999999999999999999999999999999999999999999999999999808	17.406592187033289196144072557493207695828282763226481304869
1629	-0.0927499999999999999999999999999999999999999999999999999999808	17.4448915553737773872083770152688401005739633595830376173818
1630	-0.0924999999999999999999999999999999999999999999999999999999808	17.4833068613246803687363194201101768341540516486278527940593
1631	-0.0922499999999999999999999999999999999999999999999999999999808	17.5218383698357145849620326225328256536560066370530481716792
1632	-0.0919999999999999999999999999999999999999999999999999999999808	17.5604863431758979883666661897210164103348421789352588396382
1633	-0.0917499999999999999999999999999999999999999999999999999999808	17.5992510408677097362246025723389912939727206390746193842796
1634	-0.0914999999999999999999999999999999999999999999999999999999808	17.6381327196203604598507438312426235155202259165731182711117
1635	-0.0912499999999999999999999999999999999999999999999999999999808	17.6771316332621655151907883828224473209859220285712335086621
1636	-0.0909999999999999999999999999999999999999999999999999999999808	17.7162480326720136471295165679131057073847953143768121850304
1637	-0.0907499999999999999999999999999999999999999999999999999999808	17.7554821657099235266358896517821950664119915024192513496114
1638	-0.0904999999999999999999999999999999999999999999999999999999808	17.7948342771466806497029797625283282534459250570522595289719
1639	-0.0902499999999999999999999999999999999999999999999999999999808	17.8343046085925471200616086461829552021131735623806309151813
1640	-0.0899999999999999999999999999999999999999999999999999999999808	17.8738933984250368739367880679480503526041712596086583701117
1641	-0.0897499999999999999999999999999999999999999999999999999999808	17.9136008817157489447648243480696787879021397914900858389396
1642	-0.0894999999999999999999999999999999999999999999999999999999808	17.9534272901562514088869725625176132751181640507322841247279
1643	-0.0892499999999999999999999999999999999999999999999999999999808	17.9933728519830086998750043191937511605512502037189439918331
1644	-0.0889999999999999999999999999999999999999999999999999999999808	18.0334377919013450294186958797785901633002541495071166390602
1645	-0.0887499999999999999999999999999999999999999999999999999999808	18.0736223310084367067102700883550298926862650376309497231498
1646	-0.0884999999999999999999999999999999999999999999999999999999808	18.1139266867153262060929677712373321628247519648882992303101
1647	-0.0882499999999999999999999999999999999999999999999999999999808	18.154351072667950894498427154615948911729199444495110436622
1648	-0.0879999999999999999999999999999999999999999999999999999999808	18.1948956986671793959801722182097385624544328437165410555019
1649	-0.0877499999999999999999999999999999999999999999999999999999808	18.2355607705878486405595243311562027804203274404518945599988
1650	-0.0874999999999999999999999999999999999999999999999999999999808	18.276346490296794718738438346059471214418753336930841588742
1651	-0.0872499999999999999999999999999999999999999999999999999999808	18.3172530555698707415054145651063351438316927143041330737342
1652	-0.0869999999999999999999999999999999999999999999999999999999808	18.3582806600079449885715450033292892580994021783223965532396
1653	-0.0867499999999999999999999999999999999999999999999999999999808	18.3994294929518727150312073422353803307943327751733886521895
1654	-0.0864999999999999999999999999999999999999999999999999999999808	18.4406997393964350787547050687458663475636742594171603248759
1655	-0.0862499999999999999999999999999999999999999999999999999999808	18.4820915799032387476985325343420786270032253199954877872068
1656	-0.0859999999999999999999999999999999999999999999999999999999808	18.5236051905125698480746573235115063866656582450628168095583
1657	-0.0857499999999999999999999999999999999999999999999999999999808	18.565240742654196021066459933623447463866540754398214536121
1658	-0.0854999999999999999999999999999999999999999999999999999999808	18.6069984030571104676304026488134622225487675643438357870507
1659	-0.0852499999999999999999999999999999999999999999999999999999808	18.6488783336582119779952016477711798748093061692819150103295
1660	-0.0849999999999999999999999999999999999999999999999999999999808	18.6908806915099150648817548501640437140001182970082874902288
1661	-0.0847499999999999999999999999999999999999999999999999999999808	18.7330056286866844473362414752101969785590904764755229465483
1662	-0.0844999999999999999999999999999999999999999999999999999999808	18.7752532921904882655159500291553993185047913771667247733344
1663	-0.0842499999999999999999999999999999999999999999999999999999808	18.8176238238551645459141644111920188138762829659885954841567
1664	-0.0839999999999999999999999999999999999999999999999999999999808	18.8601173602496955814798379190592767744736800823642739643558
1665	-0.0837499999999999999999999999999999999999999999999999999999808	18.9027340325803850420041222948100776875955413146010107168328
1666	-0.0834999999999999999999999999999999999999999999999999999999808	18.9454739665919327871346923208386072843547084852162226923189
1667	-0.0832499999999999999999999999999999999999999999999999999999808	18.988337282467402517567074471763111109292634564110019197273
1668	-0.0829999999999999999999999999999999999999999999999999999999808	19.0313240947270775694779383919291237314793369164106420592138
1669	-0.0827499999999999999999999999999999999999999999999999999999808	19.0744345121262003332378261330290278522970978278762220328563
1670	-0.0824999999999999999999999999999999999999999999999999999999808	19.1176686375515909600005204719843835652481472475331236297419
1671	-0.0822499999999999999999999999999999999999999999999999999999808	19.1610265679171412090447576105884734192049509280700618048754
1672	-0.0819999999999999999999999999999999999999999999999999999999808	19.2045083940581794848739215252111093058959144022761397733267
1673	-0.0817499999999999999999999999999999999999999999999999999999808	19.2481142006247033161944080739792668595219876413744126834358
1674	-0.0814999999999999999999999999999999999999999999999999999999808	19.2918440659734757391282029938812914574092938784081228372705
1675	-0.0812499999999999999999999999999999999999999999999999999999808	19.3356980620589822645055131737552677638411190669158115405284
1676	-0.0809999999999999999999999999999999999999999999999999999999808	19.3796762543232453339655564413424912870982483180630053144155
1677	-0.0807499999999999999999999999999999999999999999999999999999808	19.4237787015844934020052270698411156787914104501130777463373
1678	-0.0804999999999999999999999999999999999999999999999999999999808	19.4680054559246820211944759145027309553567274395568225240742
1679	-0.0802499999999999999999999999999999999999999999999999999999808	19.5123565625758645556627682859246514468056786824191684702776
1680	-0.0799999999999999999999999999999999999999999999999999999999808	19.5568320598054104037924692452638891350301508785691462477133
1681	-0.0797499999999999999999999999999999999999999999999999999999808	19.6014319788000688749726169095404969812140452834300023345896
1682	-0.0794999999999999999999999999999999999999999999999999999999808	19.6461563435488771374109753104946916081533895458293114994524
1683	-0.0792499999999999999999999999999999999999999999999999999999808	19.6910051707249109345146673500923276277834885993297837273653
1684	-0.0789999999999999999999999999999999999999999999999999999999808	19.7359784695658770563716208341439715536636840203214096891871
1685	-0.0787499999999999999999999999999999999999999999999999999999808	19.781076241753546850538370956217438454688354760545192889107
1686	-0.0784999999999999999999999999999999999999999999999999999999808	19.826298481292030362806532792414385428734372983795207161699
1687	-0.0782499999999999999999999999999999999999999999999999999999808	19.8716451743848910140227111561491936525843752992818287898396
1688	-0.0779999999999999999999999999999999999999999999999999999999808	19.9171162993111010435170292657665675142496279773529436102381
1689	-0.0777499999999999999999999999999999999999999999999999999999808	19.9627118262998382833960689260192786833777769360564637326638
1690	-0.0774999999999999999999999999999999999999999999999999999999808	20.0084317174041251710189236262737758856710295241681227048994
1691	-0.0772499999999999999999999999999999999999999999999999999999808	20.0542759263733112595421353485734679013483193669628704552359
1692	-0.0769999999999999999999999999999999999999999999999999999999808	20.1002443985244008486320375608754543269516456523939429318755
1693	-0.0767499999999999999999999999999999999999999999999999999999808	20.1463370706122277294425321750959672482224148567139037232923
1694	-0.0764999999999999999999999999999999999999999999999999999999808	20.19255387069847941988309542346282925129796105724643629578
1695	-0.0762499999999999999999999999999999999999999999999999999999808	20.2388947180195736581956647560531978590372126146596178786057
1696	-0.0759999999999999999999999999999999999999999999999999999999808	20.2853595228533903250590325630343799606959317323788359745774
1697	-0.0757499999999999999999999999999999999999999999999999999999808	20.3319481863848623769835620233648134271289554177996990410979
1698	-0.0754999999999999999999999999999999999999999999999999999999808	20.3786606005704297967844873056614465477225810148707503931098
1699	-0.0752499999999999999999999999999999999999999999999999999999808	20.4254966480013610005646138498052607635405266260288409544103
1700	-0.0749999999999999999999999999999999999999999999999999999999808	20.4724562017659465850314117164776731598911103360111469280256
1701	-0.0747499999999999999999999999999999999999999999999999999999808	20.5195391253105707542523369848730711864591881886307222945241
1702	-0.0744999999999999999999999999999999999999999999999999999999808	20.5667452722996662312471386707341620992836599067632289840822
1703	-0.0742499999999999999999999999999999999999999999999999999999808	20.6140744864745589372565482951487364145237679965198152930812
1704	-0.0739999999999999999999999999999999999999999999999999999999808	20.6615266015112092102408048104630430714642948711974458560836
1705	-0.0737499999999999999999999999999999999999999999999999999999808	20.7091014408768568342745360937137425613772750287984921438343
1706	-0.0734999999999999999999999999999999999999999999999999999999808	20.7567988176855776631399260246613042033461797017423929468243
1707	-0.0732499999999999999999999999999999999999999999999999999999808	20.8046185345527601446987249838562890082430346392302560145745
1708	-0.0729999999999999999999999999999999999999999999999999999999808	20.8525603834485105876637692554679399677356835272772995690624
1709	-0.0727499999999999999999999999999999999999999999999999999999808	20.9006241455499965593077107526181488318108356806287703370119
1710	-0.0724999999999999999999999999999999999999999999999999999999808	20.9488095910927383615530740022011929447752701186848715333257
1711	-0.0722499999999999999999999999999999999999999999999999999999808	20.997116479220859103892810442068388289658112163256382476006
1712	-0.0719999999999999999999999999999999999999999999999999999999808	21.0455445578363044748000749670615889617192742630566101297406
1713	-0.0717499999999999999999999999999999999999999999999999999999808	21.0940935634470439088022706469642372631216178823804354777561
1714	-0.0714999999999999999999999999999999999999999999999999999999808	21.1427632210142654543159476436861645472468403305716789019075
1715	-0.0712499999999999999999999999999999999999999999999999999999808	21.1915532437985772677603262627683936939060166012914072003332
1716	-0.0709999999999999999999999999999999999999999999999999999999808	21.2404633332052292924782155807065225880296693189061726503599
1717	-0.0707499999999999999999999999999999999999999999999999999999808	21.2894931786283693266796129581228320517969339152067007758488
1718	-0.0704999999999999999999999999999999999999999999999999999999808	21.3386424572943483430662779713776298165856950796381801370423
1719	-0.0702499999999999999999999999999999999999999999999999999999808	21.3879108341040905940711067387186282387501746603497673639845
1720	-0.0699999999999999999999999999999999999999999999999999999999808	21.4372979614745447208250220479185404212123642543097011957386
1721	-0.0697499999999999999999999999999999999999999999999999999999808	21.4868034791792327811117261763376174079651644547165804730396
1722	-0.0694999999999999999999999999999999999999999999999999999999808	21.5364270141879148217467179760946457206245558770081301866167
1723	-0.0692499999999999999999999999999999999999999999999999999999808	21.5861681805053873440751690698315561274550138928423067664032
1724	-0.0689999999999999999999999999999999999999999999999999999999808	21.6360265790094347476710680866571446864013255540971371823302
1725	-0.0687499999999999999999999999999999999999999999999999999999808	21.6860017972879535868784528227144002058082251909568673871121
1726	-0.0684999999999999999999999999999999999999999999999999999999808	21.7360934094752702375987494147558352860031776786536878338458
1727	-0.0682499999999999999999999999999999999999999999999999999999808	21.7863009760876733477233477539401758202669980307046190718476
1728	-0.0679999999999999999999999999999999999999999999999999999999808	21.8366240438581832338573279818416425999992607491681258103172
1729	-0.0677499999999999999999999999999999999999999999999999999999808	21.8870621455705811894908255637108706685737921097404735705968
1730	-0.0674999999999999999999999999999999999999999999999999999999808	21.9376147998927224855530405615917695488856339984399691934195
1731	-0.0672499999999999999999999999999999999999999999999999999999808	21.9882815112091576733262602595807172460034616303513720096592
1732	-0.0669999999999999999999999999999999999999999999999999999999808	22.0390617694530876419908041146319966618286261365517839879038
1733	-0.0667499999999999999999999999999999999999999999999999999999808	22.0899550499376787385949623918643785587693563074687877481002
1734	-0.0664999999999999999999999999999999999999999999999999999999808	22.140960813186765126966025933054754398302710192742717633984
1735	-0.0662499999999999999999999999999999999999999999999999999999808	22.1920785047649664439591049723692713080315419692897720727901
1736	-0.0659999999999999999999999999999999999999999999999999999999808	22.2433075551072497064294599368387523980711190883638682360633
1737	-0.0657499999999999999999999999999999999999999999999999999999808	22.2946473793479653303511718822584321454637854327948509238327
1738	-0.0654999999999999999999999999999999999999999999999999999999808	22.3460973771493880445192857529120926186918858740503628330235
1739	-0.0652499999999999999999999999999999999999999999999999999999808	22.3976569325297944151823099936443623625339006354386678878828
1740	-0.0649999999999999999999999999999999999999999999999999999999808	22.4493254136911096446641708150420220212400245370471588862807
1741	-0.0647499999999999999999999999999999999999999999999999999999808	22.5011021728461572664448428731731590349648534118109103600426
1742	-0.0644999999999999999999999999999999999999999999999999999999808	22.5529865460455463311604245092449030792102616887514955744649
1743	-0.0642499999999999999999999999999999999999999999999999999999808	22.6049778530042316624276211693629674093142575461968313931977
1744	-0.0639999999999999999999999999999999999999999999999999999999808	22.6570753969277837581530220886616272716803719286783833659681
1745	-0.0637499999999999999999999999999999999999999999999999999999808	22.7092784643384059218997663034430192812686984850581643470908
1746	-0.0634999999999999999999999999999999999999999999999999999999808	22.7615863249007372297853779713284999051675297177091914754623
1747	-0.0632499999999999999999999999999999999999999999999999999999808	22.8139982312474809710931420771543653108295303905945090741926
1748	-0.0629999999999999999999999999999999999999999999999999999999808	22.8665134188048992450997038389399165984555484885281059512108
1749	-0.0627499999999999999999999999999999999999999999999999999999808	22.91913110561821545234342934980331510612649255032183820899
1750	-0.0624999999999999999999999999999999999999999999999999999999808	22.9718504921769674854564147321823546476556543804071479504338
1751	-0.0622499999999999999999999999999999999999999999999999999999808	23.0246707612403555025175873417761887920355449704285527138669
1752	-0.0619999999999999999999999999999999999999999999999999999999808	23.077591077662629254399197944479269588972778284201407425416
1753	-0.0617499999999999999999999999999999999999999999999999999999808	23.1306105882185610365022553902498625032717794681711261875044
1754	-0.0614999999999999999999999999999999999999999999999999999999808	23.1837284214290514443198327426548696125558163088586843983392
1755	-0.0612499999999999999999999999999999999999999999999999999999808	23.2369436873869162311256578752168735700425534396653902390012
1756	-0.0609999999999999999999999999999999999999999999999999999999808	23.2902554775829036944368538400091355388132764163141922686712
1757	-0.0607499999999999999999999999999999999999999999999999999999808	23.3436628647319931554044835043812844773958845503141083857332
1758	-0.0604999999999999999999999999999999999999999999999999999999808	23.3971649026000262415861839137056229472476446345922723631323
1759	-0.0602499999999999999999999999999999999999999999999999999999808	23.4507606258307238382759213728920711205210469233431326300351
1760	-0.0599999999999999999999999999999999999999999999999999999999808	23.5044490497731427363124338230558021277822114294278082686502
1761	-0.0597499999999999999999999999999999999999999999999999999999808	23.5582291703096271746469692176920092893541669265731828196956
1762	-0.0594999999999999999999999999999999999999999999999999999999808	23.6120999636843116534898773042038573513635035794998017117769
1763	-0.0592499999999999999999999999999999999999999999999999999999808	23.6660603863322325781221983314535029068692700599740843626293
1764	-0.0589999999999999999999999999999999999999999999999999999999808	23.7201093747091074839803300378218696454685113877685806484488
1765	-0.0587499999999999999999999999999999999999999999999999999999808	23.7742458451218417899065002686496244181790853906967284772787
1766	-0.0584999999999999999999999999999999999999999999999999999999808	23.8284686935598242279917906473774186976288040262013544080361
1767	-0.0582499999999999999999999999999999999999999999999999999999808	23.8827767955270733046874909760937003276757610943972903356473
1768	-0.0579999999999999999999999999999999999999999999999999999999808	23.9371690058752983582689194869055084697982402752656422625141
1769	-0.0577499999999999999999999999999999999999999999999999999999808	23.9916441586379399917261761727154484363666011956903780737363
1770	-0.0574999999999999999999999999999999999999999999999999999999808	24.0462010668652558771293101560437266757010052631481071243533
1771	-0.0572499999999999999999999999999999999999999999999999999999808	24.1008385224605191468495411942866399388200392193906473969626
1772	-0.0569999999999999999999999999999999999999999999999999999999808	24.155555296017397808069422984669168397994273696543140941189
1773	-0.0567499999999999999999999999999999999999999999999999999999808	24.2103501366585848391163264490390238056024208796421038067247
1774	-0.0564999999999999999999999999999999999999999999999999999999808	24.2652217718757498486154656767876101855126632921058153119527
1775	-0.0562499999999999999999999999999999999999999999999999999999808	24.3201689073708844005677137626077448029793021695714481794167
1776	-0.0559999999999999999999999999999999999999999999999999999999808	24.3751902268991143294769744963862842738580019756290024818417
1777	-0.0557499999999999999999999999999999999999999999999999999999808	24.4302843921130535888214791571296812156905778885109964604519
1778	-0.0554999999999999999999999999999999999999999999999999999999808	24.4854500424087753926987367623258857502503036345744427001018
1779	-0.0552499999999999999999999999999999999999999999999999999999808	24.5406857947734776235665547361189509585591401750803543558899
1780	-0.0549999999999999999999999999999999999999999999999999999999808	24.5959902436349206878198810192968504024769371228162234497876
1781	-0.0547499999999999999999999999999999999999999999999999999999808	24.6513619607127172046281151207967581340792002868742650301521
1782	-0.0544999999999999999999999999999999999999999999999999999999808	24.7067994948715541111283913493726247516470688195519371764242
1783	-0.0542499999999999999999999999999999999999999999999999999999808	24.7623013719764289578209290577572162373747263235731700145164
1784	-0.0539999999999999999999999999999999999999999999999999999999809	24.8178660947499833509119504322420816078487212787059307014961
1785	-0.0537499999999999999999999999999999999999999999999999999999809	24.8734921426320176724422110577417342538332056897349838834511
1786	-0.0534999999999999999999999999999999999999999999999999999999809	24.9291779716412723733444127908767290302518687438525502188659
1787	-0.0532499999999999999999999999999999999999999999999999999999809	24.9849220142395622880854229452918892077138533639839514973269
1788	-0.0529999999999999999999999999999999999999999999999999999999809	25.0407226791983515612392894053992486090098266112940123453005
1789	-0.0527499999999999999999999999999999999999999999999999999999809	25.0965783514678579051497771551491177316043096472161232361055
1790	-0.0524999999999999999999999999999999999999999999999999999999809	25.1524873920487760226971712105801382956198806295577600471791
1791	-0.0522499999999999999999999999999999999999999999999999999999809	25.2084481378667111289794672711885182166946802666551732202604
1792	-0.0519999999999999999999999999999999999999999999999999999999809	25.2644589016494145893244736805340325728002720576067421158881
1793	-0.0517499999999999999999999999999999999999999999999999999999809	25.3205179718069147573142093291914668408093825852962249796655
1794	-0.0514999999999999999999999999999999999999999999999999999999809	25.3766236123146371442496989632775635700243413186244056052433
1795	-0.0512499999999999999999999999999999999999999999999999999999809	25.4327740625996090795124355593450221219848344168847787107975
1796	-0.0509999999999999999999999999999999999999999999999999999999809	25.4889675374298450283644624394192748496369598822837697069526
1797	-0.0507499999999999999999999999999999999999999999999999999999809	25.5452022268070097186250623004324419187906425851633062956629
1798	-0.0504999999999999999999999999999999999999999999999999999999809	25.6014762958624571890983787138460579769998888334132380715108
1799	-0.0502499999999999999999999999999999999999999999999999999999809	25.6577878847567448093103867540614192985552512664157379234616
1800	-0.0499999999999999999999999999999999999999999999999999999999809	25.7141351085827222307308385555782569275790854268069963283887
1801	-0.0497499999999999999999999999999999999999999999999999999999809	25.7705160572722961128698789751456688067151322824795497338424
1802	-0.0494999999999999999999999999999999999999999999999999999999809	25.8269287955069723220925770481589676010985615364580602668045
1803	-0.0492499999999999999999999999999999999999999999999999999999809	25.8833713626322781253096944730138032112625918667436664990239
1804	-0.0489999999999999999999999999999999999999999999999999999999809	25.9398417725761676934816675875316666976803314972409955923497
1805	-0.0487499999999999999999999999999999999999999999999999999999809	25.9963380137715149896977118755585546143037341870770477154345
1806	-0.0484999999999999999999999999999999999999999999999999999999809	26.0528580490827988420271863133580472764887126423582895629945
1807	-0.0482499999999999999999999999999999999999999999999999999999809	26.1093998157370856909319419743453099675651948312234675599372
1808	-0.0479999999999999999999999999999999999999999999999999999999809	26.1659612252594161533052045860680993840058275324252394429427
1809	-0.0477499999999999999999999999999999999999999999999999999999809	26.2225401634127021586771192948356635019393980191578944520602
1810	-0.0474999999999999999999999999999999999999999999999999999999809	26.2791344901422419862964373003804501842926438537300071276292
1811	-0.0472499999999999999999999999999999999999999999999999999999809	26.3357420395249610631443907814028009529398318438417248114097
1812	-0.0469999999999999999999999999999999999999999999999999999999809	26.3923606197234868709294192291284737199620023630984436342156
1813	-0.0467499999999999999999999999999999999999999999999999999999809	26.4489880129451667532063240908163280529321179004617797354918
1814	-0.0464999999999999999999999999999999999999999999999999999999809	26.5056219754061378104053717231415949241217122018268916830741
1815	-0.0462499999999999999999999999999999999999999999999999999999809	26.5622602373005584191801795235682138549442677130544082673834
1816	-0.0459999999999999999999999999999999999999999999999999999999809	26.6189005027751112115130378109424379440220961894104215665463
1817	-0.0457499999999999999999999999999999999999999999999999999999809	26.6755404499088875968697923385256666038061552815999377343407
1818	-0.0454999999999999999999999999999999999999999999999999999999809	26.7321777306987641057839980011695598756695927834207368434635
1819	-0.0452499999999999999999999999999999999999999999999999999999809	26.788809971050380973976859912981350854611444613336946462954
1820	-0.0449999999999999999999999999999999999999999999999999999999809	26.8454347707748334708866536576882092060941380477503128237017
1821	-0.0447499999999999999999999999999999999999999999999999999999809	26.9020497035911865036875065276972876367201101232504905533605
1822	-0.0444999999999999999999999999999999999999999999999999999999809	26.9586523171349229959202707078835633152323391659976189231902
1823	-0.0442499999999999999999999999999999999999999999999999999999809	27.0152401329724364471359341300318144306576794176951345119858
1824	-0.0439999999999999999999999999999999999999999999999999999999809	27.0718106466216779248649801354262476057394014486281137709733
1825	-0.0437499999999999999999999999999999999999999999999999999999809	27.1283613275790675211785586457310211655933925975490691484775
1826	-0.0434999999999999999999999999999999999999999999999999999999809	27.1848896193527800215090823141612154360781243915121588591909
1827	-0.0432499999999999999999999999999999999999999999999999999999809	27.2413929395025141816660835492173632485895025190057614424148
1828	-0.0429999999999999999999999999999999999999999999999999999999809	27.2978686796858545885442304259781265371052780751550422376716
1829	-0.0427499999999999999999999999999999999999999999999999999999809	27.35431420571133458931175514608599322066185877166451078009
1830	-0.0424999999999999999999999999999999999999999999999999999999809	27.4107268575983082113396809458634743888047935517603181477249
1831	-0.0422499999999999999999999999999999999999999999999999999999809	27.4671039496437383592506506085836205827472289678358055541314
1832	-0.0419999999999999999999999999999999999999999999999999999999809	27.523442770496007864713443719966011847268396969997100853976
1833	-0.0417499999999999999999999999999999999999999999999999999999809	27.5797405832358591774871743145807371097490549009618338891265
1834	-0.0414999999999999999999999999999999999999999999999999999999809	27.6359946254645676212507601267188968561117543886267777759288
1835	-0.0412499999999999999999999999999999999999999999999999999999809	27.6922021093994521934851418460744676319494591968227879804007
1836	-0.0409999999999999999999999999999999999999999999999999999999809	27.7483602219768268636802608369178079082081098348061863671556
1837	-0.0407499999999999999999999999999999999999999999999999999999809	27.8044661249624942170163852258996125610422057907616238676912
1838	-0.0404999999999999999999999999999999999999999999999999999999809	27.8605169550698821000508038190677733187927104978191133488214
1839	-0.0402499999999999999999999999999999999999999999999999999999809	27.9165098240859226494897474961766359962843529680723121195511
1840	-0.0399999999999999999999999999999999999999999999999999999999809	27.972441819004771723540395294947696923617515982472040629946
1841	-0.0397499999999999999999999999999999999999999999999999999999809	28.028310002169465306355365570236302608553737597158932379564
1842	-0.0394999999999999999999999999999999999999999999999999999999809	28.0841114114216079184787050965345368921939807809461694712372
1843	-0.0392499999999999999999999999999999999999999999999999999999809	28.1398430602591864387972583994089723136528993230727009589959
1844	-0.0389999999999999999999999999999999999999999999999999999999809	28.1955019380026010251588379885268655022096341692215587475793
1845	-0.0387499999999999999999999999999999999999999999999999999999809	28.2510850099690030104510499567632957625472464128052096000407
1846	-0.0384999999999999999999999999999999999999999999999999999999809	28.3065892176550277475046162088492623700512469248375486893853
1847	-0.0382499999999999999999999999999999999999999999999999999999809	28.3620114789280083787083038551188497353170483182665395792296
1848	-0.0379999999999999999999999999999999999999999999999999999999809	28.417348688225754413770586998001176556288107857219843094685
1849	-0.0377499999999999999999999999999999999999999999999999999999809	28.4725977167649768107658020598350713127094163732171760980739
1850	-0.0374999999999999999999999999999999999999999999999999999999809	28.5277554127584389706507974586418085670839065485984320050576
1851	-0.0372499999999999999999999999999999999999999999999999999999809	28.5828186016409106730867158771507132689774580939793473982746
1852	-0.0369999999999999999999999999999999999999999999999999999999809	28.6377840863039995009709003948187647535375709695639195316594
1853	-0.0367499999999999999999999999999999999999999999999999999999809	28.6926486473399317219665417907144090705976299496500208795248
1854	-0.0364999999999999999999999999999999999999999999999999999999809	28.747409043294351916975096019531005107390028873582365326242
1855	-0.0362499999999999999999999999999999999999999999999999999999809	28.8020620109282078674658773448523128285752152262244285612863
1856	-0.0359999999999999999999999999999999999999999999999999999999809	28.8566042654887843354731222664246387520650535955507731796534
1857	-0.0357499999999999999999999999999999999999999999999999999999809	28.9110325009899463915878297569798032616485120727728203437876
1858	-0.0354999999999999999999999999999999999999999999999999999999809	28.9653433905016498671871537620416140567186828872985140580037
1859	-0.0352499999999999999999999999999999999999999999999999999999809	29.0195335864487733273207762094265617653626445481888364993675
1860	-0.0349999999999999999999999999999999999999999999999999999999809	29.0735997209193226800622512138456141315624374636793550763713
1861	-0.0347499999999999999999999999999999999999999999999999999999809	29.127538405982056156775111043062012217755797321188708212931
1862	-0.0344999999999999999999999999999999999999999999999999999999809	29.1813462340135739157730440520973711876879251990289866057505
1863	-0.0342499999999999999999999999999999999999999999999999999999809	29.2350197780349129395008459405770945916500462135747364439986
1864	-0.0339999999999999999999999999999999999999999999999999999999809	29.2885555920576842129563971321330010028361250632537079366303
1865	-0.0337499999999999999999999999999999999999999999999999999999809	29.3419502114397853890424721191199473015803731825857752602869
1866	-0.0334999999999999999999999999999999999999999999999999999999809	29.3952001532507182654124930326307895629072361630115634361081
1867	-0.0332499999999999999999999999999999999999999999999999999999809	29.4483019166465364177933566387843470883722033861238775555818
1868	-0.0329999999999999999999999999999999999999999999999999999999809	29.5012519832544442574755802547941358082338898016014789387643
1869	-0.0327499999999999999999999999999999999999999999999999999999809	29.5540468175670646065102002448922745643878496974661477643279
1870	-0.0324999999999999999999999999999999999999999999999999999999809	29.6066828673463876141087450356098399607849020066916241592854
1871	-0.0322499999999999999999999999999999999999999999999999999999809	29.6591565640374094728864631804765777616474815672513009847397
1872	-0.0319999999999999999999999999999999999999999999999999999999809	29.7114643231914649351146227028329040484930072469931889523639
1873	-0.0317499999999999999999999999999999999999999999999999999999809	29.7636025448992530783672513208003924220238353549966413550286
1874	-0.0314999999999999999999999999999999999999999999999999999999809	29.8155676142335511282923263698871172607880613928644775699371
1875	-0.0312499999999999999999999999999999999999999999999999999999809	29.867355901701606415258928598683439156520867680183441896103
1876	-0.0309999999999999999999999999999999999999999999999999999999809	29.9189637637071917230041073876854625912555061198792270078381
1877	-0.0307499999999999999999999999999999999999999999999999999999809	29.9703875430223043829234580923493839580912924882752632039018
1878	-0.0304999999999999999999999999999999999999999999999999999999809	30.021623569268484479239628206158797472970090193513097177977
1879	-0.0302499999999999999999999999999999999999999999999999999999809	30.0726681594077224599908308867028736987226246218976567170505
1880	-0.0299999999999999999999999999999999999999999999999999999999809	30.1235176182429212987813251097855982789214811505316966820041
1881	-0.0297499999999999999999999999999999999999999999999999999999809	30.1741682389278731248295901250827285104652379223314908057125
1882	-0.0294999999999999999999999999999999999999999999999999999999809	30.2246163034867049364675984086822455577662203076954343381848
1883	-0.0292499999999999999999999999999999999999999999999999999999809	30.2748580833427426384448482959095382265415702140976438631119
1884	-0.0289999999999999999999999999999999999999999999999999999999809	30.3248898398567371988613185474484989063235776620150200432371
1885	-0.0287499999999999999999999999999999999999999999999999999999809	30.3747078248743912101110801525468205704879102756750062768006
1886	-0.0284999999999999999999999999999999999999999999999999999999809	30.4243082812831185628089393920929370119789535821128592201611
1887	-0.0282499999999999999999999999999999999999999999999999999999809	30.4736874435779643053711749766316321442542561715397461697177
1888	-0.0279999999999999999999999999999999999999999999999999999999809	30.5228415384366060679317895338849541017441580929373067749523
1889	-0.0277499999999999999999999999999999999999999999999999999999809	30.5717667853033526809294319363507536961580373727983807994703
1890	-0.0274999999999999999999999999999999999999999999999999999999809	30.6204593969820498194563301524965969217771180067929478952246
1891	-0.0272499999999999999999999999999999999999999999999999999999809	30.6689155802377966579047025000037727010688144216908808618155
1892	-0.0269999999999999999999999999999999999999999999999999999999809	30.7171315364073716292889888563389458103580119551771869618806
1893	-0.0267499999999999999999999999999999999999999999999999999999809	30.765103462018259453698635288363156766719791207967881748893
1894	-0.0264999999999999999999999999999999999999999999999999999999809	30.8128275494161656346032841390981355226693885017878419369018
1895	-0.0262499999999999999999999999999999999999999999999999999999809	30.8602999874008986242679647539969774016214642475870350840361
1896	-0.0259999999999999999999999999999999999999999999999999999999809	30.907516961870493834536876224465283592251032253369574619422
1897	-0.0257499999999999999999999999999999999999999999999999999999809	30.9544746564734476210237876670836521195958321204346310782231
1898	-0.0254999999999999999999999999999999999999999999999999999999809	31.0011692532689233017323031306751431181643123572732864076413
1899	-0.0252499999999999999999999999999999999999999999999999999999809	31.0475969333947851898591498533814069891997428751784191298067
1900	-0.0249999999999999999999999999999999999999999999999999999999809	31.0937538777433105296558732969837452473195827114710842009192
1901	-0.0247499999999999999999999999999999999999999999999999999999809	31.1396362676444231284921482865504134170748631297102330961502
1902	-0.0244999999999999999999999999999999999999999999999999999999809	31.1852402855562863825330171706458822699049242325730952755771
1903	-0.0242499999999999999999999999999999999999999999999999999999809	31.2305621157630873026673013932009490342201092139808698981454
1904	-0.0239999999999999999999999999999999999999999999999999999999809	31.2755979450798370665549174879928428107894684122238669209806
1905	-0.0237499999999999999999999999999999999999999999999999999999809	31.3203439635640075570377842676135753069264386652192063495795
1906	-0.0234999999999999999999999999999999999999999999999999999999809	31.3647963652338173019103904415265727637578271242511799205289
1907	-0.0232499999999999999999999999999999999999999999999999999999809	31.4089513487929742104824953734101515641961746773825457548571
1908	-0.0229999999999999999999999999999999999999999999999999999999809	31.4528051183616765138764784791179791059709332248777706434703
1909	-0.0227499999999999999999999999999999999999999999999999999999809	31.4963538842136673640473446196212119110384981585681514352534
1910	-0.0224999999999999999999999999999999999999999999999999999999809	31.5395938635191326366242872435090598978142687794211793762682
1911	-0.0222499999999999999999999999999999999999999999999999999999809	31.5825212810932256204418454589006818063340089634504768376551
1912	-0.0219999999999999999999999999999999999999999999999999999999809	31.6251323701499964677063189532662607301319270346274212865912
1913	-0.0217499999999999999999999999999999999999999999999999999999809	31.667423373061498528831222313729964070221914717833267056277
1914	-0.0214999999999999999999999999999999999999999999999999999999809	31.7093905421218380108220354565707992822087792035805747546903
1915	-0.0212499999999999999999999999999999999999999999999999999999809	31.7510301403159277834830113483832225658378277531236040324798
1916	-0.0209999999999999999999999999999999999999999999999999999999809	31.7923384420927006194785560674167038293736985081153541127623
1917	-0.0207499999999999999999999999999999999999999999999999999999809	31.8333117341425316982570290822011959101629670597205906387233
1918	-0.0204999999999999999999999999999999999999999999999999999999809	31.8739463161786148359045474314648799900121672672759801552951
1919	-0.0202499999999999999999999999999999999999999999999999999999809	31.9142385017220316290230505535590517396557430426378844126066
1920	-0.0199999999999999999999999999999999999999999999999999999999809	31.9541846188902475266097917000365472596918182077349366370322
1921	-0.0197499999999999999999999999999999999999999999999999999999809	31.9937810111887637755435315922618641199527759382365354363907
1922	-0.0194999999999999999999999999999999999999999999999999999999809	32.0330240383056492285374064461670993446068455469234615198562
1923	-0.0192499999999999999999999999999999999999999999999999999999809	32.0719100769086711641661543210799873988491429622622705820249
1924	-0.0189999999999999999999999999999999999999999999999999999999809	32.1104355214447395526600766041463676927818032515624064158658
1925	-0.0187499999999999999999999999999999999999999999999999999999809	32.1485967849413746143936666961863574882271120196070910853713
1926	-0.0184999999999999999999999999999999999999999999999999999999809	32.1863902998099030661593259642101279448058334462584277396919
1927	-0.0182499999999999999999999999999999999999999999999999999999809	32.2238125186500841391364459019894690016642358590584602965742
1928	-0.0179999999999999999999999999999999999999999999999999999999809	32.26085991505586228762026688093502002679997828448128887323
1929	-0.0177499999999999999999999999999999999999999999999999999999809	32.2975289844219394946787176718832715171798440095053970246412
1930	-0.0174999999999999999999999999999999999999999999999999999999809	32.333816244750856225504739518200645774779658286829693958375
1931	-0.0172499999999999999999999999999999999999999999999999999999809	32.369718237460266386794620181372685585861880479804801008145
1932	-0.0169999999999999999999999999999999999999999999999999999999809	32.4052315281900881263920818017760563586642598221627130491147
1933	-0.0167499999999999999999999999999999999999999999999999999999809	32.4403527076092089569818804270620878720006259245911070803369
1934	-0.0164999999999999999999999999999999999999999999999999999999809	32.4750783922214205159820665832950965463405985735529236105138
1935	-0.0162499999999999999999999999999999999999999999999999999999809	32.5094052251702552860472567874266198453420694681771495560469
1936	-0.0159999999999999999999999999999999999999999999999999999999809	32.5433298770423948017144444978753485770323606080215757523637
1937	-0.0157499999999999999999999999999999999999999999999999999999809	32.5768490466693162625298663579700970910986960562353688402017
1938	-0.0154999999999999999999999999999999999999999999999999999999809	32.6099594619268420661877026647603971954549672057010136973018
1939	-0.0152499999999999999999999999999999999999999999999999999999809	32.6426578805322545713440731540145341025691515566092714443189
1940	-0.0149999999999999999999999999999999999999999999999999999999809	32.6749410908386364032478307586881522453504387928295795800643
1941	-0.0147499999999999999999999999999999999999999999999999999999809	32.7068059126260948304000103749045596935827228268579484741771
1942	-0.0144999999999999999999999999999999999999999999999999999999809	32.7382491978895271711977501766123013872578170613842877724913
1943	-0.0142499999999999999999999999999999999999999999999999999999809	32.7692678316225828398441557269567780312371367632149869502766
1944	-0.0139999999999999999999999999999999999999999999999999999999809	32.7998587325974765144403949564545464361889377682775750401743
1945	-0.0137499999999999999999999999999999999999999999999999999999809	32.8300188541403060106599054064401001232897659246849197851272
1946	-0.0134999999999999999999999999999999999999999999999999999999809	32.8597451849015277750816342228400115847754896103820054112084
1947	-0.0132499999999999999999999999999999999999999999999999999999809	32.8890347496212424762725556244623909963588088412523577894855
1948	-0.0129999999999999999999999999999999999999999999999999999999809	32.9178846098889429719936397008616372379273128099339286318544
1949	-0.0127499999999999999999999999999999999999999999999999999999809	32.9462918648973769701773084940888022079167588972406312879286
1950	-0.0124999999999999999999999999999999999999999999999999999999809	32.9742536521901769820863062613265323890641477128641715503994
1951	-0.0122499999999999999999999999999999999999999999999999999999809	33.0017671484029106905846996537308044758077031568569711579504
1952	-0.0119999999999999999999999999999999999999999999999999999999809	33.0288295699972056267693179897292688387857026108424561168742
1953	-0.0117499999999999999999999999999999999999999999999999999999809	33.0554381739876030661238296744379561536486505751121069215734
1954	-0.0114999999999999999999999999999999999999999999999999999999809	33.0815902586607973224237190428843711884271992459990785857704
1955	-0.0112499999999999999999999999999999999999999999999999999999809	33.1072831642869181351461021610810742850892934128305661730089
1956	-0.0109999999999999999999999999999999999999999999999999999999809	33.1325142738225156151779979245151702113748869324776004934066
1957	-0.0107499999999999999999999999999999999999999999999999999999809	33.1572810136049092349674903153987215836821560956272882982505
1958	-0.0104999999999999999999999999999999999999999999999999999999809	33.1815808540375646234601620711370937807067277580589853222838
1959	-0.0102499999999999999999999999999999999999999999999999999999809	33.2054113102661644534795305719218657215141642039086784035673
1960	-0.00999999999999999999999999999999999999999999999999999999998088	33.2287699428450424896483656184521008879422873626428892767346
1961	-0.00974999999999999999999999999999999999999999999999999999998088	33.2516543583936528982404013335285781311653165150618849144204
1962	-0.00949999999999999999999999999999999999999999999999999999998088	33.2740622102427502059586109415734915388865680414572074667224
1963	-0.00924999999999999999999999999999999999999999999999999999998088	33.2959911990699588317412384871125652864294855077763553569118
1964	-0.00899999999999999999999999999999999999999999999999999999998088	33.3174390735244149032076710302637313229862518917766687119515
1965	-0.00874999999999999999999999999999999999999999999999999999998088	33.3384036308401671059023841828137472575195591356844048869017
1966	-0.00849999999999999999999999999999999999999999999999999999998088	33.3588827174380275974270592385587742019822116461872073973249
1967	-0.00824999999999999999999999999999999999999999999999999999998088	33.3788742295155685479396450853810737205894698104075072765118
1968	-0.00799999999999999999999999999999999999999999999999999999998088	33.3983761136249646411363517116156440346225768437219572272095
1969	-0.00774999999999999999999999999999999999999999999999999999998088	33.417386367238386883231103726102131192226406234272269731254
1970	-0.00749999999999999999999999999999999999999999999999999999998088	33.4359030393006583188415554392659899931355771243587803118383
1971	-0.00724999999999999999999999999999999999999999999999999999998088	33.4539242307688877390392779448203160100328241122715099125473
1972	-0.00699999999999999999999999999999999999999999999999999999998088	33.4714480951388031848069989058099562928554803835597364651788
1973	-0.00674999999999999999999999999999999999999999999999999999998088	33.4884728389575129951777102047368901063130079076638725051826
1974	-0.00649999999999999999999999999999999999999999999999999999998088	33.5049967223224283195486284289241932638638095714102485678021
1975	-0.00624999999999999999999999999999999999999999999999999999998088	33.5210180593660874039396634501174867853844652314741916013201
1976	-0.00599999999999999999999999999999999999999999999999999999998088	33.5365352187266285669096385940315812305482128298870324102974
1977	-0.00574999999999999999999999999999999999999999999999999999998088	33.5515466240036655978024704681941775159001742469913617570555
1978	-0.00549999999999999999999999999999999999999999999999999999998088	33.5660507541993263330626719385461957365560267861059610655442
1979	-0.00524999999999999999999999999999999999999999999999999999998088	33.5800461441442223903767960866038418654403988402025993285234
1980	-0.00499999999999999999999999999999999999999999999999999999998088	33.5935313849081254599609481750541331956044978234560946811716
1981	-0.00474999999999999999999999999999999999999999999999999999998088	33.6065051241951331617802254498009592064419685000178184582131
1982	-0.00449999999999999999999999999999999999999999999999999999998088	33.6189660667231152709756510244739290370437822002772346306935
1983	-0.00424999999999999999999999999999999999999999999999999999998088	33.6309129745872390851817433384771855351609867657681546607838
1984	-0.00399999999999999999999999999999999999999999999999999999998088	33.6423446676073808504160976728238611311612259193508462703244
1985	-0.00374999999999999999999999999999999999999999999999999999998088	33.6532600236592384702700649300531440902437653498334643788476
1986	-0.00349999999999999999999999999999999999999999999999999999998088	33.6636579789889691894791259602296135039046736221467874679557
1987	-0.00324999999999999999999999999999999999999999999999999999998088	33.6735375285111845606565728164311375313910690141630078024951
1988	-0.00299999999999999999999999999999999999999999999999999999998088	33.6828977260901437648978731744753843572126552532508031056899
1989	-0.00274999999999999999999999999999999999999999999999999999998088	33.6917376848039952557869391423021348823070566985023042979034
1990	-0.00249999999999999999999999999999999999999999999999999999998088	33.7000565771919257245676883467426313353615380777148529836542
1991	-0.00224999999999999999999999999999999999999999999999999999998088	33.7078536354840845342290660727284069156232596713046648890327
1992	-0.00199999999999999999999999999999999999999999999999999999998088	33.7151281518141610341788600400018334667990744529058261674623
1993	-0.00174999999999999999999999999999999999999999999999999999998088	33.7218794784145015370961215324069513351226712970965701621036
1994	-0.00149999999999999999999999999999999999999999999999999999998088	33.7281070277936622073638636925202370058644094455061293209463
1995	-0.00124999999999999999999999999999999999999999999999999999998088	33.7338102728963036679782992800508357789327011667993959853039
1996	-0.000999999999999999999999999999999999999999999999999999999980882	33.738988747245342771679274180238105609196604805206284593224
1997	-0.000749999999999999999999999999999999999999999999999999999980882	33.7436420450662866938161324842162020919128061927242001479275
1998	-0.000499999999999999999999999999999999999999999999999999999980882	33.7477698213936842806285010288507857690075912000252433050532
1999	-0.000249999999999999999999999999999999999999999999999999999980882	33.751371792159639418574949591927937987919935122922684265357
2000	1.91175404893511519358728483402163230820789211644170386399507e-59	33.7544477342643410694058651626846191034336201905475141297318
2001	0.000250000000000000000000000000000000000000000000000000000019118	33.751371792159639418574949591927937987919935122922684265357
2002	0.000500000000000000000000000000000000000000000000000000000019118	33.7477698213936842806285010288507857690075912000252433050532
2003	0.000750000000000000000000000000000000000000000000000000000019118	33.7436420450662866938161324842162020919128061927242001479275
2004	0.00100000000000000000000000000000000000000000000000000000001912	33.738988747245342771679274180238105609196604805206284593224
2005	0.00125000000000000000000000000000000000000000000000000000001912	33.7338102728963036679782992800508357789327011667993959853039
2006	0.00150000000000000000000000000000000000000000000000000000001912	33.7281070277936622073638636925202370058644094455061293209463
2007	0.00175000000000000000000000000000000000000000000000000000001912	33.7218794784145015370961215324069513351226712970965701621036
2008	0.00200000000000000000000000000000000000000000000000000000001912	33.7151281518141610341788600400018334667990744529058261674623
2009	0.00225000000000000000000000000000000000000000000000000000001912	33.7078536354840845342290660727284069156232596713046648890327
2010	0.00250000000000000000000000000000000000000000000000000000001912	33.7000565771919257245676883467426313353615380777148529836542
2011	0.00275000000000000000000000000000000000000000000000000000001912	33.6917376848039952557869391423021348823070566985023042979034
2012	0.00300000000000000000000000000000000000000000000000000000001912	33.6828977260901437648978731744753843572126552532508031056899
2013	0.00325000000000000000000000000000000000000000000000000000001912	33.6735375285111845606565728164311375313910690141630078024951
2014	0.00350000000000000000000000000000000000000000000000000000001912	33.6636579789889691894791259602296135039046736221467874679557
2015	0.00375000000000000000000000000000000000000000000000000000001912	33.6532600236592384702700649300531440902437653498334643788475
2016	0.00400000000000000000000000000000000000000000000000000000001912	33.6423446676073808504160976728238611311612259193508462703244
2017	0.00425000000000000000000000000000000000000000000000000000001912	33.6309129745872390851817433384771855351609867657681546607838
2018	0.00450000000000000000000000000000000000000000000000000000001912	33.6189660667231152709756510244739290370437822002772346306935
2019	0.00475000000000000000000000000000000000000000000000000000001912	33.6065051241951331617802254498009592064419685000178184582131
2020	0.00500000000000000000000000000000000000000000000000000000001912	33.5935313849081254599609481750541331956044978234560946811716
2021	0.00525000000000000000000000000000000000000000000000000000001912	33.5800461441442223903767960866038418654403988402025993285234
2022	0.00550000000000000000000000000000000000000000000000000000001912	33.5660507541993263330626719385461957365560267861059610655442
2023	0.00575000000000000000000000000000000000000000000000000000001912	33.5515466240036655978024704681941775159001742469913617570555
2024	0.00600000000000000000000000000000000000000000000000000000001912	33.5365352187266285669096385940315812305482128298870324102974
2025	0.00625000000000000000000000000000000000000000000000000000001911	33.5210180593660874039396634501174867853844652314741916013201
2026	0.00650000000000000000000000000000000000000000000000000000001911	33.5049967223224283195486284289241932638638095714102485678021
2027	0.00675000000000000000000000000000000000000000000000000000001911	33.4884728389575129951777102047368901063130079076638725051826
2028	0.00700000000000000000000000000000000000000000000000000000001911	33.4714480951388031848069989058099562928554803835597364651788
2029	0.00725000000000000000000000000000000000000000000000000000001911	33.4539242307688877390392779448203160100328241122715099125473
2030	0.00750000000000000000000000000000000000000000000000000000001911	33.4359030393006583188415554392659899931355771243587803118383
2031	0.00775000000000000000000000000000000000000000000000000000001911	33.417386367238386883231103726102131192226406234272269731254
2032	0.00800000000000000000000000000000000000000000000000000000001911	33.3983761136249646411363517116156440346225768437219572272095
2033	0.00825000000000000000000000000000000000000000000000000000001911	33.3788742295155685479396450853810737205894698104075072765118
2034	0.00850000000000000000000000000000000000000000000000000000001911	33.3588827174380275974270592385587742019822116461872073973249
2035	0.00875000000000000000000000000000000000000000000000000000001911	33.3384036308401671059023841828137472575195591356844048869017
2036	0.00900000000000000000000000000000000000000000000000000000001911	33.3174390735244149032076710302637313229862518917766687119515
2037	0.00925000000000000000000000000000000000000000000000000000001911	33.2959911990699588317412384871125652864294855077763553569118
2038	0.00950000000000000000000000000000000000000000000000000000001911	33.2740622102427502059586109415734915388865680414572074667224
2039	0.00975000000000000000000000000000000000000000000000000000001911	33.2516543583936528982404013335285781311653165150618849144204
2040	0.0100000000000000000000000000000000000000000000000000000000191	33.2287699428450424896483656184521008879422873626428892767346
2041	0.0102500000000000000000000000000000000000000000000000000000191	33.2054113102661644534795305719218657215141642039086784035673
2042	0.0105000000000000000000000000000000000000000000000000000000191	33.1815808540375646234601620711370937807067277580589853222838
2043	0.0107500000000000000000000000000000000000000000000000000000191	33.1572810136049092349674903153987215836821560956272882982505
2044	0.0110000000000000000000000000000000000000000000000000000000191	33.1325142738225156151779979245151702113748869324776004934066
2045	0.0112500000000000000000000000000000000000000000000000000000191	33.1072831642869181351461021610810742850892934128305661730089
2046	0.0115000000000000000000000000000000000000000000000000000000191	33.0815902586607973224237190428843711884271992459990785857704
2047	0.0117500000000000000000000000000000000000000000000000000000191	33.0554381739876030661238296744379561536486505751121069215734
2048	0.0120000000000000000000000000000000000000000000000000000000191	33.0288295699972056267693179897292688387857026108424561168742
2049	0.0122500000000000000000000000000000000000000000000000000000191	33.0017671484029106905846996537308044758077031568569711579504
2050	0.0125000000000000000000000000000000000000000000000000000000191	32.9742536521901769820863062613265323890641477128641715503994
2051	0.0127500000000000000000000000000000000000000000000000000000191	32.9462918648973769701773084940888022079167588972406312879286
2052	0.0130000000000000000000000000000000000000000000000000000000191	32.9178846098889429719936397008616372379273128099339286318544
2053	0.0132500000000000000000000000000000000000000000000000000000191	32.8890347496212424762725556244623909963588088412523577894855
2054	0.0135000000000000000000000000000000000000000000000000000000191	32.8597451849015277750816342228400115847754896103820054112084
2055	0.0137500000000000000000000000000000000000000000000000000000191	32.8300188541403060106599054064401001232897659246849197851272
2056	0.0140000000000000000000000000000000000000000000000000000000191	32.7998587325974765144403949564545464361889377682775750401743
2057	0.0142500000000000000000000000000000000000000000000000000000191	32.7692678316225828398441557269567780312371367632149869502766
2058	0.0145000000000000000000000000000000000000000000000000000000191	32.7382491978895271711977501766123013872578170613842877724913
2059	0.0147500000000000000000000000000000000000000000000000000000191	32.7068059126260948304000103749045596935827228268579484741771
2060	0.0150000000000000000000000000000000000000000000000000000000191	32.6749410908386364032478307586881522453504387928295795800643
2061	0.0152500000000000000000000000000000000000000000000000000000191	32.6426578805322545713440731540145341025691515566092714443189
2062	0.0155000000000000000000000000000000000000000000000000000000191	32.6099594619268420661877026647603971954549672057010136973018
2063	0.0157500000000000000000000000000000000000000000000000000000191	32.5768490466693162625298663579700970910986960562353688402017
2064	0.0160000000000000000000000000000000000000000000000000000000191	32.5433298770423948017144444978753485770323606080215757523637
2065	0.0162500000000000000000000000000000000000000000000000000000191	32.5094052251702552860472567874266198453420694681771495560469
2066	0.0165000000000000000000000000000000000000000000000000000000191	32.4750783922214205159820665832950965463405985735529236105138
2067	0.0167500000000000000000000000000000000000000000000000000000191	32.4403527076092089569818804270620878720006259245911070803369
2068	0.0170000000000000000000000000000000000000000000000000000000191	32.4052315281900881263920818017760563586642598221627130491147
2069	0.0172500000000000000000000000000000000000000000000000000000191	32.369718237460266386794620181372685585861880479804801008145
2070	0.0175000000000000000000000000000000000000000000000000000000191	32.333816244750856225504739518200645774779658286829693958375
2071	0.0177500000000000000000000000000000000000000000000000000000191	32.2975289844219394946787176718832715171798440095053970246412
2072	0.0180000000000000000000000000000000000000000000000000000000191	32.26085991505586228762026688093502002679997828448128887323
2073	0.0182500000000000000000000000000000000000000000000000000000191	32.2238125186500841391364459019894690016642358590584602965742
2074	0.0185000000000000000000000000000000000000000000000000000000191	32.1863902998099030661593259642101279448058334462584277396919
2075	0.0187500000000000000000000000000000000000000000000000000000191	32.1485967849413746143936666961863574882271120196070910853713
2076	0.0190000000000000000000000000000000000000000000000000000000191	32.1104355214447395526600766041463676927818032515624064158658
2077	0.0192500000000000000000000000000000000000000000000000000000191	32.0719100769086711641661543210799873988491429622622705820249
2078	0.0195000000000000000000000000000000000000000000000000000000191	32.0330240383056492285374064461670993446068455469234615198562
2079	0.0197500000000000000000000000000000000000000000000000000000191	31.9937810111887637755435315922618641199527759382365354363907
2080	0.0200000000000000000000000000000000000000000000000000000000191	31.9541846188902475266097917000365472596918182077349366370322
2081	0.0202500000000000000000000000000000000000000000000000000000191	31.9142385017220316290230505535590517396557430426378844126066
2082	0.0205000000000000000000000000000000000000000000000000000000191	31.8739463161786148359045474314648799900121672672759801552951
2083	0.0207500000000000000000000000000000000000000000000000000000191	31.8333117341425316982570290822011959101629670597205906387233
2084	0.0210000000000000000000000000000000000000000000000000000000191	31.7923384420927006194785560674167038293736985081153541127623
2085	0.0212500000000000000000000000000000000000000000000000000000191	31.7510301403159277834830113483832225658378277531236040324798
2086	0.0215000000000000000000000000000000000000000000000000000000191	31.7093905421218380108220354565707992822087792035805747546903
2087	0.0217500000000000000000000000000000000000000000000000000000191	31.667423373061498528831222313729964070221914717833267056277
2088	0.0220000000000000000000000000000000000000000000000000000000191	31.6251323701499964677063189532662607301319270346274212865912
2089	0.0222500000000000000000000000000000000000000000000000000000191	31.5825212810932256204418454589006818063340089634504768376551
2090	0.0225000000000000000000000000000000000000000000000000000000191	31.5395938635191326366242872435090598978142687794211793762682
2091	0.0227500000000000000000000000000000000000000000000000000000191	31.4963538842136673640473446196212119110384981585681514352534
2092	0.0230000000000000000000000000000000000000000000000000000000191	31.4528051183616765138764784791179791059709332248777706434703
2093	0.0232500000000000000000000000000000000000000000000000000000191	31.4089513487929742104824953734101515641961746773825457548571
2094	0.0235000000000000000000000000000000000000000000000000000000191	31.3647963652338173019103904415265727637578271242511799205289
2095	0.0237500000000000000000000000000000000000000000000000000000191	31.3203439635640075570377842676135753069264386652192063495795
2096	0.0240000000000000000000000000000000000000000000000000000000191	31.2755979450798370665549174879928428107894684122238669209806
2097	0.0242500000000000000000000000000000000000000000000000000000191	31.2305621157630873026673013932009490342201092139808698981454
2098	0.0245000000000000000000000000000000000000000000000000000000191	31.1852402855562863825330171706458822699049242325730952755771
2099	0.0247500000000000000000000000000000000000000000000000000000191	31.1396362676444231284921482865504134170748631297102330961502
2100	0.0250000000000000000000000000000000000000000000000000000000191	31.0937538777433105296558732969837452473195827114710842009192
2101	0.0252500000000000000000000000000000000000000000000000000000191	31.0475969333947851898591498533814069891997428751784191298067
2102	0.0255000000000000000000000000000000000000000000000000000000191	31.0011692532689233017323031306751431181643123572732864076413
2103	0.0257500000000000000000000000000000000000000000000000000000191	30.9544746564734476210237876670836521195958321204346310782232
2104	0.0260000000000000000000000000000000000000000000000000000000191	30.9075169618704938345368762244652835922510322533695746194221
2105	0.0262500000000000000000000000000000000000000000000000000000191	30.8602999874008986242679647539969774016214642475870350840361
2106	0.0265000000000000000000000000000000000000000000000000000000191	30.8128275494161656346032841390981355226693885017878419369018
2107	0.0267500000000000000000000000000000000000000000000000000000191	30.765103462018259453698635288363156766719791207967881748893
2108	0.0270000000000000000000000000000000000000000000000000000000191	30.7171315364073716292889888563389458103580119551771869618806
2109	0.0272500000000000000000000000000000000000000000000000000000191	30.6689155802377966579047025000037727010688144216908808618155
2110	0.0275000000000000000000000000000000000000000000000000000000191	30.6204593969820498194563301524965969217771180067929478952246
2111	0.0277500000000000000000000000000000000000000000000000000000191	30.5717667853033526809294319363507536961580373727983807994703
2112	0.0280000000000000000000000000000000000000000000000000000000191	30.5228415384366060679317895338849541017441580929373067749523
2113	0.0282500000000000000000000000000000000000000000000000000000191	30.4736874435779643053711749766316321442542561715397461697177
2114	0.0285000000000000000000000000000000000000000000000000000000191	30.4243082812831185628089393920929370119789535821128592201611
2115	0.0287500000000000000000000000000000000000000000000000000000191	30.3747078248743912101110801525468205704879102756750062768006
2116	0.0290000000000000000000000000000000000000000000000000000000191	30.3248898398567371988613185474484989063235776620150200432371
2117	0.0292500000000000000000000000000000000000000000000000000000191	30.2748580833427426384448482959095382265415702140976438631119
2118	0.0295000000000000000000000000000000000000000000000000000000191	30.2246163034867049364675984086822455577662203076954343381848
2119	0.0297500000000000000000000000000000000000000000000000000000191	30.1741682389278731248295901250827285104652379223314908057125
2120	0.0300000000000000000000000000000000000000000000000000000000191	30.1235176182429212987813251097855982789214811505316966820041
2121	0.0302500000000000000000000000000000000000000000000000000000191	30.0726681594077224599908308867028736987226246218976567170505
2122	0.0305000000000000000000000000000000000000000000000000000000191	30.021623569268484479239628206158797472970090193513097177977
2123	0.0307500000000000000000000000000000000000000000000000000000191	29.9703875430223043829234580923493839580912924882752632039018
2124	0.0310000000000000000000000000000000000000000000000000000000191	29.9189637637071917230041073876854625912555061198792270078381
2125	0.0312500000000000000000000000000000000000000000000000000000191	29.867355901701606415258928598683439156520867680183441896103
2126	0.0315000000000000000000000000000000000000000000000000000000191	29.8155676142335511282923263698871172607880613928644775699371
2127	0.0317500000000000000000000000000000000000000000000000000000191	29.7636025448992530783672513208003924220238353549966413550286
2128	0.0320000000000000000000000000000000000000000000000000000000191	29.711464323191464935114622702832904048493007246993188952364
2129	0.0322500000000000000000000000000000000000000000000000000000191	29.6591565640374094728864631804765777616474815672513009847397
2130	0.0325000000000000000000000000000000000000000000000000000000191	29.6066828673463876141087450356098399607849020066916241592854
2131	0.0327500000000000000000000000000000000000000000000000000000191	29.554046817567064606510200244892274564387849697466147764328
2132	0.0330000000000000000000000000000000000000000000000000000000191	29.5012519832544442574755802547941358082338898016014789387643
2133	0.0332500000000000000000000000000000000000000000000000000000191	29.4483019166465364177933566387843470883722033861238775555818
2134	0.0335000000000000000000000000000000000000000000000000000000191	29.395200153250718265412493032630789562907236163011563436108
2135	0.0337500000000000000000000000000000000000000000000000000000191	29.3419502114397853890424721191199473015803731825857752602869
2136	0.0340000000000000000000000000000000000000000000000000000000191	29.2885555920576842129563971321330010028361250632537079366303
2137	0.0342500000000000000000000000000000000000000000000000000000191	29.2350197780349129395008459405770945916500462135747364439986
2138	0.0345000000000000000000000000000000000000000000000000000000191	29.1813462340135739157730440520973711876879251990289866057505
2139	0.0347500000000000000000000000000000000000000000000000000000191	29.127538405982056156775111043062012217755797321188708212931
2140	0.0350000000000000000000000000000000000000000000000000000000191	29.0735997209193226800622512138456141315624374636793550763714
2141	0.0352500000000000000000000000000000000000000000000000000000191	29.0195335864487733273207762094265617653626445481888364993675
2142	0.0355000000000000000000000000000000000000000000000000000000191	28.9653433905016498671871537620416140567186828872985140580037
2143	0.0357500000000000000000000000000000000000000000000000000000191	28.9110325009899463915878297569798032616485120727728203437876
2144	0.0360000000000000000000000000000000000000000000000000000000191	28.8566042654887843354731222664246387520650535955507731796534
2145	0.0362500000000000000000000000000000000000000000000000000000191	28.8020620109282078674658773448523128285752152262244285612863
2146	0.0365000000000000000000000000000000000000000000000000000000191	28.747409043294351916975096019531005107390028873582365326242
2147	0.0367500000000000000000000000000000000000000000000000000000191	28.6926486473399317219665417907144090705976299496500208795248
2148	0.0370000000000000000000000000000000000000000000000000000000191	28.6377840863039995009709003948187647535375709695639195316594
2149	0.0372500000000000000000000000000000000000000000000000000000191	28.5828186016409106730867158771507132689774580939793473982746
2150	0.0375000000000000000000000000000000000000000000000000000000191	28.5277554127584389706507974586418085670839065485984320050576
2151	0.0377500000000000000000000000000000000000000000000000000000191	28.4725977167649768107658020598350713127094163732171760980739
2152	0.0380000000000000000000000000000000000000000000000000000000191	28.417348688225754413770586998001176556288107857219843094685
2153	0.0382500000000000000000000000000000000000000000000000000000191	28.3620114789280083787083038551188497353170483182665395792296
2154	0.0385000000000000000000000000000000000000000000000000000000191	28.3065892176550277475046162088492623700512469248375486893853
2155	0.0387500000000000000000000000000000000000000000000000000000191	28.2510850099690030104510499567632957625472464128052096000407
2156	0.0390000000000000000000000000000000000000000000000000000000191	28.1955019380026010251588379885268655022096341692215587475793
2157	0.0392500000000000000000000000000000000000000000000000000000191	28.1398430602591864387972583994089723136528993230727009589959
2158	0.0395000000000000000000000000000000000000000000000000000000191	28.0841114114216079184787050965345368921939807809461694712372
2159	0.0397500000000000000000000000000000000000000000000000000000191	28.028310002169465306355365570236302608553737597158932379564
2160	0.0400000000000000000000000000000000000000000000000000000000191	27.972441819004771723540395294947696923617515982472040629946
2161	0.0402500000000000000000000000000000000000000000000000000000191	27.9165098240859226494897474961766359962843529680723121195511
2162	0.0405000000000000000000000000000000000000000000000000000000191	27.8605169550698821000508038190677733187927104978191133488214
2163	0.0407500000000000000000000000000000000000000000000000000000191	27.8044661249624942170163852258996125610422057907616238676912
2164	0.0410000000000000000000000000000000000000000000000000000000191	27.7483602219768268636802608369178079082081098348061863671556
2165	0.0412500000000000000000000000000000000000000000000000000000191	27.6922021093994521934851418460744676319494591968227879804007
2166	0.0415000000000000000000000000000000000000000000000000000000191	27.6359946254645676212507601267188968561117543886267777759288
2167	0.0417500000000000000000000000000000000000000000000000000000191	27.5797405832358591774871743145807371097490549009618338891265
2168	0.0420000000000000000000000000000000000000000000000000000000191	27.523442770496007864713443719966011847268396969997100853976
2169	0.0422500000000000000000000000000000000000000000000000000000191	27.4671039496437383592506506085836205827472289678358055541314
2170	0.0425000000000000000000000000000000000000000000000000000000191	27.4107268575983082113396809458634743888047935517603181477249
2171	0.0427500000000000000000000000000000000000000000000000000000191	27.35431420571133458931175514608599322066185877166451078009
2172	0.0430000000000000000000000000000000000000000000000000000000191	27.2978686796858545885442304259781265371052780751550422376716
2173	0.0432500000000000000000000000000000000000000000000000000000191	27.2413929395025141816660835492173632485895025190057614424148
2174	0.0435000000000000000000000000000000000000000000000000000000191	27.1848896193527800215090823141612154360781243915121588591909
2175	0.0437500000000000000000000000000000000000000000000000000000191	27.1283613275790675211785586457310211655933925975490691484775
2176	0.0440000000000000000000000000000000000000000000000000000000191	27.0718106466216779248649801354262476057394014486281137709733
2177	0.0442500000000000000000000000000000000000000000000000000000191	27.0152401329724364471359341300318144306576794176951345119858
2178	0.0445000000000000000000000000000000000000000000000000000000191	26.9586523171349229959202707078835633152323391659976189231902
2179	0.0447500000000000000000000000000000000000000000000000000000191	26.9020497035911865036875065276972876367201101232504905533605
2180	0.0450000000000000000000000000000000000000000000000000000000191	26.8454347707748334708866536576882092060941380477503128237017
2181	0.0452500000000000000000000000000000000000000000000000000000191	26.788809971050380973976859912981350854611444613336946462954
2182	0.0455000000000000000000000000000000000000000000000000000000191	26.7321777306987641057839980011695598756695927834207368434635
2183	0.0457500000000000000000000000000000000000000000000000000000191	26.6755404499088875968697923385256666038061552815999377343407
2184	0.0460000000000000000000000000000000000000000000000000000000191	26.6189005027751112115130378109424379440220961894104215665463
2185	0.0462500000000000000000000000000000000000000000000000000000191	26.5622602373005584191801795235682138549442677130544082673834
2186	0.0465000000000000000000000000000000000000000000000000000000191	26.5056219754061378104053717231415949241217122018268916830741
2187	0.0467500000000000000000000000000000000000000000000000000000191	26.4489880129451667532063240908163280529321179004617797354918
2188	0.0470000000000000000000000000000000000000000000000000000000191	26.3923606197234868709294192291284737199620023630984436342156
2189	0.0472500000000000000000000000000000000000000000000000000000191	26.3357420395249610631443907814028009529398318438417248114097
2190	0.0475000000000000000000000000000000000000000000000000000000191	26.2791344901422419862964373003804501842926438537300071276292
2191	0.0477500000000000000000000000000000000000000000000000000000191	26.2225401634127021586771192948356635019393980191578944520602
2192	0.0480000000000000000000000000000000000000000000000000000000191	26.1659612252594161533052045860680993840058275324252394429427
2193	0.0482500000000000000000000000000000000000000000000000000000191	26.1093998157370856909319419743453099675651948312234675599372
2194	0.0485000000000000000000000000000000000000000000000000000000191	26.0528580490827988420271863133580472764887126423582895629945
2195	0.0487500000000000000000000000000000000000000000000000000000191	25.9963380137715149896977118755585546143037341870770477154345
2196	0.0490000000000000000000000000000000000000000000000000000000191	25.9398417725761676934816675875316666976803314972409955923497
2197	0.0492500000000000000000000000000000000000000000000000000000191	25.8833713626322781253096944730138032112625918667436664990239
2198	0.0495000000000000000000000000000000000000000000000000000000191	25.8269287955069723220925770481589676010985615364580602668045
2199	0.0497500000000000000000000000000000000000000000000000000000191	25.7705160572722961128698789751456688067151322824795497338424
2200	0.0500000000000000000000000000000000000000000000000000000000191	25.7141351085827222307308385555782569275790854268069963283887
2201	0.0502500000000000000000000000000000000000000000000000000000191	25.6577878847567448093103867540614192985552512664157379234616
2202	0.0505000000000000000000000000000000000000000000000000000000191	25.6014762958624571890983787138460579769998888334132380715108
2203	0.0507500000000000000000000000000000000000000000000000000000191	25.5452022268070097186250623004324419187906425851633062956629
2204	0.0510000000000000000000000000000000000000000000000000000000191	25.4889675374298450283644624394192748496369598822837697069526
2205	0.0512500000000000000000000000000000000000000000000000000000191	25.4327740625996090795124355593450221219848344168847787107975
2206	0.0515000000000000000000000000000000000000000000000000000000191	25.3766236123146371442496989632775635700243413186244056052433
2207	0.0517500000000000000000000000000000000000000000000000000000191	25.3205179718069147573142093291914668408093825852962249796655
2208	0.0520000000000000000000000000000000000000000000000000000000191	25.2644589016494145893244736805340325728002720576067421158881
2209	0.0522500000000000000000000000000000000000000000000000000000191	25.2084481378667111289794672711885182166946802666551732202604
2210	0.0525000000000000000000000000000000000000000000000000000000191	25.1524873920487760226971712105801382956198806295577600471791
2211	0.0527500000000000000000000000000000000000000000000000000000191	25.0965783514678579051497771551491177316043096472161232361055
2212	0.0530000000000000000000000000000000000000000000000000000000191	25.0407226791983515612392894053992486090098266112940123453005
2213	0.0532500000000000000000000000000000000000000000000000000000191	24.9849220142395622880854229452918892077138533639839514973269
2214	0.0535000000000000000000000000000000000000000000000000000000191	24.9291779716412723733444127908767290302518687438525502188659
2215	0.0537500000000000000000000000000000000000000000000000000000191	24.8734921426320176724422110577417342538332056897349838834511
2216	0.0540000000000000000000000000000000000000000000000000000000191	24.8178660947499833509119504322420816078487212787059307014961
2217	0.0542500000000000000000000000000000000000000000000000000000191	24.7623013719764289578209290577572162373747263235731700145164
2218	0.0545000000000000000000000000000000000000000000000000000000191	24.7067994948715541111283913493726247516470688195519371764242
2219	0.0547500000000000000000000000000000000000000000000000000000191	24.6513619607127172046281151207967581340792002868742650301521
2220	0.0550000000000000000000000000000000000000000000000000000000191	24.5959902436349206878198810192968504024769371228162234497876
2221	0.0552500000000000000000000000000000000000000000000000000000191	24.5406857947734776235665547361189509585591401750803543558899
2222	0.0555000000000000000000000000000000000000000000000000000000191	24.4854500424087753926987367623258857502503036345744427001018
2223	0.0557500000000000000000000000000000000000000000000000000000191	24.4302843921130535888214791571296812156905778885109964604519
2224	0.0560000000000000000000000000000000000000000000000000000000191	24.3751902268991143294769744963862842738580019756290024818417
2225	0.0562500000000000000000000000000000000000000000000000000000191	24.3201689073708844005677137626077448029793021695714481794167
2226	0.0565000000000000000000000000000000000000000000000000000000191	24.2652217718757498486154656767876101855126632921058153119527
2227	0.0567500000000000000000000000000000000000000000000000000000191	24.2103501366585848391163264490390238056024208796421038067247
2228	0.0570000000000000000000000000000000000000000000000000000000191	24.155555296017397808069422984669168397994273696543140941189
2229	0.0572500000000000000000000000000000000000000000000000000000191	24.1008385224605191468495411942866399388200392193906473969626
2230	0.0575000000000000000000000000000000000000000000000000000000191	24.0462010668652558771293101560437266757010052631481071243533
2231	0.0577500000000000000000000000000000000000000000000000000000191	23.9916441586379399917261761727154484363666011956903780737363
2232	0.0580000000000000000000000000000000000000000000000000000000191	23.9371690058752983582689194869055084697982402752656422625141
2233	0.0582500000000000000000000000000000000000000000000000000000191	23.8827767955270733046874909760937003276757610943972903356473
2234	0.0585000000000000000000000000000000000000000000000000000000191	23.8284686935598242279917906473774186976288040262013544080361
2235	0.0587500000000000000000000000000000000000000000000000000000191	23.7742458451218417899065002686496244181790853906967284772787
2236	0.0590000000000000000000000000000000000000000000000000000000191	23.7201093747091074839803300378218696454685113877685806484488
2237	0.0592500000000000000000000000000000000000000000000000000000191	23.6660603863322325781221983314535029068692700599740843626293
2238	0.0595000000000000000000000000000000000000000000000000000000191	23.6120999636843116534898773042038573513635035794998017117769
2239	0.0597500000000000000000000000000000000000000000000000000000191	23.5582291703096271746469692176920092893541669265731828196956
2240	0.0600000000000000000000000000000000000000000000000000000000191	23.5044490497731427363124338230558021277822114294278082686502
2241	0.0602500000000000000000000000000000000000000000000000000000191	23.4507606258307238382759213728920711205210469233431326300351
2242	0.0605000000000000000000000000000000000000000000000000000000191	23.3971649026000262415861839137056229472476446345922723631323
2243	0.0607500000000000000000000000000000000000000000000000000000191	23.3436628647319931554044835043812844773958845503141083857332
2244	0.0610000000000000000000000000000000000000000000000000000000191	23.2902554775829036944368538400091355388132764163141922686712
2245	0.0612500000000000000000000000000000000000000000000000000000191	23.2369436873869162311256578752168735700425534396653902390012
2246	0.0615000000000000000000000000000000000000000000000000000000191	23.1837284214290514443198327426548696125558163088586843983392
2247	0.0617500000000000000000000000000000000000000000000000000000191	23.1306105882185610365022553902498625032717794681711261875044
2248	0.0620000000000000000000000000000000000000000000000000000000191	23.077591077662629254399197944479269588972778284201407425416
2249	0.0622500000000000000000000000000000000000000000000000000000191	23.0246707612403555025175873417761887920355449704285527138669
2250	0.0625000000000000000000000000000000000000000000000000000000191	22.9718504921769674854564147321823546476556543804071479504338
2251	0.0627500000000000000000000000000000000000000000000000000000191	22.91913110561821545234342934980331510612649255032183820899
2252	0.0630000000000000000000000000000000000000000000000000000000191	22.8665134188048992450997038389399165984555484885281059512108
2253	0.0632500000000000000000000000000000000000000000000000000000191	22.8139982312474809710931420771543653108295303905945090741926
2254	0.0635000000000000000000000000000000000000000000000000000000191	22.7615863249007372297853779713284999051675297177091914754623
2255	0.0637500000000000000000000000000000000000000000000000000000191	22.7092784643384059218997663034430192812686984850581643470908
2256	0.0640000000000000000000000000000000000000000000000000000000191	22.6570753969277837581530220886616272716803719286783833659682
2257	0.0642500000000000000000000000000000000000000000000000000000191	22.6049778530042316624276211693629674093142575461968313931977
2258	0.0645000000000000000000000000000000000000000000000000000000191	22.5529865460455463311604245092449030792102616887514955744649
2259	0.0647500000000000000000000000000000000000000000000000000000191	22.5011021728461572664448428731731590349648534118109103600426
2260	0.0650000000000000000000000000000000000000000000000000000000191	22.4493254136911096446641708150420220212400245370471588862807
2261	0.0652500000000000000000000000000000000000000000000000000000191	22.3976569325297944151823099936443623625339006354386678878828
2262	0.0655000000000000000000000000000000000000000000000000000000191	22.3460973771493880445192857529120926186918858740503628330235
2263	0.0657500000000000000000000000000000000000000000000000000000191	22.2946473793479653303511718822584321454637854327948509238327
2264	0.0660000000000000000000000000000000000000000000000000000000191	22.2433075551072497064294599368387523980711190883638682360633
2265	0.0662500000000000000000000000000000000000000000000000000000191	22.1920785047649664439591049723692713080315419692897720727902
2266	0.0665000000000000000000000000000000000000000000000000000000191	22.140960813186765126966025933054754398302710192742717633984
2267	0.0667500000000000000000000000000000000000000000000000000000191	22.0899550499376787385949623918643785587693563074687877481002
2268	0.0670000000000000000000000000000000000000000000000000000000191	22.0390617694530876419908041146319966618286261365517839879038
2269	0.0672500000000000000000000000000000000000000000000000000000191	21.9882815112091576733262602595807172460034616303513720096592
2270	0.0675000000000000000000000000000000000000000000000000000000191	21.9376147998927224855530405615917695488856339984399691934195
2271	0.0677500000000000000000000000000000000000000000000000000000191	21.8870621455705811894908255637108706685737921097404735705968
2272	0.0680000000000000000000000000000000000000000000000000000000191	21.8366240438581832338573279818416425999992607491681258103173
2273	0.0682500000000000000000000000000000000000000000000000000000191	21.7863009760876733477233477539401758202669980307046190718476
2274	0.0685000000000000000000000000000000000000000000000000000000191	21.7360934094752702375987494147558352860031776786536878338458
2275	0.0687500000000000000000000000000000000000000000000000000000191	21.6860017972879535868784528227144002058082251909568673871121
2276	0.0690000000000000000000000000000000000000000000000000000000191	21.6360265790094347476710680866571446864013255540971371823302
2277	0.0692500000000000000000000000000000000000000000000000000000191	21.5861681805053873440751690698315561274550138928423067664032
2278	0.0695000000000000000000000000000000000000000000000000000000191	21.5364270141879148217467179760946457206245558770081301866167
2279	0.0697500000000000000000000000000000000000000000000000000000191	21.4868034791792327811117261763376174079651644547165804730396
2280	0.0700000000000000000000000000000000000000000000000000000000191	21.4372979614745447208250220479185404212123642543097011957386
2281	0.0702500000000000000000000000000000000000000000000000000000191	21.3879108341040905940711067387186282387501746603497673639845
2282	0.0705000000000000000000000000000000000000000000000000000000191	21.3386424572943483430662779713776298165856950796381801370423
2283	0.0707500000000000000000000000000000000000000000000000000000191	21.2894931786283693266796129581228320517969339152067007758488
2284	0.0710000000000000000000000000000000000000000000000000000000191	21.2404633332052292924782155807065225880296693189061726503599
2285	0.0712500000000000000000000000000000000000000000000000000000191	21.1915532437985772677603262627683936939060166012914072003332
2286	0.0715000000000000000000000000000000000000000000000000000000191	21.1427632210142654543159476436861645472468403305716789019075
2287	0.0717500000000000000000000000000000000000000000000000000000191	21.0940935634470439088022706469642372631216178823804354777561
2288	0.0720000000000000000000000000000000000000000000000000000000191	21.0455445578363044748000749670615889617192742630566101297406
2289	0.0722500000000000000000000000000000000000000000000000000000191	20.9971164792208591038928104420683882896581121632563824760061
2290	0.0725000000000000000000000000000000000000000000000000000000191	20.9488095910927383615530740022011929447752701186848715333257
2291	0.0727500000000000000000000000000000000000000000000000000000191	20.9006241455499965593077107526181488318108356806287703370119
2292	0.0730000000000000000000000000000000000000000000000000000000191	20.8525603834485105876637692554679399677356835272772995690624
2293	0.0732500000000000000000000000000000000000000000000000000000191	20.8046185345527601446987249838562890082430346392302560145745
2294	0.0735000000000000000000000000000000000000000000000000000000191	20.7567988176855776631399260246613042033461797017423929468243
2295	0.0737500000000000000000000000000000000000000000000000000000191	20.7091014408768568342745360937137425613772750287984921438343
2296	0.0740000000000000000000000000000000000000000000000000000000191	20.6615266015112092102408048104630430714642948711974458560836
2297	0.0742500000000000000000000000000000000000000000000000000000191	20.6140744864745589372565482951487364145237679965198152930812
2298	0.0745000000000000000000000000000000000000000000000000000000191	20.5667452722996662312471386707341620992836599067632289840822
2299	0.0747500000000000000000000000000000000000000000000000000000191	20.5195391253105707542523369848730711864591881886307222945241
2300	0.0750000000000000000000000000000000000000000000000000000000191	20.4724562017659465850314117164776731598911103360111469280256
2301	0.0752500000000000000000000000000000000000000000000000000000191	20.4254966480013610005646138498052607635405266260288409544104
2302	0.0755000000000000000000000000000000000000000000000000000000191	20.3786606005704297967844873056614465477225810148707503931098
2303	0.0757500000000000000000000000000000000000000000000000000000191	20.3319481863848623769835620233648134271289554177996990410979
2304	0.0760000000000000000000000000000000000000000000000000000000191	20.2853595228533903250590325630343799606959317323788359745774
2305	0.0762500000000000000000000000000000000000000000000000000000191	20.2388947180195736581956647560531978590372126146596178786057
2306	0.0765000000000000000000000000000000000000000000000000000000191	20.19255387069847941988309542346282925129796105724643629578
2307	0.0767500000000000000000000000000000000000000000000000000000191	20.1463370706122277294425321750959672482224148567139037232923
2308	0.0770000000000000000000000000000000000000000000000000000000191	20.1002443985244008486320375608754543269516456523939429318755
2309	0.0772500000000000000000000000000000000000000000000000000000191	20.0542759263733112595421353485734679013483193669628704552359
2310	0.0775000000000000000000000000000000000000000000000000000000191	20.0084317174041251710189236262737758856710295241681227048994
2311	0.0777500000000000000000000000000000000000000000000000000000191	19.9627118262998382833960689260192786833777769360564637326638
2312	0.0780000000000000000000000000000000000000000000000000000000191	19.9171162993111010435170292657665675142496279773529436102381
2313	0.0782500000000000000000000000000000000000000000000000000000191	19.8716451743848910140227111561491936525843752992818287898396
2314	0.0785000000000000000000000000000000000000000000000000000000191	19.826298481292030362806532792414385428734372983795207161699
2315	0.0787500000000000000000000000000000000000000000000000000000191	19.781076241753546850538370956217438454688354760545192889107
2316	0.0790000000000000000000000000000000000000000000000000000000191	19.7359784695658770563716208341439715536636840203214096891871
2317	0.0792500000000000000000000000000000000000000000000000000000191	19.6910051707249109345146673500923276277834885993297837273653
2318	0.0795000000000000000000000000000000000000000000000000000000191	19.6461563435488771374109753104946916081533895458293114994524
2319	0.0797500000000000000000000000000000000000000000000000000000191	19.6014319788000688749726169095404969812140452834300023345896
2320	0.0800000000000000000000000000000000000000000000000000000000191	19.5568320598054104037924692452638891350301508785691462477133
2321	0.0802500000000000000000000000000000000000000000000000000000191	19.5123565625758645556627682859246514468056786824191684702776
2322	0.0805000000000000000000000000000000000000000000000000000000191	19.4680054559246820211944759145027309553567274395568225240742
2323	0.0807500000000000000000000000000000000000000000000000000000191	19.4237787015844934020052270698411156787914104501130777463373
2324	0.0810000000000000000000000000000000000000000000000000000000191	19.3796762543232453339655564413424912870982483180630053144155
2325	0.0812500000000000000000000000000000000000000000000000000000191	19.3356980620589822645055131737552677638411190669158115405284
2326	0.0815000000000000000000000000000000000000000000000000000000191	19.2918440659734757391282029938812914574092938784081228372705
2327	0.0817500000000000000000000000000000000000000000000000000000191	19.2481142006247033161944080739792668595219876413744126834358
2328	0.0820000000000000000000000000000000000000000000000000000000191	19.2045083940581794848739215252111093058959144022761397733267
2329	0.0822500000000000000000000000000000000000000000000000000000191	19.1610265679171412090447576105884734192049509280700618048754
2330	0.0825000000000000000000000000000000000000000000000000000000191	19.1176686375515909600005204719843835652481472475331236297419
2331	0.0827500000000000000000000000000000000000000000000000000000191	19.0744345121262003332378261330290278522970978278762220328563
2332	0.0830000000000000000000000000000000000000000000000000000000191	19.0313240947270775694779383919291237314793369164106420592138
2333	0.0832500000000000000000000000000000000000000000000000000000191	18.988337282467402517567074471763111109292634564110019197273
2334	0.0835000000000000000000000000000000000000000000000000000000191	18.9454739665919327871346923208386072843547084852162226923189
2335	0.0837500000000000000000000000000000000000000000000000000000191	18.9027340325803850420041222948100776875955413146010107168328
2336	0.0840000000000000000000000000000000000000000000000000000000191	18.8601173602496955814798379190592767744736800823642739643558
2337	0.0842500000000000000000000000000000000000000000000000000000191	18.8176238238551645459141644111920188138762829659885954841567
2338	0.0845000000000000000000000000000000000000000000000000000000191	18.7752532921904882655159500291553993185047913771667247733344
2339	0.0847500000000000000000000000000000000000000000000000000000191	18.7330056286866844473362414752101969785590904764755229465483
2340	0.0850000000000000000000000000000000000000000000000000000000191	18.6908806915099150648817548501640437140001182970082874902288
2341	0.0852500000000000000000000000000000000000000000000000000000191	18.6488783336582119779952016477711798748093061692819150103295
2342	0.0855000000000000000000000000000000000000000000000000000000191	18.6069984030571104676304026488134622225487675643438357870507
2343	0.0857500000000000000000000000000000000000000000000000000000191	18.565240742654196021066459933623447463866540754398214536121
2344	0.0860000000000000000000000000000000000000000000000000000000191	18.5236051905125698480746573235115063866656582450628168095583
2345	0.0862500000000000000000000000000000000000000000000000000000191	18.4820915799032387476985325343420786270032253199954877872069
2346	0.0865000000000000000000000000000000000000000000000000000000191	18.4406997393964350787547050687458663475636742594171603248759
2347	0.0867500000000000000000000000000000000000000000000000000000191	18.3994294929518727150312073422353803307943327751733886521895
2348	0.0870000000000000000000000000000000000000000000000000000000191	18.3582806600079449885715450033292892580994021783223965532396
2349	0.0872500000000000000000000000000000000000000000000000000000191	18.3172530555698707415054145651063351438316927143041330737342
2350	0.0875000000000000000000000000000000000000000000000000000000191	18.276346490296794718738438346059471214418753336930841588742
2351	0.0877500000000000000000000000000000000000000000000000000000191	18.2355607705878486405595243311562027804203274404518945599988
2352	0.0880000000000000000000000000000000000000000000000000000000191	18.1948956986671793959801722182097385624544328437165410555019
2353	0.0882500000000000000000000000000000000000000000000000000000191	18.154351072667950894498427154615948911729199444495110436622
2354	0.0885000000000000000000000000000000000000000000000000000000191	18.1139266867153262060929677712373321628247519648882992303101
2355	0.0887500000000000000000000000000000000000000000000000000000191	18.0736223310084367067102700883550298926862650376309497231498
2356	0.0890000000000000000000000000000000000000000000000000000000191	18.0334377919013450294186958797785901633002541495071166390602
2357	0.0892500000000000000000000000000000000000000000000000000000191	17.9933728519830086998750043191937511605512502037189439918331
2358	0.0895000000000000000000000000000000000000000000000000000000191	17.9534272901562514088869725625176132751181640507322841247279
2359	0.0897500000000000000000000000000000000000000000000000000000191	17.9136008817157489447648243480696787879021397914900858389396
2360	0.0900000000000000000000000000000000000000000000000000000000191	17.8738933984250368739367880679480503526041712596086583701117
2361	0.0902500000000000000000000000000000000000000000000000000000191	17.8343046085925471200616086461829552021131735623806309151813
2362	0.0905000000000000000000000000000000000000000000000000000000191	17.7948342771466806497029797625283282534459250570522595289719
2363	0.0907500000000000000000000000000000000000000000000000000000191	17.7554821657099235266358896517821950664119915024192513496114
2364	0.0910000000000000000000000000000000000000000000000000000000191	17.7162480326720136471295165679131057073847953143768121850304
2365	0.0912500000000000000000000000000000000000000000000000000000191	17.6771316332621655151907883828224473209859220285712335086621
2366	0.0915000000000000000000000000000000000000000000000000000000191	17.6381327196203604598507438312426235155202259165731182711117
2367	0.0917500000000000000000000000000000000000000000000000000000191	17.5992510408677097362246025723389912939727206390746193842796
2368	0.0920000000000000000000000000000000000000000000000000000000191	17.5604863431758979883666661897210164103348421789352588396382
2369	0.0922500000000000000000000000000000000000000000000000000000191	17.5218383698357145849620326225328256536560066370530481716793
2370	0.0925000000000000000000000000000000000000000000000000000000191	17.4833068613246803687363194201101768341540516486278527940593
2371	0.0927500000000000000000000000000000000000000000000000000000191	17.4448915553737773872083770152688401005739633595830376173818
2372	0.0930000000000000000000000000000000000000000000000000000000191	17.406592187033289196144072557493207695828282763226481304869
2373	0.0932500000000000000000000000000000000000000000000000000000191	17.368408488737759347874906329550324974581914132131687690249
2374	0.0935000000000000000000000000000000000000000000000000000000191	17.330340190370075694605291265615614340488181651587583797515
2375	0.0937500000000000000000000000000000000000000000000000000000191	17.2923870193246881520271317020103823329151065143054849806095
2376	0.0940000000000000000000000000000000000000000000000000000000191	17.2545487005699675810687850861996403826249979411055648242824
2377	0.0942500000000000000000000000000000000000000000000000000000191	17.2168249567097134555050496419577301409571608828315281872768
2378	0.0945000000000000000000000000000000000000000000000000000000191	17.1792155080438179905215370622629417627371000762929935715703
2379	0.0947500000000000000000000000000000000000000000000000000000191	17.1417200726280944122352938104837499574052322876648507951796
2380	0.0950000000000000000000000000000000000000000000000000000000191	17.1043383663332770506970572411317297994283789165034366146084
2381	0.0952500000000000000000000000000000000000000000000000000000191	17.0670701029032009391109132161358617366385840000217496084371
2382	0.0955000000000000000000000000000000000000000000000000000000191	17.0299149940121685999748223070808398436313203580037212558943
2383	0.0957500000000000000000000000000000000000000000000000000000191	16.9928727493215116946395993132332412224233627607055264813699
2384	0.0960000000000000000000000000000000000000000000000000000000191	16.9559430765353552064722112320401106559213976201018315065098
2385	0.0962500000000000000000000000000000000000000000000000000000191	16.9191256814555918194581092395516989312711302618456108563658
2386	0.0965000000000000000000000000000000000000000000000000000000191	16.8824202680360741437518133639064249810061787198747152152253
2387	0.0967500000000000000000000000000000000000000000000000000000191	16.8458265384360324274488965235103460986926368746440119991977
2388	0.0970000000000000000000000000000000000000000000000000000000191	16.809344193072725379768343359388741007067493509952954355457
2389	0.0972500000000000000000000000000000000000000000000000000000191	16.7729729306733317149631829935736901108970871950056033496443
2390	0.0975000000000000000000000000000000000000000000000000000000191	16.7367124483260900086792406738527941061507549268111602603058
2391	0.0977500000000000000000000000000000000000000000000000000000191	16.7005624415306944392154963432615382928648226940953936513775
2392	0.0980000000000000000000000000000000000000000000000000000000191	16.6645226042479539652623166804227816384616957299876437405087
2393	0.0982500000000000000000000000000000000000000000000000000000191	16.6285926289487224692619576059952589401519915472196789316675
2394	0.0985000000000000000000000000000000000000000000000000000000191	16.5927722066621073716042269027104205343044385373362917096306
2395	0.0987500000000000000000000000000000000000000000000000000000191	16.5570610270229641954928710074055746764393799702820383161992
2396	0.0990000000000000000000000000000000000000000000000000000000191	16.5214587783186845355477507067304242999852990351472761136512
2397	0.0992500000000000000000000000000000000000000000000000000000191	16.485965147535284855095682603498118627013744808300548847385
2398	0.0995000000000000000000000000000000000000000000000000000000191	16.4505798204028035076992885409167879529743639933015023506706
2399	0.0997500000000000000000000000000000000000000000000000000000191	16.4153024814400133478275278153247305589287922247476013320063
2400	0.100000000000000000000000000000000000000000000000000000000019	16.3801328139984572637318894708068160724915393384496279148142
2401	0.100250000000000000000000000000000000000000000000000000000019	16.3450705003058139326055010861469258634882532067513666970875
2402	0.100500000000000000000000000000000000000000000000000000000019	16.3101152215086010640145934153361012451287228605418431375321
2403	0.100750000000000000000000000000000000000000000000000000000019	16.2752666577142233624477105697612871991067858773023982707562
2404	0.101000000000000000000000000000000000000000000000000000000019	16.2405244880323724036715890588794382861903543530397981126713
2405	0.101250000000000000000000000000000000000000000000000000000019	16.2058883906157855824565302559125649440568295997151352311604
2406	0.101500000000000000000000000000000000000000000000000000000019	16.1713580427003712511801284290829963258142377754167823684792
2407	0.101750000000000000000000000000000000000000000000000000000019	16.1369331206447071298771594243248109525229017240788743869979
2408	0.102000000000000000000000000000000000000000000000000000000019	16.1026132999689190285150687136567910663590045674353173420992
2409	0.102250000000000000000000000000000000000000000000000000000019	16.0683982553929468816776392814154343153113535031271863876951
2410	0.102500000000000000000000000000000000000000000000000000000019	16.0342876608742050544719351044954462851419484188190101971953
2411	0.102750000000000000000000000000000000000000000000000000000019	16.0002811896446438363724338859112349722453746136907298572786
2412	0.103000000000000000000000000000000000000000000000000000000019	15.9663785142472189969173916879759336348783910061032413292512
2413	0.103250000000000000000000000000000000000000000000000000000019	15.9325793065717762337110256112485969628942484387690771060768
2414	0.103500000000000000000000000000000000000000000000000000000019	15.898883237890357299095272576679660381160042242905292486673
2415	0.103750000000000000000000000000000000000000000000000000000019	15.865289978891934547170022369461284841001137291047313940489
2416	0.104000000000000000000000000000000000000000000000000000000019	15.8317991997165805975933123614735026379936473091328404813864
2417	0.104250000000000000000000000000000000000000000000000000000019	15.7984105699890797668146471039725607531801735579732662569455
2418	0.104500000000000000000000000000000000000000000000000000000019	15.7651237588519878711161771138507329186518812975150521307261
2419	0.104750000000000000000000000000000000000000000000000000000019	15.7319384349981469590879329596895179979804923514526741857809
2420	0.105000000000000000000000000000000000000000000000000000000019	15.6988542667026614839738597855552318133068999051897212755959
2421	0.105250000000000000000000000000000000000000000000000000000019	15.6658709218543423787234463144138267355694481832150763258803
2422	0.105500000000000000000000000000000000000000000000000000000019	15.6329880679866254485969343891615912984584085301079148665003
2423	0.105750000000000000000000000000000000000000000000000000000019	15.6002053723079704478273185495543118013324114585618199958279
2424	0.106000000000000000000000000000000000000000000000000000000019	15.5675225017317471581657477078290286594399328766909841723322
2425	0.106250000000000000000000000000000000000000000000000000000019	15.53493912290561473815394393608117713360573616607933946502
2426	0.106500000000000000000000000000000000000000000000000000000019	15.5024549022404005627025655649588474792255861658998840262685
2427	0.106750000000000000000000000000000000000000000000000000000019	15.4700695059384847230320735339819857068424588089848336372008
2428	0.107000000000000000000000000000000000000000000000000000000019	15.4377826000216963072759367413721693373564819305305485670241
2429	0.107250000000000000000000000000000000000000000000000000000019	15.4055938503587275320775882958080911569052940913564938298303
2430	0.107500000000000000000000000000000000000000000000000000000019	15.3735029226920717453544165383138814469480884788291829100362
2431	0.107750000000000000000000000000000000000000000000000000000019	15.3415094826644912700755943863453337287835671063715517144437
2432	0.108000000000000000000000000000000000000000000000000000000019	15.3096131958450210084264384014713130718234681299320424958246
2433	0.108250000000000000000000000000000000000000000000000000000019	15.2778137277545136751303469211519932884438383123077423195356
2434	0.108500000000000000000000000000000000000000000000000000000019	15.24611074389073247798969079818798274104556912808149339536
2435	0.108750000000000000000000000000000000000000000000000000000019	15.2145039097529970129082237910145798641258687910102867173653
2436	0.109000000000000000000000000000000000000000000000000000000019	15.1829928908663880897879647778979358340223959227308120528241
2437	0.109250000000000000000000000000000000000000000000000000000019	15.1515773528055171547708346394755569447365590186772366774546
2438	0.109500000000000000000000000000000000000000000000000000000019	15.1202569612178659233368044646059880880668118996432503751089
2439	0.109750000000000000000000000000000000000000000000000000000019	15.0890313818467017877925819092085452608376092309405818832397
2440	0.110000000000000000000000000000000000000000000000000000000019	15.0579002805535745117040497017724976523243137394077580813027
2441	0.110250000000000000000000000000000000000000000000000000000019	15.0268633233403996728573740714990657589876506760069026889856
2442	0.110500000000000000000000000000000000000000000000000000000019	14.9959201763711342653930113434896987218139060138066748421868
2443	0.110750000000000000000000000000000000000000000000000000000019	14.9650705059930498208583498727503537026447604104824827673896
2444	0.111000000000000000000000000000000000000000000000000000000019	14.9343139787576083570825364497005022946887261475590463836032
2445	0.111250000000000000000000000000000000000000000000000000000019	14.9036502614409464130047796092371108392791894168223502512722
2446	0.111500000000000000000000000000000000000000000000000000000019	14.8730790210639723768982597081511489346631774441423124576622
2447	0.111750000000000000000000000000000000000000000000000000000019	14.8425999249120822648384150785972055080294927491308385114223
2448	0.112000000000000000000000000000000000000000000000000000000019	14.8122126405544990557790784011472757344851502012352300688687
2449	0.112250000000000000000000000000000000000000000000000000000019	14.781916835863240639234536815662257124721680507203217961095
2450	0.112500000000000000000000000000000000000000000000000000000019	14.7517121790317213813314882017470996937367767336422559808347
2451	0.112750000000000000000000000000000000000000000000000000000019	14.7215983385929922649030552921584964159056376331355241453069
2452	0.113000000000000000000000000000000000000000000000000000000019	14.6915749834376245093580851512682870989491797641044967163725
2453	0.113250000000000000000000000000000000000000000000000000000019	14.6616417828312415262830955121541345289323948511535077468013
2454	0.113500000000000000000000000000000000000000000000000000000019	14.6317984064317040171312375461300259157130155558578492335906
2455	0.113750000000000000000000000000000000000000000000000000000019	14.6020445243059529699319567061386890178947104402234494496799
2456	0.114000000000000000000000000000000000000000000000000000000019	14.572379806946515262725712163028659671343128274564644304687
2457	0.114250000000000000000000000000000000000000000000000000000019	14.5428039252876765323988657699762341856161923799391282991682
2458	0.114500000000000000000000000000000000000000000000000000000019	14.5133165507213259187730288736158298755150881068990480220594
2459	0.114750000000000000000000000000000000000000000000000000000019	14.4839173551124772451987744058360617936845779379260024114157
2460	0.115000000000000000000000000000000000000000000000000000000019	14.4546060108144711485233651205070774418887340048447439174301
2461	0.115250000000000000000000000000000000000000000000000000000019	14.4253821906838626231533753122295393572095571788328643080089
2462	0.115500000000000000000000000000000000000000000000000000000019	14.3962455680949983960228359160993539442385998006287057877928
2463	0.115750000000000000000000000000000000000000000000000000000019	14.3671958169542885016125469268392153497960802330248378757657
2464	0.116000000000000000000000000000000000000000000000000000000019	14.3382326117141763787529121956713059629914946371246029317932
2465	0.116250000000000000000000000000000000000000000000000000000019	14.3093556273868117637872034067859105167121212880186720926918
2466	0.116500000000000000000000000000000000000000000000000000000019	14.2805645395574306077804114625883487842690836148300922615479
2467	0.116750000000000000000000000000000000000000000000000000000019	14.2518590243974461988363766289729228075737258269769900661635
2468	0.117000000000000000000000000000000000000000000000000000000019	14.2232387586772556242380158594774652112451934879641475079662
2469	0.117250000000000000000000000000000000000000000000000000000019	14.1947034197787656610572363685847722692103817733224468299261
2470	0.117500000000000000000000000000000000000000000000000000000019	14.1662526857076421380973327927801363814773158094845196600314
2471	0.117750000000000000000000000000000000000000000000000000000019	14.1378862351052867665358564601192755597846620288191624857454
2472	0.118000000000000000000000000000000000000000000000000000000019	14.1096037472605453914344226777443146607400072927276136850759
2473	0.118250000000000000000000000000000000000000000000000000000019	14.0814049021211515713777534276617994636069848669168203874366
2474	0.118500000000000000000000000000000000000000000000000000000019	14.0532893803049093489012773764676350480154088226851914369337
2475	0.118750000000000000000000000000000000000000000000000000000019	14.0252568631106190300684429856657566708929569370489375872253
2476	0.119000000000000000000000000000000000000000000000000000000019	13.9973070325287497475689436779939338110381573491168828658151
2477	0.119250000000000000000000000000000000000000000000000000000019	13.9694395712518625380304960593320302001258011050369067023265
2478	0.119500000000000000000000000000000000000000000000000000000019	13.9416541626847876208726383162588164771821648342403044041005
2479	0.119750000000000000000000000000000000000000000000000000000019	13.9139504909545595229840127438648633613734914250789691130114
2480	0.120000000000000000000000000000000000000000000000000000000019	13.8863282409201136507773576822326056165947182226824422033388
2481	0.120250000000000000000000000000000000000000000000000000000019	13.8587870981817478687713664454969198547839119251284282166705
2482	0.120500000000000000000000000000000000000000000000000000000019	13.8313267490903526017678987848099397752224863502761415930373
2483	0.120750000000000000000000000000000000000000000000000000000019	13.8039468807564129359388022269721529000223424482450316649243
2484	0.121000000000000000000000000000000000000000000000000000000019	13.7766471810587861527106932134905630411398614613752844560049
2485	0.121250000000000000000000000000000000000000000000000000000019	13.7494273386532580882401721319677898328729662147964132049584
2486	0.121500000000000000000000000000000000000000000000000000000019	13.722287042980881670507651748191235255926302902064082338101
2487	0.121750000000000000000000000000000000000000000000000000000019	13.6952259842761009456266586330583465048070149240303281828089
2488	0.122000000000000000000000000000000000000000000000000000000019	13.6682438535746638648683638909517809025041812489874637359117
2489	0.122250000000000000000000000000000000000000000000000000000019	13.6413403427213270641393080060020170709746407759819783035157
2490	0.122500000000000000000000000000000000000000000000000000000019	13.6145151443773558282247578844088388717952729485309878400315
2491	0.122750000000000000000000000000000000000000000000000000000019	13.5877679520278223930216873904708174820309178360226681824584
2492	0.123000000000000000000000000000000000000000000000000000000019	13.5610984599887057002346876739941055111056963140681926443299
2493	0.123250000000000000000000000000000000000000000000000000000019	13.5345063634137956805957430728500374963963980599607004985341
2494	0.123500000000000000000000000000000000000000000000000000000019	13.5079913583014051035951801024154217402708697885782820794318
2495	0.123750000000000000000000000000000000000000000000000000000019	13.4815531415008919939765178904865019384138041915379570390444
2496	0.124000000000000000000000000000000000000000000000000000000019	13.4551914107189955778526083563702270165741216419920126108214
2497	0.124250000000000000000000000000000000000000000000000000000019	13.4289058645259886842444304208061048284517641835971395152271
2498	0.124500000000000000000000000000000000000000000000000000000019	13.4026962023616494911271622952684172214752187078586750220043
2499	0.124750000000000000000000000000000000000000000000000000000019	13.3765621245410554686905616340492872126960856532308658867683
2500	0.125000000000000000000000000000000000000000000000000000000019	13.3505033322602023364819953252773128820610292130270044045245
2501	0.125250000000000000000000000000000000000000000000000000000019	13.3245195276014508154003408448966488788606246990289317462894
2502	0.125500000000000000000000000000000000000000000000000000000019	13.298610413538803920146996351276449329139745566282773516565
2503	0.125750000000000000000000000000000000000000000000000000000019	13.272775693943017502715862419260877656571318633565117234989
2504	0.126000000000000000000000000000000000000000000000000000000019	13.2470150735865467228167815494869276413695318418343925355822
2505	0.126250000000000000000000000000000000000000000000000000000019	13.2213282581483310867758442718542733955464983762220084026423
2506	0.126500000000000000000000000000000000000000000000000000000019	13.19571495421842066244041271923406167380789846434635357357
2507	0.126750000000000000000000000000000000000000000000000000000019	13.1701748693024460439358149436036282538701461018554534251198
2508	0.127000000000000000000000000000000000000000000000000000000019	13.1447077118259346067734909459192642419530387877236188715295
2509	0.127250000000000000000000000000000000000000000000000000000019	13.119313191138475560795916244917116717178812958633237227806
2510	0.127500000000000000000000000000000000000000000000000000000019	13.0939910175177362757608123731575997671224522385851828461729
2511	0.127750000000000000000000000000000000000000000000000000000019	13.0687409021733323220148299618030357508912766451322328480232
2512	0.128000000000000000000000000000000000000000000000000000000019	13.0435625572505536366838481792773710096476906005509432289376
2513	0.128250000000000000000000000000000000000000000000000000000019	13.0184556958339491941120010676780393934493056003457040993281
2514	0.128500000000000000000000000000000000000000000000000000000019	12.9934200319507725279131838803766254185739663882035475913501
2515	0.128750000000000000000000000000000000000000000000000000000019	12.9684552805742904209557207026245823677318687799998717632551
2516	0.129000000000000000000000000000000000000000000000000000000019	12.9435611576269570488816434105565604582256065302650742626357
2517	0.129250000000000000000000000000000000000000000000000000000019	12.9187373799834558323651438503614166414920979302623622603451
2518	0.129500000000000000000000000000000000000000000000000000000019	12.893983665473611223238668218074792709425998825183112729618
2519	0.129750000000000000000000000000000000000000000000000000000019	12.8692997328851726198582291926803623950786009916360765677102
2520	0.130000000000000000000000000000000000000000000000000000000019	12.8446853019664725776401757642299743056046275197567745219038
2521	0.130250000000000000000000000000000000000000000000000000000019	12.8201400934289614515781974916707290839735299674514554874092
2522	0.130500000000000000000000000000000000000000000000000000000019	12.795663828949620578740021997909713945991281940367822529479
2523	0.130750000000000000000000000000000000000000000000000000000019	12.7712562311732560802463250159339714643728648545258588502715
2524	0.131000000000000000000000000000000000000000000000000000000019	12.7469170237146753340480066049985929386877189873105883121341
2525	0.131250000000000000000000000000000000000000000000000000000019	12.722645931160748141940354718028101440098164988407772171396
2526	0.131500000000000000000000000000000000000000000000000000000019	12.6984426790723545866818434993334672351689093697236983344237
2527	0.131750000000000000000000000000000000000000000000000000000019	12.6743069939862215478194916023221157310029472226229050744372
2528	0.132000000000000000000000000000000000000000000000000000000019	12.6502386034166498178598979416809876672171938162045883478636
2529	0.132250000000000000000000000000000000000000000000000000000019	12.6262372358571337337633122378459469582945392053721212968569
2530	0.132500000000000000000000000000000000000000000000000000000019	12.6023026207818752123753918103505315837849320721789930137464
2531	0.132750000000000000000000000000000000000000000000000000000019	12.5784344886471940523456249834280207772935886830548263540765
2532	0.133000000000000000000000000000000000000000000000000000000019	12.5546325708928363393107216873922506119413840363098717271471
2533	0.133250000000000000000000000000000000000000000000000000000019	12.5308965999431827656435172233795656076303399688063964578368
2534	0.133500000000000000000000000000000000000000000000000000000019	12.5072263092083586508810183512335566816815708219520303614371
2535	0.133750000000000000000000000000000000000000000000000000000019	12.4836214330852474240470347043061487102800524756510367000881
2536	0.134000000000000000000000000000000000000000000000000000000019	12.4600817069584093044732574376584314144753728738832815768906
2537	0.134250000000000000000000000000000000000000000000000000000019	12.4366068672009068933955282707403638400621973620685269880396
2538	0.134500000000000000000000000000000000000000000000000000000019	12.4131966511750393645572271545348001247690910209306927841373
2539	0.134750000000000000000000000000000000000000000000000000000019	12.3898507972329869182870225520326091588475851618665122495179
2540	0.135000000000000000000000000000000000000000000000000000000019	12.3665690447173671400314882645246082853662702518548547279087
2541	0.135250000000000000000000000000000000000000000000000000000019	12.3433511339617048811120961470369886635181430786887936554524
2542	0.135500000000000000000000000000000000000000000000000000000019	12.3201968062908172565386351367682223974730289304467618572899
2543	0.135750000000000000000000000000000000000000000000000000000019	12.297105804021115332044963987817509351506682991724806636096
2544	0.136000000000000000000000000000000000000000000000000000000019	12.274077870460824050115949261875453966621958990425861303532
2545	0.136250000000000000000000000000000000000000000000000000000019	12.251112749910121922644234873020247457215275584460411948476
2546	0.136500000000000000000000000000000000000000000000000000000019	12.2282101876612019959898913327970822295118066093472646710904
2547	0.136750000000000000000000000000000000000000000000000000000019	12.2053699299982555726127523621495534376624230159978125515064
2548	0.137000000000000000000000000000000000000000000000000000000019	12.1825917241973801521041092991838311872123798817734843873498
2549	0.137250000000000000000000000000000000000000000000000000000019	12.1598753185264130333591412035694046587842989744440855786897
2550	0.137500000000000000000000000000000000000000000000000000000019	12.1372204622446919988017489756459887118574987853668174562125
2551	0.137750000000000000000000000000000000000000000000000000000019	12.114626905602744480997071017399720777424085566040072969346
2552	0.138000000000000000000000000000000000000000000000000000000019	12.0920943998419065916616202333581400660814794279574966082895
2553	0.138250000000000000000000000000000000000000000000000000000019	12.0696226971938733730044309811263050097337302995496382861916
2554	0.138500000000000000000000000000000000000000000000000000000019	12.0472115508801816115025733801301162785112016908796320850969
2555	0.138750000000000000000000000000000000000000000000000000000019	12.0248607151116265346286153188763030783960767809872590611104
2556	0.139000000000000000000000000000000000000000000000000000000019	12.0025699450876136917038251169649116867059862484664907636936
2557	0.139250000000000000000000000000000000000000000000000000000019	11.980338996995447300946847736154468317238846168032030951228
2558	0.139500000000000000000000000000000000000000000000000000000019	11.9581676280095563259209950762709239604904307305971335356998
2559	0.139750000000000000000000000000000000000000000000000000000019	11.936055596290659525951909994122893469362999105561753458883
2560	0.140000000000000000000000000000000000000000000000000000000019	11.9140026609848707066889419900693938401067836893067308726911
2561	0.140250000000000000000000000000000000000000000000000000000019	11.8920085822227453788158623334850129560068315789311123892192
2562	0.140500000000000000000000000000000000000000000000000000000019	11.8700731211182700149773051988146126803442986660128015053354
2563	0.140750000000000000000000000000000000000000000000000000000019	11.8481960397677950772743122931700976268123903852962870515153
2564	0.141000000000000000000000000000000000000000000000000000000019	11.8263771012489129701933508132954941528243029344534231749831
2565	0.141250000000000000000000000000000000000000000000000000000019	11.80461606961928205656594441910595032981601603902950735972
2566	0.141500000000000000000000000000000000000000000000000000000019	11.782912709915397857108387486324852464524643078483433172781
2567	0.141750000000000000000000000000000000000000000000000000000019	11.7612667881513125372606950871433548407772842629919887478582
2568	0.142000000000000000000000000000000000000000000000000000000019	11.7396780713173037684287739265610463029952455614982788133489
2569	0.142250000000000000000000000000000000000000000000000000000019	11.7181463273784940343315903366389921556661791706417043375484
2570	0.142500000000000000000000000000000000000000000000000000000019	11.6966713252734214369636768354342493741623758537686311921911
2571	0.142750000000000000000000000000000000000000000000000000000019	11.6752528349125630407004844477262058668621008235594639769098
2572	0.143000000000000000000000000000000000000000000000000000000019	11.6538906271768117772976894126126819375409381269302557971409
2573	0.143250000000000000000000000000000000000000000000000000000019	11.632584473915907918963445574378021494111314666095777809604
2574	0.143500000000000000000000000000000000000000000000000000000019	11.6113341479468261113125935693765375287970285548526570982657
2575	0.143750000000000000000000000000000000000000000000000000000019	11.5901394230521189428418615071860830545292506196693914479762
2576	0.144000000000000000000000000000000000000000000000000000000019	11.5690000739782180125929968571509808085486369996012103617153
2577	0.144250000000000000000000000000000000000000000000000000000019	11.5479158764336934428944446807936239289844548146774937758727
2578	0.144500000000000000000000000000000000000000000000000000000019	11.5268866070874727694895337992690312659267776319941074887202
2579	0.144750000000000000000000000000000000000000000000000000000019	11.5059120435670201269680624385488030983014970254675409898321
2580	0.145000000000000000000000000000000000000000000000000000000019	11.4849919644564766332166129770249242790626311596811734573836
2581	0.145250000000000000000000000000000000000000000000000000000019	11.4641261492947628625888086351236793756498932702210072705543
2582	0.145500000000000000000000000000000000000000000000000000000019	11.4433143785736442836680029093492876070364244354875017168503
2583	0.145750000000000000000000000000000000000000000000000000000019	11.4225564337357605238495277072300900770234735589557496428153
2584	0.146000000000000000000000000000000000000000000000000000000019	11.4018520971726193095055939621922130698175461302584790182687
2585	0.146250000000000000000000000000000000000000000000000000000019	11.3812011522225559172112277038514474589507455042948769618722
2586	0.146500000000000000000000000000000000000000000000000000000019	11.3606033831686589584022372460888476383964739550436564102107
2587	0.146750000000000000000000000000000000000000000000000000000019	11.3400585752366633069041590321905210344854214767132466286525
2588	0.147000000000000000000000000000000000000000000000000000000019	11.3195665145928109660124501875514363341771492983262554480842
2589	0.147250000000000000000000000000000000000000000000000000000019	11.2991269883416806592169283161203496695817257086507322232234
2590	0.147500000000000000000000000000000000000000000000000000000019	11.2787397845239869162456609142676337366085301029800934340267
2591	0.147750000000000000000000000000000000000000000000000000000019	11.258404692114349413853249511375496936590922385543447863833
2592	0.148000000000000000000000000000000000000000000000000000000019	11.2381215010190333186938231177520824521262282209897661079035
2593	0.148250000000000000000000000000000000000000000000000000000019	11.2178900020736613676981520096420620591520620413025095229252
2594	0.148500000000000000000000000000000000000000000000000000000019	11.1977099870408984096152310595128803031427586186308018142446
2595	0.148750000000000000000000000000000000000000000000000000000019	11.1775812486081091197795910840684845716655382902673374842165
2596	0.149000000000000000000000000000000000000000000000000000000019	11.1575035803849895887246210823425368542848838004090808549917
2597	0.149250000000000000000000000000000000000000000000000000000019	11.1374767769011734739774825945537418351439102734463177514907
2598	0.149500000000000000000000000000000000000000000000000000000019	11.117500633603813393240943397222746807514646605751010024088
2599	0.149750000000000000000000000000000000000000000000000000000019	11.0975749468551382261898399394213710563530382545488450674049
2600	0.150000000000000000000000000000000000000000000000000000000019	11.077699513929986981283099864582971858616424071641221865764
2601	0.150250000000000000000000000000000000000000000000000000000019	11.0578741330133198733145362158232045280333836218014197314156
2602	0.150500000000000000000000000000000000000000000000000000000019	11.0380986031977072468951971159604250195783364959473710725419
2603	0.150750000000000000000000000000000000000000000000000000000019	11.0183727244807969706751675714447315619141118628664866801658
2604	0.151000000000000000000000000000000000000000000000000000000019	10.9986962977627609168716374275916351541164816688996386491753
2605	0.151250000000000000000000000000000000000000000000000000000019	10.9790691248437211305710504115256945767741278608342010789876
2606	0.151500000000000000000000000000000000000000000000000000000019	10.9594910084211562833145278240584570398992141521119373128554
2607	0.151750000000000000000000000000000000000000000000000000000019	10.9399617520872889956558261550647818812900265575662131406923
2608	0.152000000000000000000000000000000000000000000000000000000019	10.9204811603264546036981652671329936113756303072335060582614
2609	0.152250000000000000000000000000000000000000000000000000000019	10.901049038512451935068692585971021785126882730419910879551
2610	0.152500000000000000000000000000000000000000000000000000000019	10.881665192905876650375483915686549511794489519243290898605
2611	0.152750000000000000000000000000000000000000000000000000000019	10.8623294306514376969101932134922421854496700083342152071946
2612	0.153000000000000000000000000000000000000000000000000000000019	10.8430415597752574122081372388082884704544646658256648101755
2613	0.153250000000000000000000000000000000000000000000000000000019	10.8238013891821558060551369229838392170759218674029977341505
2614	0.153500000000000000000000000000000000000000000000000000000019	10.804608728652919540635251213358036103512199575489951017301
2615	0.153750000000000000000000000000000000000000000000000000000019	10.7854633888415561197440617678355752937073777698976950912034
2616	0.154000000000000000000000000000000000000000000000000000000019	10.7663651812725337893468440361823862314097217195055793998169
2617	0.154250000000000000000000000000000000000000000000000000000019	10.7473139183380076432382528351080671031492418005589861896408
2618	0.154500000000000000000000000000000000000000000000000000000019	10.7283094132950324191585343927331425810429020414794411339107
2619	0.154750000000000000000000000000000000000000000000000000000019	10.7093514802627624624392428640030572681032844668457295416727
2620	0.155000000000000000000000000000000000000000000000000000000019	10.6904399342196393260874932905537126890356993668068363804892
2621	0.155250000000000000000000000000000000000000000000000000000019	10.6715745910005674681704455663142604806236436330517111122219
2622	0.155500000000000000000000000000000000000000000000000000000019	10.6527552672940784994295206742515256756892571936891370448832
2623	0.155750000000000000000000000000000000000000000000000000000019	10.6339817806394844262353515575180711171969940406138785552172
2624	0.156000000000000000000000000000000000000000000000000000000019	10.6152539494240203262882314774861017745241824565351707072577
2625	0.156250000000000000000000000000000000000000000000000000000019	10.5965715928799768868734222500835262481529380384942739015571
2626	0.156500000000000000000000000000000000000000000000000000000019	10.5779345310818232279947175973866438695368491219472637936978
2627	0.156750000000000000000000000000000000000000000000000000000019	10.5593425849433204253317317942288125964475579842528807773132
2628	0.157000000000000000000000000000000000000000000000000000000019	10.5407955762146261406951240868623997143763370249767127598662
2629	0.157250000000000000000000000000000000000000000000000000000019	10.522293327479390760488012666631364310617918016935465331292
2630	0.157500000000000000000000000000000000000000000000000000000019	10.5038356621518454356198302754806596752970926164548601621321
2631	0.157750000000000000000000000000000000000000000000000000000019	10.4854224044738824093594930324260720492527920231334499787897
2632	0.158000000000000000000000000000000000000000000000000000000019	10.4670533795121280127566752064846564113051069160271678771184
2633	0.158250000000000000000000000000000000000000000000000000000019	10.4487284131550087005018999249013536093878717707505641825377
2634	0.158500000000000000000000000000000000000000000000000000000019	10.430447332109810493436777716125894468271734844024186338128
2635	0.158750000000000000000000000000000000000000000000000000000019	10.4122099638997321873637738011293429243612467155254955429408
2636	0.159000000000000000000000000000000000000000000000000000000019	10.3940161368609326813390974732496094738156701358389150951063
2637	0.159250000000000000000000000000000000000000000000000000000019	10.3758656801395727722614328227149623915728680894271968378363
2638	0.159500000000000000000000000000000000000000000000000000000019	10.3577584236888517562920332259011556543588281763244413532445
2639	0.159750000000000000000000000000000000000000000000000000000019	10.3396941982660391714569597838509420150156279332015364662417
2640	0.160000000000000000000000000000000000000000000000000000000019	10.3216728354295020096887471172919224707015713355035106116939
2641	0.160250000000000000000000000000000000000000000000000000000019	10.3036941675357277205613328788130952758563263242622023886659
2642	0.160500000000000000000000000000000000000000000000000000000019	10.2857580277363433230575076228966906957834159597274829415715
2643	0.160750000000000000000000000000000000000000000000000000000019	10.2678642499751309358812601079521747365946834847567819767179
2644	0.161000000000000000000000000000000000000000000000000000000019	10.2500126689850400310870536555411660227226677193743740949918
2645	0.161250000000000000000000000000000000000000000000000000000019	10.2322031202851967101431288676753789106268530909035109383018
2646	0.161500000000000000000000000000000000000000000000000000000019	10.2144354401779102959752567579701800666008413643015305700816
2647	0.161750000000000000000000000000000000000000000000000000000019	10.1967094657456775290498469923785521911462641820432883261718
2648	0.162000000000000000000000000000000000000000000000000000000019	10.179025034848184650149844020343582007899506381145913036578
2649	0.162250000000000000000000000000000000000000000000000000000019	10.1613819861193076471723276242244429271706282606694121739172
2650	0.162500000000000000000000000000000000000000000000000000000019	10.1437801589641109380320945987657412291242256473868109179906
2651	0.162750000000000000000000000000000000000000000000000000000019	10.1262193935558447565896681275159120846120074053438388380291
2652	0.163000000000000000000000000000000000000000000000000000000019	10.1086995308329415034341065436363031449415533309126214673927
2653	0.163250000000000000000000000000000000000000000000000000000019	10.0912204124960113183396214025566901988716340038979424594181
2654	0.163500000000000000000000000000000000000000000000000000000019	10.0737818810048371262793361670100235618225128524198352469987
2655	0.163750000000000000000000000000000000000000000000000000000019	10.0563837795753694040185033834335498595601441383376670921168
2656	0.164000000000000000000000000000000000000000000000000000000019	10.039025952176720909522144042484254315208707291259969741896
2657	0.164250000000000000000000000000000000000000000000000000000019	10.0217082435281616116973837516216109611214386609968307633611
2658	0.164500000000000000000000000000000000000000000000000000000019	10.0044304990961140533477540450531610778845610582994682047991
2659	0.164750000000000000000000000000000000000000000000000000000019	9.98719256509114937564443290921000238533132991010101399445448
2660	0.165000000000000000000000000000000000000000000000000000000019	9.96999428846498422791685725438998890022503024963898468111548
2661	0.165250000000000000000000000000000000000000000000000000000019	9.95283551690747878213140390788282056434197234437372491260687
2662	0.165500000000000000000000000000000000000000000000000000000019	9.93571609884363606706096837969004030715386842900274475840402
2663	0.165750000000000000000000000000000000000000000000000000000019	9.91863588343060283284934704182861724805151200440580583613284
2664	0.166000000000000000000000000000000000000000000000000000000019	9.90159472055467215244143449086775915012590612966260847629209
2665	0.166250000000000000000000000000000000000000000000000000000019	9.88459246082828796218248079499790760850504891321300192197503
2666	0.166500000000000000000000000000000000000000000000000000000019	9.86762895558705173978612106306381560557779805159415342144781
2667	0.166750000000000000000000000000000000000000000000000000000019	9.850704056886731513830711150284772957842529642422322670608
2668	0.167000000000000000000000000000000000000000000000000000000019	9.83381761750027339496580790369564049369737464247454172271319
2669	0.167250000000000000000000000000000000000000000000000000000019	9.81696949091481581509456035087758926817970458851749777203306
2670	0.167500000000000000000000000000000000000000000000000000000019	9.80015953132870665694248037919257454642191961166503431205389
2671	0.167750000000000000000000000000000000000000000000000000000019	9.78338759364852345262769889859815306014125690393001714179851
2672	0.168000000000000000000000000000000000000000000000000000000019	9.76665353348609682611155771530400713680709654963906134974026
2673	0.168250000000000000000000000000000000000000000000000000000019	9.7499572071555373507304200781733447146305655763193868044481
2674	0.168500000000000000000000000000000000000000000000000000000019	9.73329847167026598938909593235164362885537670982668294015258
2675	0.168750000000000000000000000000000000000000000000000000000019	9.71667718474004828143247318756932688803486634565874486812574
2676	0.169000000000000000000000000000000000000000000000000000000019	9.7000932047680324367040355692777577465473832728909545985109
2677	0.169250000000000000000000000000000000000000000000000000000019	9.68354639084779149384715248181937124938910256195834536672524
2678	0.169500000000000000000000000000000000000000000000000000000019	9.66703660276036969650657811266887757382204384697840119022571
2679	0.169750000000000000000000000000000000000000000000000000000019	9.65056370097133323774273671082577584362286310234312563141922
2680	0.170000000000000000000000000000000000000000000000000000000019	9.63412754662782551967934907451729382547346446058167096023467
2681	0.170250000000000000000000000000000000000000000000000000000019	9.61772800155562707216503170762629998156287482892622895977938
2682	0.170500000000000000000000000000000000000000000000000000000019	9.60136492825622027104094410748549000314454241384740319568528
2683	0.170750000000000000000000000000000000000000000000000000000019	9.58503818990385899346864972112797347551308339124594975800577
2684	0.171000000000000000000000000000000000000000000000000000000019	9.56874765034264334468437988374089365503406513142058841439523
2685	0.171250000000000000000000000000000000000000000000000000000019	9.55249317408359958750714420542400192306727243371032681049649
2686	0.171500000000000000000000000000000000000000000000000000000019	9.53627462630176540293792102068235465282739645209473016709986
2687	0.171750000000000000000000000000000000000000000000000000000019	9.52009187283328060724480213123293116626856612574487046976245
2688	0.172000000000000000000000000000000000000000000000000000000019	9.50394478017248344803378038543732537039031876146219732554883
2689	0.172250000000000000000000000000000000000000000000000000000019	9.48783321546901259895618853852539927623942991164883501005098
2690	0.172500000000000000000000000000000000000000000000000000000019	9.47175704652491496990096378749667027400554696775274719597577
2691	0.172750000000000000000000000000000000000000000000000000000019	9.45571614179175944676227331013328884858810346567418459761472
2692	0.173000000000000000000000000000000000000000000000000000000019	9.4397103703677566721599493796690795083821895825088159985736
2693	0.173250000000000000000000000000000000000000000000000000000019	9.42373960199488497582101378801651591530790284628820757746116
2694	0.173500000000000000000000000000000000000000000000000000000019	9.40780370705602256070469420444543282646479254834144301014545
2695	0.173750000000000000000000000000000000000000000000000000000019	9.39190255657208604837013164669125051788488443886519771546004
2696	0.174000000000000000000000000000000000000000000000000000000019	9.37603602219917548454483839115291473234592732810589063651121
2697	0.174250000000000000000000000000000000000000000000000000000019	9.360203976225725903352287272277700624325680320338976230276
2698	0.174500000000000000000000000000000000000000000000000000000019	9.3444062915696655461982021344567643753607772266504834606928
2699	0.174750000000000000000000000000000000000000000000000000000019	9.32864284177558082889658867255143454665191758740047356188834
2700	0.175000000000000000000000000000000000000000000000000000000019	9.31291350101188814823771616556653563860477545143309897523278
2701	0.175250000000000000000000000000000000000000000000000000000019	9.29721814406801261686056238742015220411616093649384723122851
2702	0.175500000000000000000000000000000000000000000000000000000019	9.281556646351573812991102477879208604117889062824914426729
2703	0.175750000000000000000000000000000000000000000000000000000019	9.26592888388557862934470139186612293314953747232685991766147
2704	0.176000000000000000000000000000000000000000000000000000000019	9.25033473330562130326520965562988746275572273697921653937348
2705	0.176250000000000000000000000000000000000000000000000000000019	9.23477407185709070798462172145370534401644909994153305461445
2706	0.176500000000000000000000000000000000000000000000000000000019	9.21924677739238498273480056144692890321621949109341382578337
2707	0.176750000000000000000000000000000000000000000000000000000019	9.20375272836813357732627368055481616539562799796059700269976
2708	0.177000000000000000000000000000000000000000000000000000000019	9.18829180384242678472794385425256539819343134832493687318328
2709	0.177250000000000000000000000000000000000000000000000000000019	9.17286388347205283313521891102723957605593220415609060336478
2710	0.177500000000000000000000000000000000000000000000000000000019	9.15746884750974260700204191494812193921641549575988606466167
2711	0.177750000000000000000000000000000000000000000000000000000019	9.14210657680142206453409603819962939022326960478507548321269
2712	0.178000000000000000000000000000000000000000000000000000000019	9.12677695278347241719557379432816491874550806288081685545505
2713	0.178250000000000000000000000000000000000000000000000000000019	9.11147985747999813486985126640870021662647939575469267854687
2714	0.178500000000000000000000000000000000000000000000000000000019	9.09621517350010283843471415791345235872220757885228728561241
2715	0.178750000000000000000000000000000000000000000000000000000019	9.08098278403517313966496999919494469627806658787995008139375
2716	0.179000000000000000000000000000000000000000000000000000000019	9.06578257285617048655888209780131905978980317634778260975658
2717	0.179250000000000000000000000000000000000000000000000000000019	9.05061442431093107039941454613196521335770140657539631424213
2718	0.179500000000000000000000000000000000000000000000000000000019	9.03547822332147384910632872089834936108884027673207357287659
2719	0.179750000000000000000000000000000000000000000000000000000019	9.02037385538131673971027128241040480779398113671652412945206
2720	0.180000000000000000000000000000000000000000000000000000000019	9.00530120655280103108469882211247243048100144396360206470109
2721	0.180250000000000000000000000000000000000000000000000000000019	8.99026016346442406640535811236862147783343512140808745327978
2722	0.180500000000000000000000000000000000000000000000000000000019	8.97525061330818024316965239309010590988306926266568894420347
2723	0.180750000000000000000000000000000000000000000000000000000019	8.96027244383691037699914813490761074366980633385005408966811
2724	0.181000000000000000000000000000000000000000000000000000000019	8.94532554336165947386729386619385740403040137038564227579408
2725	0.181250000000000000000000000000000000000000000000000000000019	8.93040980074904295384071925729689121010860910813247054918862
2726	0.181500000000000000000000000000000000000000000000000000000019	8.91552510541862136789585066398318449144107766531943551180272
2727	0.181750000000000000000000000000000000000000000000000000000019	8.90067134734028364787261624649102737501313715129564769794672
2728	0.182000000000000000000000000000000000000000000000000000000019	8.88584841703163892815332259453650263759069430226287681376639
2729	0.182250000000000000000000000000000000000000000000000000000019	8.87105620555541697620697391870564396270919276948948893828093
2730	0.182500000000000000000000000000000000000000000000000000000019	8.85629460451687726771698808725485226538129382942983010113026
2731	0.182750000000000000000000000000000000000000000000000000000019	8.84156350606122674061306015609511844422549468014416461190686
2732	0.183000000000000000000000000000000000000000000000000000000019	8.82686280287104626095545784389473493293100053237378639123335
2733	0.183250000000000000000000000000000000000000000000000000000019	8.8121923881637258322719340875348182833600120363907561419865
2734	0.183500000000000000000000000000000000000000000000000000000019	8.79755215568890857862334391340837288172958877694230518955734
2735	0.183750000000000000000000000000000000000000000000000000000019	8.78294199972594353037359594541471636196834105269512851984936
2736	0.184000000000000000000000000000000000000000000000000000000019	8.76836181508134724036239747635666470191342500100806448915364
2737	0.184250000000000000000000000000000000000000000000000000000019	8.75381149708627425692501559599675808250190789244487713197782
2738	0.184500000000000000000000000000000000000000000000000000000019	8.73929094159399647897162967949961994875808003811570548225235
2739	0.184750000000000000000000000000000000000000000000000000000019	8.724800044977391417129451659509837232142670723813206219028
2740	0.185000000000000000000000000000000000000000000000000000000019	8.71033870412643938376330372023706498355194546874507824668975
2741	0.185250000000000000000000000000000000000000000000000000000019	8.69590681644572963352443681077135641160682710774230408150508
2742	0.185500000000000000000000000000000000000000000000000000000019	8.68150427985197547493272072794263319645322628450729403534753
2743	0.185750000000000000000000000000000000000000000000000000000019	8.6671309927715383723736150606983977106775489202942873624461
2744	0.186000000000000000000000000000000000000000000000000000000019	8.65278685413796105678822209842162063785048122896075856781988
2745	0.186250000000000000000000000000000000000000000000000000000019	8.63847176338950966225191439365149154354503376900285692392255
2746	0.186500000000000000000000000000000000000000000000000000000019	8.62418562046672490457421191601835030645644458531336722879456
2747	0.186750000000000000000000000000000000000000000000000000000019	8.60992832580998231700945183542862807884587874046814875331447
2748	0.187000000000000000000000000000000000000000000000000000000019	8.59569978035706155714404738561700078880517047510771754320892
2749	0.187250000000000000000000000000000000000000000000000000000019	8.58149988554072479802147464668753864498276491288150238900299
2750	0.187500000000000000000000000000000000000000000000000000000019	8.56732854328630421558026526112579441830795001427754465951675
2751	0.187750000000000000000000000000000000000000000000000000000019	8.55318565600929858351293097366266271745671210210028695751324
2752	0.188000000000000000000000000000000000000000000000000000000019	8.53907112661297898570461841772695510873126543998515948336551
2753	0.188250000000000000000000000000000000000000000000000000000019	8.5249848584860036554791097087708767686528975977929208594599
2754	0.188500000000000000000000000000000000000000000000000000000019	8.51092675550004194996627003671150250105316906719212015077135
2755	0.188750000000000000000000000000000000000000000000000000000019	8.49689672200740746700892535456710627976390788248642850582235
2756	0.189000000000000000000000000000000000000000000000000000000019	8.48289466283870031114816305512993181784900147535691762414465
2757	0.189250000000000000000000000000000000000000000000000000000019	8.46892048330045851436392161776000262174096423294835111518157
2758	0.189500000000000000000000000000000000000000000000000000000019	8.45497408917281861640221073765592069309429242372141830857055
2759	0.189750000000000000000000000000000000000000000000000000000019	8.44105538670718540869112425486157674867475629649400192171879
2760	0.190000000000000000000000000000000000000000000000000000000019	8.42716428262391084503472075608557568162604460116910249726626
2761	0.190250000000000000000000000000000000000000000000000000000019	8.41330068410998212147660109929078506413112687094540283042547
2762	0.190500000000000000000000000000000000000000000000000000000019	8.39946449881671892694336192570678254740210604425098022689313
2763	0.190750000000000000000000000000000000000000000000000000000019	8.38565563485747986551180659307462193424815861745473291117859
2764	0.191000000000000000000000000000000000000000000000000000000019	8.37187400080537805039261045792841654972167631316361296354383
2765	0.191250000000000000000000000000000000000000000000000000000019	8.35811950569100586898683003203702618304874535642280992888302
2766	0.191500000000000000000000000000000000000000000000000000000019	8.3443920590001689176499825802791282900955580354435919531903
2767	0.191750000000000000000000000000000000000000000000000000000019	8.33069157067162910409117487418196873603373595447029035808308
2768	0.192000000000000000000000000000000000000000000000000000000019	8.31701795109485691464170100153565682495928486398020153946157
2769	0.192250000000000000000000000000000000000000000000000000000019	8.30337111110779284294843652325629666387272073307454026080576
2770	0.192500000000000000000000000000000000000000000000000000000019	8.2897509619946179759820102173196137622902040876803550398633
2771	0.192750000000000000000000000000000000000000000000000000000019	8.27615741548353373259791865490819681303731082135775655580527
2772	0.193000000000000000000000000000000000000000000000000000000019	8.26259038374455074925024951821115462452111855253376518951386
2773	0.193250000000000000000000000000000000000000000000000000000019	8.2490497793872869068322865569408028403187411537428738245059
2774	0.193500000000000000000000000000000000000000000000000000000019	8.23553551545877449200577507703671805772439738698489044499251
2775	0.193750000000000000000000000000000000000000000000000000000019	8.22204750544127648578082752629040046879898058404682302797839
2776	0.194000000000000000000000000000000000000000000000000000000019	8.20858566325011197152114269447218742102700927840709129018373
2777	0.194250000000000000000000000000000000000000000000000000000019	8.19514990323149065397420078786411327982674153072178952743744
2778	0.194500000000000000000000000000000000000000000000000000000019	8.18174014016035648036318453993549097720593314511894593649573
2779	0.194750000000000000000000000000000000000000000000000000000019	8.16835628923824035402637077489402900270155561777719930992022
2780	0.195000000000000000000000000000000000000000000000000000000019	8.15499826609112193055044742820743441073683035626888787625532
2781	0.195250000000000000000000000000000000000000000000000000000019	8.14166598676730048581645067507638702108092281273270455812859
2782	0.195500000000000000000000000000000000000000000000000000000019	8.12835936773527484486060096222720235341319544387568078126518
2783	0.195750000000000000000000000000000000000000000000000000000019	8.11507832588163235994706349240207095889931816805397615710117
2784	0.196000000000000000000000000000000000000000000000000000000019	8.10182277850894692575538882459590949036631400000918140594573
2785	0.196250000000000000000000000000000000000000000000000000000019	8.08859264333368601910192607860404252221318779351366834951893
2786	0.196500000000000000000000000000000000000000000000000000000019	8.07538783848412675014167068879766458095683876909112044640334
2787	0.196750000000000000000000000000000000000000000000000000000019	8.0622082824982809115346391901461947914394227704728742107464
2788	0.197000000000000000000000000000000000000000000000000000000019	8.04905389432182901160878608772959699663493386539125442644842
2789	0.197250000000000000000000000000000000000000000000000000000019	8.03592459330606327710952587113473945819739799710472095334539
2790	0.197500000000000000000000000000000000000000000000000000000019	8.02282029920583961069393252884425884768805970725739097137558
2791	0.197750000000000000000000000000000000000000000000000000000019	8.00974093217753848790549773329123686745950546150148667757434
2792	0.198000000000000000000000000000000000000000000000000000000019	7.99668641277703477795277780684264292875902178677368390390281
2793	0.198250000000000000000000000000000000000000000000000000000019	7.98365666195767647221219157629970527103666724637566534965339
2794	0.198500000000000000000000000000000000000000000000000000000019	7.9706516010682723039814915118686341441368526508335598115941
2795	0.198750000000000000000000000000000000000000000000000000000019	7.95767115185108824262586662731979080872303235986977027069872
2796	0.199000000000000000000000000000000000000000000000000000000019	7.94471523643985284488309722949234436617076068754289793712648
2797	0.199250000000000000000000000000000000000000000000000000000019	7.93178377735777144572752069186091057905894148268789694859177
2798	0.199500000000000000000000000000000000000000000000000000000019	7.91887669751554917083463810882497176748591504918392172729443
2799	0.199750000000000000000000000000000000000000000000000000000019	7.90599392020942275233885023082694515037283776230694737021967
2800	0.200000000000000000000000000000000000000000000000000000000019	7.89313536911920112923591586773395774972516672536867201345711
2801	0.200250000000000000000000000000000000000000000000000000000019	7.88030096830631481344913744857664525470186728808126552936674
2802	0.200500000000000000000000000000000000000000000000000000000019	7.86749064221187400225385916740037420496542721321122935212225
2803	0.200750000000000000000000000000000000000000000000000000000019	7.8547043156547354174384776850929166669273179935986901916141
2804	0.201000000000000000000000000000000000000000000000000000000019	7.84194191382957785127168025472247267937708804297443771974054
2805	0.201250000000000000000000000000000000000000000000000000000019	7.82920336230498639904490892620342773313726095537318243202447
2806	0.201500000000000000000000000000000000000000000000000000000019	7.8164885870215453576659726446178701071477720396780636795577
2807	0.201750000000000000000000000000000000000000000000000000000019	7.80379751428993976949416398441042055744444670644660378861299
2808	0.202000000000000000000000000000000000000000000000000000000019	7.79113007078906559032905825095907916968130387694720297966187
2809	0.202250000000000000000000000000000000000000000000000000000019	7.77848618356414846019425589025976553854553426723513146266692
2810	0.202500000000000000000000000000000000000000000000000000000019	7.76586578002487105529355257575291241439193025490790043699477
2811	0.202750000000000000000000000000000000000000000000000000000019	7.75326878794350899926026480267656610527335369474642750551287
2812	0.203000000000000000000000000000000000000000000000000000000019	7.74069513545307531157058391835154264401428537503433219108928
2813	0.203250000000000000000000000000000000000000000000000000000019	7.72814475104547337074876161969601776359951019026984596682547
2814	0.203500000000000000000000000000000000000000000000000000000019	7.71561756356965836975553016518393363940384926238412457758041
2815	0.203750000000000000000000000000000000000000000000000000000019	7.70311350222980724072131770117206761539119516797530449904321
2816	0.204000000000000000000000000000000000000000000000000000000019	7.69063249658349702596242170739057751898407893125804845334465
2817	0.204250000000000000000000000000000000000000000000000000000019	7.67817447653989167200124180668414577348827269530296315325782
2818	0.204500000000000000000000000000000000000000000000000000000019	7.665739372357937223100838887575511903012045379439615026235
2819	0.204750000000000000000000000000000000000000000000000000000019	7.65332711464456539061937410409557182293826322071945321637932
2820	0.205000000000000000000000000000000000000000000000000000000019	7.6409376343529054742912838934273000647359683666638864983503
2821	0.205250000000000000000000000000000000000000000000000000000019	7.62857086278050461134926231225788092056897149621970359685887
2822	0.205500000000000000000000000000000000000000000000000000000019	7.61622673156755632921414791532812787973552757978593885306048
2823	0.205750000000000000000000000000000000000000000000000000000019	7.60390517269513737729854879461737442550550890424175388929754
2824	0.206000000000000000000000000000000000000000000000000000000019	7.59160611848345281329438748551883931458886230410086450499655
2825	0.206250000000000000000000000000000000000000000000000000000019	7.57932950159008931914440993705436693709515658875147751141303
2826	0.206500000000000000000000000000000000000000000000000000000019	7.56707525500827672173298381462646829342586653640342079001899
2827	0.206750000000000000000000000000000000000000000000000000000019	7.55484331206515769317211668140875002075063730001619159711598
2828	0.207000000000000000000000000000000000000000000000000000000019	7.54263360642006560540446114058162376595992568609313125435312
2829	0.207250000000000000000000000000000000000000000000000000000019	7.53044607206281051369605027432810401427164053606209213480336
2830	0.207500000000000000000000000000000000000000000000000000000019	7.51828064331197324344753253273604654455402651634108414804026
2831	0.207750000000000000000000000000000000000000000000000000000019	7.50613725481320755461366181958935302012560804892654152389757
2832	0.208000000000000000000000000000000000000000000000000000000019	7.49401584153755035788665845331249278139557075142731120975923
2833	0.208250000000000000000000000000000000000000000000000000000019	7.48191633877973995666970383952164578446098432525633995329234
2834	0.208500000000000000000000000000000000000000000000000000000019	7.46983868215654228874218127593092006039606000104117655905688
2835	0.208750000000000000000000000000000000000000000000000000000019	7.45778280760508514139824381107081117794255717836168846387454
2836	0.209000000000000000000000000000000000000000000000000000000019	7.44574865138120031372479525843516683951767740665067436786256
2837	0.209250000000000000000000000000000000000000000000000000000019	7.43373615005777369957393134491717091880660282619657781449487
2838	0.209500000000000000000000000000000000000000000000000000000019	7.42174524052310326467822480106981052948162953431255543135681
2839	0.209750000000000000000000000000000000000000000000000000000019	7.40977585997926489125487245424233820242690723623764115620011
2840	0.210000000000000000000000000000000000000000000000000000000019	7.39782794594048606334657673906902329155755621193225599767944
2841	0.210250000000000000000000000000000000000000000000000000000019	7.38590143623152736605303235267256633773060223852276486311939
2842	0.210500000000000000000000000000000000000000000000000000000019	7.37399626898607177171695608138950659525038605981353361410313
2843	0.210750000000000000000000000000000000000000000000000000000019	7.36211238264512168604266028976095359383918762749195696090006
2844	0.211000000000000000000000000000000000000000000000000000000019	7.3502497159554037270431555032419618717656208453347020318948
2845	0.211250000000000000000000000000000000000000000000000000000019	7.33840820796778120963360336394052500089700990625820686329597
2846	0.211500000000000000000000000000000000000000000000000000000019	7.32658779803567430861455752612783312283231327952983053771022
2847	0.211750000000000000000000000000000000000000000000000000000019	7.31478842581348787271775740392122458481145655202765292123581
2848	0.212000000000000000000000000000000000000000000000000000000019	7.30301003125504686232020977671157003026837748444385196047013
2849	0.212250000000000000000000000000000000000000000000000000000019	7.29125255461203938336883884310159166323378451499656483333402
2850	0.212500000000000000000000000000000000000000000000000000000019	7.2795159364324672899980401759045561807132007446688281872727
2851	0.212750000000000000000000000000000000000000000000000000000019	7.2678001175591043282659729787619760902484494490623016766117
2852	0.213000000000000000000000000000000000000000000000000000000019	7.25610503912796179338230389911618036661846929697015418126465
2853	0.213250000000000000000000000000000000000000000000000000000019	7.244430642566761672750311228295733120142908553683918891124
2854	0.213500000000000000000000000000000000000000000000000000000019	7.23277686959341724709970841438157993988181513331508924862384
2855	0.213750000000000000000000000000000000000000000000000000000019	7.22114366221452112194318919155632379179113991211471838438703
2856	0.214000000000000000000000000000000000000000000000000000000019	7.20953096272384066154947300825133175990702739167332228816327
2857	0.214250000000000000000000000000000000000000000000000000000019	7.1979387137008207975884794724802589578120455476898717863426
2858	0.214500000000000000000000000000000000000000000000000000000019	7.18636685800909418457012580900133902932993968472333472202174
2859	0.214750000000000000000000000000000000000000000000000000000019	7.17481533879499867416706433452809881043627295307857511370824
2860	0.215000000000000000000000000000000000000000000000000000000019	7.16328409948610208048340109845358872159457612602601277975186
2861	0.215250000000000000000000000000000000000000000000000000000019	7.15177308378973420830600638797007933017506846268529347243779
2862	0.215500000000000000000000000000000000000000000000000000000019	7.14028223569152611635238791185418902507600305955127448900042
2863	0.215750000000000000000000000000000000000000000000000000000019	7.12881149945395658750919417095803340421263423040962254114691
2864	0.216000000000000000000000000000000000000000000000000000000019	7.11736081961490577803819565811397381582132925206407177609188
2865	0.216250000000000000000000000000000000000000000000000000000019	7.1059301409862160177120028040035050294731649595223720253113
2866	0.216500000000000000000000000000000000000000000000000000000019	7.0945194086522597328297705204395592162950374171944094173548
2867	0.216750000000000000000000000000000000000000000000000000000019	7.08312856796851446405365912194884440521533179468648437456917
2868	0.217000000000000000000000000000000000000000000000000000000019	7.07175756456014495099982046377181248098452986207540301261342
2869	0.217250000000000000000000000000000000000000000000000000000019	7.06040634432059225551310724078302684478732301475892845198759
2870	0.217500000000000000000000000000000000000000000000000000000019	7.04907485341016989555251424533549914762148351753676426751292
2871	0.217750000000000000000000000000000000000000000000000000000019	7.03776303825466696161450544586649578019932492699610927784091
2872	0.218000000000000000000000000000000000000000000000000000000019	7.0264708455439581876238132395559718613478208141101544702025
2873	0.218250000000000000000000000000000000000000000000000000000019	7.01519822223062094822597011172657119552203768821474255658844
2874	0.218500000000000000000000000000000000000000000000000000000019	7.00394511552855915442270289450062032694513511338146232127235
2875	0.218750000000000000000000000000000000000000000000000000000019	6.99271147291163401950034127140354043095909302480478007197517
2876	0.219000000000000000000000000000000000000000000000000000000019	6.98149724211230166721252124790127656642279439030851167151156
2877	0.219250000000000000000000000000000000000000000000000000000019	6.97030237112025755419165782548758133779804913033356262919171
2878	0.219500000000000000000000000000000000000000000000000000000019	6.95912680818108767857887659424742048805915714254349741997408
2879	0.219750000000000000000000000000000000000000000000000000000019	6.9479705017949265468792895911745973359847618159822850711949
2880	0.220000000000000000000000000000000000000000000000000000000019	6.93683340071512187106863542428390393520933310734062001282602
2881	0.220250000000000000000000000000000000000000000000000000000019	6.9257154539469059679983368612521542846475311821062088433968
2882	0.220500000000000000000000000000000000000000000000000000000019	6.91461661074607383316892100190309494114023070513763299778465
2883	0.220750000000000000000000000000000000000000000000000000000019	6.90353682061766786096645861312360259871069474177650467957334
2884	0.221000000000000000000000000000000000000000000000000000000019	6.89247603331466918348317165096997811569511284700909382013774
2885	0.221250000000000000000000000000000000000000000000000000000019	6.88143419883669560007159349808706438536534869952978504925302
2886	0.221500000000000000000000000000000000000000000000000000000019	6.87041126742870606981160768831441034999057416940639566267116
2887	0.221750000000000000000000000000000000000000000000000000000019	6.8594071895797117391013011615337321186116077542849234870481
2888	0.222000000000000000000000000000000000000000000000000000000019	6.84842191602149347661581127237914693661916747158669929030107
2889	0.222250000000000000000000000000000000000000000000000000000019	6.83745539772732588791318633445998207668407238591931695331538
2890	0.222500000000000000000000000000000000000000000000000000000019	6.82650758591070778200268246274611791454523376848578395629544
2891	0.222750000000000000000000000000000000000000000000000000000019	6.81557843202409906222885049512932484914072686707270271310334
2892	0.223000000000000000000000000000000000000000000000000000000019	6.80466788775766401386419200473788516204779217293489723846124
2893	0.223250000000000000000000000000000000000000000000000000000019	6.79377590503802096084404958431221840602313040776615850042205
2894	0.223500000000000000000000000000000000000000000000000000000019	6.7829024360269982641197109637431013870891900610256572438779
2895	0.223750000000000000000000000000000000000000000000000000000019	6.77204743312039663414941691847605170976481704397390634801375
2896	0.224000000000000000000000000000000000000000000000000000000019	6.76121084894675773009203767451958335296431242931733556647972
2897	0.224250000000000000000000000000000000000000000000000000000019	6.75039263636613901831459046990919164931683643032799709899723
2898	0.224500000000000000000000000000000000000000000000000000000019	6.73959274846889486287248145960040508852307666311934217645573
2899	0.224750000000000000000000000000000000000000000000000000000019	6.72881113857446382067033812246531053406145474254045508932494
2900	0.225000000000000000000000000000000000000000000000000000000019	6.71804776023016211406152411403856600790852940784019918577793
2901	0.225250000000000000000000000000000000000000000000000000000019	6.70730256720998325369586796529128095154912871741982660045746
2902	0.225500000000000000000000000000000000000000000000000000000019	6.69657551351340378447776149677971148331555972024415308945037
2903	0.225750000000000000000000000000000000000000000000000000000019	6.68586655336419512755056511497105102857890083056709507830273
2904	0.226000000000000000000000000000000000000000000000000000000019	6.67517564120924149127816756740880270125810102669635483497325
2905	0.226250000000000000000000000000000000000000000000000000000019	6.66450273171736382425056000072450957159639735305419366278386
2906	0.226500000000000000000000000000000000000000000000000000000019	6.65384777977814978339737148956461957004204645530218325294466
2907	0.226750000000000000000000000000000000000000000000000000000019	6.64321074050078969035144923186072598636971763518838907911316
2908	0.227000000000000000000000000000000000000000000000000000000019	6.63259156921291844926372542374299231135590824570105173312855
2909	0.227250000000000000000000000000000000000000000000000000000019	6.62199022145946339933076895701425716853723273028830884887066
2910	0.227500000000000000000000000000000000000000000000000000000019	6.61140665300149807535754847219841905270513426460732619982893
2911	0.227750000000000000000000000000000000000000000000000000000019	6.60084081981510184974000932055383404717470408152030224382199
2912	0.228000000000000000000000000000000000000000000000000000000019	6.59029267809022542931506642363743340456686549011630436666444
2913	0.228250000000000000000000000000000000000000000000000000000019	6.57976218422956218058951406204356633571283370250633895827081
2914	0.228500000000000000000000000000000000000000000000000000000019	6.5692492948474252569241288711811795543503750713520304017467
2915	0.228750000000000000000000000000000000000000000000000000000019	6.55875396676863050131487076301628808461836319103607902489705
2916	0.229000000000000000000000000000000000000000000000000000000019	6.5482761570273850984795455104995060876534156439285808326736
2917	0.229250000000000000000000000000000000000000000000000000000019	6.53781582286618195002556009221430850892324240398749961069326
2918	0.229500000000000000000000000000000000000000000000000000000019	6.52737292173469974654245574349129652986552150852281846623629
2919	0.229750000000000000000000000000000000000000000000000000000019	6.5169474112887087105317225145571373633545917143816544154534
2920	0.230000000000000000000000000000000000000000000000000000000019	6.50653924938898198415596188114833119998751314269782090107768
2921	0.230250000000000000000000000000000000000000000000000000000019	6.49614839410021263585974983498380978852112023494096916909883
2922	0.230500000000000000000000000000000000000000000000000000000019	6.4857748036899362599855415032766443089679186376022936454793
2923	0.230750000000000000000000000000000000000000000000000000000019	6.47541843662745914357962966154429250358877598722654014909261
2924	0.231000000000000000000000000000000000000000000000000000000019	6.46507925158279197465550381124212371338965125319359489093302
2925	0.231250000000000000000000000000000000000000000000000000000019	6.45475720742558906625493443226163645617849361374500518095248
2926	0.231500000000000000000000000000000000000000000000000000000019	6.44445226322409307072070956416472338126010109664453299281241
2927	0.231750000000000000000000000000000000000000000000000000000019	6.43416437824408515866915932312646838227099858015787639144847
2928	0.232000000000000000000000000000000000000000000000000000000019	6.42389351194784063722539995275813348551086803182616459390858
2929	0.232250000000000000000000000000000000000000000000000000000019	6.41363962399308998215959448502042445723909377999301386450262
2930	0.232500000000000000000000000000000000000000000000000000000019	6.40340267423198525863844431608735570961950893970611458330535
2931	0.232750000000000000000000000000000000000000000000000000000019	6.39318262271007190538257755527443406161624854112606730732571
2932	0.233000000000000000000000000000000000000000000000000000000019	6.38297942966526585709746876246869315543277069435954980469981
2933	0.233250000000000000000000000000000000000000000000000000000019	6.37279305552683598012299383116110149189458118910474783194596
2934	0.233500000000000000000000000000000000000000000000000000000019	6.36262346091439179632467677664759574042573180489089936949846
2935	0.233750000000000000000000000000000000000000000000000000000019	6.35247060663687647032810582035177235766428105461304084440852
2936	0.234000000000000000000000000000000000000000000000000000000019	6.3423344536915650352768684768289007061341671436968384952059
2937	0.234250000000000000000000000000000000000000000000000000000019	6.33221496326306783237366368790724484402255408831675681962567
2938	0.234500000000000000000000000000000000000000000000000000000019	6.32211209672233913954397802510409962368849819029705117638635
2939	0.234750000000000000000000000000000000000000000000000000000019	6.31202581562569096464184748755896840051062051233497109849641
2940	0.235000000000000000000000000000000000000000000000000000000019	6.30195608171381197869775161881626846231543559147914097318219
2941	0.235250000000000000000000000000000000000000000000000000000019	6.29190285691079156478958797819001816802640775154158970228812
2942	0.235500000000000000000000000000000000000000000000000000000019	6.28186610332314895819893811914359733529266293208439859583475
2943	0.235750000000000000000000000000000000000000000000000000000019	6.27184578323886745359644709373567147129052707207640447538936
2944	0.236000000000000000000000000000000000000000000000000000000019	6.26184185912643365508208331798165368759928926492201607358247
2945	0.236250000000000000000000000000000000000000000000000000000019	6.25185429363388174498831084694543226887525251398188260440747
2946	0.236500000000000000000000000000000000000000000000000000000019	6.24188304958784274743677841535402171262683073163413505132601
2947	0.236750000000000000000000000000000000000000000000000000000019	6.23192808999259876272199593641369717126344134878848253068812
2948	0.237000000000000000000000000000000000000000000000000000000019	6.221989378029142148678616693492037050228468345057564507587
2949	0.237250000000000000000000000000000000000000000000000000000019	6.2120668770542396252723596162061610429035134112944121473395
2950	0.237500000000000000000000000000000000000000000000000000000019	6.20216055059950127873827844496682016761260679667550524406605
2951	0.237750000000000000000000000000000000000000000000000000000019	6.19227036237045444167400112427650363811341385658373344649784
2952	0.238000000000000000000000000000000000000000000000000000000019	6.18239627624562242557971151699624977581093238097306446331917
2953	0.238250000000000000000000000000000000000000000000000000000019	6.17253825627560808242101481164535419762636443195061837198668
2954	0.238500000000000000000000000000000000000000000000000000000019	6.16269626668218217187540633174557654852112959356701904260025
2955	0.238750000000000000000000000000000000000000000000000000000019	6.15287027185737651100783959294576261633216967308873573048802
2956	0.239000000000000000000000000000000000000000000000000000000019	6.1430602363625818832058523430208274902552538473233050316459
2957	0.239250000000000000000000000000000000000000000000000000000019	6.13326612492765068328984812157798153681895438691942163184206
2958	0.239500000000000000000000000000000000000000000000000000000019	6.12348790245000427579943495382127980301592598282970058965038
2959	0.239750000000000000000000000000000000000000000000000000000019	6.11372553399374504354218170988083118486162675149121914784777
2960	0.240000000000000000000000000000000000000000000000000000000019	6.10397898478877310357675617917765934004948862890396992598111
2961	0.240250000000000000000000000000000000000000000000000000000019	6.09424822022990766788814698345743531664653690754424060767877
2962	0.240500000000000000000000000000000000000000000000000000000019	6.08453320587601302609853422903690181337620172932645363389565
2963	0.240750000000000000000000000000000000000000000000000000000019	6.07483390744912912764335161317087814530838103447081283231911
2964	0.241000000000000000000000000000000000000000000000000000000019	6.06515029083360674092816607116057599024959677709186326643274
2965	0.241250000000000000000000000000000000000000000000000000000019	6.0554823220752471670681806820505948061620113543723370571042
2966	0.241500000000000000000000000000000000000000000000000000000019	6.04582996738044648589843332305966167349340599455695539129229
2967	0.241750000000000000000000000000000000000000000000000000000019	6.03619319311534431202910853437331772112806569920031344282501
2968	0.242000000000000000000000000000000000000000000000000000000019	6.02657196580497703880679445847351453162482019610671865601617
2969	0.242250000000000000000000000000000000000000000000000000000019	6.01696625213243554812899195468030888664923311582618209530341
2970	0.242500000000000000000000000000000000000000000000000000000019	6.00737601893802736414571063122449233880623756797866405441214
2971	0.242750000000000000000000000000000000000000000000000000000019	5.99780123321844322896855832077562928922212438901107826711346
2972	0.243000000000000000000000000000000000000000000000000000000019	5.98824186212592807859433835073271865881971062092844951980351
2973	0.243250000000000000000000000000000000000000000000000000000019	5.97869787296745639733680488696304147649309629165284348247376
2974	0.243500000000000000000000000000000000000000000000000000000019	5.9691692332039119291468828771157758856622516313295895724222
2975	0.243750000000000000000000000000000000000000000000000000000019	5.95965591044927172428832806053925565091297627835528424584779
2976	0.244000000000000000000000000000000000000000000000000000000019	5.95015787246979449992247667244468816258790484482107580423245
2977	0.244250000000000000000000000000000000000000000000000000000019	5.94067508718321329324240652694382394715618362695235757908467
2978	0.244500000000000000000000000000000000000000000000000000000019	5.93120752265793238588349394160444918845581733165907973540928
2979	0.244750000000000000000000000000000000000000000000000000000019	5.9217551471122284784239974355073405287614023107303141807696
2980	0.245000000000000000000000000000000000000000000000000000000019	5.91231792891345609387592240703789591216162494892953220675241
2981	0.245250000000000000000000000000000000000000000000000000000019	5.90289583657725718915301433138487809824156394498155515482251
2982	0.245500000000000000000000000000000000000000000000000000000019	5.89348883876677495358928480425371082287194722636709812873833
2983	0.245750000000000000000000000000000000000000000000000000000019	5.88409690429187177366798852743153053212744474914925429694508
2984	0.246000000000000000000000000000000000000000000000000000000019	5.8747200021083513432074337476573092895208648639670561632205
2985	0.246250000000000000000000000000000000000000000000000000000019	5.86535810131718489833641751896952434779709485678944976633951
2986	0.246500000000000000000000000000000000000000000000000000000019	5.85601117116374155667842438653262204312890203835933532914212
2987	0.246750000000000000000000000000000000000000000000000000000019	5.84667918103702274025000674097490275656707314450849994588872
2988	0.247000000000000000000000000000000000000000000000000000000019	5.83736210046890066166497134641177216060423075076353997984387
2989	0.247250000000000000000000000000000000000000000000000000000019	5.82805989913336085332212370626003728680508780871497375998546
2990	0.247500000000000000000000000000000000000000000000000000000019	5.81877254684574871934036442411395164507532882084120589873429
2991	0.247750000000000000000000000000000000000000000000000000000019	5.80950001356202009009088408757658741400805281920155977187351
2992	0.248000000000000000000000000000000000000000000000000000000019	5.80024226937799575926206011407593086608649702946361413647267
2993	0.248250000000000000000000000000000000000000000000000000000019	5.7909992845286199834784152283075203028288631861740866298687
2994	0.248500000000000000000000000000000000000000000000000000000019	5.78177102938722292458064768401346519548922169162516899550901
2995	0.248750000000000000000000000000000000000000000000000000000019	5.77255747446478701475928300346071894689747967622640422724049
2996	0.249000000000000000000000000000000000000000000000000000000019	5.76335859040921722481992100166238852518014931791063051466149
2997	0.249250000000000000000000000000000000000000000000000000000019	5.75417434800461521594335541304149865675673401360666584578438
2998	0.249500000000000000000000000000000000000000000000000000000019	5.74500471817055735538902187653547998785098567433166723225023
2999	0.249750000000000000000000000000000000000000000000000000000019	5.73584967196137657667527879671625826683418111904508197864311
3000	0.250000000000000000000000000000000000000000000000000000000019	5.72670918056544806485494022222651573940801201272486915844715
3001	0.250250000000000000000000000000000000000000000000000000000019	5.71758321530447874758925600911231570681200086639908163570461
3002	0.250500000000000000000000000000000000000000000000000000000019	5.70847174763280057280816790572648616943418695493314211620527
3003	0.250750000000000000000000000000000000000000000000000000000019	5.69937474913666755382915664624996692071857501210972077618372
3004	0.251000000000000000000000000000000000000000000000000000000019	5.6902921915335565628913306065695138426486432845672426837279
3005	0.251250000000000000000000000000000000000000000000000000000019	5.68122404667147185414558708927216530999069670097753772927565
3006	0.251500000000000000000000000000000000000000000000000000000019	5.67217028652825329722569898727586666663059354037533071669013
3007	0.251750000000000000000000000000000000000000000000000000000019	5.66313088321088830260903864335635010307079101340050718836917
3008	0.252000000000000000000000000000000000000000000000000000000019	5.65410580895482742005934348110439371941569303867085186202284
3009	0.252250000000000000000000000000000000000000000000000000000019	5.64509503612330359152745082600486439102921403268497971928756
3010	0.252500000000000000000000000000000000000000000000000000000019	5.63609853720665503996927874503194193445858230781765110669457
3011	0.252750000000000000000000000000000000000000000000000000000019	5.62711628482165177562350227691528105078653002271187823776041
3012	0.253000000000000000000000000000000000000000000000000000000019	5.61814825171082570137436675496924018619119248418953482423769
3013	0.253250000000000000000000000000000000000000000000000000000019	5.60919441074180429890788877499993980993226340897185450960862
3014	0.253500000000000000000000000000000000000000000000000000000019	5.60025473490664787745231754881175186745124144871883392367739
3015	0.253750000000000000000000000000000000000000000000000000000019	5.59132919732119036697616180593879086846360454535288184388822
3016	0.254000000000000000000000000000000000000000000000000000000019	5.58241777122438363779932703799913163098719978232450009907676
3017	0.254250000000000000000000000000000000000000000000000000000019	5.5735204299776453286549517746037345462300529808228692748171
3018	0.254500000000000000000000000000000000000000000000000000000019	5.5646371470642101653213768663501900993960044993891489341271
3019	0.254750000000000000000000000000000000000000000000000000000019	5.55576789608848475202532563330801056659696526740253260672839
3020	0.255000000000000000000000000000000000000000000000000000000019	5.54691265077540581789881249440941219032172251013194051290707
3021	0.255250000000000000000000000000000000000000000000000000000019	5.53807138496980190085353067453103306029694545056250624768489
3022	0.255500000000000000000000000000000000000000000000000000000019	5.52924407263575845131749321316627193311714305686543530917832
3023	0.255750000000000000000000000000000000000000000000000000000019	5.52043068785598633835951326275016066819651909855743810089121
3024	0.256000000000000000000000000000000000000000000000000000000019	5.51163120483119374080770712594154747482330598580728260088348
3025	0.256250000000000000000000000000000000000000000000000000000019	5.50284559787946140604858426706982081143960758205748641187551
3026	0.256500000000000000000000000000000000000000000000000000000019	5.49407384143562125927345033747763050260252226340384664802112
3027	0.25675000000000000000000000000000000000000000000000000000002	5.48531591005063834601878983683718751250531272228564723643835
3028	0.25700000000000000000000000000000000000000000000000000000002	5.47657177839099609092701221599602316094950182366250583034061
3029	0.25725000000000000000000000000000000000000000000000000000002	5.46784142123808485573343689782846081117126227284131569148935
3030	0.25750000000000000000000000000000000000000000000000000000002	5.45912481348759377956465679914749270826423995081759945062071
3031	0.25775000000000000000000000000000000000000000000000000000002	5.45042193014890588471245448801358242523278905380991150833062
3032	0.25800000000000000000000000000000000000000000000000000000002	5.44173274634449643112624817557651799912053051479636141174525
3033	0.25825000000000000000000000000000000000000000000000000000002	5.43305723730933450294561444744329144450039578411853549381486
3034	0.25850000000000000000000000000000000000000000000000000000002	5.42439537839028781047276917171567192498990021604771920128154
3035	0.25875000000000000000000000000000000000000000000000000000002	5.41574714504553069106298562120723761754496928343362972414537
3036	0.25900000000000000000000000000000000000000000000000000000002	5.4071125128439552924887878135410827720885925109452303626428
3037	0.25925000000000000000000000000000000000000000000000000000002	5.39849145746458592241137575716330412322674829370947689133536
3038	0.25950000000000000000000000000000000000000000000000000000002	5.3898839546959965476701160998417805296704657045562343594137
3039	0.25975000000000000000000000000000000000000000000000000000002	5.38128998043573142717806506780254403489739664026714814394095
3040	0.26000000000000000000000000000000000000000000000000000000002	5.37270951068972886228837906898825862997469589531390490869436
3041	0.26025000000000000000000000000000000000000000000000000000002	5.36414252157174804857311047463714244076793380401671391454327
3042	0.26050000000000000000000000000000000000000000000000000000002	5.35558898930279901303228050113151756067025790538339785679286
3043	0.26075000000000000000000000000000000000000000000000000000002	5.34704889021057562082726644963792990940748786120061058809566
3044	0.26100000000000000000000000000000000000000000000000000000002	5.33852220072889163570843553348981079897010573390697193703434
3045	0.26125000000000000000000000000000000000000000000000000000002	5.33000889739711981838260088896645492314673195700681628645442
3046	0.26150000000000000000000000000000000000000000000000000000002	5.32150895685963404714126592704640241033753124091543245391756
3047	0.26175000000000000000000000000000000000000000000000000000002	5.31302235586525444514575979049743256472296960474340920183806
3048	0.26200000000000000000000000000000000000000000000000000000002	5.30454907126669549884024822581153026484738921097215417158933
3049	0.26225000000000000000000000000000000000000000000000000000002	5.29608908002001715203822960055374524392606165491513745155376
3050	0.26250000000000000000000000000000000000000000000000000000002	5.28764235918407886030249407447022575225139354726495871080561
3051	0.26275000000000000000000000000000000000000000000000000000002	5.2792088859199965903126340904546423629126731566649580176875
3052	0.26300000000000000000000000000000000000000000000000000000002	5.2707886374906027489880454541495125317445017631704673132175
3053	0.26325000000000000000000000000000000000000000000000000000002	5.26238159125990902720794942442514759393369450060995115210097
3054	0.26350000000000000000000000000000000000000000000000000000002	5.25398772469257214304329658726707752824571051401521452408309
3055	0.26375000000000000000000000000000000000000000000000000000002	5.24560701535336246948848201817276037333275392893329962109573
3056	0.26400000000000000000000000000000000000000000000000000000002	5.23723944090663553175360757716795751495187695219575966073147
3057	0.26425000000000000000000000000000000000000000000000000000002	5.22888497911580635925057038814049974943830356818239697743112
3058	0.26450000000000000000000000000000000000000000000000000000002	5.22054360784282667747853592976644574669462608454012214035541
3059	0.26475000000000000000000000000000000000000000000000000000002	5.21221530504766492508636904486177785413659701204537717044303
3060	0.26500000000000000000000000000000000000000000000000000000002	5.20390004878778908146134593041716019201100055891911490869485
3061	0.26525000000000000000000000000000000000000000000000000000002	5.19559781721765229026495420897012661026110083092942402755613
3062	0.26550000000000000000000000000000000000000000000000000000002	5.18730858858818126440780594500246617723631149327208325557887
3063	0.26575000000000000000000000000000000000000000000000000000002	5.17903234124626745802663943328994561803978120953062412962187
3064	0.26600000000000000000000000000000000000000000000000000000002	5.17076905363426099109706925840931821748637720726844279926562
3065	0.26625000000000000000000000000000000000000000000000000000002	5.16251870428946731238616004738720039257178342023888148517693
3066	0.26650000000000000000000000000000000000000000000000000000002	5.15428127184364658651904708422899504082952961307925653884792
3067	0.26675000000000000000000000000000000000000000000000000000002	5.1460567350225157910037061306621887584441213823027900850813
3068	0.26700000000000000000000000000000000000000000000000000000002	5.13784507264525350912758503752943648935265327813652582815711
3069	0.26725000000000000000000000000000000000000000000000000000002	5.1296462636240074047091507017359741068748328575847916387871
3070	0.26750000000000000000000000000000000000000000000000000000002	5.12146028696340436475647631997319382726253362987985521042368
3071	0.26775000000000000000000000000000000000000000000000000000002	5.11328712176006329615379543712840542233516904201677832991318
3072	0.26800000000000000000000000000000000000000000000000000000002	5.10512674720211056256548073734991299426311328996830410719681
3073	0.26825000000000000000000000000000000000000000000000000000002	5.09697914256869804781516666008757601944057976447352380980727
3074	0.26850000000000000000000000000000000000000000000000000000002	5.0888442872295238320657255503665421217884633005555994490997
3075	0.26875000000000000000000000000000000000000000000000000000002	5.08072216064435546719352700720519013531841108480892214415287
3076	0.26900000000000000000000000000000000000000000000000000000002	5.07261274236255583781785923789152854463617378989842913180237
3077	0.26925000000000000000000000000000000000000000000000000000002	5.06451601202261159451356944600238284414643766590996251039011
3078	0.26950000000000000000000000000000000000000000000000000000002	5.05643194935166414580188749007337968937075126854567402341407
3079	0.269750000000000000000000000000000000000000000000000000000021	5.04836053416504319558103318495626840282460246531870662178961
3080	0.270000000000000000000000000000000000000000000000000000000021	5.04030174636580281272457264065233809823539958376966778015836
3081	0.270250000000000000000000000000000000000000000000000000000021	5.03225556594426001964158292908393187478696694082503766567159
3082	0.270500000000000000000000000000000000000000000000000000000021	5.02422197297753588665850714645499722596804939393747089723838
3083	0.270750000000000000000000000000000000000000000000000000000021	5.01620094762909911914813362897479420851680982564373691246715
3084	0.271000000000000000000000000000000000000000000000000000000021	5.00819247014831212439641373655291648772866735029767392099546
3085	0.271250000000000000000000000000000000000000000000000000000021	5.00019652086997954526284231829501153169136712401167102708726
3086	0.271500000000000000000000000000000000000000000000000000000021	4.99221308021389924775486381236218148570314908905526973636334
3087	0.271750000000000000000000000000000000000000000000000000000021	4.98424212868441574970123502913335828979068319668524395334717
3088	0.272000000000000000000000000000000000000000000000000000000021	4.9762836468699760777734731593280572396738804573008397185954
3089	0.272250000000000000000000000000000000000000000000000000000021	4.96833761544268804016844459664524602087605512576640278363957
3090	0.272500000000000000000000000000000000000000000000000000000021	4.96040401515788090232880694610796296000769007018800152646365
3091	0.272750000000000000000000000000000000000000000000000000000021	4.95248282685366845314140330252947446362983340626365173703728
3092	0.273000000000000000000000000000000000000000000000000000000021	4.94457403145051444911682474508441943596140485495149374520444
3093	0.273250000000000000000000000000000000000000000000000000000021	4.93667760995080042411620423911718434429475765050303600283143
3094	0.273500000000000000000000000000000000000000000000000000000021	4.92879354343839585225388301838412088093785453680249306454412
3095	0.273750000000000000000000000000000000000000000000000000000021	4.92092181307823065166689931094625178654875673143446896192065
3096	0.274000000000000000000000000000000000000000000000000000000021	4.91306240011587001690428925826778182769906574471393547210746
3097	0.274250000000000000000000000000000000000000000000000000000021	4.90521528587709156775096136504237783589706395165725660884151
3098	0.274500000000000000000000000000000000000000000000000000000021	4.89738045176746480236240912874916318744516782043021094550898
3099	0.274750000000000000000000000000000000000000000000000000000021	4.88955787927193284264776197103080254611148886422617609277167
3100	0.275000000000000000000000000000000000000000000000000000000021	4.88174754995439645989964258163752209998634442074108372648027
3101	0.275250000000000000000000000000000000000000000000000000000021	4.87394944545730036872999965934510089848899467092722121608677
3102	0.275500000000000000000000000000000000000000000000000000000021	4.86616354750122177743151917753797801755274224931089228176045
3103	0.275750000000000000000000000000000000000000000000000000000021	4.85838983788446118294438511447050533854475174179611549401537
3104	0.276000000000000000000000000000000000000000000000000000000021	4.85062829848263539866806248347833052355230557678974066645608
3105	0.276250000000000000000000000000000000000000000000000000000021	4.84287891124827280341741190465497552700663320502477904406868
3106	0.276500000000000000000000000000000000000000000000000000000021	4.83514165821041079988181631860749196659633890302708533966334
3107	0.276750000000000000000000000000000000000000000000000000000021	4.82741652147419547100510721023696110581729438317213796476805
3108	0.277000000000000000000000000000000000000000000000000000000021	4.81970348322048342276292035462409810176998097531449960627715
3109	0.277250000000000000000000000000000000000000000000000000000021	4.81200252570544580187269009949074700227669111508238807443313
3110	0.277500000000000000000000000000000000000000000000000000000021	4.8043136312601744770298070533887750363305850957476164574226
3111	0.277750000000000000000000000000000000000000000000000000000021	4.79663678229029037232151726205558352550769078606256014944658
3112	0.278000000000000000000000000000000000000000000000000000000021	4.78897196127555394152793204557645851985732843179456621563104
3113	0.278250000000000000000000000000000000000000000000000000000021	4.78131915076947777207704716611591528991858220756801321532749
3114	0.278500000000000000000000000000000000000000000000000000000021	4.77367833339894130747793844144862970038283690970883717899303
3115	0.278750000000000000000000000000000000000000000000000000000021	4.76604949186380767711330886590043331908741864718597035455862
3116	0.279000000000000000000000000000000000000000000000000000000021	4.75843260893654262232931031103156090669981161464292913946657
3117	0.279250000000000000000000000000000000000000000000000000000021	4.75082766746183550781705152748441930679633770626292548070349
3118	0.279500000000000000000000000000000000000000000000000000000021	4.74323465035622240733643404123455543466612691459377027012127
3119	0.279750000000000000000000000000000000000000000000000000000021	4.73565354060771125288892922645535905051403892672371464102438
3120	0.280000000000000000000000000000000000000000000000000000000021	4.7280843212754090365016239475787802293402462999009015651832
3121	0.280250000000000000000000000000000000000000000000000000000021	4.72052697548915105384031930871422465955930208607936729157718
3122	0.280500000000000000000000000000000000000000000000000000000021	4.71298148644913217892466785250065961671295823839768877215034
3123	0.280750000000000000000000000000000000000000000000000000000021	4.70544783742554015927327964491125460746377415665084304845283
3124	0.281000000000000000000000000000000000000000000000000000000021	4.69792601175819092086141770853875779412380788540042585673983
3125	0.281250000000000000000000000000000000000000000000000000000021	4.69041599285616587232833887409639476380669150219853904737604
3126	0.281500000000000000000000000000000000000000000000000000000021	4.68291776419745119792551796627570211902717307969069621845581
3127	0.281750000000000000000000000000000000000000000000000000000021	4.67543130932857912875092199185413064513868880853030194046434
3128	0.282000000000000000000000000000000000000000000000000000000021	4.667956611864271181868177329105766694997837204520284569819
3129	0.282250000000000000000000000000000000000000000000000000000021	4.66049365548708335696289750990291781429158456341482134379321
3130	0.282500000000000000000000000000000000000000000000000000000021	4.6530424239470532802416127286546182800819613453041015253154
3131	0.282750000000000000000000000000000000000000000000000000000022	4.6456029010613492853316654019340629180324859462065791937433
3132	0.283000000000000000000000000000000000000000000000000000000022	4.63817507071392142099310964289013897884136713983837364442425
3133	0.283250000000000000000000000000000000000000000000000000000022	4.63075891685515437550607711576974090671214522613849311984396
3134	0.283500000000000000000000000000000000000000000000000000000022	4.62335442350152230764924811520944596850017702699522243732204
3135	0.283750000000000000000000000000000000000000000000000000000022	4.61596157473524557423699559596310548874233386570826399933851
3136	0.284000000000000000000000000000000000000000000000000000000022	4.60858035470394934423445199126160251587075841585706688814066
3137	0.284250000000000000000000000000000000000000000000000000000022	4.60121074762032408952118473797765122590258650673075624130834
3138	0.284500000000000000000000000000000000000000000000000000000022	4.59385273776178794242535721600983414674751943629040028945556
3139	0.284750000000000000000000000000000000000000000000000000000022	4.58650630947015091020119805533269291579734568279206596123057
3140	0.285000000000000000000000000000000000000000000000000000000022	4.57917144715128093667330422003855957439413774067368967426981
3141	0.285250000000000000000000000000000000000000000000000000000022	4.57184813527477180132176270282794670242261883365305237821535
3142	0.285500000000000000000000000000000000000000000000000000000022	4.56453635837361284613229281937161557999891137779373623159378
3143	0.285750000000000000000000000000000000000000000000000000000022	4.55723610104386052058558674835766035800659121837245321426346
3144	0.286000000000000000000000000000000000000000000000000000000022	4.54994734794431173520976089327765150701911226960389610254369
3145	0.286250000000000000000000000000000000000000000000000000000022	4.5426700837961790141693256241964407650723047226115210381888
3146	0.286500000000000000000000000000000000000000000000000000000022	4.53540429338276743741333677450073688423533822052038714360387
3147	0.286750000000000000000000000000000000000000000000000000000022	4.52814996154915336295440970589367175402756771640514453295251
3148	0.287000000000000000000000000000000000000000000000000000000022	4.52090707320186491989905660585319844523417762789221684576028
3149	0.287250000000000000000000000000000000000000000000000000000022	4.51367561330856426289835074059996616415625191265678860049302
3150	0.287500000000000000000000000000000000000000000000000000000022	4.50645556689773157873622845241501231330494080162084383704933
3151	0.287750000000000000000000000000000000000000000000000000000022	4.49924691905835083582081156574195692555066712646210089093205
3152	0.288000000000000000000000000000000000000000000000000000000022	4.49204965493959726739197035833287861540889980121613315464947
3153	0.288250000000000000000000000000000000000000000000000000000022	4.48486375975052657930595117163727045455290310578258736560192
3154	0.288500000000000000000000000000000000000000000000000000000022	4.47768921875976587330526389189001240217744984131809955450837
3155	0.288750000000000000000000000000000000000000000000000000000022	4.4705260172952062767291637463052659271899645768568340896655
3156	0.289000000000000000000000000000000000000000000000000000000022	4.46337414074369726966696994684924944141559681363942119816173
3157	0.289250000000000000000000000000000000000000000000000000000022	4.45623357455074270060314149957669022024353316564121638544051
3158	0.289500000000000000000000000000000000000000000000000000000022	4.44910430422019848164947880558406570920000945552796972216438
3159	0.289750000000000000000000000000000000000000000000000000000022	4.44198631531397195450603933802059092412810282818315604546839
3160	0.290000000000000000000000000000000000000000000000000000000022	4.43487959345172291833834751859539767847302579138738230293599
3161	0.290250000000000000000000000000000000000000000000000000000022	4.42778412431056631080424376932072869124931249994125168749024
3162	0.290500000000000000000000000000000000000000000000000000000022	4.42069989362477653350925641581394876062628045072540033333065
3163	0.290750000000000000000000000000000000000000000000000000000022	4.41362688718549341321469350448854375489209814942762850913101
3164	0.291000000000000000000000000000000000000000000000000000000022	4.40656509084042979016774050658772371126937651696291965671123
3165	0.291250000000000000000000000000000000000000000000000000000022	4.39951449049358072496771515838036922230799822545360189802034
3166	0.291500000000000000000000000000000000000000000000000000000022	4.39247507210493431542727317189753931190926095438835231348152
3167	0.291750000000000000000000000000000000000000000000000000000022	4.38544682169018411493177908900163555665085974781525105416661
3168	0.292000000000000000000000000000000000000000000000000000000022	4.37842972532044314384425598961836469155679782602028906919326
3169	0.292250000000000000000000000000000000000000000000000000000022	4.37142376912195948554730695039278732906030204570090634177393
3170	0.292500000000000000000000000000000000000000000000000000000022	4.36442893927583345875716093202050554918218558837522560270138
3171	0.292750000000000000000000000000000000000000000000000000000022	4.35744522201773635778853700251397265282828999915713606119243
3172	0.293000000000000000000000000000000000000000000000000000000022	4.35047260363763075249234433134795894167940164313656689690299
3173	0.293250000000000000000000000000000000000000000000000000000022	4.34351107047949233963134206854105183495179547949804644380712
3174	0.293500000000000000000000000000000000000000000000000000000022	4.33656060894103333750177390702730473227841933672729375716446
3175	0.293750000000000000000000000000000000000000000000000000000022	4.32962120547342741565166767081736758737200626157777129631768
3176	0.294000000000000000000000000000000000000000000000000000000022	4.32269284658103615158895153092112074482178395560969378212224
3177	0.294250000000000000000000000000000000000000000000000000000022	4.31577551882113700641478628200908570579987607650671331122964
3178	0.294500000000000000000000000000000000000000000000000000000022	4.30886920880365281135954837216988726800184646401596285061085
3179	0.294750000000000000000000000000000000000000000000000000000022	4.30197390319088275724072192326830164177443647817653302200372
3180	0.295000000000000000000000000000000000000000000000000000000022	4.29508958869723487890357066818073511196283111822800574500014
3181	0.295250000000000000000000000000000000000000000000000000000022	4.28821625208896002674686342182205458302183258082494323393682
3182	0.295500000000000000000000000000000000000000000000000000000022	4.28135388018388731747712025391949083433594818019169335032916
3183	0.295750000000000000000000000000000000000000000000000000000023	4.27450245985116105627583180169600356297359890770507295752686
3184	0.296000000000000000000000000000000000000000000000000000000023	4.26766197801097912260488200889893412592533973262831057452033
3185	0.296250000000000000000000000000000000000000000000000000000023	4.26083242163433281191597586291678112622928343313257113243392
3186	0.296500000000000000000000000000000000000000000000000000000023	4.25401377774274812557023928302393461299453537966781254995023
3187	0.296750000000000000000000000000000000000000000000000000000023	4.2472060334080285013143190489524778753459486652518499451668
3188	0.297000000000000000000000000000000000000000000000000000000023	4.24040917575199897669926740872761303090019348504176802593172
3189	0.297250000000000000000000000000000000000000000000000000000023	4.23362319194625177786824962650765414708341212885453814553272
3190	0.297500000000000000000000000000000000000000000000000000000023	4.22684806921189332617866408323319787108729298678327903626476
3191	0.297750000000000000000000000000000000000000000000000000000023	4.22008379481929265516361448304108299166259769376118202000199
3192	0.298000000000000000000000000000000000000000000000000000000023	4.2133303560878312303768231040344232181421966451531911308033
3193	0.298250000000000000000000000000000000000000000000000000000023	4.20658774038565416470402372002191173244602664635990060165589
3194	0.298500000000000000000000000000000000000000000000000000000023	4.19985593512942282176262366658987950595505011933057903819821
3195	0.298750000000000000000000000000000000000000000000000000000023	4.19313492778406880004997738606959905008892895801435506443416
3196	0.299000000000000000000000000000000000000000000000000000000023	4.18642470586254929053896951664764474087252226929769408923916
3197	0.299250000000000000000000000000000000000000000000000000000023	4.17972525692560380045776504533386128602880456286894304419569
3198	0.299500000000000000000000000000000000000000000000000000000023	4.17303656858151223602854807624387584388890173235447012529134
3199	0.299750000000000000000000000000000000000000000000000000000023	4.16635862848585433697784022730729615211179803190153867206016
3200	0.300000000000000000000000000000000000000000000000000000000023	4.15969142434127045566856541180098944666602174291260618115422
3201	0.300250000000000000000000000000000000000000000000000000000023	4.15303494389722367374141063678270793285695707896546667997834
3202	0.300500000000000000000000000000000000000000000000000000000023	4.14638917494976324919022330829524702298873572554891821805096
3203	0.300750000000000000000000000000000000000000000000000000000023	4.13975410534128938683318522178226973032167917797597595927916
3204	0.301000000000000000000000000000000000000000000000000000000023	4.13312972296031932517831278303527784976793412247566778691018
3205	0.301250000000000000000000000000000000000000000000000000000023	4.12651601574125473271845289653271923143317186654070943073371
3206	0.301500000000000000000000000000000000000000000000000000000023	4.11991297166415040672737521936815519447316637174414777819338
3207	0.301750000000000000000000000000000000000000000000000000000023	4.11332057875448426766480495395376077630537338791373043562232
3208	0.302000000000000000000000000000000000000000000000000000000023	4.10673882508292864233429688386821046673344443053625429274686
3209	0.302250000000000000000000000000000000000000000000000000000023	4.10016769876512282897372178576963501910567125807764992767974
3210	0.302500000000000000000000000000000000000000000000000000000023	4.09360718796144693749382151598107215245916595541834526381515
3211	0.302750000000000000000000000000000000000000000000000000000023	4.0870572808767969981157898114912148092749195497213829149468
3212	0.303000000000000000000000000000000000000000000000000000000023	4.08051796576036133169415299851558686138066328706854034364427
3213	0.303250000000000000000000000000000000000000000000000000000023	4.07398923090539817504635920271408517644577682083859589751741
3214	0.303500000000000000000000000000000000000000000000000000000023	4.06747106464901455464543713736434733722164102155580038421493
3215	0.303750000000000000000000000000000000000000000000000000000023	4.06096345537194640206685694133397701744865327319984737658696
3216	0.304000000000000000000000000000000000000000000000000000000023	4.05446639149833990461531667801010825035020996352777975006065
3217	0.304250000000000000000000000000000000000000000000000000000023	4.04797986149553408459158981817072739496741804681814898648514
3218	0.304500000000000000000000000000000000000000000000000000000023	4.04150385387384460069380214112721925687693743842806258406452
3219	0.304750000000000000000000000000000000000000000000000000000023	4.03503835718634876508156182457451793239064619725255255327501
3220	0.305000000000000000000000000000000000000000000000000000000023	4.02858336002867176966524487789592640743509875004876445794841
3221	0.305250000000000000000000000000000000000000000000000000000023	4.0221388510387741152164403277910551831196623676748191015313
3222	0.305500000000000000000000000000000000000000000000000000000023	4.01570481889674023692908650876612459839448068573424557265676
3223	0.305750000000000000000000000000000000000000000000000000000023	4.00928125232456832009418226208413963495659872642226980821365
3224	0.306000000000000000000000000000000000000000000000000000000023	4.0028681400859612995841356211240102775389923278370927656016
3225	0.306250000000000000000000000000000000000000000000000000000023	3.99646547098611903687581847268538141023822999980051105706318
3226	0.306500000000000000000000000000000000000000000000000000000023	3.99007323387153166837422954454960375789785869068780139713777
3227	0.306750000000000000000000000000000000000000000000000000000023	3.98369141762977411883133068949460943988482892415629820079103
3228	0.307000000000000000000000000000000000000000000000000000000023	3.97732001118930177368711362283956577156090999831887954175582
3229	0.307250000000000000000000000000000000000000000000000000000023	3.97095900351924730419227683026295577800630401991334381536416
3230	0.307500000000000000000000000000000000000000000000000000000023	3.96460838362921863920404609878892817069933791929774618158302
3231	0.307750000000000000000000000000000000000000000000000000000023	3.95826814056909807757865783803382469520886673853870075499189
3232	0.308000000000000000000000000000000000000000000000000000000023	3.95193826342884253511584285045342712650988677681276130260316
3233	0.308250000000000000000000000000000000000000000000000000000023	3.94561874133828492004230027565587419696043901948269640288639
3234	0.308500000000000000000000000000000000000000000000000000000023	3.93930956346693663105263786986404674200948075411518297400264
3235	0.308750000000000000000000000000000000000000000000000000000024	3.93301071902379117195757638011427602496060117510710071920244
3236	0.309000000000000000000000000000000000000000000000000000000024	3.9267221972571288770203733243036796474006000425385937477992
3237	0.309250000000000000000000000000000000000000000000000000000024	3.92044398745432274109341578101084518119405079863802692096459
3238	0.309500000000000000000000000000000000000000000000000000000024	3.91417607894164534869776361308355001482444346752640997110585
3239	0.309750000000000000000000000000000000000000000000000000000024	3.90791846108407689621909467996658749398942966796337462120392
3240	0.310000000000000000000000000000000000000000000000000000000024	3.90167112328511430142401281695058737687343142787216294171837
3241	0.310250000000000000000000000000000000000000000000000000000024	3.8954340549865813945310284539216626339103448681196622355938
3242	0.310500000000000000000000000000000000000000000000000000000024	3.88920724566844018510071148837025003994018939642848661462428
3243	0.310750000000000000000000000000000000000000000000000000000024	3.88299068484860319903954719157158310706976520423464718323273
3244	0.311000000000000000000000000000000000000000000000000000000024	3.87678436208274688004189928476555296602195617831240971109698
3245	0.311250000000000000000000000000000000000000000000000000000024	3.87058826696412604982420064319861257665992326199422121681834
3246	0.311500000000000000000000000000000000000000000000000000000024	3.86440238912338942153505213695924905177531984791876310612261
3247	0.311750000000000000000000000000000000000000000000000000000024	3.85822671822839616075431466309580185118324276277352360870696
3248	0.312000000000000000000000000000000000000000000000000000000024	3.8520612439840334885235292255300022592526096094338948648606
3249	0.312250000000000000000000000000000000000000000000000000000024	3.84590595613203532087909573726011390468434088164437805605555
3250	0.312500000000000000000000000000000000000000000000000000000024	3.83976084445080193938858381026770572370943140103875090009045
3251	0.312750000000000000000000000000000000000000000000000000000024	3.8336258987552206872193389168668991841555323291781309403062
3252	0.313000000000000000000000000000000000000000000000000000000024	3.8275011088964876852971857038972806759006863130414375901965
3253	0.313250000000000000000000000000000000000000000000000000000024	3.82138646476193056314151766754939974660638972777935582816982
3254	0.313500000000000000000000000000000000000000000000000000000024	3.81528195627483219899139959855526929492769622940862553715701
3255	0.313750000000000000000000000000000000000000000000000000000024	3.80918757339425546386549692923653200457883964721666015574548
3256	0.314000000000000000000000000000000000000000000000000000000024	3.80310330611486896422668509716007611626547271410307397376333
3257	0.314250000000000000000000000000000000000000000000000000000024	3.7970291444667737779500830239931115467868746882084782159137
3258	0.314500000000000000000000000000000000000000000000000000000024	3.79096507851533117832099852906285566476796033092555780847302
3259	0.314750000000000000000000000000000000000000000000000000000024	3.78491109836099134081687068898327736727389050894791238996258
3260	0.315000000000000000000000000000000000000000000000000000000024	3.7788671941391230274547455487638310601361815342889740778613
3261	0.315250000000000000000000000000000000000000000000000000000024	3.77283335601984424351312791468232384903891556233251181401669
3262	0.315500000000000000000000000000000000000000000000000000000024	3.76680957420785386146421394086523802038781671085266295915189
3263	0.315750000000000000000000000000000000000000000000000000000024	3.760795838942264206979527583304491193968481590731463961514
3264	0.316000000000000000000000000000000000000000000000000000000024	3.75479214049643460189885945762353650085414484589137818795862
3265	0.316250000000000000000000000000000000000000000000000000000024	3.7487984691778058590791399182973111564912703811868260168668
3266	0.316500000000000000000000000000000000000000000000000000000024	3.74281481532773572406646999256768263137451726968897271533639
3267	0.316750000000000000000000000000000000000000000000000000000024	3.73684116932133525856098486463814485752129021136360985531132
3268	0.317000000000000000000000000000000000000000000000000000000024	3.73087752156730616067053562485312043147303539778942651921541
3269	0.317250000000000000000000000000000000000000000000000000000024	3.72492386250777901697534668175187620638158944303155040393926
3270	0.317500000000000000000000000000000000000000000000000000000024	3.7189801826181524814518392867215767925028351773865565348271
3271	0.317750000000000000000000000000000000000000000000000000000024	3.71304647240693337632970674334308578824709400832378453231113
3272	0.318000000000000000000000000000000000000000000000000000000024	3.70712272241557770998208476560432709736187521299628953607469
3273	0.318250000000000000000000000000000000000000000000000000000024	3.70120892321833260697428180741503664703925644570916135213277
3274	0.318500000000000000000000000000000000000000000000000000000024	3.69530506542207914542201970404305224876718779766486961737111
3275	0.318750000000000000000000000000000000000000000000000000000024	3.68941113966617609683548533523514052613301721153871517743522
3276	0.319000000000000000000000000000000000000000000000000000000024	3.68352713662230456365070992819001505195769074890795385086471
3277	0.319250000000000000000000000000000000000000000000000000000024	3.67765304699431350967487475179556621741579408053730843123375
3278	0.319500000000000000000000000000000000000000000000000000000024	3.67178886151806617869709099447385468568806550630751026896997
3279	0.319750000000000000000000000000000000000000000000000000000024	3.66593457096128739654101824671032974292229398954691896780123
3280	0.320000000000000000000000000000000000000000000000000000000024	3.66009016612341175186037090325650372361129561995481139376622
3281	0.320250000000000000000000000000000000000000000000000000000024	3.65425563783543265100291563372849613648793760660898936595553
3282	0.320500000000000000000000000000000000000000000000000000000024	3.64843097695975224229298651577816440548522932737759520468438
3283	0.320750000000000000000000000000000000000000000000000000000024	3.64261617439003220510683815134819245047259598183636651323404
3284	0.321000000000000000000000000000000000000000000000000000000024	3.63681122105104539913932176015390573600065256056166628620009
3285	0.321250000000000000000000000000000000000000000000000000000024	3.63101610789852836928440552913518445730458163715931520624796
3286	0.321500000000000000000000000000000000000000000000000000000024	3.62523082591903470157596905311936003293339055661817214878915
3287	0.321750000000000000000000000000000000000000000000000000000025	3.61945536612978922565908318851278084603208398104211535158303
3288	0.322000000000000000000000000000000000000000000000000000000025	3.61368971957854305928564171393155242369917171149520396221973
3289	0.322250000000000000000000000000000000000000000000000000000025	3.60793387734342949035174050198181049378185301261658306334744
3290	0.322500000000000000000000000000000000000000000000000000000025	3.60218783053282069201760410485224488166179056865726393971059
3291	0.322750000000000000000000000000000000000000000000000000000025	3.59645157028518526647413939018679693957628567852407372961576
3292	0.323000000000000000000000000000000000000000000000000000000025	3.59072508776894661294335177731935125963916914119303474578675
3293	0.323250000000000000000000000000000000000000000000000000000025	3.58500837418234211552289235908706143216650220479467588006763
3294	0.323500000000000000000000000000000000000000000000000000000025	3.57930142075328314650791439006439005883451317308868231616424
3295	0.323750000000000000000000000000000000000000000000000000000025	3.57360421873921588084620591440449021017825650437539839730645
3296	0.324000000000000000000000000000000000000000000000000000000025	3.56791675942698291740523232902700427745996154645072704828003
3297	0.324250000000000000000000000000000000000000000000000000000025	3.56223903413268570275226906140254694379108773290265376382383
3298	0.324500000000000000000000000000000000000000000000000000000025	3.556571034201547753171230913668896686995391290756933014988
3299	0.324750000000000000000000000000000000000000000000000000000025	3.55091275100777867066211161155319455122488470563676149497107
3300	0.325000000000000000000000000000000000000000000000000000000025	3.54526417595443894869113532011765078402547644848577781384292
3301	0.325250000000000000000000000000000000000000000000000000000025	3.53962530047330556348179196851378971381209170200534956104759
3302	0.325500000000000000000000000000000000000000000000000000000025	3.53399611602473834665888077981622692696320929199935205434103
3303	0.325750000000000000000000000000000000000000000000000000000025	3.52837661409754713507952204398208182499863706922256292624298
3304	0.326000000000000000000000000000000000000000000000000000000025	3.52276678620885969370681651369677941589352310380791128820426
3305	0.326250000000000000000000000000000000000000000000000000000025	3.51716662390399040740343545325452440740804181486870914617923
3306	0.326500000000000000000000000000000000000000000000000000000025	3.51157611875630973754391293590184243228193378588509560856888
3307	0.326750000000000000000000000000000000000000000000000000000025	3.50599526236711443936578606875494425559687958003687628493848
3308	0.327000000000000000000000000000000000000000000000000000000025	3.50042404636549853600098902728966786279002420052593634667825
3309	0.327250000000000000000000000000000000000000000000000000000025	3.49486246240822504515005370159742126266091901842506861988899
3310	0.327500000000000000000000000000000000000000000000000000000025	3.48931050217959845438270398950463558369134648535929232767011
3311	0.327750000000000000000000000000000000000000000000000000000025	3.48376815739133794106935290997544290579459607843429365717487
3312	0.328000000000000000000000000000000000000000000000000000000025	3.47823541978245133296882234397664513047259239307755707737221
3313	0.328250000000000000000000000000000000000000000000000000000025	3.47271228111910980551830492651442405195521487312805131570246
3314	0.328500000000000000000000000000000000000000000000000000000025	3.46719873319452331189217699750706931859153527320964155629195
3315	0.328750000000000000000000000000000000000000000000000000000025	3.46169476782881674191675115251501568389210620453166460173447
3316	0.329000000000000000000000000000000000000000000000000000000025	3.45620037686890680594842739641570973633620080736397064809401
3317	0.329250000000000000000000000000000000000000000000000000000025	3.4507155521883796398429637705276540914321002514607859822152
3318	0.329500000000000000000000000000000000000000000000000000000025	3.44524028568736912716374117043635636987280463127694078726687
3319	0.329750000000000000000000000000000000000000000000000000000025	3.43977456929243593479694346918069672948339686697485650983462
3320	0.330000000000000000000000000000000000000000000000000000000025	3.43431839495644725816151357719763897935814026464868785914452
3321	0.330250000000000000000000000000000000000000000000000000000025	3.42887175465845727222157927252840610950852208671436970115473
3322	0.330500000000000000000000000000000000000000000000000000000025	3.423434640403588284528770085654020766585807314452984283006
3323	0.330750000000000000000000000000000000000000000000000000000025	3.41800704422291258654146878371372620004044592990495222470945
3324	0.331000000000000000000000000000000000000000000000000000000025	3.41258895817333499948755862690088134765999589073814224678821
3325	0.331250000000000000000000000000000000000000000000000000000025	3.40718037433747611105664112104150285974973773133529680958765
3326	0.331500000000000000000000000000000000000000000000000000000025	3.40178128482355619922700901764029468712300282581860239392167
3327	0.331750000000000000000000000000000000000000000000000000000025	3.39639168176527983955186636631914349554035120749805708816637
3328	0.332000000000000000000000000000000000000000000000000000000025	3.39101155732172119224839205226318462914956383788086991274251
3329	0.332250000000000000000000000000000000000000000000000000000025	3.38564090367720996545224599812375834592574727468614040915807
3330	0.332500000000000000000000000000000000000000000000000000000025	3.38027971304121805101901861831109856165634411122459399379558
3331	0.332750000000000000000000000000000000000000000000000000000025	3.37492797764824682927292472366539633059914351353787871775401
3332	0.333000000000000000000000000000000000000000000000000000000025	3.36958568975771513912174342347040114596558426822344951605748
3333	0.333250000000000000000000000000000000000000000000000000000025	3.36425284165384790997560619444769232860626344348761116430415
3334	0.333500000000000000000000000000000000000000000000000000000025	3.35892942564556545192573671495907831458003627193314586130089
3335	0.333750000000000000000000000000000000000000000000000000000025	3.35361543406637340065764882681133206216052336331867299064272
3336	0.334000000000000000000000000000000000000000000000000000000025	3.34831085927425331359161361391593610658838433156166415704566
3337	0.334250000000000000000000000000000000000000000000000000000025	3.34301569365155391376141360118034240412034914981413078745434
3338	0.334500000000000000000000000000000000000000000000000000000026	3.33772992960488297796051200043667923768232249682412081423783
3339	0.334750000000000000000000000000000000000000000000000000000026	3.33245355956499986570277828246295790563285918611858766411526
3340	0.335000000000000000000000000000000000000000000000000000000026	3.32718657598670868556282865221597504082661265927331977682188
3341	0.335250000000000000000000000000000000000000000000000000000026	3.32192897134875209547886176275826614087402045929892750496369
3342	0.335500000000000000000000000000000000000000000000000000000026	3.31668073815370573361859673400380170376291967177182009658017
3343	0.335750000000000000000000000000000000000000000000000000000026	3.31144186892787327642655275481252112285899151663235616885682
3344	0.336000000000000000000000000000000000000000000000000000000026	3.30621235622118212048844774812752618389208830528310316122773
3345	0.336250000000000000000000000000000000000000000000000000000026	3.30099219260707968486593827328511631598472619230287727989284
3346	0.336500000000000000000000000000000000000000000000000000000026	3.29578137068243033057227452937796059737904701467561360636233
3347	0.336750000000000000000000000000000000000000000000000000000026	3.29057988306741289387670350819130456722842154542898191570388
3348	0.337000000000000000000000000000000000000000000000000000000026	3.28538772240541883014262052187942619110094218894972281198106
3349	0.337250000000000000000000000000000000000000000000000000000026	3.28020488136295096492154499387321419550389889965256727813599
3350	0.337500000000000000000000000000000000000000000000000000000026	3.27503135262952284904198104373675238356579978982929020875879
3351	0.337750000000000000000000000000000000000000000000000000000026	3.2698671289175587144491175076145680715290844834441192891524
3352	0.338000000000000000000000000000000000000000000000000000000026	3.26471220296229402756812610289963060950813334462445002043499
3353	0.338250000000000000000000000000000000000000000000000000000026	3.25956656752167663698053095375575290663967161239835842283246
3354	0.338500000000000000000000000000000000000000000000000000000026	3.2544302153762685122197481256880030804789890949464236937458
3355	0.338750000000000000000000000000000000000000000000000000000026	3.24930313932914807050843065261129461505780889399567345659539
3356	0.339000000000000000000000000000000000000000000000000000000026	3.2441853322058130882767032565679349180364940735363278320521
3357	0.339250000000000000000000000000000000000000000000000000000026	3.23907678685408419431673203375253269427505581458227770082835
3358	0.339500000000000000000000000000000000000000000000000000000026	3.23397749614400894144534828380409976452370306976716250064818
3359	0.339750000000000000000000000000000000000000000000000000000026	3.22888745296776645356263286303945417383239374298066865697906
3360	0.340000000000000000000000000000000000000000000000000000000026	3.22380665023957264501046841468878037997973735618610888090842
3361	0.340250000000000000000000000000000000000000000000000000000026	3.2187350808955860091510820361621303572036287125421622419135
3362	0.340500000000000000000000000000000000000000000000000000000026	3.21367273789381397310153084849098987854061864816854543020043
3363	0.340750000000000000000000000000000000000000000000000000000026	3.20861961421401981557592799758405611836525551834647424247847
3364	0.341000000000000000000000000000000000000000000000000000000026	3.20357570285763014480296729971791495872292659206674292296277
3365	0.341250000000000000000000000000000000000000000000000000000026	3.19854099684764293350198150134134062553385882050965276967334
3366	0.341500000000000000000000000000000000000000000000000000000026	3.19351548922853610791636241008816122151898595190440735265021
3367	0.341750000000000000000000000000000000000000000000000000000026	3.18849917306617668791868142185007559074566485110130426187399
3368	0.342000000000000000000000000000000000000000000000000000000026	3.18349204144773047521727666754848480435851409656217628139487
3369	0.342250000000000000000000000000000000000000000000000000000026	3.1784940874815722867094185802719761374691145914210489198045
3370	0.342500000000000000000000000000000000000000000000000000000026	3.17350530429719673004142958384856227720525154652059025747301
3371	0.342750000000000000000000000000000000000000000000000000000026	3.16852568504512951845131627056916825984564914301783465543894
3372	0.343000000000000000000000000000000000000000000000000000000026	3.16355522289683932198457430928497698027508926901805146848608
3373	0.343250000000000000000000000000000000000000000000000000000026	3.15859391104465015218884784383241058984940548611296656924962
3374	0.343500000000000000000000000000000000000000000000000000000026	3.15364174270165427740806674182333933030640003910470805464336
3375	0.343750000000000000000000000000000000000000000000000000000026	3.14869871110162566581154716917223168533747121479682355336573
3376	0.344000000000000000000000000000000000000000000000000000000026	3.14376480949893395330832402799290709950042063480298748032711
3377	0.344250000000000000000000000000000000000000000000000000000026	3.13884003116845893351168823414950846891140076497533784836293
3378	0.344500000000000000000000000000000000000000000000000000000026	3.13392436940550556693352805304994943916438127227047719362896
3379	0.344750000000000000000000000000000000000000000000000000000026	3.12901781752571950660262218329140942485294989490731514126651
3380	0.345000000000000000000000000000000000000000000000000000000026	3.12412036886500313731550340038661638671124068075898231807025
3381	0.345250000000000000000000000000000000000000000000000000000026	3.11923201677943212574290576771987010860854950618063108030604
3382	0.345500000000000000000000000000000000000000000000000000000026	3.11435275464517247862912610763810561009053727772573408368353
3383	0.345750000000000000000000000000000000000000000000000000000026	3.1094825758583981063358720185506314044311633760650531166213
3384	0.346000000000000000000000000000000000000000000000000000000026	3.1046214738352088889963346383170001440216578418674104513178
3385	0.346250000000000000000000000000000000000000000000000000000026	3.09976944201154924255931500212981126367598907816701064238598
3386	0.346500000000000000000000000000000000000000000000000000000026	3.09492647384312718201724863449956144973871922501159603273739
3387	0.346750000000000000000000000000000000000000000000000000000026	3.09009256280533387912591435764972331501782424456333427749883
3388	0.347000000000000000000000000000000000000000000000000000000026	3.08526770239316371193748059834503828206373790586310779547536
3389	0.347250000000000000000000000000000000000000000000000000000026	3.08045188612113480348233613551166949976256388596995394680994
3390	0.347500000000000000000000000000000000000000000000000000000027	3.07564510752321004694887265347451173448619333969742696262617
3391	0.347750000000000000000000000000000000000000000000000000000027	3.0708473601527186147240340496566631135073721175106983526572
3392	0.348000000000000000000000000000000000000000000000000000000027	3.06605863758227794867102258850172686948159536361972516259515
3393	0.348250000000000000000000000000000000000000000000000000000027	3.06127893340371622903405509046386519216356207063887754012635
3394	0.348500000000000000000000000000000000000000000000000000000027	3.05650824122799531937349378937464649121544686791533360488639
3395	0.348750000000000000000000000000000000000000000000000000000027	3.05174655468513418494803667449852568838781663207897163337167
3396	0.349000000000000000000000000000000000000000000000000000000027	3.04699386742413278197394144424552491653126964167851915440786
3397	0.349250000000000000000000000000000000000000000000000000000027	3.04225017311289641520447602390091939517820934106389059144795
3398	0.349500000000000000000000000000000000000000000000000000000027	3.03751546543816056128593732491227930022911644040831389254027
3399	0.349750000000000000000000000000000000000000000000000000000027	3.03278973810541615535965893128197484444052127529432611095114
3400	0.350000000000000000000000000000000000000000000000000000000027	3.02807298483883533839243807047810092580285123995407568405682
3401	0.350250000000000000000000000000000000000000000000000000000027	3.02336519938119766273075294102945419826206383850325070291139
3402	0.350500000000000000000000000000000000000000000000000000000027	3.01866637549381675338701360365115050294150114373509774333863
3403	0.350750000000000000000000000000000000000000000000000000000027	3.01397650695646742257889357241572871329456939282965779768401
3404	0.351000000000000000000000000000000000000000000000000000000027	3.00929558756731323505552534022659404495623926651899385486535
3405	0.351250000000000000000000000000000000000000000000000000000027	3.00462361114283452175701170978911617900842995719306218511972
3406	0.351500000000000000000000000000000000000000000000000000000027	2.99996057151775683936630634657741166849713349819758187524411
3407	0.351750000000000000000000000000000000000000000000000000000027	2.99530646254497987332505179118351199104979871964261534475013
3408	0.352000000000000000000000000000000000000000000000000000000027	2.99066127809550678189743163019467218450615490506170710571153
3409	0.352250000000000000000000000000000000000000000000000000000027	2.98602501205837397887849599072994931253268295632168420015186
3410	0.352500000000000000000000000000000000000000000000000000000027	2.98139765834058135255575635541511454170602388725080858239798
3411	0.352750000000000000000000000000000000000000000000000000000027	2.97677921086702291854511725141077014652393542331871582132764
3412	0.353000000000000000000000000000000000000000000000000000000027	2.97216966358041790413441900675536925402653043695345880092487
3413	0.353250000000000000000000000000000000000000000000000000000027	2.96756901044124226178000784547240716525849434204914748177696
3414	0.353500000000000000000000000000000000000000000000000000000027	2.96297724542766060941382746346440628350769575628644715047437
3415	0.353750000000000000000000000000000000000000000000000000000027	2.9583943625354585952305402421445197405268969392937954698007
3416	0.354000000000000000000000000000000000000000000000000000000027	2.95382035577797568463613676614143256966275253183606291134502
3417	0.354250000000000000000000000000000000000000000000000000000027	2.94925521918603836705137966349796534323778326675697367865101
3418	0.354500000000000000000000000000000000000000000000000000000027	2.94469894680789378027525232796169777417011052669219044028547
3419	0.354750000000000000000000000000000000000000000000000000000027	2.94015153270914375012534515778909117307127272059821372326421
3420	0.355000000000000000000000000000000000000000000000000000000027	2.93561297097267924308381189667244800403007096807828678998571
3421	0.355250000000000000000000000000000000000000000000000000000027	2.93108325569861522968916683084706171365455493830678578868515
3422	0.355500000000000000000000000000000000000000000000000000000027	2.9265623810042259564257703212241506421406491066956999154324
3423	0.355750000000000000000000000000000000000000000000000000000027	2.9220503410238806238743657677969048550925251479290662853359
3424	0.356000000000000000000000000000000000000000000000000000000027	2.91754712990897946889848595105723912153165528566317636225508
3425	0.356250000000000000000000000000000000000000000000000000000027	2.91305274182789024865294110542498918550244099978726837829678
3426	0.356500000000000000000000000000000000000000000000000000000027	2.90856717096588512421193538463350715888028141895087612703245
3427	0.356750000000000000000000000000000000000000000000000000000027	2.90409041152507794162563290876745590940819727075491838916139
3428	0.357000000000000000000000000000000000000000000000000000000027	2.89962245772436190822520966557746822320845516910519087197308
3429	0.357250000000000000000000000000000000000000000000000000000027	2.89516330379934766200758350141393697525634635768152222441449
3430	0.357500000000000000000000000000000000000000000000000000000027	2.89071294400230173194211160449301622247887238912862459943542
3431	0.357750000000000000000000000000000000000000000000000000000027	2.88627137260208538705258357835761364721064978517878385060303
3432	0.358000000000000000000000000000000000000000000000000000000027	2.8818385838840938721388187477200184253312403953810286811942
3433	0.358250000000000000000000000000000000000000000000000000000027	2.87741457215019602801309905204410066121464393163888656496953
3434	0.358500000000000000000000000000000000000000000000000000000027	2.87299933171867429413753408220335780143217317015621464222892
3435	0.358750000000000000000000000000000000000000000000000000000027	2.86859285692416509155926281859078461561946644450524142081407
3436	0.359000000000000000000000000000000000000000000000000000000027	2.86419514211759958405114774971493711325582998380842897802501
3437	0.359250000000000000000000000000000000000000000000000000000027	2.85980618166614481537631160146229126780911502275879474357414
3438	0.359500000000000000000000000000000000000000000000000000000027	2.85542596995314522060550520002729670328677666110438257632858
3439	0.359750000000000000000000000000000000000000000000000000000027	2.85105450137806450942687733552446490755615421557770078595118
3440	0.360000000000000000000000000000000000000000000000000000000027	2.84669177035642791939824419635354962211480294299190683885104
3441	0.360250000000000000000000000000000000000000000000000000000027	2.84233777131976483710242731268578381934817156070762917337159
3442	0.360500000000000000000000000000000000000000000000000000000028	2.83799249871555178517664528552509489504715105350979834275502
3443	0.360750000000000000000000000000000000000000000000000000000028	2.83365594700715577319730618858269711634635671594914508466221
3444	0.361000000000000000000000000000000000000000000000000000000028	2.82932811067377801041185471496466748226354140306718893449171
3445	0.361250000000000000000000000000000000000000000000000000000028	2.82500898421039797831958119906510446816386918601364938451956
3446	0.361500000000000000000000000000000000000000000000000000000028	2.82069856212771786111349887412223452228685613121709817263477
3447	0.361750000000000000000000000000000000000000000000000000000028	2.81639683895210733200554142406434133917551614458394254997891
3448	0.362000000000000000000000000000000000000000000000000000000028	2.81210380922554869346742534938063950890216765248591329647467
3449	0.362250000000000000000000000000000000000000000000000000000028	2.80781946750558236942956118404221455596110153549899891496054
3450	0.362500000000000000000000000000000000000000000000000000000028	2.80354380836525274749038446562993002401463109266041973257515
3451	0.362750000000000000000000000000000000000000000000000000000028	2.79927682639305436919841186388474590907330269570756140667883
3452	0.363000000000000000000000000000000000000000000000000000000028	2.79501851619287846647921030239908004530454298346287199977102
3453	0.363250000000000000000000000000000000000000000000000000000028	2.79076887238395984228929755107434890263158592211313207890115
3454	0.363500000000000000000000000000000000000000000000000000000028	2.78652788960082409358877190868699290757940915418282029932917
3455	0.363750000000000000000000000000000000000000000000000000000028	2.78229556249323517473419651929699310687425088425595459049626
3456	0.364000000000000000000000000000000000000000000000000000000028	2.77807188572614329940294085562733711755248470547558793266304
3457	0.364250000000000000000000000000000000000000000000000000000028	2.77385685397963317916980823774045367148546512105660402831512
3458	0.364500000000000000000000000000000000000000000000000000000028	2.76965046194887259686635421561858244834759967858287904273745
3459	0.364750000000000000000000000000000000000000000000000000000028	2.76545270434406131286282650738731353409932013101122415569161
3460	0.365000000000000000000000000000000000000000000000000000000028	2.76126357589038030242213322716842779459981521883845646280373
3461	0.365250000000000000000000000000000000000000000000000000000028	2.75708307132794132228467263267606869711895761555809595110401
3462	0.365500000000000000000000000000000000000000000000000000000028	2.75291118541173680465223484595627629406542929882019116465501
3463	0.365750000000000000000000000000000000000000000000000000000028	2.7487479129115900767485142229094737689932581544212882436886
3464	0.366000000000000000000000000000000000000000000000000000000028	2.7445932486121059041430505387500412741861604044276262717774
3465	0.366250000000000000000000000000000000000000000000000000000028	2.74044718731262135603464818620161142989368251513419820871991
3466	0.366500000000000000000000000000000000000000000000000000000028	2.73630972382715699069950541839724315984276284843871627699138
3467	0.366750000000000000000000000000000000000000000000000000000028	2.73218085298436835931842057509486280302370036408892171439103
3468	0.367000000000000000000000000000000000000000000000000000000028	2.72806056962749782640652947343110618514453254814938665030089
3469	0.367250000000000000000000000000000000000000000000000000000028	2.72394886861432670507806798608533749591228481877151632470828
3470	0.367500000000000000000000000000000000000000000000000000000028	2.71984574481712770538764653204556681696851969825379829704537
3471	0.367750000000000000000000000000000000000000000000000000000028	2.71575119312261769399846902837307669225893466165788140612332
3472	0.368000000000000000000000000000000000000000000000000000000028	2.71166520843191076343682805425245275317268798118419231720744
3473	0.368250000000000000000000000000000000000000000000000000000028	2.70758778566047160920106081858121658767280927917240838149515
3474	0.368500000000000000000000000000000000000000000000000000000028	2.70351891973806921300195725539169792278501828983220214342619
3475	0.368750000000000000000000000000000000000000000000000000000028	2.69945860560873083042037245210826679241552025709116592112188
3476	0.369000000000000000000000000000000000000000000000000000000028	2.69540683823069628127651089724174423113368567462948405177555
3477	0.369250000000000000000000000000000000000000000000000000000028	2.69136361257637254101401996844819228014377216059191962488602
3478	0.369500000000000000000000000000000000000000000000000000000028	2.68732892363228863141065491939933277621833372969953580162453
3479	0.369750000000000000000000000000000000000000000000000000000028	2.68330276639905080893585761373123621011264377434407509936447
3480	0.370000000000000000000000000000000000000000000000000000000028	2.67928513589129804908412664420518214211643225160879121809966
3481	0.370250000000000000000000000000000000000000000000000000000028	2.67527602713765782502154751152922021070587212299092900078182
3482	0.370500000000000000000000000000000000000000000000000000000028	2.6712754351807021788912984651085246592201001375311238076353
3483	0.370750000000000000000000000000000000000000000000000000000028	2.66728335507690408413235067103984203089037465732405024184184
3484	0.371000000000000000000000000000000000000000000000000000000028	2.66329978189659409717394081333506383087642888989341988453837
3485	0.371250000000000000000000000000000000000000000000000000000028	2.65932471072391729687671029372528188313794069365266649275429
3486	0.371500000000000000000000000000000000000000000000000000000028	2.65535813665679051009967811321983870023102997583908042468892
3487	0.371750000000000000000000000000000000000000000000000000000028	2.65140005480685982178044453332822163991106887337781588291603
3488	0.372000000000000000000000000000000000000000000000000000000028	2.64745046029945836792420996364956230922427794616387353806306
3489	0.372250000000000000000000000000000000000000000000000000000028	2.64350934827356440990533844125532097985484440240189995819036
3490	0.372500000000000000000000000000000000000000000000000000000028	2.6395767138817596884932977905095889734889494913669549564503
3491	0.372750000000000000000000000000000000000000000000000000000028	2.63565255229018805602286931298309510399075978508575989043045
3492	0.373000000000000000000000000000000000000000000000000000000028	2.6317368586785143851365388879436630062231240187948633775421
3493	0.373250000000000000000000000000000000000000000000000000000028	2.62782962823988375253495889530396273607948412278818300759061
3494	0.373500000000000000000000000000000000000000000000000000000029	2.62393085618088089617930663437432997766589232175498252936527
3495	0.373750000000000000000000000000000000000000000000000000000029	2.62004053772148994439726013154927639166273000219784960732354
3496	0.374000000000000000000000000000000000000000000000000000000029	2.61615866809505441535216663515055208550060129146997397684808
3497	0.374250000000000000000000000000000000000000000000000000000029	2.61228524254823748534279291181775493976062056062106434024864
3498	0.374500000000000000000000000000000000000000000000000000000029	2.60842025634098252440881991060769563674852972499771081075699
3499	0.374750000000000000000000000000000000000000000000000000000029	2.60456370474647389772497767163848472783227457505071922658368
3500	0.375000000000000000000000000000000000000000000000000000000029	2.60071558305109803127440974777692597669020166864152370020369
3501	0.375250000000000000000000000000000000000000000000000000000029	2.5968758865544047402995101013889956835738692622919960877319
3502	0.375500000000000000000000000000000000000000000000000000000029	2.59304461056906881903608965321759523164755757456120423914271
3503	0.375750000000000000000000000000000000000000000000000000000029	2.58922175042085189024430461548442388292284729138903660443694
3504	0.376000000000000000000000000000000000000000000000000000000029	2.58540730144856451305731465360563623899133691660359365487285
3505	0.376250000000000000000000000000000000000000000000000000000029	2.58160125900402854767613600654912495092214084835627303495782
3506	0.376500000000000000000000000000000000000000000000000000000029	2.57780361845203977544661316974970308882059381377573265575522
3507	0.376750000000000000000000000000000000000000000000000000000029	2.57401437517033077286185282036812173704237327153963366299355
3508	0.377000000000000000000000000000000000000000000000000000000029	2.57023352454953403804084555509413170641381562287485620610211
3509	0.377250000000000000000000000000000000000000000000000000000029	2.56646106199314536824134492705479943477252309427726566617841
3510	0.377500000000000000000000000000000000000000000000000000000029	2.562696982917487486972379420944149729293192058883492508079
3511	0.377750000000000000000000000000000000000000000000000000000029	2.55894128275167391927904160333734179908619173866169462970484
3512	0.378000000000000000000000000000000000000000000000000000000029	2.55519395693757311377942993624790593132410164728731482087116
3513	0.378250000000000000000000000000000000000000000000000000000029	2.55145500092977281004081285314969945053714227704560266053785
3514	0.378500000000000000000000000000000000000000000000000000000029	2.54772441019554464988924187360568571479024069372383338200921
3515	0.378750000000000000000000000000000000000000000000000000000029	2.54400218021480903125396097988892682042510465320377861859919
3516	0.379000000000000000000000000000000000000000000000000000000029	2.54028830648010020315504339999497787602095412853824400184737
3517	0.379250000000000000000000000000000000000000000000000000000029	2.53658278449653160044973453856507473939430838690637099352504
3518	0.379500000000000000000000000000000000000000000000000000000029	2.53288560978176141695999127169630198905086396079500256440423
3519	0.379750000000000000000000000000000000000000000000000000000029	2.52919677786595841561068337353881613026801297265738934667631
3520	0.380000000000000000000000000000000000000000000000000000000029	2.52551628429176797421486267100800452156156970707383322458501
3521	0.380250000000000000000000000000000000000000000000000000000029	2.52184412461427836554940982582030331528147362510026169600251
3522	0.380500000000000000000000000000000000000000000000000000000029	2.51818029440098727037123761726264074912237895817380210958428
3523	0.380750000000000000000000000000000000000000000000000000000029	2.5145247892317685220310634404186398348008594535230784443268
3524	0.381000000000000000000000000000000000000000000000000000000029	2.51087760469883908134856263772138353258568836943216789669058
3525	0.381250000000000000000000000000000000000000000000000000000029	2.50723873640672624041947844034020760002965107030170494169564
3526	0.381500000000000000000000000000000000000000000000000000000029	2.50360817997223505403199390263688323348563798697711856402883
3527	0.381750000000000000000000000000000000000000000000000000000029	2.49998593102441599737636645929148242841810293609713244120593
3528	0.382000000000000000000000000000000000000000000000000000000029	2.49637198520453284873848681120031951128446442963497564980393
3529	0.382250000000000000000000000000000000000000000000000000000029	2.49276633816603079587465094234685706626436047482802496581322
3530	0.382500000000000000000000000000000000000000000000000000000029	2.48916898557450476477142737396539101990379530886579105164155
3531	0.382750000000000000000000000000000000000000000000000000000029	2.48557992310766796950106146185123530229874178352924871407285
3532	0.383000000000000000000000000000000000000000000000000000000029	2.48199914645532068188938482399073783280752882159562115906121
3533	0.383250000000000000000000000000000000000000000000000000000029	2.47842665131931921971969103414232438349160311979906875321777
3534	0.383500000000000000000000000000000000000000000000000000000029	2.47486243341354515220249871693586894690762017121320308542612
3535	0.383750000000000000000000000000000000000000000000000000000029	2.47130648846387472144755031480503589252254749515142458931953
3536	0.384000000000000000000000000000000000000000000000000000000029	2.46775881220814847868078924895742167196099745723402063637876
3537	0.384250000000000000000000000000000000000000000000000000000029	2.46421940039614113395542014695605061021856696651821333149052
3538	0.384500000000000000000000000000000000000000000000000000000029	2.46068824878953161811248643867838247201877035304832681441088
3539	0.384750000000000000000000000000000000000000000000000000000029	2.45716535316187335575269710979590411720018940323126562961015
3540	0.385000000000000000000000000000000000000000000000000000000029	2.45365070929856474798749992585959437637978213846735611272186
3541	0.385250000000000000000000000000000000000000000000000000000029	2.45014431299681986374363217799104247538246975829122210290114
3542	0.385500000000000000000000000000000000000000000000000000000029	2.44664616006563933840158212950411873872478384567288316461109
3543	0.385750000000000000000000000000000000000000000000000000000029	2.44315624632578147855456503699294794686625374312534731153135
3544	0.386000000000000000000000000000000000000000000000000000000029	2.43967456760973357168075705403572592345065640868947122369986
3545	0.386250000000000000000000000000000000000000000000000000000029	2.43620111976168339952763867424527291014907160301012158919049
3546	0.38650000000000000000000000000000000000000000000000000000003	2.43273589863749095401337680556346946283084797290940792327377
3547	0.38675000000000000000000000000000000000000000000000000000003	2.42927890010466035445622126112318759942142640034926058450103
3548	0.38700000000000000000000000000000000000000000000000000000003	2.42583012004231196494890757442654742199830943164628711426359
3549	0.38725000000000000000000000000000000000000000000000000000003	2.42238955434115471070104376781926789026386100270927506781547
3550	0.38750000000000000000000000000000000000000000000000000000003	2.41895719890345859217841419215813383147613499589803650717244
3551	0.38775000000000000000000000000000000000000000000000000000003	2.4155330496430273958740589801315499565826255860115919099909
3552	0.38800000000000000000000000000000000000000000000000000000003	2.41211710248517160055188318294510024048274554438843696198185
3553	0.38825000000000000000000000000000000000000000000000000000003	2.40870935336668147780941545615731566742625518828797985908847
3554	0.38850000000000000000000000000000000000000000000000000000003	2.40530979823580038581217239057193327576831760463325339291787
3555	0.38875000000000000000000000000000000000000000000000000000003	2.40191843305219825505789141258744296462203124124428391979385
3556	0.38900000000000000000000000000000000000000000000000000000003	2.39853525378694526503467276870251852469313581059029444762218
3557	0.38925000000000000000000000000000000000000000000000000000003	2.39516025642248571064281962351609238130282837383581235575228
3558	0.38950000000000000000000000000000000000000000000000000000003	2.39179343695261205725588490119664362437693569556643774810295
3559	0.38975000000000000000000000000000000000000000000000000000003	2.38843479138243918330212434779917615184522572450931346742404
3560	0.39000000000000000000000000000000000000000000000000000000003	2.38508431572837880925321754587691780731999685678302331978194
3561	0.39025000000000000000000000000000000000000000000000000000003	2.38174200601811411191275243259352985575209751006177353665453
3562	0.39050000000000000000000000000000000000000000000000000000003	2.37840785829057452290257441615002807958534493863190160852872
3563	0.39075000000000000000000000000000000000000000000000000000003	2.37508186859591071025067861009688136920075194844296983616333
3564	0.39100000000000000000000000000000000000000000000000000000003	2.37176403299546974198987316744765410287109280660773962603087
3565	0.39125000000000000000000000000000000000000000000000000000003	2.36845434756177043068196335203627127297930781994262993131247
3566	0.39150000000000000000000000000000000000000000000000000000003	2.36515280837847885778769998800886452210056611887253689950208
3567	0.39175000000000000000000000000000000000000000000000000000003	2.36185941154038407680820243361449539408202012472892748634134
3568	0.39200000000000000000000000000000000000000000000000000000003	2.35857415315337399412900538562081546393552464353606867941813
3569	0.39225000000000000000000000000000000000000000000000000000003	2.35529702933441142650329078796226328513337188535854107520643
3570	0.39250000000000000000000000000000000000000000000000000000003	2.3520280362115103341162510440331397318505970665718579007106
3571	0.39275000000000000000000000000000000000000000000000000000003	2.34876716992371222817788776694600675100463661235132111073646
3572	0.39300000000000000000000000000000000000000000000000000000003	2.34551442662106275199688159584885543144279827783054114233323
3573	0.39325000000000000000000000000000000000000000000000000000003	2.3422698024645884344934733079799138565995315012351431749076
3574	0.39350000000000000000000000000000000000000000000000000000003	2.33903329362627361511457471367492172091255872736066013938712
3575	0.39375000000000000000000000000000000000000000000000000000003	2.33580489628903753911957978236144533490110658267747231452776
3576	0.39400000000000000000000000000000000000000000000000000000003	2.332584606646711622210572258211295675083275601410013603
3577	0.39425000000000000000000000000000000000000000000000000000003	2.32937242090401688348582583031251056227165886207667415463536
3578	0.39450000000000000000000000000000000000000000000000000000003	2.32616833527654154570066686891254888762145808704081227758339
3579	0.39475000000000000000000000000000000000000000000000000000003	2.32297234599071880182491797063338498831952945802616896390302
3580	0.39500000000000000000000000000000000000000000000000000000003	2.31978444928380474689126321494378636121849697720431874503512
3581	0.39525000000000000000000000000000000000000000000000000000003	2.31660464140385647413397326419297362995996709536307999216207
3582	0.39550000000000000000000000000000000000000000000000000000003	2.31343291860971033442250038198833249128893316604154944681402
3583	0.39575000000000000000000000000000000000000000000000000000003	2.31026927717096035799950024069395799428971284143773344503015
3584	0.39600000000000000000000000000000000000000000000000000000003	2.30711371336793683753785917862785572743075995594009257852377
3585	0.39625000000000000000000000000000000000000000000000000000003	2.30396622349168507153630249067444112301906790136175205450309
3586	0.39650000000000000000000000000000000000000000000000000000003	2.30082680384394426707813153128026436255606987177067158106297
3587	0.39675000000000000000000000000000000000000000000000000000003	2.2976954507371266009825850141874907233906752073505832033555
3588	0.39700000000000000000000000000000000000000000000000000000003	2.29457216049429643838324304605684867295041128698926850785482
3589	0.39725000000000000000000000000000000000000000000000000000003	2.2914569294491497077727912678714482125949592833234684780862
3590	0.39750000000000000000000000000000000000000000000000000000003	2.28834975394599343155833713448788487429047872975739419881105
3591	0.39775000000000000000000000000000000000000000000000000000003	2.28525063033972541117632097396928431462998055222846730287452
3592	0.39800000000000000000000000000000000000000000000000000000003	2.28215955499581406582089116872358107399375919416659863240975
3593	0.39825000000000000000000000000000000000000000000000000000003	2.27907652429027842384441572357996131151986980393837523378556
3594	0.39850000000000000000000000000000000000000000000000000000003	2.2760015346096682658935817646451935508403125980994902860452
3595	0.39875000000000000000000000000000000000000000000000000000003	2.27293458235104441884929027924935982889300599330683984863299
3596	0.39900000000000000000000000000000000000000000000000000000003	2.26987566392195919964328579296288637339979690707424203338643
3597	0.39925000000000000000000000000000000000000000000000000000003	2.2668247757404370080291698152792011129565346893766577825228
3598	0.399500000000000000000000000000000000000000000000000000000031	2.263781914234955067390132901139146109514758891407848892507
3599	0.399750000000000000000000000000000000000000000000000000000031	2.26074707584442431267040320035169354890621856722481819663314
3600	0.400000000000000000000000000000000000000000000000000000000031	2.25772025701817042452204952976972399858738811832609870131319
3601	0.400250000000000000000000000000000000000000000000000000000031	2.25470145421591500876339443174470307652187098159838184981221
3602	0.400500000000000000000000000000000000000000000000000000000031	2.25169066390775692024988750415498774540528131823846215452665
3603	0.400750000000000000000000000000000000000000000000000000000031	2.24868788257415373026286162873797226402151846323012997412253
3604	0.401000000000000000000000000000000000000000000000000000000031	2.24569310670590333652614471143285085786396317571812215943039
3605	0.401250000000000000000000000000000000000000000000000000000031	2.2427063328041257149650273061565739671066351458835962972197
3606	0.401500000000000000000000000000000000000000000000000000000031	2.23972755738024481232659214641427318051323548644419348430951
3607	0.401750000000000000000000000000000000000000000000000000000031	2.23675677695597057878489528124007395529210769682595133457998
3608	0.402000000000000000000000000000000000000000000000000000000031	2.23379398806328113965895032636107381043442072209946426539116
3609	0.402250000000000000000000000000000000000000000000000000000031	2.23083918724440510537590742069964686758318057747418081301411
3610	0.402500000000000000000000000000000000000000000000000000000031	2.22789237105180401881623694424129383308446582721739514767076
3611	0.402750000000000000000000000000000000000000000000000000000031	2.22495353604815493918212502710575971833092455077514134588803
3612	0.403000000000000000000000000000000000000000000000000000000031	2.22202267880633316153466348192523823450522491851030805952829
3613	0.403250000000000000000000000000000000000000000000000000000031	2.21909979590939507114977114226443780500283485211673656029602
3614	0.403500000000000000000000000000000000000000000000000000000031	2.21618488395056113184711680807820200028077334523856825462996
3615	0.403750000000000000000000000000000000000000000000000000000031	2.21327793953319900745062620371789521690553346368142026436149
3616	0.404000000000000000000000000000000000000000000000000000000031	2.21037895927080681554344666275573625880610714682159350217308
3617	0.404250000000000000000000000000000000000000000000000000000031	2.20748793978699651268451378425141708934646442451109255581109
3618	0.404500000000000000000000000000000000000000000000000000000031	2.20460487771547741025811417376292606170111475796516653708452
3619	0.404750000000000000000000000000000000000000000000000000000031	2.20172976970003982013206770550288573598668770220117860301374
3620	0.405000000000000000000000000000000000000000000000000000000031	2.19886261239453882930436163504003461957213087396384384101918
3621	0.405250000000000000000000000000000000000000000000000000000031	2.19600340246287820272225746970117023454721604316902197523444
3622	0.405500000000000000000000000000000000000000000000000000000031	2.19315213657899441346205988058525226136280338613889166671767
3623	0.405750000000000000000000000000000000000000000000000000000031	2.19030881142684079946188522949019182725114339581895626238521
3624	0.406000000000000000000000000000000000000000000000000000000031	2.18747342370037184600389559909783254374037183602114001084862
3625	0.406250000000000000000000000000000000000000000000000000000031	2.18464597010352759314657266788292686696466389905184029655654
3626	0.406500000000000000000000000000000000000000000000000000000031	2.18182644735021816731169447422564162368018623732804916875217
3627	0.406750000000000000000000000000000000000000000000000000000031	2.17901485216430843623474717833481963768816915286011340601546
3628	0.407000000000000000000000000000000000000000000000000000000031	2.1762111812796027864915534664572779229791592085365540546971
3629	0.407250000000000000000000000000000000000000000000000000000031	2.17341543143983002281792935949253355481783305478077615976344
3630	0.407500000000000000000000000000000000000000000000000000000031	2.17062759939862838844319199700092539741856862716783893605774
3631	0.407750000000000000000000000000000000000000000000000000000031	2.16784768191953070566233257655066059277918811025780618030308
3632	0.408000000000000000000000000000000000000000000000000000000031	2.16507567577594963587564114567986135817372017552955942821213
3633	0.408250000000000000000000000000000000000000000000000000000031	2.1623115777511630583285234771600664747821280175942574015714
3634	0.408500000000000000000000000000000000000000000000000000000031	2.15955538463829956678818491487088415348121085837446317630608
3635	0.408750000000000000000000000000000000000000000000000000000031	2.15680709324032408339777196399413808278305311762172713515418
3636	0.409000000000000000000000000000000000000000000000000000000031	2.15406670037002358895245962140524906061442423206533812940188
3637	0.409250000000000000000000000000000000000000000000000000000031	2.15133420284999296884585110551120417766779835989418471315084
3638	0.409500000000000000000000000000000000000000000000000000000031	2.14860959751262097393891685422910825068413494662249442981625
3639	0.409750000000000000000000000000000000000000000000000000000031	2.14589288120007629560754151963043532504077955679234805663597
3640	0.410000000000000000000000000000000000000000000000000000000031	2.14318405076429375422857130175300670455958828538497035566759
3641	0.410250000000000000000000000000000000000000000000000000000031	2.1404831030669606003680594354137966570989597328544643210849
3642	0.410500000000000000000000000000000000000000000000000000000031	2.1377900349795029279391950752015638616287743266735948406308
3643	0.410750000000000000000000000000000000000000000000000000000031	2.13510484338307219860117031730514066972010385268553118656786
3644	0.411000000000000000000000000000000000000000000000000000000031	2.13242752516853187667399175401572286155746991682772782324665
3645	0.411250000000000000000000000000000000000000000000000000000031	2.12975807723644417384797687866620289460904748902492704852218
3646	0.411500000000000000000000000000000000000000000000000000000031	2.1270964964970569029703919459388984265791455879798108545307
3647	0.411750000000000000000000000000000000000000000000000000000031	2.12444277987029044019538664485438476169205800237744350579548
3648	0.412000000000000000000000000000000000000000000000000000000031	2.12179692428572479478706225878910379019272530608302314028257
3649	0.412250000000000000000000000000000000000000000000000000000032	2.11915892668258678586917396747275312895707780687772045954365
3650	0.412500000000000000000000000000000000000000000000000000000032	2.11652878400973732541861468848018417265397930883893900202513
3651	0.412750000000000000000000000000000000000000000000000000000032	2.11390649322565880680345745812899858096677271787297478204453
3652	0.413000000000000000000000000000000000000000000000000000000032	2.1112920512984425981699459112789190575486112500227617241438
3653	0.413250000000000000000000000000000000000000000000000000000032	2.10868545520577663998641803314437572291583335733290246563828
3654	0.413500000000000000000000000000000000000000000000000000000032	2.10608670193493314605572712020901140324358558177144365832454
3655	0.413750000000000000000000000000000000000000000000000000000032	2.1034957884827564073112858974937328987489053306598356848953
3656	0.414000000000000000000000000000000000000000000000000000000032	2.1009127118556506977154050910976014094358282687942909736284
3657	0.414250000000000000000000000000000000000000000000000000000032	2.09833746906956828158212654292061180379465855552954324053302
3658	0.414500000000000000000000000000000000000000000000000000000032	2.09577005714999752165026327310780872527543328612865869347633
3659	0.414750000000000000000000000000000000000000000000000000000032	2.09321047313195108723585483884790268379657486428290110273409
3660	0.415000000000000000000000000000000000000000000000000000000032	2.09065871405995426179672599904628451739665546515663047037754
3661	0.415250000000000000000000000000000000000000000000000000000032	2.08811477698803334924530016591171234546110622210207911388053
3662	0.415500000000000000000000000000000000000000000000000000000032	2.08557865897970417834926649900037241386322794762434864902614
3663	0.415750000000000000000000000000000000000000000000000000000032	2.08305035710796070456313086661855376397276187936880430795934
3664	0.416000000000000000000000000000000000000000000000000000000032	2.08052986845526370863709635508237751260237594124352805399073
3665	0.416250000000000000000000000000000000000000000000000000000032	2.07801719011352959135311863907775457894319485624424714649339
3666	0.416500000000000000000000000000000000000000000000000000000032	2.07551231918411926374136542668801187468320965981984803435315
3667	0.416750000000000000000000000000000000000000000000000000000032	2.07301525277782713213367745051935546885199857085049915312453
3668	0.417000000000000000000000000000000000000000000000000000000032	2.07052598801487017741398118124416965617372547162360190349868
3669	0.417250000000000000000000000000000000000000000000000000000032	2.06804452202487712782894068082020048147090644095807132952506
3670	0.417500000000000000000000000000000000000000000000000000000032	2.06557085194687772472545787818628848330184226546278031696797
3671	0.417750000000000000000000000000000000000000000000000000000032	2.0631049749292920805849371284768133565812869387024838507674
3672	0.418000000000000000000000000000000000000000000000000000000032	2.06064688812992012872752129537239878473765624971280383894057
3673	0.418250000000000000000000000000000000000000000000000000000032	2.0581965887159311640627828622921038948785460599621074982707
3674	0.418500000000000000000000000000000000000000000000000000000032	2.05575407386385347426661481845679672374829964957628400643121
3675	0.418750000000000000000000000000000000000000000000000000000032	2.05331934075956406076731236668793533350824711809797874334349
3676	0.419000000000000000000000000000000000000000000000000000000032	2.05089238659827844892706794697528199543004639810728312152374
3677	0.419250000000000000000000000000000000000000000000000000000032	2.04847320858454058680831874872994185684038622722377195514841
3678	0.419500000000000000000000000000000000000000000000000000000032	2.04606180393221283191758788017107156177286832887964032177821
3679	0.419750000000000000000000000000000000000000000000000000000032	2.04365816986446602532264775997051496346732892511250455219084
3680	0.420000000000000000000000000000000000000000000000000000000032	2.0412623036137696525420071781563181583666941034631256434639
3681	0.420250000000000000000000000000000000000000000000000000000032	2.03887420242188209060888192397493125142403542032938648119351
3682	0.420500000000000000000000000000000000000000000000000000000032	2.03649386353984094071495298112142778152414794399128576264832
3683	0.420750000000000000000000000000000000000000000000000000000032	2.03412128422795344584234612822547137472005478510382374635222
3684	0.421000000000000000000000000000000000000000000000000000000032	2.03175646175578699279538243705849150176246622041902960357895
3685	0.421250000000000000000000000000000000000000000000000000000032	2.02939939340215969804675071450984612276227664136429959980934
3686	0.421500000000000000000000000000000000000000000000000000000032	2.02705007645513107681584046844921586890021975607276657757779
3687	0.421750000000000000000000000000000000000000000000000000000032	2.02470850821199279480004757321148962174850565414624056455928
3688	0.422000000000000000000000000000000000000000000000000000000032	2.02237468597925950198292454825369149594803302825304757834336
3689	0.422250000000000000000000000000000000000000000000000000000032	2.02004860707265974794609332377060597922465118127673605892195
3690	0.422500000000000000000000000000000000000000000000000000000032	2.01773026881712697811487062953351070857672672901603624041413
3691	0.422750000000000000000000000000000000000000000000000000000032	2.01541966854679061037057478734140160333509368517780384799435
3692	0.423000000000000000000000000000000000000000000000000000000032	2.01311680360496719146548779224506291438580165188462768615428
3693	0.423250000000000000000000000000000000000000000000000000000032	2.01082167134415163267943821171469216199535438177922914446682
3694	0.423500000000000000000000000000000000000000000000000000000032	2.00853426912600852415994869336198121916987575219058276471501
3695	0.423750000000000000000000000000000000000000000000000000000032	2.00625459432136352739085682848747912701351560512902456391579
3696	0.424000000000000000000000000000000000000000000000000000000032	2.00398264431019484523726984799546842378823563152921696789211
3697	0.424250000000000000000000000000000000000000000000000000000032	2.00171841648162476901765220609745535463774284412852085171909
3698	0.424500000000000000000000000000000000000000000000000000000032	1.9994619082339113020567706123142869498271679242308056979258
3699	0.424750000000000000000000000000000000000000000000000000000032	1.99721311697443985917613357979740423525821625108508225972932
3700	0.425000000000000000000000000000000000000000000000000000000032	1.99497204011971504158146214374466272414778996035927861329778
3701	0.425250000000000000000000000000000000000000000000000000000033	1.99273867509535248660961514312197506498590254608352029564456
3702	0.425500000000000000000000000000000000000000000000000000000033	1.99051301933607079180026642707118639550042982829731114713091
3703	0.425750000000000000000000000000000000000000000000000000000033	1.98829507028568351276049261895777188332292704860573809588929
3704	0.426000000000000000000000000000000000000000000000000000000033	1.98608482539709123429327872028039575525075604502857802769145
3705	0.426250000000000000000000000000000000000000000000000000000033	1.98388228213227371426378493754217878545635701865501905092708
3706	0.426500000000000000000000000000000000000000000000000000000033	1.98168743796228209968004174120988394986778988534858015048761
3707	0.426750000000000000000000000000000000000000000000000000000033	1.97950029036723121446755139022871420075907185954964892242852
3708	0.427000000000000000000000000000000000000000000000000000000033	1.97732083683629191842007305101320477679492355429024204077295
3709	0.427250000000000000000000000000000000000000000000000000000033	1.9751490748676835368116552788268193064888946716285209147218
3710	0.427500000000000000000000000000000000000000000000000000000033	1.97298500196866636015775408405643324446138333158637400581488
3711	0.427750000000000000000000000000000000000000000000000000000033	1.97082861565553421361603714778130557262469452869136776434268
3712	0.428000000000000000000000000000000000000000000000000000000033	1.96867991345360709552022505156628258355281603162063856673398
3713	0.428250000000000000000000000000000000000000000000000000000033	1.96653889289722388454305871655340356080628553950024183095625
3714	0.428500000000000000000000000000000000000000000000000000000033	1.96440555152973511498720867730519717685269818567546531156219
3715	0.428750000000000000000000000000000000000000000000000000000033	1.96227988690349581970565641673219722807019468361032095598327
3716	0.429000000000000000000000000000000000000000000000000000000033	1.96016189657985844015578082972916684831788654548496863021595
3717	0.429250000000000000000000000000000000000000000000000000000033	1.9580515781291658030940740344111166329398458714801824335629
3718	0.429500000000000000000000000000000000000000000000000000000033	1.95594892913074416342109028029479607428762087408108621917529
3719	0.429750000000000000000000000000000000000000000000000000000033	1.95385394717289631268889968128085873209187053345409458285134
3720	0.430000000000000000000000000000000000000000000000000000000033	1.95176662985289475278597499637895598955898737831463580090682
3721	0.430250000000000000000000000000000000000000000000000000000033	1.94968697477697493431708476096298390654254443642676232374679
3722	0.430500000000000000000000000000000000000000000000000000000033	1.94761497956032855919839980378683742456466800519683765683527
3723	0.430750000000000000000000000000000000000000000000000000000033	1.94555064182709694699064263753450054057342861259438605355454
3724	0.431000000000000000000000000000000000000000000000000000000033	1.94349395921036446449572045048831011438325854789819610675532
3725	0.431250000000000000000000000000000000000000000000000000000033	1.94144492935215201814488252080802540178466816505228664715737
3726	0.431500000000000000000000000000000000000000000000000000000033	1.93940354990341060870903188942127093838682785793609014448873
3727	0.431750000000000000000000000000000000000000000000000000000033	1.93736981852401494786439912880349158707866641612156962098209
3728	0.432000000000000000000000000000000000000000000000000000000033	1.93534373288275713614935309881542200689652642952780052543858
3729	0.432250000000000000000000000000000000000000000000000000000033	1.93332529065734040185067975278505990009976836193248941776128
3730	0.432500000000000000000000000000000000000000000000000000000033	1.93131448953437290036020541236225165367829721742161297627261
3731	0.432750000000000000000000000000000000000000000000000000000033	1.92931132720936157354517553320842797911709918318514304777227
3732	0.433000000000000000000000000000000000000000000000000000000033	1.92731580138670606867832389986309415292634243667106963893692
3733	0.433250000000000000000000000000000000000000000000000000000033	1.92532790977969271647608048138583488690766583869756628338185
3734	0.433500000000000000000000000000000000000000000000000000000033	1.92334765011048856779586891352537150874936548720448433494559
3735	0.433750000000000000000000000000000000000000000000000000000033	1.9213750201101354885459368118191773264668600983308569551872
3736	0.434000000000000000000000000000000000000000000000000000000033	1.91941001751854431236364392646985971124437671658941098785211
3737	0.434250000000000000000000000000000000000000000000000000000033	1.91745264008448905062060458705940520799066472032943275328617
3738	0.434500000000000000000000000000000000000000000000000000000033	1.91550288556560115931554201582273542217441671183125863844274
3739	0.434750000000000000000000000000000000000000000000000000000033	1.91356075172836386241816297467485431766066248178642479579219
3740	0.435000000000000000000000000000000000000000000000000000000033	1.91162623634810653122980191553384043537023020257553876332476
3741	0.435250000000000000000000000000000000000000000000000000000033	1.90969933720899911932901438746524149908284604233366973852578
3742	0.435500000000000000000000000000000000000000000000000000000033	1.90778005210404665267271997925166966992613909466899445388666
3743	0.435750000000000000000000000000000000000000000000000000000033	1.90586837883508377442590560332546626602657030765540377131082
3744	0.436000000000000000000000000000000000000000000000000000000033	1.90396431521276934409530051745624810656650675567507793434726
3745	0.436250000000000000000000000000000000000000000000000000000033	1.90206785905658109054482519472801035357083411841209469623246
3746	0.436500000000000000000000000000000000000000000000000000000033	1.90017900819481031847299705044813696172599151593715607446512
3747	0.436750000000000000000000000000000000000000000000000000000033	1.89829776046455666793484717668773596291984328545339562993212
3748	0.437000000000000000000000000000000000000000000000000000000033	1.896424113711722926493263680854256689479367112924864156193
3749	0.437250000000000000000000000000000000000000000000000000000033	1.89455806579100989358702903345076714705675547149743296517941
3750	0.437500000000000000000000000000000000000000000000000000000033	1.89269961456591129670516106110311000402228288739196093297361
3751	0.437750000000000000000000000000000000000000000000000000000033	1.89084875790870875895949993287388116124319844037679928316784
3752	0.438000000000000000000000000000000000000000000000000000000033	1.88900549370046681764980673938596850923124699131655544342307
3753	0.438250000000000000000000000000000000000000000000000000000034	1.88716981983102799341795311362292960168649388706192071465519
3754	0.438500000000000000000000000000000000000000000000000000000034	1.88534173419900790959008584745472198410857639323538406016775
3755	0.438750000000000000000000000000000000000000000000000000000034	1.88352123471179046130794567667420403585299857031570023804401
3756	0.439000000000000000000000000000000000000000000000000000000034	1.88170831928552303405280539706615433519049762972730228967996
3757	0.439250000000000000000000000000000000000000000000000000000034	1.87990298584511177116776929193659644895853299697058628477862
3758	0.439500000000000000000000000000000000000000000000000000000034	1.87810523232421688998644355450450752800383761212042296468586
3759	0.439750000000000000000000000000000000000000000000000000000034	1.87631505666524804617824603322906480685201763328429241976536
3760	0.440000000000000000000000000000000000000000000000000000000034	1.87453245681935974592287327087368155277363302951384606949307
3761	0.440250000000000000000000000000000000000000000000000000000034	1.87275743074644680552868350498685598605345513924657979961323
3762	0.440500000000000000000000000000000000000000000000000000000034	1.87098997641513985811198610433807225910906930909804252737833
3763	0.440750000000000000000000000000000000000000000000000000000034	1.86923009180280090695645088825022954448016332700224388240483
3764	0.441000000000000000000000000000000000000000000000000000000034	1.86747777489551892517406496902240427881819769732304506581559
3765	0.441250000000000000000000000000000000000000000000000000000034	1.86573302368810550129127022678241084205508286019532713214448
3766	0.441500000000000000000000000000000000000000000000000000000034	1.86399583618409053038611132593369261397151291460088047302949
3767	0.441750000000000000000000000000000000000000000000000000000034	1.86226621039571795040441236739511882695635625300732607777153
3768	0.442000000000000000000000000000000000000000000000000000000034	1.86054414434394152328517989534999949416326894807789588500603
3769	0.442250000000000000000000000000000000000000000000000000000034	1.85882963605842066052760109524356656017889403715691161917866
3770	0.442500000000000000000000000000000000000000000000000000000034	1.85712268357751629283416868506623375685866547087553687901362
3771	0.442750000000000000000000000000000000000000000000000000000034	1.85542328494828678346661826805312050064047818662531341499814
3772	0.443000000000000000000000000000000000000000000000000000000034	1.85373143822648388495350983509025595760917362513537809250161
3773	0.443250000000000000000000000000000000000000000000000000000034	1.85204714147654873879042273236949776826070658850616306319406
3774	0.443500000000000000000000000000000000000000000000000000000034	1.85037039277160791777586279695731870785943086461639701847179
3775	0.443750000000000000000000000000000000000000000000000000000034	1.84870119019346951062810156247352496867814869105481397288761
3776	0.444000000000000000000000000000000000000000000000000000000034	1.84703953183261924853028050130902875591866113682023578371869
3777	0.444250000000000000000000000000000000000000000000000000000034	1.84538541578821667325321825080100789768130705292981419380476
3778	0.444500000000000000000000000000000000000000000000000000000034	1.84373884016809134650745572034436604234859693701861061037558
3779	0.444750000000000000000000000000000000000000000000000000000034	1.84209980308873910017816294612836046947741697091446565838293
3780	0.445000000000000000000000000000000000000000000000000000000034	1.84046830267531832709861260138893097980498806173806741542244
3781	0.445250000000000000000000000000000000000000000000000000000034	1.83884433706164631201999823386887118073643424681090163155957
3782	0.445500000000000000000000000000000000000000000000000000000034	1.83722790439019560243744063945519105152642353700503164389442
3783	0.445750000000000000000000000000000000000000000000000000000034	1.8356190028120904189340833423604495968127648025283495808944
3784	0.446000000000000000000000000000000000000000000000000000000034	1.8340176304871031047072279881476027420324649073637702066266
3785	0.446250000000000000000000000000000000000000000000000000000034	1.83242378558365061394250261655313965625199685802540428104291
3786	0.446500000000000000000000000000000000000000000000000000000034	1.83083746627879103870409031640161939259025523615875887407495
3787	0.446750000000000000000000000000000000000000000000000000000034	1.82925867075822017401107272466184712053977462565737947984931
3788	0.447000000000000000000000000000000000000000000000000000000034	1.82768739721626812077196226538305045427302070324468102977382
3789	0.447250000000000000000000000000000000000000000000000000000034	1.8261236438558959262515089811587548042314355338421000816824
3790	0.447500000000000000000000000000000000000000000000000000000034	1.82456740888869226174587233896633778031054983760773526193585
3791	0.447750000000000000000000000000000000000000000000000000000034	1.82301869053487013714424554257217101074576078184451358853969
3792	0.448000000000000000000000000000000000000000000000000000000034	1.82147748702326365205700970380898690596627986746225242591024
3793	0.448250000000000000000000000000000000000000000000000000000034	1.81994379659132478319247776334070356531043464619531236144341
3794	0.448500000000000000000000000000000000000000000000000000000034	1.81841761748512020766626335623283711646297666545850721068922
3795	0.448750000000000000000000000000000000000000000000000000000034	1.81689894795932816192927793673307879652346316244317661191701
3796	0.449000000000000000000000000000000000000000000000000000000034	1.81538778627723533600232045791412567432890421562064792681264
3797	0.449250000000000000000000000000000000000000000000000000000034	1.81388413071073380270717779280663668427409650799266370455162
3798	0.449500000000000000000000000000000000000000000000000000000034	1.81238797954031798158610093171257229962042752081820292507333
3799	0.449750000000000000000000000000000000000000000000000000000034	1.81089933105508163720346184268904701867074114346363235422787
3800	0.450000000000000000000000000000000000000000000000000000000034	1.80941818355271491152532878567502266356621028855668083091508
3801	0.450250000000000000000000000000000000000000000000000000000034	1.80794453533950139007462387213791393584429155467714976870103
3802	0.450500000000000000000000000000000000000000000000000000000034	1.806478384730315201561445807981458063872226909768210578416
3803	0.450750000000000000000000000000000000000000000000000000000034	1.80501973004861815069005309411518212560911551998763676734438
3804	0.451000000000000000000000000000000000000000000000000000000034	1.80356856962645688384590853267421120750155528289220325114056
3805	0.451250000000000000000000000000000000000000000000000000000035	1.80212490180446008736808474333167011117398406362166770805967
3806	0.451500000000000000000000000000000000000000000000000000000035	1.80068872493183571811422257920253595146017393036956569536498
3807	0.451750000000000000000000000000000000000000000000000000000035	1.79926003736636826602711989103918778598035963957263368617854
3808	0.452000000000000000000000000000000000000000000000000000000035	1.79783883747441604841390706711182021858487018748589330689484
3809	0.452250000000000000000000000000000000000000000000000000000035	1.79642512363090853565063821950450591679270804135867014563445
3810	0.452500000000000000000000000000000000000000000000000000000035	1.79501889421934370802699284050094216525449093598299940867179
3811	0.452750000000000000000000000000000000000000000000000000000035	1.79362014763178544344764226005285007840550429416991608132115
3812	0.453000000000000000000000000000000000000000000000000000000035	1.79222888226886093570868834159911948997404516186448328846259
3813	0.453250000000000000000000000000000000000000000000000000000035	1.79084509653975814306942860312740611743301789361083955261605
3814	0.453500000000000000000000000000000000000000000000000000000035	1.78946878886222326684154238754740768679312714615023208424839
3815	0.453750000000000000000000000000000000000000000000000000000035	1.78809995766255825971962687519633103032271389956053667176622
3816	0.454000000000000000000000000000000000000000000000000000000035	1.78673860137561836357883967545772938205038258605155158418737
3817	0.454250000000000000000000000000000000000000000000000000000035	1.78538471844480967646722649769762341018713686582809409730144
3818	0.454500000000000000000000000000000000000000000000000000000035	1.7840383073220867485221280274776795918691207061765619035283
3819	0.454750000000000000000000000000000000000000000000000000000035	1.78269936646795020654186966558493654239798892798494351820223
3820	0.455000000000000000000000000000000000000000000000000000000035	1.7813678943514444069457412679328409773439140243376698041262
3821	0.455250000000000000000000000000000000000000000000000000000035	1.7800438894501551168570714967731308808351563277218773666378
3822	0.455500000000000000000000000000000000000000000000000000000035	1.77872735025020722304599290066987068701684341277208913010628
3823	0.455750000000000000000000000000000000000000000000000000000035	1.77741827524626246847027942490800060622632145209133533092264
3824	0.456000000000000000000000000000000000000000000000000000000035	1.77611666294151721615441775784749159207080385870573144825934
3825	0.456250000000000000000000000000000000000000000000000000000035	1.77482251184770024014884778442632944528845191427359162729242
3826	0.456500000000000000000000000000000000000000000000000000000035	1.77353582048507054331307548762542540985725443246084811146308
3827	0.456750000000000000000000000000000000000000000000000000000035	1.77225658738241520166812395413036875099623882451320154626517
3828	0.457000000000000000000000000000000000000000000000000000000035	1.77098481107704723506554474338401399473651870929966766795079
3829	0.457250000000000000000000000000000000000000000000000000000035	1.76972049011480350392196281127790273618947560844383577599344
3830	0.457500000000000000000000000000000000000000000000000000000035	1.7684636230500426317698734822707229015064699175510479081356
3831	0.457750000000000000000000000000000000000000000000000000000035	1.7672142084456429533771496779745007898349210927303564821363
3832	0.458000000000000000000000000000000000000000000000000000000035	1.76597224487300048818945177727615288534557728695130841494347
3833	0.458250000000000000000000000000000000000000000000000000000035	1.76473773091202693885146114376282398371869088782616369025181
3834	0.458500000000000000000000000000000000000000000000000000000035	1.76351066515114771456458155133203091923304342320257805843697
3835	0.458750000000000000000000000000000000000000000000000000000035	1.76229104618729997904047050896965164932635408705865469833972
3836	0.459000000000000000000000000000000000000000000000000000000035	1.7610788726259307228114748711887989904142860254963638733632
3837	0.459250000000000000000000000000000000000000000000000000000035	1.75987414308099485966075216180126756017677404410223486310145
3838	0.459500000000000000000000000000000000000000000000000000000035	1.75867685617495334693656077564452898539103027576933310214207
3839	0.459750000000000000000000000000000000000000000000000000000035	1.75748701053877132951689869555967114871631404803806510357197
3840	0.460000000000000000000000000000000000000000000000000000000035	1.75630460481191630719236161010342627149772347829890320785347
3841	0.460250000000000000000000000000000000000000000000000000000035	1.75512963764235632523677738082158400197862525153549434698643
3842	0.460500000000000000000000000000000000000000000000000000000035	1.75396210768655818793685472590077135556916352445869580984978
3843	0.460750000000000000000000000000000000000000000000000000000035	1.75280201360948569485375979898916439071456053646825578648525
3844	0.461000000000000000000000000000000000000000000000000000000035	1.75164935408459789959120508712293947787584478704818454602119
3845	0.461250000000000000000000000000000000000000000000000000000035	1.75050412779384739084630076905450073517036879695776569201592
3846	0.461500000000000000000000000000000000000000000000000000000035	1.74936633342767859552107940374378271775862463314800709614288
3847	0.461750000000000000000000000000000000000000000000000000000035	1.74823596968502610367426059709214844331033391180123208609237
3848	0.462000000000000000000000000000000000000000000000000000000035	1.7471130352733130150944731617715333967684842639001060600573
3849	0.462250000000000000000000000000000000000000000000000000000035	1.7459975289084493072777982786876489684812921311079280720424
3850	0.462500000000000000000000000000000000000000000000000000000035	1.74488944931483022459413832753068879257340890047787864530841
3851	0.462750000000000000000000000000000000000000000000000000000035	1.74378879522533468842855241618396205742403984323715206268877
3852	0.463000000000000000000000000000000000000000000000000000000035	1.7426955653813237280853312425136725963437976334935786581238
3853	0.463250000000000000000000000000000000000000000000000000000035	1.74160975853263893224421080514584240869821550617884994036196
3854	0.463500000000000000000000000000000000000000000000000000000035	1.74053137343760092075974668000514451970808423533367415208961
3855	0.463750000000000000000000000000000000000000000000000000000035	1.73946040886300783659648813426411295433016969390955317593591
3856	0.464000000000000000000000000000000000000000000000000000000035	1.73839686358413385769420429641285038684165942901840464398966
3857	0.464250000000000000000000000000000000000000000000000000000036	1.73734073638472772855902297775714311294839504481106919095148
3858	0.464500000000000000000000000000000000000000000000000000000036	1.73629202605701131137794658400128353524584875795985712434661
3859	0.464750000000000000000000000000000000000000000000000000000036	1.73525073140167815645580890275273779702855040822988642619008
3860	0.465000000000000000000000000000000000000000000000000000000036	1.73421685122789209177533144074940359539177337242914750528114
3861	0.465250000000000000000000000000000000000000000000000000000036	1.73319038435328583148252845017647440537036392065186338532882
3862	0.465500000000000000000000000000000000000000000000000000000036	1.73217132960395960310129586329941509570366645512065892044861
3863	0.465750000000000000000000000000000000000000000000000000000036	1.73115968581447979328260108535455886813601289199210997560199
3864	0.466000000000000000000000000000000000000000000000000000000036	1.73015545182787761189526801364448116002923245248321526559106
3865	0.466250000000000000000000000000000000000000000000000000000036	1.72915862649564777426692479239062005851799528249965893727416
3866	0.466500000000000000000000000000000000000000000000000000000036	1.72816920867774720138525071428459824430174494005681780133865
3867	0.466750000000000000000000000000000000000000000000000000000036	1.72718719724259373787122337691240688972060071212187424632529
3868	0.467000000000000000000000000000000000000000000000000000000036	1.72621259106706488753762773123919587156071249451201205591083
3869	0.467250000000000000000000000000000000000000000000000000000036	1.72524538903649656634764505595220727596704762604082593750961
3870	0.467500000000000000000000000000000000000000000000000000000036	1.72428559004468187258989219135994969744136919450108307752288
3871	0.467750000000000000000000000000000000000000000000000000000036	1.72333319299386987408782960531188128975062386704938034685904
3872	0.468000000000000000000000000000000000000000000000000000000036	1.72238819679476441226300107669082469751914431637825153079514
3873	0.468250000000000000000000000000000000000000000000000000000036	1.72145060036652292287310800477863066509011413745227714125645
3874	0.468500000000000000000000000000000000000000000000000000000036	1.7205204026367552732474576204262146091020600699496380956282
3875	0.468750000000000000000000000000000000000000000000000000000036	1.71959760254152261584385672257844750845792735348651893635145
3876	0.469000000000000000000000000000000000000000000000000000000036	1.71868219902533625795255102630442055655786864098957886133409
3877	0.469250000000000000000000000000000000000000000000000000000036	1.71777419104115654737433482094278094229655864583981297651407
3878	0.469500000000000000000000000000000000000000000000000000000036	1.71687357755039177390147643405616815380747628993225783154699
3879	0.469750000000000000000000000000000000000000000000000000000036	1.71598035752289708643162201325286065895303637345463604618618
3880	0.470000000000000000000000000000000000000000000000000000000036	1.71509452993697342554635340812176717535797801246622930122672
3881	0.470250000000000000000000000000000000000000000000000000000036	1.71421609377936647138758549297367923302644266575645495247272
3882	0.470500000000000000000000000000000000000000000000000000000036	1.71334504804526560666649415211368955121244806718617158430129
3883	0.470750000000000000000000000000000000000000000000000000000036	1.712481391738302894641168387205964860667594349508531305957
3884	0.471000000000000000000000000000000000000000000000000000000036	1.71162512387055207190067863504538436739587883409301179299748
3885	0.471250000000000000000000000000000000000000000000000000000036	1.71077624346252755579474843772831354608722843603071946336792
3886	0.471500000000000000000000000000000000000000000000000000000036	1.70993474954318346634970811972003095284992681069941164973052
3887	0.471750000000000000000000000000000000000000000000000000000036	1.70910064114991266251289713144877048663874233700215161196882
3888	0.472000000000000000000000000000000000000000000000000000000036	1.70827391732854579256916625051333818130126757129004888232607
3889	0.472250000000000000000000000000000000000000000000000000000036	1.70745457713335035857461192296880538923839831996085161175281
3890	0.472500000000000000000000000000000000000000000000000000000036	1.7066426196270297946541527119484902968066743754495399464792
3891	0.472750000000000000000000000000000000000000000000000000000036	1.70583804388072255901103213248655000221086002728076032867385
3892	0.473000000000000000000000000000000000000000000000000000000036	1.70504084897400123949780312312184220548242418187933097970967
3893	0.473250000000000000000000000000000000000000000000000000000036	1.70425103399487167259981706989067721702241579882036589854026
3894	0.473500000000000000000000000000000000000000000000000000000036	1.70346859803977207568370468975761332821437461844189039907657
3895	0.473750000000000000000000000000000000000000000000000000000036	1.70269354021357219236479723139801750086735246492031668128495
3896	0.474000000000000000000000000000000000000000000000000000000036	1.70192585962957245084889439444767430678285424412396079782578
3897	0.474250000000000000000000000000000000000000000000000000000036	1.70116555540950313510524013669369073765815152387345537580984
3898	0.474500000000000000000000000000000000000000000000000000000036	1.7004126266835235687290191649251443838407295754926068282702
3899	0.474750000000000000000000000000000000000000000000000000000036	1.69966707259022131135313542192756960418301129481975618118346
3900	0.475000000000000000000000000000000000000000000000000000000036	1.69892889227661136747047932193802121044440997302764247054904
3901	0.475250000000000000000000000000000000000000000000000000000036	1.69819808489813540752933288223294193743277219768023880716735
3902	0.475500000000000000000000000000000000000000000000000000000036	1.69747464961866100116600128176647842796865329343808711429396
3903	0.475750000000000000000000000000000000000000000000000000000036	1.69675858561048086244019578119152577192645363320565387830751
3904	0.476000000000000000000000000000000000000000000000000000000036	1.69604989205431210694012639437205996235663399942719661267161
3905	0.476250000000000000000000000000000000000000000000000000000036	1.6953485681392955206256932417397541767060548945110222837927
3906	0.476500000000000000000000000000000000000000000000000000000036	1.69465461306299484027959317258200915515978132268497280213797
3907	0.476750000000000000000000000000000000000000000000000000000036	1.69396802603139604543758304850986680879553434923685939725576
3908	0.477000000000000000000000000000000000000000000000000000000036	1.69328880625890666167056306579722837097072345043215028294969
3909	0.477250000000000000000000000000000000000000000000000000000037	1.69261695296835507509256269177960834656853218505266542177893
3910	0.477500000000000000000000000000000000000000000000000000000037	1.69195246539098985797012823174233417912233551531335432688503
3911	0.477750000000000000000000000000000000000000000000000000000037	1.69129534276647910531002475932535480308387752492910184819087
3912	0.478000000000000000000000000000000000000000000000000000000037	1.69064558434290978230357616695597569360091099696248151521906
3913	0.478250000000000000000000000000000000000000000000000000000037	1.69000318937678708250737545464476443076859817041313345867395
3914	0.478500000000000000000000000000000000000000000000000000000037	1.68936815713303379664150310701890500608665271567398586204342
3915	0.478750000000000000000000000000000000000000000000000000000037	1.68874048688498969188779454102014056799689046255850305773964
3916	0.479000000000000000000000000000000000000000000000000000000037	1.68812017791441090157209817148415221923511156790346193007481
3917	0.479250000000000000000000000000000000000000000000000000000037	1.68750722951146932511586366999300853535827341349194439648624
3918	0.479500000000000000000000000000000000000000000000000000000037	1.68690164097475203814379551502654430830915715513804800709252
3919	0.479750000000000000000000000000000000000000000000000000000037	1.68630341161126071263569997953357934525023297547808536667358
3920	0.480000000000000000000000000000000000000000000000000000000037	1.68571254073641104701204430652910162097076326078952462842566
3921	0.480250000000000000000000000000000000000000000000000000000037	1.68512902767403220604413501505709189024776223104089299336845
3922	0.480500000000000000000000000000000000000000000000000000000037	1.68455287175636627048120808862848515616349416854644558868039
3923	0.480750000000000000000000000000000000000000000000000000000037	1.68398407232406769628810725676842245164501068587726808550753
3924	0.481000000000000000000000000000000000000000000000000000000037	1.68342262872620278338860771823656470721636918413911494288817
3925	0.481250000000000000000000000000000000000000000000000000000037	1.68286854032024915381082150240138163495996266878062919986191
3926	0.481500000000000000000000000000000000000000000000000000000037	1.68232180647209523913249725366989105431794427607398128030644
3927	0.481750000000000000000000000000000000000000000000000000000037	1.6817824265560397771254015832484340573912445804677425950102
3928	0.482000000000000000000000000000000000000000000000000000000037	1.68125039995479131749934129322297231924384452136516229223931
3929	0.482250000000000000000000000000000000000000000000000000000037	1.68072572605946773664775577032033414405862478399020414652169
3930	0.482500000000000000000000000000000000000000000000000000000037	1.68020840426959576129817670100295459246348734162718377492613
3931	0.482750000000000000000000000000000000000000000000000000000037	1.67969843399311050097221800595486570330842372415054437765249
3932	0.483000000000000000000000000000000000000000000000000000000037	1.67919581464635498916112256067056496713632602091827743125923
3933	0.483250000000000000000000000000000000000000000000000000000037	1.67870054565407973312425388983502936503725946414774435292598
3934	0.483500000000000000000000000000000000000000000000000000000037	1.67821262644944227221928062649706793975524335626681212401574
3935	0.483750000000000000000000000000000000000000000000000000000037	1.67773205647400674467415914264522756712399416068447235335774
3936	0.484000000000000000000000000000000000000000000000000000000037	1.67725883517774346271237541559355825572972419069846575176301
3937	0.484250000000000000000000000000000000000000000000000000000037	1.67679296201902849594426092441471668360727351258242460763057
3938	0.484500000000000000000000000000000000000000000000000000000037	1.67633443646464326293854920230505811740995685692126259755555
3939	0.484750000000000000000000000000000000000000000000000000000037	1.67588325798977413088968963396023223389498756217775807209729
3940	0.485000000000000000000000000000000000000000000000000000000037	1.67543942607801202329778321145569636257464221427125365042154
3941	0.485250000000000000000000000000000000000000000000000000000037	1.67500294022135203557935127738633835033831825082783691251418
3942	0.485500000000000000000000000000000000000000000000000000000037	1.67457379992019305852849281969228194668699113932509005789362
3943	0.485750000000000000000000000000000000000000000000000000000037	1.67415200468333740954932866820138719598134987583239981497668
3944	0.486000000000000000000000000000000000000000000000000000000037	1.67373755402799047158197200791950987283615611771870285763254
3945	0.486250000000000000000000000000000000000000000000000000000037	1.67333044747976033964560399791375585274557285734904009119831
3946	0.486500000000000000000000000000000000000000000000000000000037	1.67293068457265747492357099662907960699438983037482293564634
3947	0.486750000000000000000000000000000000000000000000000000000037	1.67253826484909436631675597397362066353882898328283556665875
3948	0.487000000000000000000000000000000000000000000000000000000037	1.67215318785988519939281116677466106530203304124596687256198
3949	0.487250000000000000000000000000000000000000000000000000000037	1.67177545316424553266017193646991004390573697736139864789585
3950	0.487500000000000000000000000000000000000000000000000000000037	1.67140506032979198109710314533709661053923429580225400033002
3951	0.487750000000000000000000000000000000000000000000000000000037	1.67104200893254190686735920931277182735095158776262083119565
3952	0.488000000000000000000000000000000000000000000000000000000037	1.67068629855691311715536734059891216810380367399292387889494
3953	0.488250000000000000000000000000000000000000000000000000000037	1.67033792879572356905517039085026971107975660846789651084723
3954	0.488500000000000000000000000000000000000000000000000000000037	1.66999689925019108144869117478095016697072943021789174325419
3955	0.488750000000000000000000000000000000000000000000000000000037	1.66966320952993305381020422348839701308415113548106839293832
3956	0.489000000000000000000000000000000000000000000000000000000037	1.66933685925296619187522361558910863777826868369643243369904
3957	0.489250000000000000000000000000000000000000000000000000000037	1.66901784804570624011333689127545518381278260877251435487376
3958	0.489500000000000000000000000000000000000000000000000000000037	1.66870617554296772094583509848032386103071464906429572547504
3959	0.489750000000000000000000000000000000000000000000000000000037	1.66840184138796368065030778028126809095309018394561384971608
3960	0.490000000000000000000000000000000000000000000000000000000037	1.66810484523230544189568921725629875747443740761857441596
3961	0.490250000000000000000000000000000000000000000000000000000038	1.66781518673600236285255851645087384110092006504396957090706
3962	0.490500000000000000000000000000000000000000000000000000000038	1.66753286556746160282481121862579777907455394757478335346341
3963	0.490750000000000000000000000000000000000000000000000000000038	1.66725788140348789435013400618959431562406717038658632891385
3964	0.491000000000000000000000000000000000000000000000000000000038	1.66699023392928332171802686430343905268520445367888887089918
3965	0.491250000000000000000000000000000000000000000000000000000038	1.66672992283844710585542870567574841225009258424987856634588
3966	0.491500000000000000000000000000000000000000000000000000000038	1.66647694783297539553131304409851563313082913907014063368943
3967	0.491750000000000000000000000000000000000000000000000000000038	1.66623130862326106483292982134846538805495357922585827870288
3968	0.492000000000000000000000000000000000000000000000000000000038	1.66599300492809351686767798518240852855755126819566605393413
3969	0.492250000000000000000000000000000000000000000000000000000038	1.66576203647465849364590091126732654822143213565059251767441
3970	0.492500000000000000000000000000000000000000000000000000000038	1.66553840299853789210120328744220620297867306992888306007397
3971	0.492750000000000000000000000000000000000000000000000000000038	1.66532210424370958620619366312280554849793840669583399971461
3972	0.493000000000000000000000000000000000000000000000000000000038	1.66511313996254725514286153831733959153536207290186549173774
3973	0.493250000000000000000000000000000000000000000000000000000038	1.6649115099158202174881016539789773623529539011918043096331
3974	0.493500000000000000000000000000000000000000000000000000000038	1.66471721387269327137620107661279213028877910098121263222781
3975	0.493750000000000000000000000000000000000000000000000000000038	1.66453025161072654060140677348827526996359432503407795595377
3976	0.494000000000000000000000000000000000000000000000000000000038	1.66435062291587532662499267876753053033289763699410642599722
3977	0.494250000000000000000000000000000000000000000000000000000038	1.66417832758248996645254578360439611772505867739308040296667
3978	0.494500000000000000000000000000000000000000000000000000000038	1.66401336541331569634849057303917402008422641262266942078684
3979	0.494750000000000000000000000000000000000000000000000000000038	1.66385573621949252135617020752396723078180463657536543877693
3980	0.495000000000000000000000000000000000000000000000000000000038	1.66370543982055509059310123536065500674597113965132417201443
3981	0.495250000000000000000000000000000000000000000000000000000038	1.66356247604443257829231635239314383279591017723107486023205
3982	0.495500000000000000000000000000000000000000000000000000000038	1.6634268447274485705620068251244569571489300071636363400337
3983	0.495750000000000000000000000000000000000000000000000000000038	1.66329854571432095783697269116589598799769084727294713090455
3984	0.496000000000000000000000000000000000000000000000000000000038	1.66317757885816183299668477469085788756061461899826087153343
3985	0.496250000000000000000000000000000000000000000000000000000038	1.66306394402047739512605793246417686223162554261334009384425
3986	0.496500000000000000000000000000000000000000000000000000000038	1.66295764107116785889632980613748029736541960397571494883669
3987	0.496750000000000000000000000000000000000000000000000000000038	1.66285866988852736954473372691535455422629764737268853535314
3988	0.497000000000000000000000000000000000000000000000000000000038	1.66276703035924392343294832746523584062276000590662458921718
3989	0.497250000000000000000000000000000000000000000000000000000038	1.66268272237839929416559989111158674010884437914768969030686
3990	0.497500000000000000000000000000000000000000000000000000000038	1.66260574584946896425138653795520609818681440112877747598648
3991	0.497750000000000000000000000000000000000000000000000000000038	1.66253610068432206229068603961278165240861531689665083041137
3992	0.498000000000000000000000000000000000000000000000000000000038	1.66247378680322130567480139679039516731610140720685668726716
3993	0.498250000000000000000000000000000000000000000000000000000038	1.66241880413482294878329033488783814339019442614438039775026
3994	0.498500000000000000000000000000000000000000000000000000000038	1.66237115261617673666711660026916034527227205086236365637346
3995	0.498750000000000000000000000000000000000000000000000000000038	1.66233083219272586420665240171119331472965114211748092409495
3996	0.499000000000000000000000000000000000000000000000000000000038	1.66229784281830694073485256583049151009791898150482827714903
3997	0.499250000000000000000000000000000000000000000000000000000038	1.66227218445514996011721198995793724778254413194099411664231
3998	0.499500000000000000000000000000000000000000000000000000000038	1.66225385707387827628140880894079494390059149128652342257706
3999	0.499750000000000000000000000000000000000000000000000000000038	1.6622428606535085841908263716606305769999479146364882493884
4000	0.500000000000000000000000000000000000000000000000000000000038	1.66223919518145090625743767661412389588224819828588297252593
