N,Q,q_power,t,n_primes,jitter,rho0,rho_worst,rho_random,r_worst,r_random,worst_alpha,worst_q,worst_a,worst_sign,rand_alpha,elapsed_sec
5000,30,2,0.1,669,1e-12,109.61125737173187,25.61690667926831,12.010961246429295,0.2337068955644949,0.10957780737516523,0.30006004,10,3,1,0.16605840102145053,1.4333760738372803
10000,30,2,0.1,1229,1e-12,156.2777564261079,36.00186449823845,12.132054015494493,0.23037100942296315,0.07763135517773341,0.1665833233333333,6,1,-1,0.16605840102145053,7.539764404296875
20000,30,2,0.1,2262,1e-12,221.7605951992912,51.39822275658898,19.682335974630064,0.23177347044184549,0.08875488432443102,0.8333750025000001,6,5,1,0.6000705254490022,48.80568885803223
